{"type":"FeatureCollection","features":[{"type":"Feature","properties":{"huc2":"14","name":"Upper Colorado Region","states":"AZ,CO,NM,UT,WY"},"geometry":{"type":"Polygon","coordinates":[[[-110.03806,43.45088],[-110.04161,43.45219],[-110.04559,43.45069],[-110.0617,43.45081],[-110.06406,43.44689],[-110.07062,43.44659],[-110.07579,43.44334],[-110.07999,43.44597],[-110.08314,43.44362],[-110.09112,43.44213],[-110.0946,43.43925],[-110.0942,43.43661],[-110.09795,43.43661],[-110.09878,43.43503],[-110.09537,43.43248],[-110.09805,43.43037],[-110.09688,43.42241],[-110.08584,43.4084],[-110.08855,43.40601],[-110.10295,43.40608],[-110.10725,43.40765],[-110.10777,43.40569],[-110.11222,43.4032],[-110.11372,43.3975],[-110.10755,43.38777],[-110.10205,43.38381],[-110.11344,43.37528],[-110.11464,43.37181],[-110.11169,43.36997],[-110.11633,43.36457],[-110.12966,43.36773],[-110.14216,43.36797],[-110.14572,43.37474],[-110.14829,43.37662],[-110.1556,43.37838],[-110.15691,43.38068],[-110.16833,43.38177],[-110.17491,43.37628],[-110.18392,43.37607],[-110.18435,43.37294],[-110.1933,43.36881],[-110.19391,43.3645],[-110.19161,43.36151],[-110.19741,43.35655],[-110.20651,43.35487],[-110.21342,43.35112],[-110.22578,43.35531],[-110.23887,43.351],[-110.25679,43.33567],[-110.2659,43.32981],[-110.26216,43.32711],[-110.26497,43.31827],[-110.26216,43.31573],[-110.26173,43.31042],[-110.25537,43.30434],[-110.25247,43.29763],[-110.25205,43.28976],[-110.24901,43.28514],[-110.17577,43.27114],[-110.17768,43.2704],[-110.1782,43.26803],[-110.17098,43.25986],[-110.16992,43.25413],[-110.17169,43.24866],[-110.16954,43.24196],[-110.16227,43.23921],[-110.15833,43.23586],[-110.15736,43.22771],[-110.15917,43.22659],[-110.15908,43.22424],[-110.1666,43.2187],[-110.17986,43.22353],[-110.19075,43.22344],[-110.19536,43.2159],[-110.20087,43.21141],[-110.2029,43.2044],[-110.20246,43.20043],[-110.19661,43.19387],[-110.1957,43.18784],[-110.19973,43.17942],[-110.1996,43.17083],[-110.20176,43.16724],[-110.19963,43.16325],[-110.19976,43.15671],[-110.19267,43.14514],[-110.20499,43.13991],[-110.20388,43.13373],[-110.19969,43.13201],[-110.20406,43.12974],[-110.20263,43.12692],[-110.20365,43.12585],[-110.21179,43.12129],[-110.21328,43.11186],[-110.21228,43.108],[-110.23101,43.10593],[-110.23521,43.1033],[-110.25504,43.10129],[-110.25802,43.09935],[-110.26526,43.10079],[-110.26989,43.09916],[-110.27239,43.09666],[-110.27432,43.09028],[-110.27246,43.08355],[-110.27873,43.08371],[-110.28485,43.08176],[-110.28331,43.07419],[-110.28962,43.06997],[-110.29961,43.06626],[-110.31955,43.06986],[-110.35349,43.06888],[-110.36614,43.0629],[-110.3827,43.0587],[-110.38663,43.05925],[-110.40208,43.05318],[-110.41077,43.05217],[-110.4245,43.04523],[-110.43608,43.04419],[-110.44251,43.05011],[-110.44811,43.05086],[-110.46895,43.04756],[-110.46758,43.04401],[-110.46951,43.04027],[-110.46737,43.03378],[-110.48013,43.01365],[-110.4874,43.00851],[-110.48768,43.00515],[-110.49987,43.0002],[-110.51865,42.99529],[-110.51726,42.98759],[-110.51957,42.98385],[-110.52627,42.98158],[-110.53088,42.97695],[-110.53827,42.97441],[-110.54294,42.97493],[-110.54636,42.97081],[-110.55547,42.96833],[-110.563,42.96969],[-110.56899,42.97857],[-110.57318,42.98814],[-110.57027,42.99695],[-110.5734,42.99922],[-110.58553,42.99792],[-110.59441,43.00036],[-110.60033,42.99661],[-110.60918,43.00351],[-110.62276,42.99861],[-110.63207,42.99712],[-110.64483,42.99983],[-110.64105,42.99543],[-110.6418,42.99076],[-110.63844,42.98589],[-110.63853,42.98269],[-110.63583,42.9809],[-110.6362,42.97345],[-110.63348,42.97245],[-110.63361,42.9706],[-110.62993,42.96628],[-110.62954,42.96133],[-110.62101,42.95864],[-110.6192,42.95371],[-110.62329,42.95137],[-110.615,42.94987],[-110.61006,42.95415],[-110.6029,42.9393],[-110.60009,42.93725],[-110.6023,42.93001],[-110.6017,42.92608],[-110.60754,42.92117],[-110.60977,42.91629],[-110.61443,42.91258],[-110.61971,42.91107],[-110.61544,42.90577],[-110.61202,42.90541],[-110.60763,42.90112],[-110.60521,42.88974],[-110.59743,42.88768],[-110.59904,42.88046],[-110.59638,42.8771],[-110.5966,42.87181],[-110.59123,42.86528],[-110.59152,42.85857],[-110.58405,42.85143],[-110.58365,42.83743],[-110.57973,42.83283],[-110.5812,42.82503],[-110.57694,42.81865],[-110.57753,42.81331],[-110.58265,42.80862],[-110.5813,42.80621],[-110.58239,42.79752],[-110.58888,42.79397],[-110.59611,42.7928],[-110.59949,42.79457],[-110.61414,42.79573],[-110.62288,42.79778],[-110.62913,42.80296],[-110.63317,42.8024],[-110.63991,42.80425],[-110.64116,42.80302],[-110.6387,42.79855],[-110.64053,42.79586],[-110.63879,42.77513],[-110.63251,42.76904],[-110.63424,42.76166],[-110.63746,42.75664],[-110.63566,42.75115],[-110.6371,42.74712],[-110.63649,42.74325],[-110.63082,42.74045],[-110.62843,42.7363],[-110.61796,42.73086],[-110.61632,42.72742],[-110.61742,42.72237],[-110.62366,42.71764],[-110.62685,42.71161],[-110.64267,42.71262],[-110.64528,42.70915],[-110.64369,42.70585],[-110.64512,42.69907],[-110.64247,42.69009],[-110.64258,42.67837],[-110.63882,42.67942],[-110.62696,42.67859],[-110.61376,42.6808],[-110.61346,42.67767],[-110.62133,42.66484],[-110.61794,42.66119],[-110.61831,42.65855],[-110.61621,42.65461],[-110.61697,42.64603],[-110.62294,42.64177],[-110.63003,42.63997],[-110.63578,42.63626],[-110.63417,42.62954],[-110.62973,42.62827],[-110.6309,42.62309],[-110.62746,42.61529],[-110.6281,42.61037],[-110.62379,42.60426],[-110.62692,42.60053],[-110.62668,42.59717],[-110.63216,42.5854],[-110.63004,42.58094],[-110.61771,42.57753],[-110.61947,42.56984],[-110.61624,42.56135],[-110.61741,42.55701],[-110.61526,42.5537],[-110.61787,42.54512],[-110.61552,42.54128],[-110.62693,42.53836],[-110.6312,42.53336],[-110.63537,42.53445],[-110.65321,42.53042],[-110.65553,42.535],[-110.66739,42.53084],[-110.67092,42.53661],[-110.67337,42.53538],[-110.67384,42.53108],[-110.68119,42.52558],[-110.68239,42.52809],[-110.69608,42.52517],[-110.71096,42.54143],[-110.71494,42.54934],[-110.71699,42.56725],[-110.71892,42.57092],[-110.71771,42.57429],[-110.72134,42.57556],[-110.72304,42.57852],[-110.7212,42.58388],[-110.72368,42.59123],[-110.73078,42.59099],[-110.73608,42.58888],[-110.72898,42.56939],[-110.72561,42.54246],[-110.72053,42.53341],[-110.7131,42.52603],[-110.71374,42.52242],[-110.71157,42.51632],[-110.70498,42.51132],[-110.70617,42.49085],[-110.70313,42.48214],[-110.69527,42.48311],[-110.68939,42.48068],[-110.68743,42.47735],[-110.68809,42.46758],[-110.68562,42.46201],[-110.67347,42.45001],[-110.67432,42.44498],[-110.67282,42.44062],[-110.66359,42.43208],[-110.66125,42.4266],[-110.65217,42.42395],[-110.64486,42.40936],[-110.64161,42.38964],[-110.63846,42.38659],[-110.63844,42.38141],[-110.63451,42.37716],[-110.63683,42.37322],[-110.63408,42.36826],[-110.6354,42.36313],[-110.64258,42.36327],[-110.64758,42.36957],[-110.64936,42.36982],[-110.6622,42.35822],[-110.67222,42.36094],[-110.68538,42.35487],[-110.69747,42.35458],[-110.71568,42.33934],[-110.73557,42.33189],[-110.73943,42.3342],[-110.74233,42.33168],[-110.74733,42.33217],[-110.75241,42.33779],[-110.75662,42.33991],[-110.75652,42.34467],[-110.75935,42.34794],[-110.7644,42.34956],[-110.78301,42.3329],[-110.78922,42.33037],[-110.78946,42.32786],[-110.79414,42.32221],[-110.79798,42.31241],[-110.79615,42.31099],[-110.79608,42.3078],[-110.79913,42.30449],[-110.79915,42.30231],[-110.79654,42.30044],[-110.79629,42.29597],[-110.80454,42.27948],[-110.81025,42.26182],[-110.80746,42.25758],[-110.80833,42.25246],[-110.80619,42.24957],[-110.80859,42.24717],[-110.80676,42.24448],[-110.80718,42.24019],[-110.80452,42.23747],[-110.80878,42.22959],[-110.80613,42.2073],[-110.81092,42.20079],[-110.80528,42.19596],[-110.80201,42.19068],[-110.80337,42.18835],[-110.81033,42.18542],[-110.8123,42.17727],[-110.80781,42.17736],[-110.80505,42.17507],[-110.80642,42.17071],[-110.80481,42.16732],[-110.80691,42.16273],[-110.80264,42.15589],[-110.79069,42.15382],[-110.78643,42.15456],[-110.78406,42.15173],[-110.79174,42.14588],[-110.7937,42.14238],[-110.79739,42.14007],[-110.79849,42.13691],[-110.79557,42.13355],[-110.79735,42.1324],[-110.7936,42.12591],[-110.7951,42.12278],[-110.79461,42.11807],[-110.79746,42.11147],[-110.79519,42.10759],[-110.79523,42.10301],[-110.79196,42.09939],[-110.79605,42.09337],[-110.80173,42.08968],[-110.80296,42.08583],[-110.79993,42.07137],[-110.79559,42.06747],[-110.79683,42.0558],[-110.79916,42.05158],[-110.79367,42.0434],[-110.799,42.03854],[-110.79759,42.036],[-110.79984,42.03352],[-110.79716,42.02808],[-110.80105,42.0256],[-110.80076,42.02281],[-110.7964,42.01906],[-110.80046,42.01596],[-110.79657,42.01478],[-110.79559,42.01133],[-110.78891,42.00839],[-110.78824,42.00231],[-110.79513,41.99663],[-110.79529,41.98615],[-110.8003,41.98071],[-110.79697,41.96919],[-110.8064,41.96096],[-110.7966,41.96308],[-110.77983,41.95758],[-110.7747,41.95149],[-110.77931,41.93848],[-110.77788,41.93542],[-110.74903,41.9369],[-110.7449,41.93483],[-110.73364,41.92401],[-110.72853,41.92432],[-110.72618,41.92651],[-110.6967,41.92235],[-110.68842,41.91991],[-110.67123,41.91008],[-110.66411,41.90002],[-110.66668,41.89646],[-110.67296,41.89335],[-110.67315,41.88943],[-110.66491,41.88563],[-110.66224,41.88226],[-110.65345,41.88163],[-110.64758,41.87823],[-110.64057,41.87733],[-110.63775,41.87355],[-110.63893,41.87029],[-110.63766,41.86778],[-110.6245,41.8619],[-110.62192,41.85891],[-110.60979,41.85624],[-110.61302,41.841],[-110.61234,41.83672],[-110.5986,41.8327],[-110.59977,41.8287],[-110.59853,41.82287],[-110.60337,41.8057],[-110.60536,41.80083],[-110.6078,41.80003],[-110.6087,41.79315],[-110.61764,41.78667],[-110.61733,41.78269],[-110.62481,41.78015],[-110.62652,41.77586],[-110.63225,41.77386],[-110.63274,41.76563],[-110.62227,41.76516],[-110.6234,41.7635],[-110.61972,41.75408],[-110.62161,41.7485],[-110.62036,41.74498],[-110.62165,41.73748],[-110.63511,41.73432],[-110.64627,41.73467],[-110.65299,41.72762],[-110.65245,41.72416],[-110.65521,41.72137],[-110.65642,41.71597],[-110.65904,41.71625],[-110.66388,41.71106],[-110.67817,41.70704],[-110.67489,41.70194],[-110.67863,41.69902],[-110.67175,41.69288],[-110.67111,41.69047],[-110.67264,41.68812],[-110.68423,41.68926],[-110.68365,41.6839],[-110.69781,41.67724],[-110.7142,41.6773],[-110.72363,41.6787],[-110.73408,41.6862],[-110.74939,41.68739],[-110.75695,41.68921],[-110.75808,41.69193],[-110.76319,41.69112],[-110.77009,41.69391],[-110.77402,41.69322],[-110.77512,41.69627],[-110.77946,41.69574],[-110.77868,41.6974],[-110.78035,41.69883],[-110.79348,41.69965],[-110.79369,41.70169],[-110.81006,41.70009],[-110.81633,41.70411],[-110.83747,41.70339],[-110.83763,41.7052],[-110.84303,41.70559],[-110.84754,41.70842],[-110.85448,41.70867],[-110.85692,41.70596],[-110.86331,41.7063],[-110.86912,41.7046],[-110.8652,41.69556],[-110.86942,41.6929],[-110.87345,41.69276],[-110.88569,41.68553],[-110.89082,41.67821],[-110.90028,41.67742],[-110.89819,41.6753],[-110.89853,41.67316],[-110.90655,41.67033],[-110.90991,41.66739],[-110.91091,41.66552],[-110.90932,41.66367],[-110.90962,41.65813],[-110.91337,41.65353],[-110.91998,41.6503],[-110.92256,41.63753],[-110.92489,41.63354],[-110.92318,41.62599],[-110.91877,41.62342],[-110.9213,41.61682],[-110.9196,41.6126],[-110.92524,41.60738],[-110.92211,41.60051],[-110.92534,41.59605],[-110.91616,41.59489],[-110.91385,41.59141],[-110.91131,41.58049],[-110.91651,41.57432],[-110.91271,41.57294],[-110.91267,41.57047],[-110.90949,41.56872],[-110.89546,41.56754],[-110.888,41.5649],[-110.8897,41.55858],[-110.88425,41.55535],[-110.88249,41.5522],[-110.88322,41.54885],[-110.88079,41.54558],[-110.88524,41.5384],[-110.88437,41.53322],[-110.88543,41.53106],[-110.89096,41.52788],[-110.89185,41.52087],[-110.89076,41.51809],[-110.88684,41.51692],[-110.88573,41.51508],[-110.87445,41.51178],[-110.87292,41.50948],[-110.87949,41.50218],[-110.87745,41.4994],[-110.87283,41.49935],[-110.87198,41.49582],[-110.86703,41.4934],[-110.86816,41.48406],[-110.8788,41.47604],[-110.87492,41.47442],[-110.8771,41.46668],[-110.88013,41.46182],[-110.89027,41.45564],[-110.88815,41.4531],[-110.88804,41.44732],[-110.87429,41.44696],[-110.87452,41.44298],[-110.88339,41.43599],[-110.88479,41.4304],[-110.88852,41.42904],[-110.88388,41.42672],[-110.88447,41.41692],[-110.89938,41.41019],[-110.90137,41.40646],[-110.90672,41.4035],[-110.90635,41.4009],[-110.89966,41.40094],[-110.89292,41.39704],[-110.89038,41.39286],[-110.89249,41.38966],[-110.89162,41.38624],[-110.89583,41.38514],[-110.89849,41.37911],[-110.90679,41.37375],[-110.90625,41.37008],[-110.90848,41.36888],[-110.9056,41.35951],[-110.90921,41.35512],[-110.90793,41.35243],[-110.90411,41.35666],[-110.89449,41.36272],[-110.88156,41.36723],[-110.86865,41.36812],[-110.86517,41.36644],[-110.85982,41.36875],[-110.85112,41.36735],[-110.82997,41.36954],[-110.82181,41.36478],[-110.82131,41.36332],[-110.83018,41.35781],[-110.82922,41.35331],[-110.82691,41.35089],[-110.82911,41.34685],[-110.82325,41.34247],[-110.81462,41.34037],[-110.81412,41.33104],[-110.81879,41.32767],[-110.81739,41.3248],[-110.83365,41.31904],[-110.83059,41.31399],[-110.83109,41.30739],[-110.83328,41.30473],[-110.82825,41.29729],[-110.8399,41.29479],[-110.83755,41.29076],[-110.82905,41.28775],[-110.82873,41.28382],[-110.81922,41.28482],[-110.80946,41.28342],[-110.80286,41.27437],[-110.80324,41.2719],[-110.81,41.26738],[-110.80767,41.26477],[-110.80818,41.25725],[-110.80362,41.2535],[-110.80763,41.24827],[-110.80708,41.24399],[-110.81438,41.23874],[-110.81257,41.23334],[-110.81756,41.22812],[-110.82455,41.22427],[-110.82119,41.2217],[-110.81632,41.22092],[-110.81067,41.21472],[-110.81019,41.21099],[-110.81378,41.20435],[-110.80909,41.20318],[-110.79968,41.20426],[-110.79431,41.20774],[-110.79273,41.21171],[-110.78943,41.2137],[-110.77213,41.21147],[-110.77224,41.19875],[-110.77361,41.19515],[-110.77618,41.19411],[-110.76947,41.18975],[-110.76944,41.1856],[-110.77676,41.17952],[-110.77525,41.17309],[-110.76796,41.17528],[-110.75987,41.18162],[-110.75156,41.18374],[-110.74036,41.18981],[-110.73523,41.19057],[-110.71977,41.18317],[-110.71657,41.17817],[-110.71881,41.17263],[-110.7172,41.1675],[-110.71867,41.16247],[-110.70634,41.16468],[-110.70427,41.16362],[-110.70533,41.1615],[-110.70294,41.15565],[-110.70589,41.15313],[-110.70661,41.14141],[-110.70971,41.13953],[-110.70527,41.13501],[-110.70553,41.13128],[-110.71061,41.12686],[-110.71303,41.12047],[-110.70968,41.12013],[-110.70917,41.11799],[-110.71485,41.11029],[-110.71678,41.10247],[-110.7451,41.08881],[-110.74303,41.08223],[-110.74521,41.07258],[-110.74334,41.06759],[-110.7438,41.06364],[-110.74632,41.0619],[-110.74503,41.05886],[-110.73307,41.05822],[-110.72979,41.05564],[-110.7257,41.05508],[-110.72328,41.05239],[-110.71923,41.05206],[-110.70693,41.03934],[-110.70478,41.03502],[-110.70524,41.02459],[-110.70741,41.02321],[-110.71145,41.01176],[-110.7185,41.00606],[-110.72,41.00203],[-110.71908,40.99995],[-110.72303,40.99523],[-110.72458,40.99054],[-110.73321,40.98436],[-110.73056,40.9769],[-110.72759,40.97507],[-110.72194,40.97501],[-110.70239,40.96572],[-110.70087,40.9669],[-110.69159,40.96474],[-110.69181,40.9596],[-110.689,40.95935],[-110.67945,40.95193],[-110.67347,40.93871],[-110.66658,40.9345],[-110.66976,40.92885],[-110.6701,40.9246],[-110.67641,40.91787],[-110.6771,40.91137],[-110.68613,40.90962],[-110.6849,40.90295],[-110.68635,40.89978],[-110.69096,40.89859],[-110.69273,40.89489],[-110.69682,40.89278],[-110.69528,40.88641],[-110.69645,40.88196],[-110.69044,40.87961],[-110.6917,40.87744],[-110.7094,40.8685],[-110.70784,40.86463],[-110.69983,40.86287],[-110.69986,40.86018],[-110.70574,40.85175],[-110.70123,40.84336],[-110.70039,40.83843],[-110.69534,40.83487],[-110.69063,40.82705],[-110.69155,40.82253],[-110.68749,40.81734],[-110.68652,40.81081],[-110.68302,40.80478],[-110.6843,40.79846],[-110.68197,40.79366],[-110.68564,40.78952],[-110.68422,40.78269],[-110.68171,40.78],[-110.68436,40.76027],[-110.69681,40.74674],[-110.71323,40.75282],[-110.72184,40.7467],[-110.7214,40.74544],[-110.72857,40.74517],[-110.73386,40.7468],[-110.74206,40.74466],[-110.751,40.74757],[-110.75826,40.74215],[-110.76626,40.74141],[-110.76513,40.73714],[-110.77428,40.73145],[-110.78318,40.73098],[-110.79519,40.7177],[-110.80655,40.71163],[-110.8236,40.71047],[-110.83142,40.7178],[-110.83737,40.71901],[-110.84753,40.72536],[-110.85407,40.72229],[-110.86191,40.72158],[-110.87536,40.72836],[-110.88651,40.72697],[-110.89149,40.72841],[-110.89443,40.72343],[-110.89069,40.71977],[-110.88777,40.72005],[-110.88542,40.71578],[-110.89691,40.7126],[-110.90305,40.70675],[-110.90311,40.69934],[-110.90505,40.69399],[-110.90105,40.68461],[-110.89166,40.68052],[-110.90187,40.67878],[-110.90708,40.67476],[-110.91127,40.66528],[-110.90812,40.65625],[-110.91574,40.64773],[-110.91459,40.63986],[-110.92089,40.6395],[-110.92267,40.63769],[-110.92595,40.63868],[-110.93081,40.63293],[-110.94103,40.62877],[-110.93984,40.62567],[-110.93609,40.62286],[-110.93797,40.61628],[-110.93215,40.60506],[-110.93139,40.59376],[-110.93337,40.58628],[-110.94848,40.57591],[-110.95128,40.56951],[-110.9542,40.56805],[-110.97554,40.57507],[-110.97813,40.57207],[-110.96757,40.56195],[-110.95452,40.55738],[-110.95503,40.55103],[-110.94912,40.55051],[-110.94442,40.54531],[-110.9258,40.53701],[-110.92699,40.53259],[-110.92486,40.52693],[-110.92672,40.52496],[-110.9201,40.52082],[-110.93313,40.51896],[-110.93158,40.51377],[-110.93301,40.51027],[-110.93861,40.50771],[-110.94347,40.50812],[-110.94642,40.50515],[-110.95051,40.50393],[-110.95584,40.50538],[-110.95993,40.51044],[-110.97011,40.51737],[-110.97586,40.51772],[-110.98443,40.51351],[-110.98706,40.51564],[-110.99369,40.51509],[-110.99643,40.49989],[-111.00924,40.49704],[-111.01846,40.49163],[-111.02911,40.49041],[-111.03245,40.48003],[-111.02991,40.47661],[-111.03707,40.47533],[-111.03994,40.47325],[-111.05715,40.47223],[-111.06505,40.46937],[-111.06624,40.4669],[-111.0801,40.46451],[-111.09116,40.46479],[-111.09498,40.46239],[-111.10226,40.46666],[-111.10864,40.46797],[-111.11397,40.46789],[-111.13504,40.46012],[-111.14132,40.46282],[-111.15547,40.45466],[-111.16479,40.45058],[-111.1696,40.4501],[-111.18492,40.43847],[-111.18511,40.43551],[-111.18137,40.43381],[-111.17915,40.42823],[-111.17912,40.41965],[-111.17409,40.41442],[-111.18066,40.41219],[-111.18113,40.4082],[-111.18559,40.40583],[-111.18992,40.40811],[-111.19854,40.40877],[-111.20233,40.40758],[-111.22374,40.41869],[-111.22664,40.41434],[-111.23567,40.41121],[-111.23986,40.40598],[-111.23874,40.40193],[-111.23568,40.39889],[-111.24257,40.38556],[-111.24235,40.37181],[-111.24455,40.36414],[-111.24144,40.35061],[-111.24201,40.34807],[-111.24756,40.34479],[-111.24429,40.34144],[-111.24564,40.33944],[-111.24374,40.33564],[-111.24549,40.33207],[-111.25381,40.32413],[-111.25252,40.3215],[-111.25328,40.3167],[-111.25024,40.31401],[-111.24985,40.31021],[-111.24564,40.30764],[-111.24689,40.30442],[-111.25038,40.30401],[-111.25141,40.29783],[-111.25663,40.2995],[-111.26882,40.29963],[-111.27761,40.29788],[-111.29731,40.3103],[-111.30501,40.2991],[-111.30827,40.29761],[-111.30973,40.2902],[-111.31503,40.28755],[-111.30766,40.28339],[-111.30806,40.27489],[-111.29811,40.27304],[-111.29442,40.27077],[-111.29425,40.26548],[-111.28941,40.26604],[-111.27963,40.25928],[-111.27669,40.25308],[-111.27041,40.24952],[-111.2649,40.24239],[-111.26708,40.23742],[-111.27372,40.23595],[-111.27189,40.22811],[-111.2734,40.22221],[-111.27192,40.21907],[-111.264,40.21133],[-111.26509,40.20904],[-111.26402,40.20577],[-111.25659,40.20115],[-111.25822,40.19789],[-111.24815,40.19369],[-111.23508,40.1802],[-111.23488,40.17573],[-111.22525,40.16646],[-111.22735,40.16217],[-111.22569,40.15983],[-111.22688,40.15558],[-111.23131,40.1479],[-111.22487,40.14276],[-111.22413,40.13329],[-111.22151,40.12469],[-111.22577,40.11949],[-111.22976,40.10699],[-111.23545,40.10385],[-111.23531,40.09817],[-111.24161,40.09173],[-111.24255,40.08594],[-111.23807,40.08043],[-111.24125,40.07387],[-111.23586,40.06967],[-111.24084,40.06635],[-111.24175,40.06322],[-111.24914,40.05572],[-111.2465,40.05273],[-111.24579,40.0468],[-111.24065,40.04359],[-111.23745,40.03794],[-111.23163,40.03568],[-111.21622,40.04079],[-111.21339,40.04413],[-111.20515,40.04798],[-111.20414,40.05081],[-111.20386,40.04623],[-111.20123,40.0424],[-111.19877,40.04169],[-111.20093,40.03693],[-111.19804,40.03163],[-111.19137,40.0296],[-111.18967,40.02329],[-111.18736,40.02071],[-111.17686,40.01594],[-111.1749,40.01233],[-111.17167,40.0107],[-111.16936,40.00659],[-111.16867,40.00207],[-111.17008,39.99935],[-111.16773,39.99058],[-111.16413,39.99007],[-111.15978,39.99205],[-111.15173,39.98487],[-111.14306,39.98696],[-111.14133,39.98399],[-111.13403,39.97912],[-111.13458,39.97509],[-111.13012,39.97282],[-111.12947,39.97045],[-111.12415,39.97042],[-111.11889,39.96773],[-111.11803,39.9616],[-111.12075,39.95976],[-111.12019,39.95706],[-111.12957,39.95111],[-111.1293,39.9472],[-111.12623,39.94525],[-111.11948,39.94514],[-111.11787,39.94323],[-111.10783,39.94284],[-111.10519,39.94419],[-111.0827,39.9394],[-111.08306,39.92682],[-111.08997,39.92374],[-111.09907,39.91046],[-111.10763,39.90723],[-111.1192,39.90012],[-111.11785,39.89676],[-111.11887,39.89553],[-111.12745,39.89378],[-111.12812,39.8918],[-111.13129,39.8909],[-111.14622,39.89342],[-111.15004,39.89273],[-111.15127,39.87596],[-111.1477,39.8692],[-111.14814,39.86638],[-111.15504,39.85648],[-111.15473,39.84628],[-111.15702,39.84467],[-111.15692,39.84156],[-111.16019,39.84028],[-111.16564,39.83339],[-111.1735,39.83],[-111.1741,39.81721],[-111.17738,39.81271],[-111.17658,39.80368],[-111.18113,39.79404],[-111.19865,39.79969],[-111.20243,39.80383],[-111.20862,39.80683],[-111.21573,39.80656],[-111.22406,39.81299],[-111.22458,39.81788],[-111.22663,39.82077],[-111.23522,39.82179],[-111.23517,39.82488],[-111.23822,39.82701],[-111.24355,39.82823],[-111.24789,39.82509],[-111.25936,39.82615],[-111.26877,39.82972],[-111.27525,39.82994],[-111.28144,39.8346],[-111.28824,39.83545],[-111.29207,39.83852],[-111.29625,39.84918],[-111.29893,39.84975],[-111.30233,39.85458],[-111.31112,39.85503],[-111.31627,39.85854],[-111.32405,39.85701],[-111.32641,39.84875],[-111.33209,39.84747],[-111.33395,39.84533],[-111.33491,39.84189],[-111.33313,39.8374],[-111.34366,39.83419],[-111.34427,39.83251],[-111.35025,39.83171],[-111.35362,39.83329],[-111.35718,39.83163],[-111.35678,39.81348],[-111.35902,39.80489],[-111.35786,39.80089],[-111.36043,39.79754],[-111.35836,39.79257],[-111.35997,39.78683],[-111.35855,39.78539],[-111.35937,39.7824],[-111.35043,39.77696],[-111.33885,39.77415],[-111.3378,39.77019],[-111.32938,39.76735],[-111.32271,39.76173],[-111.32707,39.75747],[-111.32149,39.7513],[-111.33029,39.74782],[-111.33327,39.74406],[-111.33561,39.74382],[-111.33666,39.73879],[-111.33193,39.73632],[-111.3351,39.72971],[-111.33426,39.72449],[-111.32383,39.71604],[-111.32559,39.71019],[-111.32968,39.70656],[-111.32815,39.70309],[-111.33011,39.70038],[-111.32678,39.69656],[-111.31336,39.68931],[-111.31278,39.6775],[-111.31551,39.67651],[-111.31739,39.67211],[-111.32147,39.6721],[-111.32535,39.66977],[-111.32924,39.66469],[-111.33042,39.65505],[-111.3286,39.64982],[-111.33153,39.64651],[-111.33114,39.64104],[-111.32857,39.63308],[-111.32918,39.62985],[-111.32268,39.62873],[-111.32101,39.62601],[-111.31573,39.62379],[-111.31048,39.61714],[-111.31419,39.60664],[-111.30905,39.60344],[-111.30676,39.59684],[-111.31037,39.58798],[-111.31676,39.5809],[-111.31682,39.57912],[-111.31452,39.57257],[-111.30481,39.56749],[-111.30858,39.56313],[-111.30883,39.56067],[-111.30054,39.54685],[-111.30152,39.54205],[-111.29654,39.53775],[-111.301,39.52819],[-111.30164,39.52428],[-111.30017,39.52048],[-111.30364,39.51377],[-111.3018,39.51043],[-111.30423,39.50627],[-111.31194,39.5007],[-111.31123,39.49639],[-111.31662,39.49644],[-111.31997,39.49375],[-111.32091,39.48547],[-111.3251,39.48108],[-111.32628,39.47147],[-111.32013,39.46794],[-111.32034,39.45675],[-111.32796,39.45435],[-111.33266,39.44591],[-111.34228,39.44268],[-111.34485,39.44022],[-111.35115,39.44149],[-111.3543,39.43704],[-111.3596,39.43546],[-111.35759,39.43051],[-111.35875,39.42416],[-111.36414,39.41996],[-111.3711,39.41831],[-111.37486,39.41055],[-111.37172,39.40544],[-111.37101,39.40058],[-111.3785,39.39916],[-111.38345,39.39619],[-111.38313,39.39131],[-111.38461,39.38812],[-111.39541,39.38516],[-111.39853,39.37652],[-111.40251,39.37541],[-111.41137,39.36916],[-111.41852,39.36955],[-111.42395,39.37359],[-111.42796,39.3701],[-111.43247,39.3687],[-111.43547,39.36481],[-111.43744,39.35672],[-111.44389,39.35162],[-111.44383,39.3455],[-111.45229,39.33291],[-111.44716,39.32927],[-111.44081,39.31963],[-111.44362,39.31241],[-111.44893,39.31065],[-111.45044,39.30866],[-111.44142,39.29903],[-111.44489,39.29232],[-111.4485,39.28928],[-111.44754,39.28455],[-111.44521,39.28283],[-111.44277,39.27194],[-111.44815,39.26661],[-111.44684,39.26508],[-111.4488,39.25967],[-111.445,39.25515],[-111.45008,39.25236],[-111.45564,39.2459],[-111.45736,39.24028],[-111.46095,39.24469],[-111.46752,39.24843],[-111.46726,39.24418],[-111.46926,39.23969],[-111.4743,39.23584],[-111.47713,39.23042],[-111.47833,39.22306],[-111.48333,39.2148],[-111.48357,39.20829],[-111.47931,39.20242],[-111.48312,39.19794],[-111.48512,39.1878],[-111.49072,39.18298],[-111.49107,39.17855],[-111.4868,39.16774],[-111.48861,39.15809],[-111.48697,39.15214],[-111.4844,39.14908],[-111.48628,39.14252],[-111.48124,39.13051],[-111.47593,39.12456],[-111.48081,39.12453],[-111.49875,39.11905],[-111.49899,39.11065],[-111.49698,39.10557],[-111.50427,39.0724],[-111.49802,39.06692],[-111.51177,39.05748],[-111.51634,39.05667],[-111.51114,39.05311],[-111.50842,39.04723],[-111.51143,39.03977],[-111.51179,39.02946],[-111.50675,39.0187],[-111.50605,39.0099],[-111.50215,39.00164],[-111.49433,38.99807],[-111.48744,38.99904],[-111.47853,38.99778],[-111.47341,39.00161],[-111.46855,39.00202],[-111.46112,38.99823],[-111.45019,38.99687],[-111.44604,38.98989],[-111.44712,38.9855],[-111.44596,38.98239],[-111.44804,38.97904],[-111.4454,38.9742],[-111.44592,38.96634],[-111.44514,38.96416],[-111.44118,38.96285],[-111.44061,38.95978],[-111.44159,38.95595],[-111.44755,38.95697],[-111.45022,38.95573],[-111.45389,38.95052],[-111.46313,38.95069],[-111.46749,38.94527],[-111.47343,38.94282],[-111.47494,38.93856],[-111.47372,38.9333],[-111.47827,38.9302],[-111.48284,38.93081],[-111.48319,38.92837],[-111.48858,38.92507],[-111.48831,38.91988],[-111.4945,38.91668],[-111.49861,38.90911],[-111.49232,38.90049],[-111.49567,38.89792],[-111.50055,38.88972],[-111.49423,38.88266],[-111.48174,38.88177],[-111.48077,38.87808],[-111.47486,38.87695],[-111.47032,38.86994],[-111.47425,38.86394],[-111.46948,38.86045],[-111.46928,38.85819],[-111.47102,38.85475],[-111.47595,38.85397],[-111.48201,38.84637],[-111.48407,38.83821],[-111.48272,38.83604],[-111.48558,38.83061],[-111.48822,38.82918],[-111.48947,38.82522],[-111.4881,38.82048],[-111.48866,38.81393],[-111.48559,38.81212],[-111.48563,38.80516],[-111.48084,38.80393],[-111.4769,38.80005],[-111.47574,38.79362],[-111.48339,38.79015],[-111.48392,38.78523],[-111.48879,38.7803],[-111.4871,38.77659],[-111.49115,38.76847],[-111.49574,38.76793],[-111.50113,38.765],[-111.51263,38.76711],[-111.51605,38.765],[-111.52154,38.76495],[-111.52548,38.76327],[-111.52666,38.76014],[-111.53473,38.75644],[-111.5367,38.76152],[-111.54283,38.76161],[-111.55065,38.75896],[-111.56426,38.75172],[-111.56685,38.74514],[-111.57024,38.74395],[-111.57555,38.7356],[-111.58382,38.73127],[-111.5911,38.73205],[-111.59403,38.7349],[-111.60551,38.73836],[-111.61117,38.74263],[-111.62108,38.74525],[-111.62395,38.74412],[-111.62515,38.74086],[-111.62822,38.73849],[-111.6308,38.73175],[-111.63664,38.72882],[-111.64347,38.72128],[-111.6417,38.71823],[-111.64286,38.71595],[-111.64712,38.71652],[-111.64918,38.715],[-111.64786,38.71178],[-111.65548,38.71856],[-111.65874,38.71769],[-111.66776,38.71986],[-111.68966,38.7106],[-111.69518,38.70411],[-111.69744,38.69602],[-111.69634,38.68788],[-111.70305,38.68243],[-111.70139,38.67151],[-111.70324,38.65807],[-111.70897,38.65315],[-111.72008,38.63194],[-111.74079,38.61005],[-111.73941,38.60804],[-111.74168,38.60637],[-111.74169,38.59929],[-111.73861,38.58603],[-111.74694,38.58168],[-111.74782,38.57718],[-111.7444,38.57257],[-111.74629,38.56816],[-111.74827,38.56592],[-111.75862,38.56462],[-111.7718,38.55821],[-111.76824,38.55067],[-111.76685,38.53498],[-111.76259,38.52587],[-111.78422,38.51237],[-111.79338,38.51545],[-111.79587,38.51474],[-111.79885,38.50727],[-111.79944,38.50103],[-111.80535,38.49813],[-111.80875,38.49293],[-111.81347,38.48975],[-111.81334,38.48649],[-111.81799,38.48449],[-111.81962,38.48094],[-111.8152,38.47947],[-111.8145,38.47672],[-111.81116,38.47748],[-111.8098,38.47595],[-111.81413,38.47115],[-111.81684,38.46458],[-111.82028,38.4643],[-111.82264,38.46189],[-111.82718,38.44575],[-111.82951,38.4421],[-111.83377,38.44032],[-111.83794,38.42896],[-111.84417,38.42787],[-111.84866,38.42474],[-111.84969,38.42188],[-111.84865,38.41939],[-111.855,38.41629],[-111.85915,38.40763],[-111.8631,38.40344],[-111.86118,38.39964],[-111.8636,38.39281],[-111.85938,38.38704],[-111.86152,38.38491],[-111.86004,38.37955],[-111.88221,38.36033],[-111.88133,38.34589],[-111.88327,38.34171],[-111.88939,38.33699],[-111.89038,38.33171],[-111.88761,38.32814],[-111.88887,38.3257],[-111.89505,38.32322],[-111.89324,38.31961],[-111.89532,38.31315],[-111.88875,38.31175],[-111.89392,38.30529],[-111.89316,38.29061],[-111.8855,38.28552],[-111.8819,38.27731],[-111.88329,38.27415],[-111.87975,38.27115],[-111.87547,38.25945],[-111.87311,38.25698],[-111.87392,38.25403],[-111.86972,38.24895],[-111.86384,38.24528],[-111.86274,38.24098],[-111.8584,38.2357],[-111.85344,38.21342],[-111.85,38.20719],[-111.85196,38.20294],[-111.8562,38.19919],[-111.86027,38.1993],[-111.862,38.19588],[-111.8646,38.19556],[-111.86605,38.1913],[-111.87425,38.18603],[-111.87782,38.1799],[-111.88364,38.17524],[-111.88034,38.16314],[-111.88398,38.1582],[-111.88298,38.15239],[-111.88866,38.15149],[-111.89256,38.14495],[-111.89077,38.14128],[-111.89288,38.13735],[-111.89261,38.13311],[-111.88926,38.12961],[-111.8841,38.12903],[-111.86888,38.13524],[-111.86445,38.13989],[-111.86089,38.13704],[-111.86007,38.13191],[-111.85198,38.12811],[-111.84871,38.12403],[-111.84232,38.12559],[-111.83885,38.12879],[-111.83429,38.12854],[-111.83479,38.12424],[-111.82898,38.11683],[-111.82764,38.11196],[-111.82972,38.10953],[-111.82785,38.10767],[-111.81584,38.10843],[-111.80894,38.11262],[-111.8039,38.11256],[-111.80441,38.10475],[-111.80069,38.09766],[-111.80248,38.09395],[-111.7964,38.08919],[-111.7775,38.08462],[-111.77019,38.07766],[-111.76126,38.07823],[-111.75362,38.07448],[-111.74679,38.07503],[-111.73923,38.07185],[-111.73629,38.07314],[-111.72753,38.06842],[-111.71824,38.07033],[-111.71416,38.06916],[-111.72055,38.06068],[-111.71181,38.05645],[-111.72376,38.04684],[-111.71607,38.0407],[-111.71375,38.0367],[-111.71409,38.03019],[-111.71944,38.02717],[-111.71608,38.02119],[-111.7187,38.01589],[-111.72487,38.01201],[-111.72742,38.00528],[-111.73483,38.00434],[-111.73798,38.00021],[-111.73493,37.99557],[-111.72931,37.99268],[-111.72806,37.99032],[-111.72768,37.98673],[-111.73179,37.98281],[-111.72662,37.98102],[-111.73013,37.97125],[-111.72794,37.9677],[-111.72794,37.96383],[-111.73393,37.95427],[-111.73907,37.9524],[-111.74146,37.94205],[-111.74651,37.93883],[-111.75438,37.94081],[-111.75953,37.94631],[-111.76452,37.9465],[-111.76728,37.94997],[-111.77539,37.94949],[-111.77788,37.9538],[-111.78423,37.95586],[-111.78531,37.95722],[-111.7835,37.95884],[-111.78388,37.96252],[-111.79255,37.96969],[-111.80093,37.96682],[-111.81423,37.94978],[-111.82606,37.95003],[-111.83154,37.94761],[-111.83523,37.94881],[-111.84069,37.94761],[-111.84479,37.94416],[-111.86313,37.94494],[-111.86159,37.93911],[-111.86538,37.93783],[-111.86868,37.93867],[-111.86888,37.92896],[-111.87716,37.9298],[-111.88073,37.92708],[-111.87975,37.92371],[-111.87538,37.92241],[-111.87492,37.92065],[-111.87737,37.9187],[-111.89186,37.91465],[-111.89324,37.91252],[-111.88557,37.90306],[-111.87816,37.89758],[-111.87609,37.88181],[-111.87337,37.87935],[-111.87692,37.87227],[-111.87354,37.86895],[-111.87647,37.86379],[-111.87503,37.86056],[-111.87704,37.85494],[-111.88174,37.84875],[-111.87873,37.84341],[-111.87897,37.83752],[-111.88184,37.83392],[-111.88088,37.83201],[-111.88312,37.81808],[-111.88192,37.81334],[-111.88782,37.81],[-111.8912,37.80549],[-111.8921,37.80007],[-111.88768,37.79653],[-111.88761,37.79086],[-111.88262,37.78523],[-111.88122,37.77717],[-111.88209,37.77431],[-111.87914,37.76607],[-111.87345,37.76526],[-111.87087,37.76272],[-111.87577,37.75424],[-111.87079,37.74955],[-111.86405,37.74873],[-111.86419,37.74428],[-111.86797,37.74174],[-111.86881,37.73569],[-111.8747,37.72885],[-111.87826,37.73018],[-111.88143,37.72906],[-111.89053,37.73316],[-111.90431,37.7309],[-111.91415,37.72442],[-111.9255,37.721],[-111.93786,37.7149],[-111.94242,37.71544],[-111.94277,37.71764],[-111.94763,37.72172],[-111.95328,37.72335],[-111.95525,37.72237],[-111.95427,37.72047],[-111.95673,37.72082],[-111.96029,37.71771],[-111.96223,37.71199],[-111.97819,37.71584],[-111.98167,37.71116],[-111.98148,37.70871],[-111.98905,37.70423],[-111.99176,37.71278],[-111.99758,37.71431],[-112.00178,37.71047],[-112.00777,37.71276],[-112.007,37.71709],[-112.01311,37.71748],[-112.01431,37.72118],[-112.01866,37.72305],[-112.01964,37.72573],[-112.02201,37.72669],[-112.02245,37.732],[-112.03104,37.7328],[-112.03484,37.73861],[-112.04739,37.73731],[-112.04908,37.73497],[-112.05289,37.73548],[-112.05835,37.73261],[-112.06429,37.72643],[-112.06569,37.72256],[-112.07021,37.7217],[-112.07381,37.71362],[-112.07826,37.71153],[-112.08067,37.71274],[-112.0869,37.71054],[-112.08746,37.70476],[-112.09074,37.6998],[-112.09156,37.69175],[-112.10439,37.6973],[-112.10638,37.69989],[-112.11221,37.69948],[-112.11419,37.69418],[-112.1233,37.69155],[-112.12576,37.68669],[-112.12759,37.68631],[-112.12996,37.68923],[-112.14034,37.68115],[-112.14159,37.67928],[-112.13857,37.67594],[-112.13755,37.67151],[-112.14016,37.66325],[-112.13914,37.65872],[-112.14514,37.65355],[-112.14776,37.64521],[-112.1578,37.64648],[-112.16045,37.64275],[-112.16343,37.64243],[-112.16515,37.63749],[-112.16294,37.62822],[-112.17103,37.62068],[-112.16907,37.61024],[-112.15962,37.60288],[-112.15735,37.60402],[-112.15367,37.59948],[-112.15404,37.5966],[-112.15758,37.59431],[-112.16001,37.59674],[-112.17499,37.59729],[-112.1789,37.59368],[-112.17804,37.58877],[-112.18268,37.58514],[-112.18785,37.58768],[-112.19036,37.59304],[-112.19371,37.59427],[-112.20291,37.59275],[-112.20713,37.58675],[-112.2288,37.58935],[-112.23595,37.58511],[-112.23427,37.58353],[-112.23539,37.5807],[-112.2316,37.57738],[-112.23193,37.57439],[-112.24377,37.55833],[-112.24608,37.54594],[-112.25303,37.53735],[-112.25884,37.53564],[-112.25917,37.53224],[-112.26153,37.52999],[-112.25949,37.52197],[-112.26443,37.51857],[-112.26549,37.51427],[-112.26282,37.50951],[-112.26218,37.50291],[-112.25603,37.49578],[-112.25038,37.48195],[-112.24023,37.47559],[-112.24058,37.47422],[-112.24537,37.46934],[-112.25005,37.4698],[-112.25227,37.46677],[-112.25211,37.46278],[-112.25731,37.46402],[-112.26291,37.46164],[-112.26208,37.45029],[-112.26683,37.4449],[-112.26666,37.44248],[-112.27013,37.4407],[-112.27295,37.44147],[-112.27406,37.44538],[-112.27899,37.4468],[-112.28623,37.44575],[-112.28708,37.44315],[-112.28961,37.44222],[-112.29472,37.44316],[-112.29778,37.44174],[-112.31032,37.44585],[-112.31451,37.43889],[-112.315,37.43298],[-112.31737,37.43027],[-112.3176,37.42381],[-112.323,37.42109],[-112.3231,37.41846],[-112.32821,37.41197],[-112.32845,37.40946],[-112.31923,37.40278],[-112.31617,37.39911],[-112.3162,37.397],[-112.31131,37.39483],[-112.31561,37.38309],[-112.3071,37.3828],[-112.30086,37.37968],[-112.30016,37.37334],[-112.29536,37.36826],[-112.29751,37.36298],[-112.29687,37.36002],[-112.30136,37.35476],[-112.30077,37.34992],[-112.29814,37.34547],[-112.29974,37.34304],[-112.30666,37.34119],[-112.30677,37.33767],[-112.31109,37.33706],[-112.31452,37.33401],[-112.31633,37.32883],[-112.31404,37.32532],[-112.30646,37.32309],[-112.30442,37.32505],[-112.29678,37.32625],[-112.28009,37.31528],[-112.2775,37.30989],[-112.2845,37.30201],[-112.28523,37.29501],[-112.28782,37.29035],[-112.28174,37.28479],[-112.27673,37.27545],[-112.2775,37.27328],[-112.27529,37.27167],[-112.27667,37.26899],[-112.27468,37.26475],[-112.27718,37.26133],[-112.26919,37.25498],[-112.26877,37.25219],[-112.25775,37.24791],[-112.25478,37.24502],[-112.24896,37.2473],[-112.24184,37.24501],[-112.23929,37.24263],[-112.23361,37.23485],[-112.23163,37.22547],[-112.23472,37.22012],[-112.23909,37.21764],[-112.23959,37.21471],[-112.22645,37.20808],[-112.22235,37.20333],[-112.21875,37.20188],[-112.21685,37.18813],[-112.21062,37.18599],[-112.20439,37.18138],[-112.20569,37.17655],[-112.20283,37.16464],[-112.21073,37.15744],[-112.21161,37.14968],[-112.21767,37.14502],[-112.21999,37.139],[-112.22443,37.13512],[-112.22481,37.12935],[-112.21995,37.11654],[-112.22215,37.11223],[-112.21158,37.10812],[-112.2042,37.10945],[-112.2007,37.10472],[-112.19649,37.10403],[-112.19455,37.10016],[-112.18757,37.09591],[-112.18459,37.0874],[-112.18535,37.07914],[-112.17193,37.07171],[-112.1704,37.06703],[-112.16496,37.06754],[-112.14905,37.06303],[-112.13792,37.05408],[-112.12967,37.0507],[-112.12794,37.04748],[-112.11844,37.04493],[-112.11876,37.04094],[-112.11633,37.03386],[-112.10881,37.0288],[-112.10405,37.02301],[-112.1005,37.01329],[-112.10561,37.01407],[-112.10939,37.01175],[-112.11574,37.01175],[-112.1183,37.0085],[-112.11839,37.00111],[-112.12087,36.99522],[-112.11732,36.97147],[-112.11204,36.95972],[-112.1146,36.9558],[-112.12631,36.95051],[-112.1288,36.9406],[-112.12572,36.93571],[-112.12537,36.91543],[-112.11767,36.90893],[-112.1213,36.89675],[-112.1182,36.8923],[-112.11633,36.88555],[-112.11607,36.86528],[-112.11274,36.86095],[-112.10667,36.86245],[-112.10124,36.86069],[-112.09539,36.86241],[-112.08908,36.85452],[-112.0802,36.85231],[-112.07484,36.84777],[-112.05276,36.84353],[-112.0497,36.83256],[-112.04255,36.82667],[-112.04185,36.82152],[-112.03911,36.81828],[-112.04211,36.81035],[-112.03825,36.80872],[-112.0375,36.80242],[-112.0311,36.7958],[-112.03022,36.7878],[-112.02301,36.78127],[-112.02296,36.77618],[-112.02094,36.77235],[-112.01473,36.76656],[-112.00624,36.76216],[-112.00141,36.76363],[-111.99531,36.76083],[-111.98674,36.76071],[-111.97793,36.76383],[-111.97167,36.76269],[-111.96844,36.76453],[-111.95748,36.76472],[-111.9346,36.75947],[-111.9325,36.76834],[-111.92237,36.76874],[-111.90792,36.76215],[-111.9092,36.75975],[-111.90736,36.75565],[-111.90403,36.75384],[-111.90432,36.74832],[-111.90149,36.74511],[-111.89624,36.74488],[-111.89146,36.7398],[-111.88573,36.73784],[-111.8695,36.73903],[-111.86428,36.73439],[-111.86336,36.73148],[-111.85019,36.72395],[-111.84594,36.71867],[-111.83465,36.71807],[-111.82918,36.72106],[-111.8307,36.72433],[-111.82448,36.72689],[-111.81892,36.72679],[-111.81449,36.72487],[-111.8122,36.72598],[-111.80838,36.73746],[-111.803,36.74246],[-111.80259,36.74687],[-111.79182,36.75628],[-111.7942,36.7582],[-111.7947,36.76163],[-111.79087,36.76503],[-111.78965,36.7702],[-111.78444,36.76991],[-111.78202,36.77174],[-111.77417,36.78412],[-111.76994,36.78491],[-111.76281,36.798],[-111.75912,36.80176],[-111.75571,36.80198],[-111.75262,36.80517],[-111.75081,36.81113],[-111.74272,36.81649],[-111.74177,36.82127],[-111.73221,36.82317],[-111.71378,36.83211],[-111.70924,36.83735],[-111.70468,36.84643],[-111.69188,36.85027],[-111.68984,36.85461],[-111.68543,36.85578],[-111.67951,36.8523],[-111.67638,36.85228],[-111.67678,36.8573],[-111.67211,36.86491],[-111.67206,36.86956],[-111.66333,36.88265],[-111.65655,36.88831],[-111.65312,36.88805],[-111.64149,36.88069],[-111.63888,36.88065],[-111.63491,36.87665],[-111.63541,36.87344],[-111.63121,36.86956],[-111.6195,36.86773],[-111.60525,36.8589],[-111.60095,36.85918],[-111.59655,36.86357],[-111.58977,36.86641],[-111.58803,36.86409],[-111.59557,36.85514],[-111.59069,36.84749],[-111.59008,36.84179],[-111.58692,36.83676],[-111.59011,36.829],[-111.58831,36.82006],[-111.58636,36.81761],[-111.58934,36.81131],[-111.5894,36.80004],[-111.59338,36.79045],[-111.59231,36.77899],[-111.59416,36.77505],[-111.59284,36.77257],[-111.59358,36.76476],[-111.59998,36.75545],[-111.60351,36.75283],[-111.60732,36.74579],[-111.60741,36.74433],[-111.60396,36.74283],[-111.60394,36.74062],[-111.60814,36.73577],[-111.60764,36.73311],[-111.60955,36.73224],[-111.61457,36.7213],[-111.61473,36.71345],[-111.61951,36.7103],[-111.61967,36.70677],[-111.61808,36.70467],[-111.62201,36.70594],[-111.62799,36.70407],[-111.62888,36.70212],[-111.63098,36.70202],[-111.63305,36.6979],[-111.62747,36.69778],[-111.62546,36.69541],[-111.62571,36.69042],[-111.62848,36.68733],[-111.6246,36.68287],[-111.61795,36.66178],[-111.61064,36.65885],[-111.60265,36.65982],[-111.60213,36.65476],[-111.59682,36.6482],[-111.58898,36.64785],[-111.58868,36.64308],[-111.58526,36.64157],[-111.58085,36.63105],[-111.57246,36.6324],[-111.56862,36.63543],[-111.56564,36.63295],[-111.56053,36.63262],[-111.55995,36.62826],[-111.55648,36.6249],[-111.55572,36.6198],[-111.55922,36.61646],[-111.56267,36.60563],[-111.56696,36.60434],[-111.57354,36.5986],[-111.57808,36.59771],[-111.57555,36.59248],[-111.57967,36.58957],[-111.57173,36.58625],[-111.56895,36.58837],[-111.56242,36.58731],[-111.56214,36.57894],[-111.56463,36.57646],[-111.56033,36.57064],[-111.56331,36.56687],[-111.56103,36.55937],[-111.55689,36.55818],[-111.56273,36.53925],[-111.56223,36.53271],[-111.55883,36.52967],[-111.54922,36.52768],[-111.54483,36.53771],[-111.54035,36.54351],[-111.53938,36.54786],[-111.52917,36.55228],[-111.52518,36.56699],[-111.51448,36.5748],[-111.51348,36.58122],[-111.50969,36.58364],[-111.50763,36.58939],[-111.49471,36.59838],[-111.48887,36.59891],[-111.48731,36.60361],[-111.47798,36.6079],[-111.47902,36.61046],[-111.47695,36.6127],[-111.47825,36.61753],[-111.47633,36.61848],[-111.47659,36.62093],[-111.4706,36.62163],[-111.46146,36.62648],[-111.4499,36.62945],[-111.44365,36.62737],[-111.43776,36.62856],[-111.43039,36.62606],[-111.42682,36.62269],[-111.42471,36.61822],[-111.42606,36.6173],[-111.42349,36.61597],[-111.42296,36.61094],[-111.41712,36.60019],[-111.41102,36.60059],[-111.40728,36.59674],[-111.40062,36.59811],[-111.39686,36.59575],[-111.39278,36.58874],[-111.39285,36.58223],[-111.38901,36.57835],[-111.38847,36.57093],[-111.38379,36.56462],[-111.38387,36.55981],[-111.3794,36.55589],[-111.3776,36.54392],[-111.37302,36.53894],[-111.37443,36.53577],[-111.37309,36.52756],[-111.3672,36.52047],[-111.36237,36.5243],[-111.3561,36.52337],[-111.35514,36.5307],[-111.3529,36.53446],[-111.35073,36.53652],[-111.34524,36.53716],[-111.34197,36.54074],[-111.33939,36.536],[-111.34015,36.53409],[-111.33549,36.52891],[-111.33702,36.5267],[-111.33519,36.52179],[-111.33233,36.51748],[-111.32817,36.51685],[-111.33154,36.51094],[-111.32732,36.51007],[-111.32306,36.50091],[-111.31599,36.51035],[-111.31163,36.51353],[-111.31192,36.51523],[-111.31456,36.51614],[-111.31354,36.51852],[-111.31499,36.52168],[-111.31366,36.52635],[-111.30837,36.53019],[-111.30174,36.53067],[-111.29868,36.51742],[-111.28626,36.51895],[-111.2856,36.52245],[-111.28301,36.52398],[-111.28331,36.52734],[-111.28698,36.528],[-111.2892,36.53495],[-111.28495,36.53862],[-111.28023,36.53888],[-111.27894,36.53513],[-111.27485,36.53474],[-111.26761,36.52955],[-111.26232,36.53133],[-111.26095,36.53916],[-111.25636,36.54159],[-111.25297,36.53996],[-111.24794,36.54153],[-111.2441,36.53736],[-111.23913,36.53826],[-111.23332,36.53509],[-111.22953,36.53742],[-111.22371,36.53762],[-111.2197,36.53503],[-111.21343,36.53525],[-111.20818,36.53229],[-111.20548,36.53493],[-111.19845,36.53346],[-111.1952,36.53586],[-111.18817,36.53572],[-111.18798,36.53897],[-111.18286,36.54207],[-111.17995,36.53966],[-111.17994,36.53623],[-111.17489,36.53704],[-111.17215,36.53434],[-111.16283,36.53785],[-111.15852,36.54442],[-111.15516,36.54437],[-111.1527,36.5413],[-111.15128,36.54152],[-111.14891,36.5475],[-111.14513,36.54988],[-111.14384,36.5482],[-111.14461,36.53853],[-111.14766,36.52522],[-111.13859,36.52371],[-111.13441,36.52633],[-111.12827,36.52328],[-111.12013,36.52674],[-111.11232,36.52046],[-111.11048,36.51582],[-111.10406,36.51101],[-111.10316,36.50859],[-111.1,36.50856],[-111.09661,36.50362],[-111.0887,36.49969],[-111.08504,36.49891],[-111.07593,36.50131],[-111.07183,36.49909],[-111.06048,36.50218],[-111.05565,36.50181],[-111.04353,36.50624],[-111.03631,36.51404],[-111.02597,36.51624],[-111.01967,36.52224],[-111.00861,36.52565],[-111.0099,36.52983],[-111.00299,36.53499],[-111.00037,36.53449],[-110.99993,36.53093],[-110.99736,36.52749],[-110.99383,36.52647],[-110.97995,36.53443],[-110.96989,36.53765],[-110.96378,36.5379],[-110.96074,36.53989],[-110.95701,36.54351],[-110.95501,36.54721],[-110.956,36.54872],[-110.95276,36.55233],[-110.94473,36.55705],[-110.94058,36.55761],[-110.93471,36.56569],[-110.93364,36.57708],[-110.93196,36.57914],[-110.9336,36.58065],[-110.93,36.5889],[-110.91743,36.59188],[-110.909,36.58939],[-110.90166,36.59071],[-110.88749,36.5854],[-110.87272,36.58419],[-110.86134,36.59352],[-110.85632,36.59184],[-110.85371,36.59275],[-110.85276,36.59441],[-110.85457,36.59754],[-110.85025,36.60149],[-110.84201,36.60469],[-110.82263,36.60597],[-110.81379,36.60217],[-110.80902,36.60192],[-110.80428,36.6095],[-110.80487,36.62117],[-110.80054,36.62943],[-110.7972,36.63245],[-110.79701,36.64413],[-110.78606,36.64878],[-110.77707,36.6577],[-110.76472,36.66277],[-110.75893,36.66874],[-110.752,36.66891],[-110.75055,36.67307],[-110.74414,36.67473],[-110.73746,36.68383],[-110.72687,36.68321],[-110.72443,36.69744],[-110.71419,36.70121],[-110.70673,36.71238],[-110.70243,36.71499],[-110.6976,36.72256],[-110.69385,36.72532],[-110.6899,36.7313],[-110.68998,36.73485],[-110.68649,36.73799],[-110.68491,36.74231],[-110.67906,36.7459],[-110.67527,36.7589],[-110.67642,36.7633],[-110.66959,36.77713],[-110.6646,36.77934],[-110.6604,36.78491],[-110.64439,36.79222],[-110.6413,36.78816],[-110.64074,36.78209],[-110.63869,36.77943],[-110.62727,36.77952],[-110.6191,36.77378],[-110.61026,36.77453],[-110.60775,36.77753],[-110.60554,36.77771],[-110.60424,36.78372],[-110.59674,36.78865],[-110.59326,36.79322],[-110.57961,36.79488],[-110.57485,36.79244],[-110.57699,36.78421],[-110.57606,36.7791],[-110.56245,36.77011],[-110.56827,36.76721],[-110.57195,36.76312],[-110.57486,36.75111],[-110.58673,36.74126],[-110.58455,36.7347],[-110.58495,36.73112],[-110.58119,36.72959],[-110.57633,36.7241],[-110.57551,36.71964],[-110.56467,36.71502],[-110.56134,36.70908],[-110.56225,36.70407],[-110.55074,36.70087],[-110.55535,36.68743],[-110.55416,36.68514],[-110.55068,36.68436],[-110.54165,36.68683],[-110.54256,36.67867],[-110.53854,36.67613],[-110.54067,36.67093],[-110.53472,36.6704],[-110.52875,36.67214],[-110.52292,36.66765],[-110.52316,36.66285],[-110.51773,36.66208],[-110.51955,36.6582],[-110.51371,36.65713],[-110.51575,36.65174],[-110.51564,36.64482],[-110.51331,36.6417],[-110.51256,36.63316],[-110.50939,36.62689],[-110.50824,36.62122],[-110.50945,36.61695],[-110.50315,36.61441],[-110.50101,36.60891],[-110.49861,36.60704],[-110.49591,36.59195],[-110.49098,36.58176],[-110.50343,36.55421],[-110.49736,36.55455],[-110.48925,36.54816],[-110.47892,36.55097],[-110.47217,36.5579],[-110.45081,36.61402],[-110.43757,36.62391],[-110.42884,36.6274],[-110.42619,36.63104],[-110.41447,36.63678],[-110.40738,36.64497],[-110.39909,36.65098],[-110.39415,36.64842],[-110.38749,36.64756],[-110.38038,36.64895],[-110.37595,36.65203],[-110.36058,36.64604],[-110.34442,36.65103],[-110.33424,36.65696],[-110.33066,36.66134],[-110.31312,36.64965],[-110.31107,36.64598],[-110.30673,36.64356],[-110.30256,36.64626],[-110.29199,36.64683],[-110.28539,36.64372],[-110.2814,36.64587],[-110.27864,36.65067],[-110.27243,36.64995],[-110.26417,36.65173],[-110.26023,36.65049],[-110.2584,36.6482],[-110.25866,36.64296],[-110.25556,36.63594],[-110.24592,36.6282],[-110.2422,36.62231],[-110.24142,36.61604],[-110.24411,36.61346],[-110.24154,36.61249],[-110.24202,36.60556],[-110.23714,36.59588],[-110.22948,36.5903],[-110.21527,36.58814],[-110.20811,36.58508],[-110.20768,36.5786],[-110.20405,36.57139],[-110.20864,36.56697],[-110.21163,36.55558],[-110.21436,36.5532],[-110.21192,36.54839],[-110.21274,36.5446],[-110.21552,36.54159],[-110.21378,36.52851],[-110.20951,36.53026],[-110.19958,36.5282],[-110.19625,36.51383],[-110.18368,36.51718],[-110.1854,36.50951],[-110.17989,36.50058],[-110.17343,36.49809],[-110.17311,36.49298],[-110.16969,36.4893],[-110.15976,36.48483],[-110.15099,36.48504],[-110.133,36.47186],[-110.12124,36.46844],[-110.10553,36.47075],[-110.09967,36.46924],[-110.08462,36.47325],[-110.08548,36.46854],[-110.08372,36.46342],[-110.07031,36.45301],[-110.06338,36.45282],[-110.05542,36.45634],[-110.05911,36.46455],[-110.04941,36.46294],[-110.04999,36.45959],[-110.04687,36.45679],[-110.04332,36.46109],[-110.0376,36.46171],[-110.03859,36.47962],[-110.03562,36.48074],[-110.02908,36.47825],[-110.02741,36.47502],[-110.0153,36.47008],[-110.01403,36.4681],[-110.01013,36.46777],[-110.00704,36.46469],[-110.00966,36.4612],[-110.00742,36.45554],[-109.99749,36.45236],[-109.98268,36.45251],[-109.97078,36.44348],[-109.96475,36.44254],[-109.96375,36.43856],[-109.95024,36.42086],[-109.94045,36.41874],[-109.93542,36.42148],[-109.92894,36.4212],[-109.92822,36.41501],[-109.93282,36.40591],[-109.93075,36.39605],[-109.92325,36.39175],[-109.91615,36.38475],[-109.90976,36.38453],[-109.90428,36.38727],[-109.88657,36.38479],[-109.88326,36.3827],[-109.88138,36.37514],[-109.87799,36.37357],[-109.87074,36.37367],[-109.86652,36.37693],[-109.86009,36.37875],[-109.84176,36.3788],[-109.83569,36.37583],[-109.84197,36.3617],[-109.83383,36.35677],[-109.83305,36.35288],[-109.82846,36.34783],[-109.82975,36.34094],[-109.82798,36.33665],[-109.82881,36.33393],[-109.82441,36.32291],[-109.82627,36.32175],[-109.82749,36.31645],[-109.82104,36.31479],[-109.81476,36.30892],[-109.80915,36.29862],[-109.80839,36.29309],[-109.81007,36.28642],[-109.80895,36.28196],[-109.81215,36.27474],[-109.81105,36.26391],[-109.81979,36.26159],[-109.82868,36.25308],[-109.82777,36.24611],[-109.83376,36.24307],[-109.83615,36.23705],[-109.84656,36.23381],[-109.84767,36.22774],[-109.84529,36.22544],[-109.84446,36.21863],[-109.84802,36.21479],[-109.85022,36.20547],[-109.85906,36.1986],[-109.86374,36.19822],[-109.87237,36.18757],[-109.87855,36.18971],[-109.88154,36.1888],[-109.88662,36.18219],[-109.88742,36.1767],[-109.89866,36.16923],[-109.90389,36.16175],[-109.91317,36.15794],[-109.91433,36.15545],[-109.91647,36.15521],[-109.92017,36.15133],[-109.92005,36.14643],[-109.91494,36.14309],[-109.91856,36.13707],[-109.92597,36.13276],[-109.92868,36.12752],[-109.93529,36.12166],[-109.94404,36.12042],[-109.95365,36.11331],[-109.95801,36.10811],[-109.95915,36.09142],[-109.95392,36.08682],[-109.9541,36.06999],[-109.95036,36.06346],[-109.95102,36.05113],[-109.94699,36.04046],[-109.93711,36.04051],[-109.93122,36.0388],[-109.92077,36.03192],[-109.91667,36.03275],[-109.91011,36.02874],[-109.90745,36.02909],[-109.90472,36.02549],[-109.90574,36.02011],[-109.90125,36.01315],[-109.90124,35.9985],[-109.89798,35.99639],[-109.8977,35.99203],[-109.88929,35.98493],[-109.88358,35.96956],[-109.87832,35.96649],[-109.87126,35.95583],[-109.87247,35.95014],[-109.86783,35.94326],[-109.86631,35.93483],[-109.86875,35.93094],[-109.86676,35.92922],[-109.86726,35.92592],[-109.8647,35.91923],[-109.85886,35.91151],[-109.85823,35.90233],[-109.85363,35.89487],[-109.85474,35.88986],[-109.85204,35.88619],[-109.83879,35.88256],[-109.83737,35.87884],[-109.83797,35.87466],[-109.83448,35.87233],[-109.83456,35.86576],[-109.83046,35.86024],[-109.83065,35.85676],[-109.84335,35.85309],[-109.85212,35.85599],[-109.85452,35.85338],[-109.85391,35.8477],[-109.85668,35.84377],[-109.85409,35.83662],[-109.85428,35.82881],[-109.8526,35.82649],[-109.8569,35.82107],[-109.85077,35.82072],[-109.85066,35.81664],[-109.84582,35.81648],[-109.84745,35.80899],[-109.84488,35.80381],[-109.83864,35.80651],[-109.83523,35.80604],[-109.83148,35.80158],[-109.8318,35.79838],[-109.82447,35.79337],[-109.82107,35.7925],[-109.81188,35.79431],[-109.80458,35.79803],[-109.79561,35.79145],[-109.79509,35.78625],[-109.79195,35.78821],[-109.78875,35.78745],[-109.79586,35.77993],[-109.78917,35.77048],[-109.78481,35.77143],[-109.77172,35.76542],[-109.76387,35.76708],[-109.76511,35.7594],[-109.76233,35.75618],[-109.75923,35.75607],[-109.75493,35.7512],[-109.74765,35.75665],[-109.7412,35.75799],[-109.73543,35.75551],[-109.73053,35.75576],[-109.72189,35.75871],[-109.71862,35.75249],[-109.71709,35.73614],[-109.70757,35.73765],[-109.7015,35.73605],[-109.6965,35.73932],[-109.69405,35.7446],[-109.68211,35.75548],[-109.67795,35.76211],[-109.66236,35.76836],[-109.65923,35.747],[-109.65519,35.74519],[-109.63925,35.74524],[-109.62367,35.74191],[-109.61926,35.74802],[-109.60521,35.75682],[-109.59257,35.75927],[-109.58909,35.76194],[-109.58834,35.76568],[-109.57947,35.76827],[-109.57573,35.77489],[-109.57821,35.77906],[-109.57558,35.78287],[-109.56761,35.78649],[-109.56107,35.79411],[-109.5604,35.80098],[-109.55461,35.80607],[-109.54917,35.81924],[-109.54208,35.81841],[-109.54188,35.8141],[-109.53808,35.80772],[-109.52886,35.79855],[-109.5271,35.79774],[-109.51959,35.79957],[-109.51739,35.79543],[-109.51249,35.79458],[-109.51089,35.79242],[-109.50124,35.7966],[-109.49666,35.79697],[-109.48738,35.80554],[-109.48636,35.81037],[-109.47338,35.81182],[-109.45835,35.82314],[-109.43733,35.8158],[-109.42984,35.82393],[-109.42537,35.82529],[-109.41854,35.83412],[-109.41392,35.83673],[-109.40833,35.84516],[-109.4082,35.84933],[-109.4057,35.85249],[-109.39761,35.85798],[-109.39079,35.85956],[-109.3897,35.86316],[-109.38347,35.869],[-109.35909,35.88184],[-109.34979,35.89327],[-109.34072,35.89654],[-109.32349,35.89679],[-109.31756,35.89303],[-109.30494,35.89165],[-109.29963,35.89331],[-109.29199,35.89265],[-109.28789,35.89441],[-109.28074,35.89442],[-109.27218,35.89976],[-109.26413,35.89106],[-109.2597,35.88131],[-109.25411,35.88595],[-109.24924,35.88614],[-109.24652,35.88912],[-109.2407,35.89154],[-109.22938,35.88702],[-109.21792,35.88644],[-109.20564,35.88123],[-109.19979,35.89288],[-109.19881,35.9034],[-109.1919,35.9064],[-109.18418,35.91498],[-109.16974,35.92459],[-109.16041,35.93872],[-109.15029,35.93739],[-109.1337,35.9465],[-109.12746,35.94573],[-109.12081,35.95155],[-109.11729,35.95794],[-109.10512,35.96649],[-109.09916,35.9793],[-109.09641,35.98318],[-109.09264,35.98494],[-109.09156,35.98955],[-109.0928,35.99752],[-109.09797,36.0029],[-109.09924,36.0081],[-109.09309,36.01007],[-109.08865,36.01463],[-109.0785,36.01928],[-109.07047,36.02505],[-109.04477,36.03355],[-109.03793,36.02676],[-109.03868,36.02418],[-109.03025,36.01181],[-109.0203,36.00323],[-109.0178,35.9951],[-109.02592,35.98727],[-109.0167,35.98852],[-109.01278,35.98687],[-109.00744,35.98846],[-108.99815,35.98515],[-108.99234,35.989],[-108.98702,35.98888],[-108.98028,35.98566],[-108.9811,35.98224],[-108.97999,35.98108],[-108.97491,35.98209],[-108.97217,35.9808],[-108.96133,35.98559],[-108.95775,35.98346],[-108.94588,35.98662],[-108.94635,35.99014],[-108.93922,35.99992],[-108.93328,35.99914],[-108.93264,36.00258],[-108.93066,36.00388],[-108.92477,36.0023],[-108.91958,36.00634],[-108.91686,36.01473],[-108.91167,36.01899],[-108.90851,36.01867],[-108.90748,36.02302],[-108.90249,36.02727],[-108.90254,36.02907],[-108.90605,36.03064],[-108.90194,36.0388],[-108.90246,36.04293],[-108.89503,36.04775],[-108.89481,36.05105],[-108.89231,36.0521],[-108.89188,36.05864],[-108.89489,36.06335],[-108.89273,36.06524],[-108.88362,36.06613],[-108.88131,36.06384],[-108.87524,36.06523],[-108.87264,36.06371],[-108.86588,36.065],[-108.86444,36.06442],[-108.86484,36.06129],[-108.86135,36.06071],[-108.85722,36.06249],[-108.85696,36.06436],[-108.84941,36.06151],[-108.84384,36.06331],[-108.83961,36.05752],[-108.84285,36.05442],[-108.84045,36.04988],[-108.84116,36.04785],[-108.83785,36.0451],[-108.83935,36.04013],[-108.83756,36.03759],[-108.84001,36.03482],[-108.83985,36.02978],[-108.84303,36.02661],[-108.84528,36.02838],[-108.84814,36.02744],[-108.84913,36.02246],[-108.85211,36.01937],[-108.85055,36.01709],[-108.85373,36.01373],[-108.86571,36.01348],[-108.86502,36.00781],[-108.85471,36.00821],[-108.85567,36.00474],[-108.85068,36.00528],[-108.84694,36.00352],[-108.84543,36.00145],[-108.84929,35.99727],[-108.8414,35.9912],[-108.8312,35.99387],[-108.82877,35.98943],[-108.82631,35.98922],[-108.82816,35.98641],[-108.82785,35.98363],[-108.83387,35.97972],[-108.83111,35.97154],[-108.82851,35.97044],[-108.8318,35.9678],[-108.82827,35.96264],[-108.82914,35.95988],[-108.82435,35.95413],[-108.8306,35.94756],[-108.83526,35.95008],[-108.84125,35.94844],[-108.84093,35.94478],[-108.84434,35.94434],[-108.84538,35.93971],[-108.85336,35.93308],[-108.85612,35.92888],[-108.85488,35.92541],[-108.84152,35.92267],[-108.84258,35.92047],[-108.84102,35.91816],[-108.8416,35.91616],[-108.84696,35.91179],[-108.84445,35.90704],[-108.85782,35.90824],[-108.86918,35.90559],[-108.87718,35.90825],[-108.88336,35.90654],[-108.88737,35.90747],[-108.89849,35.90199],[-108.89832,35.89916],[-108.90567,35.89784],[-108.90594,35.88895],[-108.90995,35.88405],[-108.90989,35.87874],[-108.91302,35.8746],[-108.91288,35.87143],[-108.91668,35.86622],[-108.91803,35.86114],[-108.92362,35.86287],[-108.92958,35.85922],[-108.9353,35.8607],[-108.94346,35.85097],[-108.94931,35.85001],[-108.95286,35.84603],[-108.95759,35.84709],[-108.96047,35.83996],[-108.95907,35.83526],[-108.95177,35.8324],[-108.9538,35.82655],[-108.95326,35.82261],[-108.95628,35.81715],[-108.95385,35.81101],[-108.95924,35.80732],[-108.95728,35.8008],[-108.96073,35.79843],[-108.95676,35.79368],[-108.95796,35.78659],[-108.95702,35.78485],[-108.94147,35.77835],[-108.94048,35.77652],[-108.94364,35.77178],[-108.94146,35.76589],[-108.9386,35.76518],[-108.93774,35.76223],[-108.93412,35.76159],[-108.93263,35.75812],[-108.92811,35.75596],[-108.92736,35.75408],[-108.92935,35.75272],[-108.92434,35.74751],[-108.92494,35.74523],[-108.92055,35.74462],[-108.91827,35.74197],[-108.92135,35.73688],[-108.91993,35.73351],[-108.91601,35.73139],[-108.9184,35.72471],[-108.91856,35.72156],[-108.91632,35.7212],[-108.91755,35.71838],[-108.91132,35.71381],[-108.91555,35.70931],[-108.91602,35.70316],[-108.91182,35.69631],[-108.90305,35.69726],[-108.90035,35.69641],[-108.89991,35.69312],[-108.89234,35.69371],[-108.89121,35.69029],[-108.88774,35.69131],[-108.8819,35.68929],[-108.87411,35.69087],[-108.86866,35.68311],[-108.86927,35.68027],[-108.86482,35.68045],[-108.8613,35.68246],[-108.86007,35.68166],[-108.86111,35.67954],[-108.85403,35.67533],[-108.84671,35.67996],[-108.84379,35.67763],[-108.83406,35.67752],[-108.82984,35.67406],[-108.83085,35.66717],[-108.81751,35.66989],[-108.81317,35.66812],[-108.81101,35.66416],[-108.80663,35.66631],[-108.80116,35.66479],[-108.7933,35.65878],[-108.79171,35.6534],[-108.78448,35.65662],[-108.78247,35.65989],[-108.77772,35.66047],[-108.77804,35.65479],[-108.77563,35.65421],[-108.77351,35.64797],[-108.77044,35.64659],[-108.76813,35.64249],[-108.76293,35.64362],[-108.75977,35.64111],[-108.75345,35.6452],[-108.75029,35.64494],[-108.74574,35.63914],[-108.74108,35.63913],[-108.73787,35.64091],[-108.73477,35.63859],[-108.73732,35.62491],[-108.73593,35.62342],[-108.72209,35.6228],[-108.71978,35.61342],[-108.72167,35.60755],[-108.71228,35.59897],[-108.70618,35.60098],[-108.70048,35.59983],[-108.69561,35.60239],[-108.69298,35.60606],[-108.68799,35.60621],[-108.68661,35.60963],[-108.68845,35.61282],[-108.6867,35.61786],[-108.67854,35.63149],[-108.67737,35.63924],[-108.67242,35.64315],[-108.67277,35.64581],[-108.67108,35.64763],[-108.67234,35.65178],[-108.66805,35.65319],[-108.6687,35.65706],[-108.65436,35.67181],[-108.64066,35.67334],[-108.63147,35.6762],[-108.62069,35.67308],[-108.6182,35.67384],[-108.61583,35.67977],[-108.61764,35.68103],[-108.61891,35.68749],[-108.60791,35.69027],[-108.6028,35.69508],[-108.59708,35.69593],[-108.59613,35.70292],[-108.58687,35.70121],[-108.58,35.70301],[-108.5785,35.70166],[-108.56513,35.70052],[-108.55909,35.70367],[-108.55248,35.70301],[-108.54789,35.7047],[-108.5426,35.70331],[-108.53729,35.70491],[-108.53484,35.70455],[-108.53239,35.70036],[-108.53566,35.68958],[-108.53023,35.68414],[-108.52,35.68719],[-108.5194,35.6914],[-108.51401,35.69441],[-108.50903,35.69391],[-108.50549,35.69559],[-108.49001,35.69405],[-108.47073,35.69737],[-108.46889,35.69985],[-108.46389,35.70012],[-108.44878,35.69348],[-108.4458,35.68982],[-108.44073,35.6894],[-108.43968,35.68569],[-108.43464,35.68436],[-108.43079,35.68015],[-108.42198,35.67679],[-108.39938,35.67662],[-108.39188,35.67938],[-108.38565,35.67943],[-108.38115,35.68341],[-108.37661,35.6848],[-108.37236,35.68156],[-108.36663,35.68265],[-108.36125,35.67785],[-108.353,35.67404],[-108.35511,35.66834],[-108.36267,35.66193],[-108.35692,35.65878],[-108.35748,35.65485],[-108.34035,35.65221],[-108.33857,35.6466],[-108.33571,35.6446],[-108.33275,35.64695],[-108.32265,35.64856],[-108.32069,35.64784],[-108.31998,35.64508],[-108.31623,35.64417],[-108.30704,35.64622],[-108.28766,35.65773],[-108.27817,35.66029],[-108.27336,35.66753],[-108.27013,35.669],[-108.26547,35.66833],[-108.26289,35.66363],[-108.25463,35.66407],[-108.25471,35.6621],[-108.24788,35.65275],[-108.24419,35.6524],[-108.24133,35.64432],[-108.22965,35.64108],[-108.22614,35.63776],[-108.21835,35.63975],[-108.21657,35.63561],[-108.21148,35.63844],[-108.20886,35.64277],[-108.19724,35.64941],[-108.18858,35.6503],[-108.18355,35.64877],[-108.18137,35.64569],[-108.17713,35.64398],[-108.17297,35.64714],[-108.1681,35.64829],[-108.16253,35.64722],[-108.15901,35.6446],[-108.15144,35.64569],[-108.14789,35.63709],[-108.14809,35.63184],[-108.15355,35.62349],[-108.15374,35.61933],[-108.15165,35.61802],[-108.14541,35.62089],[-108.14128,35.62019],[-108.13859,35.61751],[-108.13987,35.61517],[-108.13529,35.61238],[-108.13497,35.60972],[-108.13697,35.60209],[-108.14056,35.59981],[-108.14461,35.60129],[-108.1514,35.59798],[-108.15496,35.59417],[-108.15511,35.59102],[-108.15921,35.58494],[-108.1498,35.58589],[-108.14264,35.58209],[-108.14184,35.57812],[-108.13585,35.57793],[-108.1176,35.57265],[-108.11362,35.57684],[-108.10023,35.58002],[-108.0958,35.58302],[-108.09708,35.58479],[-108.09446,35.58776],[-108.09445,35.59035],[-108.08268,35.59396],[-108.07703,35.59789],[-108.06322,35.60114],[-108.05405,35.60111],[-108.05159,35.59611],[-108.04752,35.59278],[-108.04217,35.5954],[-108.03811,35.59506],[-108.03047,35.6013],[-108.02442,35.60245],[-108.01564,35.59917],[-108.01541,35.59629],[-108.01179,35.59768],[-108.00962,35.59486],[-108.0072,35.59449],[-108.00515,35.58822],[-108.00766,35.58251],[-108.00557,35.57917],[-107.99325,35.58094],[-107.99003,35.58776],[-107.97684,35.58287],[-107.97652,35.57999],[-107.98131,35.56966],[-107.9846,35.56598],[-107.98327,35.56424],[-107.97644,35.56507],[-107.97265,35.56342],[-107.97155,35.56107],[-107.9742,35.55837],[-107.96609,35.5601],[-107.95206,35.57092],[-107.93765,35.57112],[-107.92696,35.5764],[-107.91881,35.57818],[-107.92033,35.58713],[-107.91436,35.59379],[-107.91376,35.59859],[-107.90965,35.59993],[-107.90586,35.60354],[-107.89755,35.60226],[-107.874,35.60907],[-107.87181,35.61165],[-107.86063,35.61604],[-107.85735,35.62152],[-107.85206,35.6235],[-107.85208,35.62713],[-107.84866,35.62951],[-107.84902,35.63126],[-107.84154,35.63532],[-107.84127,35.64163],[-107.83698,35.64384],[-107.83725,35.65276],[-107.83403,35.65819],[-107.8283,35.66023],[-107.82548,35.66404],[-107.82389,35.66648],[-107.8254,35.66953],[-107.81973,35.67146],[-107.81826,35.67437],[-107.81241,35.67448],[-107.81137,35.67642],[-107.80777,35.67766],[-107.80279,35.67758],[-107.80249,35.68044],[-107.79825,35.68599],[-107.7943,35.68725],[-107.79927,35.69379],[-107.80552,35.69438],[-107.80831,35.69762],[-107.80094,35.69961],[-107.79687,35.7064],[-107.79274,35.7084],[-107.78572,35.70678],[-107.77651,35.71224],[-107.77778,35.71633],[-107.78147,35.7185],[-107.78144,35.72153],[-107.78417,35.72276],[-107.7818,35.72946],[-107.77995,35.73075],[-107.78074,35.73727],[-107.7766,35.74114],[-107.77863,35.74739],[-107.77521,35.75002],[-107.77618,35.75257],[-107.77489,35.75764],[-107.76765,35.75489],[-107.75393,35.75896],[-107.74711,35.76317],[-107.74464,35.76775],[-107.73716,35.76733],[-107.73743,35.77764],[-107.72986,35.77705],[-107.72302,35.78143],[-107.70602,35.77846],[-107.69499,35.78051],[-107.68711,35.77964],[-107.68504,35.78534],[-107.68003,35.78954],[-107.67759,35.7896],[-107.67703,35.79188],[-107.65906,35.79733],[-107.65747,35.80016],[-107.65882,35.80557],[-107.64774,35.80242],[-107.64485,35.803],[-107.6395,35.80519],[-107.6393,35.80819],[-107.63147,35.80984],[-107.62482,35.81531],[-107.61835,35.81536],[-107.61163,35.8175],[-107.60622,35.82314],[-107.6049,35.82764],[-107.59985,35.82772],[-107.59584,35.82456],[-107.59013,35.82486],[-107.57936,35.83193],[-107.57553,35.83618],[-107.56985,35.83716],[-107.56651,35.83951],[-107.55006,35.83647],[-107.54512,35.83198],[-107.54591,35.82787],[-107.54047,35.828],[-107.53171,35.82465],[-107.50958,35.8352],[-107.50719,35.83872],[-107.50053,35.84084],[-107.49455,35.84745],[-107.49424,35.851],[-107.48885,35.85369],[-107.48409,35.86156],[-107.48737,35.86591],[-107.48506,35.87057],[-107.47789,35.87406],[-107.47694,35.87786],[-107.48005,35.88348],[-107.46851,35.88739],[-107.46199,35.90002],[-107.45074,35.90516],[-107.44891,35.90835],[-107.43557,35.91397],[-107.4367,35.92072],[-107.43389,35.9233],[-107.4282,35.92413],[-107.42699,35.92758],[-107.42495,35.92795],[-107.42116,35.93352],[-107.41413,35.93579],[-107.40716,35.9427],[-107.40644,35.94554],[-107.40886,35.94811],[-107.40022,35.95187],[-107.40013,35.956],[-107.39669,35.95822],[-107.39538,35.96341],[-107.391,35.96775],[-107.3897,35.97177],[-107.39258,35.97419],[-107.38785,35.98136],[-107.39063,35.98622],[-107.3887,35.98714],[-107.38858,35.9901],[-107.38131,35.99432],[-107.38031,35.99636],[-107.39266,36.01603],[-107.3865,36.02113],[-107.37573,36.02499],[-107.37252,36.02887],[-107.36781,36.02866],[-107.36121,36.03201],[-107.35808,36.02998],[-107.35397,36.03278],[-107.35264,36.04181],[-107.35043,36.04353],[-107.35004,36.04673],[-107.35175,36.05578],[-107.3481,36.06006],[-107.34351,36.06041],[-107.34212,36.06261],[-107.33194,36.06771],[-107.32568,36.06602],[-107.31984,36.06805],[-107.3167,36.06561],[-107.31434,36.06704],[-107.30725,36.06366],[-107.30064,36.06414],[-107.29876,36.06274],[-107.29658,36.06391],[-107.29187,36.06223],[-107.28676,36.06518],[-107.28346,36.06362],[-107.28306,36.06038],[-107.27536,36.06076],[-107.27313,36.05901],[-107.25297,36.06093],[-107.25291,36.06733],[-107.2501,36.0657],[-107.24705,36.0665],[-107.24045,36.06167],[-107.23106,36.0639],[-107.2193,36.06361],[-107.21582,36.06556],[-107.2025,36.06131],[-107.20032,36.06147],[-107.19932,36.0662],[-107.1971,36.0674],[-107.18467,36.06452],[-107.17949,36.06663],[-107.17544,36.06127],[-107.17575,36.05797],[-107.17228,36.05719],[-107.16926,36.05932],[-107.16396,36.05927],[-107.15848,36.05728],[-107.15738,36.06213],[-107.15416,36.06588],[-107.14381,36.0681],[-107.13888,36.07192],[-107.13561,36.07659],[-107.13305,36.08503],[-107.12827,36.08651],[-107.12657,36.09011],[-107.1217,36.08962],[-107.11131,36.10237],[-107.10545,36.10373],[-107.10156,36.10266],[-107.09297,36.10706],[-107.08738,36.10428],[-107.07831,36.10579],[-107.06717,36.10467],[-107.06294,36.10722],[-107.05955,36.11358],[-107.05537,36.11598],[-107.05379,36.12037],[-107.04897,36.12258],[-107.05105,36.12479],[-107.05144,36.1284],[-107.05352,36.1288],[-107.05328,36.13458],[-107.04501,36.14096],[-107.04227,36.15063],[-107.03972,36.15331],[-107.04007,36.15596],[-107.0345,36.15991],[-107.03324,36.16786],[-107.03536,36.17382],[-107.02775,36.17744],[-107.0315,36.18398],[-107.02861,36.18478],[-107.02492,36.1895],[-107.01154,36.18847],[-107.00907,36.18897],[-107.00936,36.19036],[-107.00652,36.192],[-106.99654,36.19342],[-106.99366,36.19193],[-106.99283,36.18859],[-106.98913,36.18709],[-106.98048,36.18702],[-106.9758,36.19037],[-106.97187,36.19102],[-106.96707,36.19654],[-106.95824,36.19947],[-106.95529,36.20471],[-106.95557,36.20936],[-106.95367,36.21403],[-106.95006,36.21885],[-106.95001,36.2243],[-106.95268,36.22559],[-106.94927,36.22625],[-106.94937,36.22839],[-106.95241,36.23254],[-106.94868,36.23687],[-106.951,36.24171],[-106.95368,36.24365],[-106.96044,36.2406],[-106.966,36.23966],[-106.96835,36.24074],[-106.97096,36.24362],[-106.96892,36.2463],[-106.97396,36.24771],[-106.97496,36.25136],[-106.97061,36.25739],[-106.96661,36.26007],[-106.97007,36.26205],[-106.96612,36.27121],[-106.97043,36.28225],[-106.96486,36.28614],[-106.96137,36.29154],[-106.95801,36.29241],[-106.95965,36.2963],[-106.95188,36.30482],[-106.95219,36.30793],[-106.95571,36.31191],[-106.95347,36.3145],[-106.95541,36.31715],[-106.95149,36.32007],[-106.9503,36.32441],[-106.95139,36.32644],[-106.95017,36.33296],[-106.9517,36.3345],[-106.95059,36.33781],[-106.95345,36.3409],[-106.95941,36.3424],[-106.95771,36.3472],[-106.96252,36.35153],[-106.9635,36.35624],[-106.96217,36.35842],[-106.9673,36.36045],[-106.96993,36.35918],[-106.97169,36.36137],[-106.97533,36.36005],[-106.97761,36.36087],[-106.9767,36.36392],[-106.97999,36.36497],[-106.98336,36.3675],[-106.98385,36.37008],[-106.98627,36.37057],[-106.98146,36.3768],[-106.98034,36.38336],[-106.98929,36.38614],[-106.98707,36.39018],[-106.98927,36.393],[-106.98855,36.39694],[-106.98929,36.3984],[-106.99263,36.39872],[-106.99533,36.40265],[-106.99443,36.4093],[-106.99671,36.41238],[-106.99665,36.41537],[-107.00107,36.41983],[-107.00115,36.42277],[-107.00475,36.42183],[-107.00554,36.42485],[-107.0084,36.42687],[-107.01585,36.42755],[-107.01859,36.43439],[-107.01751,36.43875],[-107.01519,36.44059],[-107.016,36.44362],[-107.01151,36.44536],[-107.00994,36.44861],[-107.00791,36.44765],[-106.99501,36.45377],[-106.99,36.45334],[-106.98568,36.45607],[-106.98675,36.4595],[-106.98406,36.46159],[-106.98744,36.4631],[-106.98798,36.46592],[-106.98668,36.46863],[-106.98065,36.47298],[-106.98257,36.47443],[-106.98183,36.47732],[-106.98326,36.48155],[-106.9814,36.48496],[-106.97711,36.48601],[-106.97471,36.48963],[-106.97486,36.49429],[-106.97262,36.49738],[-106.97369,36.50077],[-106.97087,36.50263],[-106.97084,36.50574],[-106.95933,36.51455],[-106.96796,36.52008],[-106.97071,36.52577],[-106.97244,36.52594],[-106.96969,36.52915],[-106.97366,36.53146],[-106.9743,36.5356],[-106.97233,36.5381],[-106.9774,36.53945],[-106.97356,36.54781],[-106.98375,36.55053],[-106.98975,36.55744],[-106.98317,36.56641],[-106.98443,36.56832],[-106.97571,36.57283],[-106.97569,36.57762],[-106.97379,36.57908],[-106.97186,36.58583],[-106.98176,36.59232],[-106.98746,36.59961],[-106.98608,36.60366],[-106.98802,36.61021],[-106.99291,36.60949],[-107.00013,36.61232],[-107.00161,36.61479],[-107.00225,36.62901],[-107.00044,36.63232],[-106.99598,36.63459],[-106.99579,36.64077],[-106.99768,36.64688],[-106.99418,36.65231],[-106.99429,36.65497],[-106.99672,36.65786],[-106.99982,36.65864],[-106.9987,36.65985],[-106.99371,36.6594],[-106.98785,36.66361],[-106.98147,36.66398],[-106.97823,36.6667],[-106.96694,36.66971],[-106.96543,36.67263],[-106.96899,36.67612],[-106.96584,36.67965],[-106.9676,36.68569],[-106.96062,36.69006],[-106.95986,36.6935],[-106.95634,36.69639],[-106.95337,36.69689],[-106.94843,36.70399],[-106.94854,36.70658],[-106.9539,36.71188],[-106.95464,36.71708],[-106.94969,36.72437],[-106.95014,36.72879],[-106.94749,36.73246],[-106.94738,36.73641],[-106.94315,36.74015],[-106.9433,36.74497],[-106.93242,36.74981],[-106.93095,36.75235],[-106.92815,36.75305],[-106.92713,36.75661],[-106.93074,36.77257],[-106.93285,36.77431],[-106.93588,36.78325],[-106.94141,36.78818],[-106.94028,36.79139],[-106.9355,36.79246],[-106.93716,36.80456],[-106.93126,36.80435],[-106.92734,36.80678],[-106.926,36.81021],[-106.92005,36.80987],[-106.91931,36.81217],[-106.91678,36.81277],[-106.90592,36.80722],[-106.89317,36.81453],[-106.89228,36.81307],[-106.89546,36.81028],[-106.89499,36.80847],[-106.88358,36.80537],[-106.8738,36.80482],[-106.8682,36.80916],[-106.86552,36.80906],[-106.86455,36.81168],[-106.85263,36.81545],[-106.8487,36.82282],[-106.84275,36.82196],[-106.82987,36.82541],[-106.82056,36.83945],[-106.81154,36.84365],[-106.80277,36.85247],[-106.80237,36.85629],[-106.79967,36.85944],[-106.79418,36.86161],[-106.79333,36.86432],[-106.78538,36.87033],[-106.78156,36.87002],[-106.77495,36.86388],[-106.75935,36.86706],[-106.74465,36.87822],[-106.73941,36.88453],[-106.72567,36.887],[-106.72182,36.88912],[-106.72323,36.89234],[-106.71928,36.8978],[-106.71485,36.89889],[-106.71031,36.8964],[-106.70139,36.90113],[-106.7004,36.90317],[-106.70235,36.9048],[-106.70378,36.91089],[-106.70098,36.9138],[-106.7002,36.91886],[-106.7071,36.92598],[-106.70565,36.92722],[-106.70535,36.93722],[-106.70856,36.94021],[-106.7176,36.94063],[-106.71381,36.94937],[-106.71881,36.95528],[-106.73389,36.96042],[-106.72803,36.96304],[-106.72119,36.97238],[-106.7217,36.97898],[-106.71951,36.98143],[-106.71939,36.98551],[-106.71252,36.98488],[-106.69919,36.99045],[-106.69758,36.99355],[-106.69817,36.9966],[-106.68858,37.00563],[-106.69238,37.01539],[-106.69268,37.01942],[-106.6906,37.02248],[-106.69135,37.0393],[-106.68857,37.04072],[-106.68638,37.03715],[-106.67621,37.03773],[-106.67324,37.03428],[-106.66518,37.03204],[-106.64897,37.03083],[-106.64131,37.03194],[-106.6401,37.03476],[-106.63467,37.03874],[-106.62894,37.04044],[-106.63217,37.04222],[-106.63303,37.04875],[-106.64016,37.05398],[-106.6377,37.05585],[-106.63704,37.05941],[-106.63836,37.06143],[-106.63384,37.07035],[-106.62995,37.07402],[-106.62659,37.08407],[-106.62678,37.09046],[-106.62298,37.09818],[-106.623,37.1002],[-106.627,37.10457],[-106.6256,37.10966],[-106.62678,37.11632],[-106.61281,37.1355],[-106.5996,37.13852],[-106.59375,37.13703],[-106.58822,37.13835],[-106.59075,37.14697],[-106.59443,37.14979],[-106.5901,37.16385],[-106.59057,37.16676],[-106.59418,37.16895],[-106.59309,37.17139],[-106.59405,37.1747],[-106.59143,37.17658],[-106.59051,37.18004],[-106.59027,37.19392],[-106.59443,37.2079],[-106.59931,37.20611],[-106.60175,37.21152],[-106.60452,37.21276],[-106.60554,37.22153],[-106.61668,37.21832],[-106.6212,37.22058],[-106.62551,37.21951],[-106.63083,37.2207],[-106.63075,37.2279],[-106.63478,37.23292],[-106.63377,37.23467],[-106.63012,37.2355],[-106.6301,37.23854],[-106.63265,37.24244],[-106.63575,37.24392],[-106.63515,37.25693],[-106.6477,37.25707],[-106.64991,37.25502],[-106.65578,37.25603],[-106.66267,37.25318],[-106.66799,37.25594],[-106.67888,37.25591],[-106.68604,37.25919],[-106.68584,37.26169],[-106.68821,37.26291],[-106.69002,37.26826],[-106.69434,37.27248],[-106.69162,37.27906],[-106.68775,37.28124],[-106.68455,37.28677],[-106.68243,37.29591],[-106.67779,37.29695],[-106.675,37.30277],[-106.67189,37.30339],[-106.66993,37.307],[-106.66349,37.31085],[-106.66651,37.31531],[-106.66603,37.32091],[-106.67155,37.32145],[-106.68072,37.3257],[-106.69194,37.32404],[-106.69588,37.3272],[-106.70669,37.33141],[-106.7076,37.33622],[-106.7014,37.34215],[-106.70142,37.3448],[-106.69688,37.35059],[-106.69863,37.35595],[-106.69717,37.36428],[-106.69973,37.36928],[-106.69199,37.37322],[-106.68638,37.37205],[-106.68188,37.37554],[-106.68221,37.37971],[-106.6797,37.38878],[-106.67021,37.39453],[-106.67062,37.40181],[-106.66403,37.4006],[-106.66111,37.40732],[-106.65608,37.4085],[-106.64661,37.40497],[-106.6413,37.40777],[-106.64335,37.41278],[-106.64884,37.41674],[-106.65002,37.42117],[-106.65557,37.42285],[-106.65759,37.42726],[-106.66077,37.42956],[-106.68057,37.43471],[-106.68195,37.43786],[-106.68896,37.43944],[-106.70204,37.45139],[-106.70551,37.44554],[-106.71138,37.44238],[-106.7169,37.44182],[-106.72087,37.44561],[-106.72663,37.44653],[-106.729,37.45341],[-106.73395,37.45932],[-106.74242,37.46131],[-106.74949,37.45933],[-106.75244,37.46209],[-106.75563,37.46249],[-106.75661,37.46454],[-106.76191,37.46425],[-106.76556,37.46223],[-106.76886,37.45732],[-106.76942,37.452],[-106.77283,37.44979],[-106.78282,37.45457],[-106.79815,37.45679],[-106.80672,37.46627],[-106.80128,37.4766],[-106.80044,37.48257],[-106.80326,37.48354],[-106.8043,37.48711],[-106.80037,37.49272],[-106.80695,37.49336],[-106.81601,37.4991],[-106.8236,37.49502],[-106.82817,37.49469],[-106.83699,37.50053],[-106.84496,37.4994],[-106.85311,37.49215],[-106.86088,37.49719],[-106.8744,37.49961],[-106.88204,37.50745],[-106.88307,37.51194],[-106.88812,37.51694],[-106.88204,37.52262],[-106.88472,37.53662],[-106.87888,37.54439],[-106.88149,37.54787],[-106.87929,37.55306],[-106.8812,37.56121],[-106.88793,37.56479],[-106.89219,37.56577],[-106.89372,37.56409],[-106.90898,37.56413],[-106.92148,37.57027],[-106.93193,37.56929],[-106.93921,37.56659],[-106.94856,37.57084],[-106.95596,37.56963],[-106.96185,37.56618],[-106.96908,37.56524],[-106.97546,37.56629],[-106.98101,37.57126],[-106.99157,37.57067],[-106.99463,37.57189],[-106.99918,37.5694],[-107.00152,37.57268],[-107.00813,37.57369],[-107.01493,37.57017],[-107.01363,37.56863],[-107.01876,37.56277],[-107.03544,37.56131],[-107.04111,37.56247],[-107.04498,37.56029],[-107.04638,37.56105],[-107.04571,37.56545],[-107.04853,37.56998],[-107.06365,37.57232],[-107.07768,37.56891],[-107.09315,37.57389],[-107.09436,37.58499],[-107.09228,37.588],[-107.09191,37.59586],[-107.0983,37.59948],[-107.10635,37.59987],[-107.10673,37.60334],[-107.10979,37.60762],[-107.11177,37.60844],[-107.11737,37.60404],[-107.12404,37.6044],[-107.12851,37.6025],[-107.13367,37.60267],[-107.13644,37.60072],[-107.1393,37.6022],[-107.14239,37.60973],[-107.14133,37.61257],[-107.14413,37.61827],[-107.14033,37.62164],[-107.14007,37.6244],[-107.14549,37.62829],[-107.14684,37.63332],[-107.15276,37.63701],[-107.16126,37.634],[-107.16375,37.63616],[-107.17273,37.63277],[-107.17673,37.62786],[-107.18044,37.6295],[-107.19118,37.62569],[-107.1991,37.62568],[-107.20171,37.62106],[-107.19775,37.61473],[-107.20114,37.61068],[-107.20419,37.60794],[-107.20723,37.60774],[-107.20836,37.60386],[-107.213,37.60428],[-107.2168,37.60072],[-107.22119,37.59951],[-107.22291,37.59461],[-107.23083,37.59523],[-107.23783,37.59957],[-107.24329,37.60532],[-107.24887,37.60799],[-107.2515,37.61091],[-107.2514,37.61367],[-107.25604,37.6163],[-107.25953,37.62116],[-107.25679,37.62456],[-107.25663,37.62802],[-107.2663,37.63022],[-107.26958,37.63424],[-107.2698,37.6369],[-107.27881,37.64091],[-107.2777,37.6459],[-107.27882,37.64935],[-107.27603,37.65344],[-107.27656,37.65552],[-107.28917,37.66741],[-107.29076,37.67119],[-107.28066,37.67362],[-107.27297,37.67962],[-107.27332,37.68733],[-107.27029,37.69056],[-107.26884,37.69598],[-107.28118,37.69305],[-107.28346,37.69081],[-107.287,37.69095],[-107.2911,37.68758],[-107.29279,37.68363],[-107.30665,37.67736],[-107.32374,37.68365],[-107.33252,37.68033],[-107.34529,37.67887],[-107.36926,37.68457],[-107.37511,37.68763],[-107.3869,37.6803],[-107.3936,37.67868],[-107.3928,37.66734],[-107.39733,37.65977],[-107.39849,37.65628],[-107.39758,37.65314],[-107.40678,37.64957],[-107.4238,37.6503],[-107.42407,37.64755],[-107.43023,37.64052],[-107.43481,37.63814],[-107.44143,37.63744],[-107.44019,37.63459],[-107.44189,37.63242],[-107.45418,37.63419],[-107.45603,37.63115],[-107.45515,37.62992],[-107.46387,37.63014],[-107.47945,37.63995],[-107.49197,37.65174],[-107.48925,37.65899],[-107.498,37.66947],[-107.49818,37.67545],[-107.50205,37.67767],[-107.50029,37.68075],[-107.50304,37.68678],[-107.50215,37.6908],[-107.504,37.69334],[-107.50749,37.6944],[-107.50817,37.69662],[-107.51172,37.69892],[-107.519,37.70171],[-107.52099,37.7061],[-107.52498,37.70693],[-107.53181,37.70543],[-107.53732,37.70838],[-107.53382,37.71485],[-107.53552,37.71648],[-107.53613,37.72188],[-107.53738,37.72407],[-107.54248,37.72457],[-107.54359,37.7296],[-107.54204,37.73248],[-107.54848,37.73648],[-107.55203,37.74295],[-107.55431,37.75483],[-107.55896,37.76227],[-107.55919,37.76576],[-107.55655,37.76811],[-107.55772,37.77138],[-107.55323,37.78231],[-107.55551,37.78667],[-107.5548,37.78962],[-107.55056,37.79272],[-107.54561,37.7997],[-107.53332,37.80288],[-107.5298,37.80119],[-107.53161,37.80494],[-107.52649,37.80976],[-107.5259,37.81327],[-107.51833,37.81573],[-107.52306,37.82279],[-107.51682,37.82648],[-107.51612,37.83475],[-107.50739,37.84084],[-107.49973,37.83986],[-107.49971,37.84505],[-107.49451,37.84976],[-107.4843,37.84523],[-107.47782,37.8451],[-107.47534,37.8473],[-107.47398,37.84585],[-107.47057,37.84753],[-107.4674,37.84613],[-107.46388,37.85671],[-107.46528,37.85875],[-107.45842,37.85596],[-107.45143,37.8471],[-107.44538,37.8487],[-107.44556,37.84378],[-107.44255,37.84611],[-107.43993,37.84471],[-107.43617,37.846],[-107.42458,37.85925],[-107.41353,37.85635],[-107.40025,37.85751],[-107.38891,37.85524],[-107.38084,37.86066],[-107.37472,37.85578],[-107.36884,37.85602],[-107.36085,37.85925],[-107.34812,37.85709],[-107.34533,37.86521],[-107.34065,37.86921],[-107.34023,37.87134],[-107.3381,37.87197],[-107.33509,37.87629],[-107.32706,37.88024],[-107.31582,37.89203],[-107.3089,37.89145],[-107.30613,37.89556],[-107.30057,37.89867],[-107.2986,37.90267],[-107.29918,37.90528],[-107.29361,37.90786],[-107.29223,37.91239],[-107.28566,37.9174],[-107.28456,37.92169],[-107.28036,37.92476],[-107.27808,37.93014],[-107.27313,37.93187],[-107.26729,37.93804],[-107.26083,37.93578],[-107.2532,37.9293],[-107.23235,37.92862],[-107.22574,37.92598],[-107.22236,37.92823],[-107.2018,37.92982],[-107.19808,37.93482],[-107.19048,37.93657],[-107.17287,37.93637],[-107.16568,37.93901],[-107.15474,37.94023],[-107.14171,37.9393],[-107.13245,37.93685],[-107.11973,37.94237],[-107.11693,37.94148],[-107.10917,37.94368],[-107.10291,37.95543],[-107.10004,37.95169],[-107.09152,37.94917],[-107.08458,37.95363],[-107.07304,37.95458],[-107.06775,37.96146],[-107.06074,37.95957],[-107.05499,37.95089],[-107.0506,37.95224],[-107.04317,37.94857],[-107.03701,37.94872],[-107.03248,37.94955],[-107.03125,37.95251],[-107.02494,37.95438],[-107.01678,37.94855],[-107.00899,37.94647],[-107.00663,37.94908],[-107.00535,37.95662],[-107.00118,37.95568],[-106.9964,37.9605],[-106.99028,37.96059],[-106.987,37.96306],[-106.98723,37.96941],[-106.97735,37.969],[-106.96725,37.97485],[-106.96077,37.97247],[-106.9624,37.97043],[-106.96179,37.96786],[-106.95442,37.96446],[-106.95177,37.96153],[-106.95198,37.9573],[-106.94811,37.95618],[-106.94494,37.95234],[-106.93722,37.95624],[-106.93493,37.96082],[-106.92818,37.96424],[-106.92366,37.9647],[-106.92025,37.96743],[-106.91141,37.9662],[-106.90733,37.96327],[-106.89621,37.96772],[-106.8884,37.96153],[-106.87936,37.96004],[-106.87788,37.95764],[-106.87947,37.94953],[-106.87154,37.94172],[-106.85823,37.94952],[-106.85457,37.95486],[-106.85043,37.95671],[-106.83097,37.95473],[-106.81643,37.95572],[-106.81018,37.96423],[-106.80975,37.96999],[-106.80325,37.97164],[-106.80332,37.9801],[-106.80115,37.98637],[-106.79845,37.98906],[-106.79548,37.98896],[-106.79028,37.99626],[-106.78677,37.99941],[-106.78342,37.99988],[-106.78221,38.00213],[-106.79312,38.00574],[-106.80869,38.01579],[-106.80686,38.02068],[-106.80638,38.03073],[-106.7998,38.03671],[-106.79513,38.04548],[-106.78154,38.05772],[-106.77768,38.06541],[-106.76928,38.07175],[-106.76678,38.0763],[-106.76734,38.07962],[-106.75982,38.08598],[-106.75291,38.08583],[-106.74438,38.09348],[-106.74033,38.09127],[-106.73293,38.09171],[-106.72878,38.09005],[-106.72031,38.09157],[-106.71053,38.08656],[-106.70422,38.08047],[-106.68484,38.08138],[-106.68266,38.08473],[-106.6701,38.08689],[-106.67187,38.08837],[-106.6715,38.09352],[-106.66291,38.09746],[-106.66059,38.10277],[-106.65789,38.10289],[-106.65525,38.1055],[-106.65529,38.10997],[-106.64792,38.11018],[-106.64619,38.11468],[-106.64365,38.11476],[-106.64088,38.12023],[-106.63384,38.12483],[-106.63334,38.12831],[-106.63005,38.13065],[-106.62675,38.12963],[-106.62017,38.13196],[-106.61457,38.13174],[-106.61056,38.1346],[-106.60822,38.14287],[-106.60359,38.14478],[-106.60214,38.14858],[-106.60292,38.1506],[-106.59915,38.15295],[-106.59706,38.15693],[-106.60029,38.16192],[-106.60169,38.17087],[-106.5974,38.17717],[-106.59801,38.18932],[-106.58721,38.1894],[-106.5758,38.21212],[-106.55481,38.22913],[-106.55885,38.23109],[-106.56049,38.23434],[-106.55929,38.24155],[-106.55592,38.24555],[-106.55958,38.24822],[-106.55928,38.25161],[-106.55557,38.25378],[-106.55058,38.25327],[-106.54477,38.2561],[-106.541,38.26056],[-106.5363,38.26204],[-106.53169,38.26836],[-106.5287,38.27697],[-106.52469,38.28013],[-106.52429,38.28282],[-106.51993,38.28545],[-106.51814,38.29518],[-106.51423,38.29842],[-106.50972,38.30856],[-106.50489,38.31491],[-106.48835,38.31695],[-106.48337,38.31611],[-106.47967,38.31721],[-106.47391,38.32216],[-106.47259,38.31295],[-106.46842,38.31433],[-106.46401,38.31303],[-106.45892,38.3011],[-106.45323,38.29786],[-106.4464,38.29043],[-106.44143,38.2885],[-106.43759,38.2829],[-106.43425,38.28186],[-106.42352,38.28221],[-106.41703,38.28073],[-106.41227,38.28236],[-106.40925,38.28546],[-106.40609,38.28571],[-106.39499,38.28211],[-106.38607,38.28579],[-106.38293,38.29136],[-106.37953,38.29311],[-106.35989,38.29096],[-106.35263,38.29191],[-106.34331,38.29011],[-106.33868,38.28701],[-106.33351,38.29274],[-106.32522,38.32425],[-106.31942,38.33121],[-106.31823,38.34008],[-106.31607,38.34263],[-106.30963,38.34439],[-106.2916,38.34499],[-106.27128,38.35272],[-106.25292,38.34764],[-106.24387,38.35232],[-106.24395,38.35856],[-106.23974,38.36283],[-106.23734,38.36878],[-106.24031,38.37515],[-106.23724,38.37971],[-106.24009,38.38203],[-106.24239,38.3885],[-106.24627,38.39085],[-106.25315,38.40017],[-106.24672,38.4116],[-106.24674,38.41581],[-106.24412,38.41869],[-106.24894,38.4262],[-106.24963,38.43329],[-106.24572,38.43915],[-106.2576,38.44187],[-106.26567,38.44165],[-106.26963,38.44454],[-106.27147,38.44705],[-106.27245,38.45516],[-106.28057,38.45442],[-106.28838,38.46126],[-106.29048,38.47341],[-106.30416,38.47791],[-106.31239,38.49481],[-106.31791,38.49497],[-106.32029,38.49775],[-106.32772,38.4966],[-106.33018,38.49369],[-106.33659,38.49696],[-106.33923,38.50127],[-106.34409,38.50442],[-106.34794,38.51252],[-106.34266,38.52127],[-106.34708,38.52862],[-106.35426,38.53352],[-106.35374,38.53919],[-106.35504,38.54262],[-106.35345,38.55023],[-106.34684,38.55871],[-106.34706,38.56475],[-106.34472,38.56851],[-106.35175,38.57705],[-106.35334,38.58149],[-106.35143,38.58361],[-106.36089,38.59452],[-106.3594,38.59982],[-106.36442,38.60556],[-106.3643,38.61454],[-106.37428,38.62085],[-106.38117,38.62083],[-106.38556,38.62543],[-106.38511,38.63269],[-106.38002,38.63856],[-106.38507,38.6388],[-106.38937,38.64103],[-106.40109,38.63984],[-106.40168,38.64581],[-106.40843,38.64767],[-106.4176,38.64459],[-106.42954,38.65137],[-106.42903,38.65753],[-106.43132,38.66673],[-106.43599,38.67161],[-106.43819,38.68329],[-106.44026,38.68693],[-106.44596,38.68912],[-106.45196,38.69848],[-106.44864,38.70482],[-106.44558,38.70567],[-106.44358,38.70927],[-106.43207,38.70873],[-106.4252,38.71035],[-106.42332,38.72055],[-106.41668,38.72753],[-106.41676,38.73368],[-106.41991,38.73854],[-106.4181,38.74126],[-106.41802,38.74587],[-106.4199,38.75126],[-106.41504,38.75722],[-106.41703,38.76447],[-106.41916,38.76627],[-106.41534,38.77247],[-106.41367,38.77909],[-106.41674,38.78691],[-106.41277,38.79074],[-106.41457,38.7992],[-106.41796,38.80101],[-106.42271,38.80834],[-106.41491,38.81551],[-106.41596,38.82424],[-106.40676,38.82936],[-106.3968,38.82281],[-106.38354,38.82473],[-106.38189,38.83282],[-106.37862,38.83607],[-106.37018,38.83854],[-106.36997,38.84061],[-106.36481,38.84568],[-106.36503,38.85319],[-106.35367,38.85563],[-106.34932,38.85485],[-106.34903,38.86487],[-106.34027,38.871],[-106.33587,38.87195],[-106.33659,38.87526],[-106.33404,38.88129],[-106.32751,38.88244],[-106.32594,38.88925],[-106.32116,38.89305],[-106.32084,38.89582],[-106.32469,38.90303],[-106.3249,38.90839],[-106.32617,38.91109],[-106.33418,38.91182],[-106.33802,38.90884],[-106.3455,38.90715],[-106.3575,38.913],[-106.36439,38.91092],[-106.3675,38.90706],[-106.37308,38.90655],[-106.37611,38.90943],[-106.37695,38.92271],[-106.38088,38.92581],[-106.39242,38.91861],[-106.39381,38.91236],[-106.40244,38.91067],[-106.40737,38.91468],[-106.41326,38.91646],[-106.41704,38.92073],[-106.41826,38.92666],[-106.42137,38.92808],[-106.43074,38.92441],[-106.43728,38.91494],[-106.44808,38.91423],[-106.4579,38.91005],[-106.46503,38.91044],[-106.47201,38.91576],[-106.48041,38.91841],[-106.48996,38.92637],[-106.49066,38.92959],[-106.50431,38.93677],[-106.5059,38.94048],[-106.50543,38.94438],[-106.50711,38.94592],[-106.51562,38.9486],[-106.51992,38.95389],[-106.52653,38.95521],[-106.52849,38.95992],[-106.52357,38.96477],[-106.52195,38.96861],[-106.52842,38.98056],[-106.5345,38.98238],[-106.54706,38.99113],[-106.55116,38.99182],[-106.55417,38.99861],[-106.56005,38.99846],[-106.5661,38.99378],[-106.56966,38.99454],[-106.57722,38.99042],[-106.58609,38.99278],[-106.59545,38.99123],[-106.59932,38.99795],[-106.5946,39.00281],[-106.59481,39.02204],[-106.59141,39.02594],[-106.59365,39.03014],[-106.5979,39.03169],[-106.59973,39.03452],[-106.59731,39.04461],[-106.58456,39.04672],[-106.57784,39.05245],[-106.57771,39.0721],[-106.57984,39.07675],[-106.57699,39.0794],[-106.58512,39.08432],[-106.58675,39.08943],[-106.58636,39.09572],[-106.57555,39.10414],[-106.56992,39.10387],[-106.56342,39.10683],[-106.56482,39.1132],[-106.5592,39.1191],[-106.55805,39.12376],[-106.56481,39.13278],[-106.55963,39.13961],[-106.55886,39.1439],[-106.56269,39.15181],[-106.56125,39.15575],[-106.55712,39.15701],[-106.55184,39.16151],[-106.53811,39.15804],[-106.53548,39.16311],[-106.52729,39.16094],[-106.52126,39.15741],[-106.50985,39.1648],[-106.50853,39.16807],[-106.50996,39.1747],[-106.50837,39.17802],[-106.50419,39.1795],[-106.49946,39.18423],[-106.49815,39.19254],[-106.49365,39.19835],[-106.49508,39.20856],[-106.49291,39.21534],[-106.49399,39.2194],[-106.49172,39.2208],[-106.49232,39.22535],[-106.48965,39.22782],[-106.4988,39.23521],[-106.49772,39.24198],[-106.48853,39.24863],[-106.48108,39.25952],[-106.48415,39.2657],[-106.48301,39.27256],[-106.49013,39.27327],[-106.49411,39.27796],[-106.49847,39.27915],[-106.50412,39.2849],[-106.50278,39.29048],[-106.50354,39.29526],[-106.50169,39.29978],[-106.4927,39.30391],[-106.48493,39.31277],[-106.47646,39.31514],[-106.474,39.30943],[-106.46832,39.30726],[-106.46581,39.31151],[-106.45948,39.31299],[-106.45471,39.31215],[-106.45117,39.31643],[-106.44346,39.31522],[-106.43939,39.31692],[-106.43253,39.31622],[-106.42705,39.32325],[-106.42883,39.33533],[-106.4323,39.336],[-106.43496,39.34105],[-106.43348,39.35405],[-106.42795,39.36089],[-106.41466,39.36752],[-106.40373,39.37997],[-106.39991,39.38109],[-106.38059,39.37631],[-106.37853,39.36988],[-106.37167,39.36199],[-106.36566,39.36044],[-106.35953,39.35579],[-106.35242,39.35393],[-106.33887,39.35901],[-106.32383,39.35897],[-106.31202,39.36228],[-106.30048,39.36005],[-106.29277,39.35482],[-106.28583,39.35231],[-106.28394,39.34952],[-106.2711,39.35805],[-106.26333,39.35896],[-106.25926,39.36205],[-106.25111,39.3577],[-106.24852,39.36197],[-106.23807,39.36665],[-106.23425,39.37242],[-106.22714,39.37423],[-106.22552,39.38137],[-106.2177,39.38323],[-106.20974,39.38231],[-106.19796,39.36833],[-106.18658,39.36796],[-106.18152,39.36612],[-106.17349,39.36851],[-106.1723,39.36658],[-106.16843,39.36642],[-106.16195,39.36195],[-106.15307,39.36264],[-106.14886,39.36817],[-106.14353,39.36839],[-106.13855,39.37223],[-106.1376,39.37749],[-106.13453,39.37965],[-106.11953,39.37645],[-106.09702,39.37797],[-106.08549,39.36978],[-106.07341,39.36834],[-106.06818,39.3641],[-106.05654,39.3587],[-106.04307,39.35752],[-106.02257,39.36136],[-106.01721,39.36545],[-106.01688,39.37648],[-106.01866,39.38092],[-106.01423,39.38698],[-106.00863,39.38729],[-106.00008,39.39388],[-105.99654,39.39456],[-105.99264,39.40173],[-105.98464,39.40182],[-105.98129,39.40639],[-105.95904,39.41569],[-105.9544,39.41625],[-105.95161,39.41465],[-105.95513,39.42166],[-105.95476,39.42627],[-105.96417,39.43249],[-105.96662,39.43852],[-105.96135,39.44009],[-105.95507,39.43851],[-105.94398,39.44084],[-105.94221,39.45283],[-105.93924,39.45813],[-105.927,39.45944],[-105.91164,39.45683],[-105.90589,39.45967],[-105.90194,39.46522],[-105.90122,39.47042],[-105.8927,39.48017],[-105.89211,39.48422],[-105.87946,39.4839],[-105.87859,39.48964],[-105.87531,39.49294],[-105.87139,39.4949],[-105.86661,39.49415],[-105.86373,39.50245],[-105.86029,39.50487],[-105.85593,39.50514],[-105.86006,39.50981],[-105.85987,39.51209],[-105.86663,39.51639],[-105.8681,39.51925],[-105.86486,39.52206],[-105.8602,39.53118],[-105.85779,39.53209],[-105.85409,39.52755],[-105.84683,39.5238],[-105.83101,39.53196],[-105.8231,39.52991],[-105.81792,39.5384],[-105.81905,39.54549],[-105.81629,39.54859],[-105.81592,39.55218],[-105.82216,39.55302],[-105.8257,39.5556],[-105.83021,39.56614],[-105.83661,39.5687],[-105.83851,39.57259],[-105.83228,39.57795],[-105.82135,39.58271],[-105.81781,39.58101],[-105.8078,39.58374],[-105.80098,39.59355],[-105.79613,39.59395],[-105.79223,39.59782],[-105.78146,39.60086],[-105.77611,39.60517],[-105.77641,39.61114],[-105.78279,39.61795],[-105.78272,39.62922],[-105.79297,39.63626],[-105.8107,39.63545],[-105.8174,39.63366],[-105.82111,39.64264],[-105.82625,39.64097],[-105.83454,39.64191],[-105.84125,39.6463],[-105.84879,39.64417],[-105.85438,39.6492],[-105.85674,39.65788],[-105.85959,39.65896],[-105.86496,39.66719],[-105.87953,39.66354],[-105.88498,39.65709],[-105.894,39.65944],[-105.89688,39.66453],[-105.91105,39.66234],[-105.92655,39.6733],[-105.92694,39.67675],[-105.92102,39.68454],[-105.91959,39.6901],[-105.92104,39.69571],[-105.92459,39.69899],[-105.92445,39.70407],[-105.92116,39.71015],[-105.91181,39.71538],[-105.91039,39.7209],[-105.9074,39.72385],[-105.90749,39.72699],[-105.90454,39.72871],[-105.89099,39.73055],[-105.88341,39.73731],[-105.88241,39.74646],[-105.88471,39.74948],[-105.88474,39.75228],[-105.88048,39.75945],[-105.88223,39.76325],[-105.88645,39.76619],[-105.89246,39.78217],[-105.88773,39.78884],[-105.88762,39.79705],[-105.87586,39.79939],[-105.87244,39.7968],[-105.85504,39.79612],[-105.85154,39.78774],[-105.84359,39.78936],[-105.83014,39.78821],[-105.8231,39.78567],[-105.81989,39.78944],[-105.81073,39.79141],[-105.80861,39.79723],[-105.80209,39.79926],[-105.79905,39.80331],[-105.79403,39.80186],[-105.791,39.80319],[-105.78455,39.80236],[-105.77953,39.79865],[-105.76393,39.79495],[-105.74224,39.80436],[-105.73605,39.80492],[-105.73353,39.81275],[-105.72367,39.81802],[-105.72382,39.82454],[-105.71893,39.82768],[-105.71881,39.83233],[-105.71335,39.83807],[-105.70353,39.83672],[-105.69584,39.83922],[-105.69371,39.84776],[-105.69037,39.85202],[-105.69629,39.8621],[-105.69773,39.86757],[-105.6968,39.87138],[-105.70064,39.87864],[-105.69777,39.88431],[-105.69936,39.88568],[-105.69964,39.89163],[-105.69766,39.89433],[-105.6911,39.89738],[-105.69027,39.90198],[-105.68726,39.90413],[-105.68865,39.90747],[-105.68792,39.91178],[-105.68598,39.91566],[-105.68221,39.91746],[-105.68243,39.92178],[-105.67987,39.92692],[-105.67662,39.92868],[-105.67798,39.93063],[-105.67517,39.93327],[-105.68195,39.93397],[-105.69381,39.94228],[-105.69184,39.94642],[-105.69427,39.9505],[-105.68915,39.9538],[-105.68862,39.95648],[-105.68535,39.95874],[-105.68835,39.95979],[-105.68868,39.96729],[-105.69032,39.96978],[-105.6884,39.97556],[-105.68488,39.97955],[-105.68516,39.98305],[-105.68758,39.98547],[-105.6831,39.99285],[-105.68314,39.99472],[-105.68835,39.99516],[-105.69121,39.99703],[-105.69112,40.00372],[-105.68853,40.00697],[-105.69009,40.00925],[-105.68972,40.01368],[-105.68827,40.01551],[-105.68086,40.01391],[-105.67014,40.01698],[-105.66188,40.01641],[-105.65946,40.01887],[-105.65195,40.02096],[-105.65294,40.02218],[-105.65149,40.02619],[-105.64079,40.03487],[-105.63766,40.0459],[-105.64511,40.05055],[-105.65113,40.05852],[-105.64673,40.06531],[-105.64169,40.06791],[-105.63908,40.06721],[-105.64101,40.07289],[-105.63573,40.07582],[-105.63297,40.08141],[-105.63606,40.08422],[-105.6337,40.08861],[-105.63478,40.09523],[-105.63209,40.09721],[-105.63604,40.10113],[-105.63673,40.10719],[-105.63471,40.11332],[-105.63019,40.11423],[-105.62853,40.11787],[-105.62642,40.11872],[-105.62878,40.12336],[-105.62656,40.12748],[-105.63029,40.13105],[-105.62967,40.1374],[-105.63545,40.14035],[-105.63573,40.14604],[-105.64741,40.14894],[-105.64745,40.15103],[-105.6559,40.15124],[-105.66127,40.15648],[-105.66767,40.15832],[-105.66762,40.16117],[-105.67076,40.16287],[-105.67157,40.1656],[-105.66931,40.16921],[-105.66695,40.17006],[-105.66986,40.17443],[-105.66852,40.17687],[-105.67196,40.17991],[-105.67049,40.18496],[-105.67579,40.18655],[-105.67772,40.18945],[-105.67645,40.19964],[-105.67781,40.2024],[-105.67071,40.20762],[-105.67054,40.21924],[-105.66845,40.22043],[-105.66288,40.21992],[-105.66879,40.22339],[-105.66881,40.22883],[-105.66427,40.23383],[-105.66552,40.23813],[-105.66052,40.24478],[-105.65996,40.24893],[-105.64368,40.24991],[-105.65093,40.25378],[-105.65156,40.25799],[-105.65445,40.26139],[-105.66792,40.26769],[-105.67788,40.26795],[-105.68259,40.27263],[-105.68068,40.27464],[-105.6816,40.27865],[-105.6795,40.27901],[-105.68066,40.28436],[-105.68682,40.28809],[-105.68213,40.2921],[-105.68773,40.29395],[-105.68849,40.2985],[-105.68606,40.30272],[-105.69122,40.3049],[-105.69051,40.30887],[-105.69716,40.31108],[-105.70078,40.31055],[-105.70264,40.31259],[-105.69785,40.31846],[-105.69882,40.32074],[-105.71372,40.32593],[-105.72868,40.33489],[-105.73027,40.33982],[-105.73494,40.34212],[-105.73681,40.34665],[-105.74259,40.3493],[-105.74811,40.34765],[-105.75201,40.34904],[-105.75328,40.35162],[-105.75578,40.35107],[-105.75876,40.35273],[-105.75985,40.35593],[-105.76802,40.36031],[-105.76926,40.36463],[-105.77376,40.36518],[-105.77619,40.36937],[-105.78157,40.37342],[-105.78187,40.37721],[-105.78725,40.38098],[-105.79105,40.3872],[-105.79123,40.39912],[-105.79962,40.40602],[-105.80179,40.41083],[-105.81522,40.42102],[-105.81751,40.42518],[-105.81436,40.42917],[-105.81612,40.43733],[-105.80573,40.44771],[-105.80771,40.45204],[-105.80449,40.46424],[-105.81128,40.47079],[-105.80848,40.47159],[-105.80741,40.47388],[-105.83452,40.47994],[-105.84051,40.4833],[-105.84652,40.48282],[-105.85502,40.48622],[-105.86284,40.4801],[-105.87018,40.48058],[-105.87251,40.47836],[-105.88124,40.47563],[-105.88599,40.47707],[-105.8921,40.47609],[-105.89431,40.4696],[-105.8973,40.46915],[-105.89915,40.46558],[-105.89843,40.45719],[-105.89976,40.45426],[-105.89712,40.4486],[-105.9035,40.43173],[-105.89878,40.42703],[-105.89772,40.41788],[-105.90217,40.41281],[-105.90335,40.40051],[-105.90507,40.39887],[-105.9138,40.40162],[-105.92064,40.40159],[-105.92519,40.39257],[-105.93866,40.38519],[-105.94645,40.38496],[-105.94726,40.37785],[-105.93771,40.37193],[-105.93846,40.36607],[-105.95427,40.36037],[-105.9556,40.35482],[-105.96066,40.34788],[-105.97062,40.35013],[-105.97571,40.35802],[-105.97822,40.35792],[-105.98583,40.36424],[-106.01126,40.36217],[-106.01385,40.37292],[-106.01935,40.37329],[-106.02736,40.37094],[-106.0306,40.36836],[-106.03604,40.36911],[-106.04338,40.36316],[-106.05355,40.35838],[-106.06245,40.35752],[-106.06637,40.35432],[-106.08587,40.34731],[-106.0874,40.35039],[-106.09407,40.35088],[-106.10069,40.35416],[-106.10568,40.35007],[-106.12013,40.34415],[-106.12861,40.33759],[-106.13383,40.33635],[-106.1363,40.33018],[-106.14857,40.33205],[-106.16258,40.3428],[-106.1712,40.34387],[-106.17437,40.34343],[-106.17775,40.3404],[-106.17993,40.33407],[-106.18914,40.32652],[-106.19683,40.32562],[-106.19892,40.32701],[-106.2174,40.32912],[-106.22171,40.32574],[-106.23052,40.32322],[-106.23927,40.32803],[-106.23893,40.32973],[-106.24397,40.33646],[-106.25088,40.34065],[-106.2534,40.35015],[-106.25621,40.35142],[-106.25997,40.35794],[-106.26584,40.36104],[-106.26912,40.35933],[-106.2697,40.35735],[-106.27856,40.35371],[-106.2841,40.35575],[-106.28574,40.35882],[-106.29108,40.3582],[-106.29859,40.34986],[-106.29722,40.34658],[-106.29807,40.341],[-106.29384,40.33762],[-106.29626,40.33548],[-106.29579,40.33324],[-106.29782,40.3328],[-106.29897,40.33016],[-106.30521,40.33055],[-106.306,40.32845],[-106.31324,40.33081],[-106.32194,40.33759],[-106.33707,40.33962],[-106.33876,40.34357],[-106.34404,40.34695],[-106.34538,40.35047],[-106.34996,40.35285],[-106.35585,40.35897],[-106.36619,40.35617],[-106.36966,40.35776],[-106.38499,40.35269],[-106.3896,40.34547],[-106.39695,40.34706],[-106.40346,40.34515],[-106.40773,40.34639],[-106.41053,40.35007],[-106.41808,40.35013],[-106.4219,40.35275],[-106.43343,40.34959],[-106.4381,40.35047],[-106.44334,40.34645],[-106.45098,40.35185],[-106.45345,40.35691],[-106.45822,40.35891],[-106.45638,40.36084],[-106.45735,40.36525],[-106.4591,40.36744],[-106.46321,40.36777],[-106.46602,40.37791],[-106.47319,40.3798],[-106.47121,40.38227],[-106.47392,40.38684],[-106.47758,40.3894],[-106.48109,40.38968],[-106.4795,40.39307],[-106.48043,40.39585],[-106.47713,40.39943],[-106.47759,40.4047],[-106.48966,40.41156],[-106.49465,40.40691],[-106.49559,40.40402],[-106.50028,40.40309],[-106.50228,40.39966],[-106.51039,40.39332],[-106.51007,40.38944],[-106.51223,40.38692],[-106.51881,40.39096],[-106.52616,40.38489],[-106.52573,40.38026],[-106.5301,40.36835],[-106.53468,40.36512],[-106.54005,40.37129],[-106.54439,40.372],[-106.54627,40.3702],[-106.5535,40.37001],[-106.55603,40.37672],[-106.5612,40.37856],[-106.56447,40.37749],[-106.57716,40.37843],[-106.58507,40.38236],[-106.59201,40.38112],[-106.59442,40.38307],[-106.59666,40.38091],[-106.59646,40.37897],[-106.6006,40.37606],[-106.60716,40.37963],[-106.60972,40.37817],[-106.61232,40.37991],[-106.61177,40.38688],[-106.61769,40.39399],[-106.61905,40.40453],[-106.62591,40.41621],[-106.62879,40.41851],[-106.62695,40.42631],[-106.62242,40.43048],[-106.63926,40.4326],[-106.65057,40.43995],[-106.65236,40.44523],[-106.65031,40.45091],[-106.6506,40.45527],[-106.65494,40.45591],[-106.65926,40.45938],[-106.65432,40.46761],[-106.65732,40.46856],[-106.65856,40.47201],[-106.66486,40.46981],[-106.66697,40.47209],[-106.66693,40.47593],[-106.66304,40.48037],[-106.65611,40.48463],[-106.65729,40.48862],[-106.6594,40.49024],[-106.6532,40.49382],[-106.65499,40.49872],[-106.65711,40.50007],[-106.65575,40.50882],[-106.66141,40.51221],[-106.65909,40.51468],[-106.66122,40.51492],[-106.66655,40.52006],[-106.6717,40.52056],[-106.67388,40.52305],[-106.67438,40.52729],[-106.66916,40.53359],[-106.67048,40.53556],[-106.67825,40.53856],[-106.68,40.54215],[-106.68374,40.5446],[-106.68594,40.55132],[-106.69381,40.55117],[-106.6975,40.55332],[-106.69677,40.55664],[-106.69206,40.55976],[-106.69228,40.56259],[-106.69709,40.57252],[-106.70232,40.57799],[-106.69874,40.58293],[-106.69967,40.58635],[-106.69483,40.59162],[-106.69419,40.59582],[-106.70447,40.60747],[-106.70362,40.61015],[-106.70627,40.61566],[-106.70136,40.62528],[-106.70369,40.62782],[-106.69775,40.62753],[-106.69387,40.63311],[-106.69015,40.63493],[-106.68686,40.63459],[-106.68885,40.64015],[-106.68379,40.64428],[-106.68296,40.64719],[-106.68017,40.64804],[-106.68802,40.65067],[-106.69227,40.65883],[-106.68577,40.66265],[-106.68692,40.67308],[-106.681,40.67553],[-106.68718,40.68093],[-106.68729,40.68292],[-106.68128,40.68338],[-106.67917,40.68605],[-106.67294,40.68835],[-106.66833,40.69572],[-106.67115,40.70241],[-106.66812,40.70557],[-106.6688,40.712],[-106.67123,40.71589],[-106.6699,40.72031],[-106.67402,40.72403],[-106.66978,40.72899],[-106.67106,40.73289],[-106.67655,40.7368],[-106.66845,40.73906],[-106.66318,40.74362],[-106.66528,40.74548],[-106.66535,40.74933],[-106.66152,40.75368],[-106.66952,40.75971],[-106.66984,40.7618],[-106.66378,40.76652],[-106.66263,40.77003],[-106.65873,40.77314],[-106.64936,40.77551],[-106.64865,40.78145],[-106.63714,40.78956],[-106.63605,40.7921],[-106.63594,40.80244],[-106.63744,40.80771],[-106.63565,40.81161],[-106.63926,40.81436],[-106.63846,40.81711],[-106.64368,40.82148],[-106.65911,40.82379],[-106.65972,40.8263],[-106.66397,40.82832],[-106.6628,40.832],[-106.664,40.83514],[-106.66128,40.8409],[-106.66218,40.84298],[-106.65395,40.84565],[-106.65724,40.85274],[-106.66712,40.85935],[-106.66816,40.86538],[-106.67819,40.86816],[-106.68021,40.87433],[-106.68603,40.88054],[-106.68561,40.88532],[-106.69121,40.88796],[-106.69463,40.8879],[-106.70017,40.88474],[-106.7006,40.88212],[-106.70628,40.87578],[-106.72726,40.87163],[-106.73665,40.8734],[-106.73894,40.87123],[-106.74667,40.88224],[-106.74083,40.88988],[-106.75017,40.89381],[-106.76058,40.89403],[-106.76454,40.89631],[-106.76999,40.8966],[-106.76735,40.8989],[-106.7694,40.90424],[-106.78154,40.90691],[-106.7885,40.90279],[-106.78736,40.90064],[-106.7938,40.90079],[-106.79562,40.89767],[-106.79994,40.89605],[-106.80941,40.89969],[-106.80534,40.90215],[-106.80606,40.90631],[-106.8116,40.91619],[-106.81879,40.91854],[-106.81865,40.92247],[-106.82486,40.93204],[-106.82516,40.92885],[-106.83004,40.92411],[-106.85222,40.92517],[-106.84866,40.92661],[-106.85232,40.92953],[-106.85178,40.93315],[-106.85579,40.93487],[-106.85605,40.93711],[-106.86218,40.94128],[-106.8638,40.95343],[-106.86965,40.95608],[-106.87323,40.9742],[-106.87016,40.98128],[-106.86119,40.98367],[-106.85687,40.98119],[-106.85493,40.98756],[-106.85052,40.99038],[-106.86147,40.99662],[-106.86115,41.0008],[-106.85699,41.00413],[-106.86862,41.00401],[-106.87086,41.00716],[-106.87644,41.0045],[-106.88747,41.01112],[-106.88762,41.01636],[-106.89558,41.01804],[-106.89944,41.01425],[-106.90446,41.01286],[-106.91115,41.01399],[-106.92193,41.01276],[-106.92645,41.01425],[-106.92779,41.01841],[-106.93331,41.01822],[-106.93857,41.02081],[-106.93876,41.02359],[-106.93519,41.03116],[-106.92627,41.03696],[-106.92792,41.04009],[-106.92556,41.04387],[-106.92268,41.04478],[-106.91855,41.05893],[-106.9139,41.05942],[-106.9129,41.06107],[-106.90824,41.0606],[-106.90611,41.06262],[-106.90081,41.06191],[-106.89474,41.06884],[-106.88396,41.07467],[-106.88744,41.07538],[-106.89154,41.07998],[-106.89851,41.08211],[-106.89913,41.0841],[-106.90245,41.08544],[-106.90171,41.0903],[-106.90464,41.09176],[-106.91027,41.09228],[-106.92275,41.08902],[-106.92578,41.0921],[-106.93458,41.09471],[-106.95388,41.09642],[-106.95985,41.10022],[-106.96116,41.10418],[-106.96586,41.10592],[-106.96454,41.10897],[-106.96951,41.11632],[-106.97351,41.11109],[-106.97995,41.10964],[-106.98443,41.11277],[-106.99287,41.11386],[-106.99835,41.11253],[-107.01339,41.11729],[-107.00663,41.12114],[-107.00339,41.12649],[-107.00043,41.12565],[-106.99801,41.12827],[-106.9937,41.12845],[-106.99331,41.13232],[-106.99529,41.13556],[-106.9809,41.14006],[-106.97951,41.14162],[-106.98068,41.14504],[-106.97972,41.14711],[-106.97501,41.14861],[-106.97668,41.15155],[-106.98212,41.1547],[-106.98194,41.16858],[-106.99244,41.17031],[-106.99684,41.17521],[-107.01442,41.17741],[-107.01652,41.18252],[-107.02625,41.18472],[-107.03063,41.18741],[-107.03767,41.18612],[-107.04739,41.18897],[-107.05326,41.19576],[-107.06172,41.1984],[-107.06663,41.20323],[-107.07614,41.20362],[-107.07761,41.20159],[-107.08834,41.19967],[-107.09645,41.20667],[-107.09821,41.21087],[-107.1122,41.22634],[-107.11808,41.22406],[-107.12576,41.2257],[-107.12799,41.22826],[-107.12734,41.2312],[-107.11779,41.23945],[-107.1171,41.24438],[-107.1133,41.24832],[-107.12133,41.25523],[-107.12312,41.26042],[-107.13081,41.26655],[-107.13254,41.27086],[-107.14066,41.27963],[-107.14366,41.29008],[-107.14613,41.28874],[-107.1507,41.29001],[-107.15819,41.29635],[-107.16319,41.29757],[-107.15242,41.30319],[-107.1465,41.30908],[-107.14324,41.31528],[-107.13505,41.3217],[-107.13493,41.32862],[-107.1532,41.33274],[-107.15536,41.33446],[-107.15983,41.33252],[-107.16583,41.33364],[-107.16433,41.34041],[-107.16604,41.34226],[-107.16384,41.34451],[-107.15998,41.35789],[-107.16591,41.3658],[-107.17292,41.36681],[-107.18715,41.3652],[-107.19033,41.36923],[-107.19745,41.37321],[-107.20986,41.37532],[-107.21287,41.37725],[-107.21186,41.38036],[-107.20555,41.38613],[-107.20848,41.38791],[-107.20733,41.39589],[-107.20954,41.40097],[-107.21532,41.40393],[-107.2198,41.40301],[-107.22384,41.40427],[-107.24143,41.40055],[-107.24332,41.3972],[-107.24842,41.39801],[-107.25798,41.38854],[-107.26173,41.38807],[-107.26445,41.3897],[-107.27021,41.38778],[-107.27038,41.38609],[-107.26624,41.38253],[-107.27109,41.37871],[-107.27908,41.37848],[-107.28265,41.37561],[-107.28598,41.3751],[-107.29055,41.37677],[-107.29091,41.38038],[-107.30319,41.38308],[-107.30481,41.38602],[-107.30357,41.38776],[-107.30707,41.39091],[-107.32252,41.3901],[-107.32341,41.39553],[-107.32869,41.39605],[-107.33177,41.39898],[-107.34045,41.39977],[-107.34175,41.40202],[-107.33784,41.40622],[-107.33973,41.40938],[-107.33958,41.41674],[-107.33548,41.42026],[-107.34132,41.4226],[-107.34059,41.42638],[-107.34765,41.43106],[-107.34812,41.43579],[-107.34082,41.43627],[-107.33657,41.43958],[-107.33372,41.44603],[-107.32876,41.44563],[-107.32461,41.44815],[-107.32024,41.45398],[-107.31911,41.45898],[-107.31207,41.45884],[-107.30138,41.46685],[-107.30182,41.46861],[-107.31319,41.47303],[-107.31655,41.47689],[-107.32509,41.47686],[-107.32732,41.48175],[-107.32797,41.48807],[-107.3218,41.49207],[-107.32205,41.4967],[-107.31534,41.49997],[-107.31697,41.50442],[-107.31358,41.50897],[-107.31477,41.51036],[-107.31403,41.51246],[-107.31059,41.5159],[-107.3155,41.52441],[-107.31397,41.52643],[-107.32042,41.5339],[-107.33153,41.53388],[-107.33762,41.5377],[-107.34151,41.53802],[-107.3491,41.54325],[-107.35562,41.54438],[-107.36407,41.54246],[-107.36886,41.54374],[-107.39427,41.53435],[-107.39769,41.53548],[-107.40506,41.53294],[-107.41359,41.54649],[-107.42163,41.54873],[-107.42085,41.55077],[-107.42233,41.55197],[-107.42529,41.55078],[-107.42773,41.55255],[-107.43384,41.54955],[-107.43791,41.55267],[-107.44166,41.54959],[-107.44426,41.55125],[-107.44731,41.54865],[-107.45013,41.54915],[-107.45254,41.54707],[-107.45613,41.54682],[-107.45324,41.55295],[-107.4474,41.55435],[-107.44044,41.5587],[-107.44261,41.56063],[-107.43599,41.56736],[-107.42603,41.57145],[-107.42227,41.57477],[-107.41829,41.57497],[-107.41703,41.57735],[-107.40982,41.58114],[-107.40625,41.58613],[-107.40482,41.59363],[-107.39381,41.60237],[-107.39221,41.6071],[-107.39349,41.61016],[-107.39113,41.61722],[-107.38853,41.61923],[-107.38985,41.62109],[-107.38747,41.62623],[-107.39322,41.62854],[-107.40227,41.62385],[-107.40484,41.62516],[-107.40975,41.62466],[-107.41912,41.62839],[-107.42067,41.63103],[-107.42766,41.63258],[-107.43238,41.63798],[-107.44345,41.63708],[-107.44978,41.64762],[-107.45928,41.65093],[-107.45075,41.66462],[-107.44165,41.67487],[-107.43719,41.67505],[-107.42235,41.68513],[-107.41213,41.68712],[-107.41157,41.69019],[-107.40446,41.69539],[-107.38447,41.70716],[-107.3786,41.71411],[-107.38566,41.72199],[-107.37718,41.72658],[-107.36088,41.74215],[-107.35657,41.74842],[-107.35126,41.76647],[-107.35868,41.76945],[-107.35986,41.77818],[-107.37093,41.78448],[-107.37545,41.78851],[-107.37529,41.79039],[-107.37982,41.7928],[-107.36909,41.79975],[-107.36761,41.79845],[-107.36235,41.80184],[-107.37419,41.81566],[-107.37454,41.8179],[-107.37211,41.81882],[-107.37035,41.82365],[-107.36174,41.82324],[-107.35634,41.82954],[-107.35239,41.8294],[-107.34837,41.83278],[-107.33935,41.83466],[-107.34004,41.83807],[-107.33732,41.84497],[-107.34059,41.84626],[-107.34183,41.85283],[-107.32959,41.85668],[-107.32865,41.85906],[-107.32512,41.86044],[-107.32073,41.86533],[-107.32158,41.87405],[-107.32541,41.8773],[-107.32216,41.88228],[-107.33076,41.88629],[-107.33247,41.88915],[-107.33195,41.89268],[-107.33577,41.89537],[-107.33549,41.8972],[-107.33212,41.89949],[-107.33373,41.90233],[-107.33316,41.90728],[-107.31794,41.91443],[-107.31865,41.9184],[-107.31495,41.92453],[-107.30568,41.93081],[-107.3002,41.93694],[-107.2976,41.95003],[-107.29076,41.94224],[-107.28877,41.93612],[-107.27334,41.92016],[-107.24672,41.88633],[-107.23959,41.87971],[-107.22031,41.86793],[-107.21101,41.8665],[-107.19979,41.86059],[-107.18593,41.86305],[-107.17073,41.8544],[-107.16799,41.85555],[-107.16311,41.85387],[-107.16212,41.85616],[-107.15524,41.86042],[-107.15512,41.86402],[-107.15824,41.86609],[-107.15616,41.87108],[-107.14385,41.88058],[-107.13985,41.88154],[-107.12599,41.87537],[-107.12156,41.87959],[-107.11439,41.8773],[-107.11441,41.8801],[-107.11895,41.88164],[-107.11506,41.88498],[-107.12098,41.88895],[-107.11064,41.8947],[-107.11248,41.89872],[-107.10983,41.89944],[-107.10982,41.90181],[-107.11549,41.90405],[-107.11347,41.91046],[-107.11801,41.91105],[-107.12067,41.9175],[-107.12421,41.91858],[-107.12496,41.92109],[-107.13057,41.92569],[-107.12823,41.92839],[-107.13057,41.93218],[-107.13056,41.93539],[-107.13506,41.93578],[-107.13517,41.93903],[-107.13994,41.94086],[-107.13788,41.94996],[-107.13207,41.95572],[-107.13275,41.95725],[-107.13951,41.95822],[-107.1364,41.96344],[-107.13804,41.96767],[-107.12742,41.97343],[-107.13051,41.9808],[-107.13332,41.98292],[-107.14741,41.98118],[-107.14732,41.98573],[-107.14529,41.98794],[-107.14658,41.99209],[-107.14153,42.00585],[-107.14959,42.00535],[-107.1472,42.00858],[-107.14781,42.01265],[-107.14147,42.01908],[-107.1422,42.02087],[-107.13833,42.02462],[-107.13586,42.03438],[-107.12667,42.04846],[-107.11321,42.05959],[-107.11416,42.06085],[-107.11283,42.0624],[-107.09854,42.07184],[-107.09914,42.07375],[-107.10305,42.07503],[-107.10218,42.0762],[-107.0966,42.08008],[-107.08584,42.08211],[-107.0851,42.08533],[-107.08715,42.08785],[-107.09599,42.08907],[-107.0771,42.0956],[-107.0727,42.10129],[-107.12228,42.11125],[-107.12431,42.11661],[-107.10606,42.12467],[-107.10013,42.13136],[-107.09646,42.1321],[-107.09568,42.1358],[-107.09801,42.13717],[-107.09703,42.13926],[-107.09355,42.14198],[-107.09423,42.14359],[-107.09088,42.14758],[-107.08575,42.14957],[-107.09555,42.15636],[-107.09567,42.15938],[-107.10684,42.15905],[-107.1072,42.16625],[-107.11742,42.16823],[-107.11448,42.17075],[-107.11497,42.17191],[-107.11899,42.17148],[-107.12192,42.17308],[-107.12799,42.17132],[-107.13501,42.17164],[-107.13947,42.17459],[-107.14283,42.17283],[-107.1454,42.17415],[-107.14901,42.17344],[-107.15877,42.16932],[-107.15948,42.16633],[-107.1754,42.16234],[-107.18118,42.15871],[-107.18236,42.16087],[-107.18139,42.16368],[-107.18459,42.16416],[-107.1852,42.16651],[-107.18722,42.16664],[-107.18747,42.16953],[-107.19715,42.16966],[-107.19718,42.17128],[-107.20383,42.1719],[-107.20639,42.17403],[-107.21161,42.1733],[-107.21209,42.17508],[-107.21049,42.17669],[-107.20129,42.18076],[-107.19851,42.18722],[-107.19972,42.1906],[-107.19817,42.19274],[-107.20016,42.19483],[-107.20925,42.19352],[-107.21004,42.19574],[-107.20061,42.20071],[-107.20089,42.20218],[-107.20382,42.2029],[-107.20359,42.20482],[-107.19748,42.21013],[-107.20307,42.21091],[-107.20317,42.21464],[-107.21508,42.23581],[-107.21422,42.23887],[-107.21158,42.2397],[-107.208,42.24897],[-107.21828,42.2531],[-107.22622,42.25047],[-107.23749,42.25641],[-107.26156,42.26339],[-107.26583,42.25602],[-107.27099,42.25367],[-107.27276,42.25045],[-107.27076,42.24765],[-107.29141,42.23334],[-107.2971,42.22711],[-107.29938,42.2202],[-107.30402,42.21904],[-107.31338,42.22224],[-107.31762,42.22178],[-107.32882,42.21626],[-107.33099,42.2166],[-107.32973,42.21797],[-107.33801,42.22078],[-107.34637,42.22018],[-107.34643,42.22318],[-107.34966,42.22435],[-107.34948,42.2257],[-107.35604,42.22345],[-107.36248,42.2242],[-107.36293,42.22611],[-107.36685,42.22583],[-107.37301,42.23041],[-107.38636,42.23444],[-107.38776,42.23668],[-107.39465,42.23653],[-107.40798,42.23153],[-107.41228,42.23387],[-107.42169,42.23565],[-107.47375,42.23874],[-107.47917,42.24047],[-107.48474,42.24461],[-107.48099,42.24811],[-107.48299,42.24994],[-107.49263,42.2515],[-107.49409,42.24876],[-107.49775,42.24747],[-107.50096,42.2478],[-107.50206,42.24952],[-107.51145,42.2505],[-107.52394,42.24905],[-107.53127,42.25477],[-107.5485,42.25545],[-107.55041,42.2605],[-107.55615,42.26269],[-107.56091,42.26153],[-107.56642,42.26522],[-107.57201,42.26588],[-107.58162,42.27039],[-107.58773,42.27974],[-107.58666,42.28353],[-107.58991,42.28729],[-107.5914,42.29807],[-107.58632,42.30532],[-107.58442,42.31173],[-107.59254,42.31393],[-107.60845,42.31176],[-107.61517,42.30832],[-107.61868,42.30422],[-107.62634,42.30402],[-107.62653,42.30676],[-107.62806,42.30673],[-107.63539,42.30218],[-107.63958,42.30213],[-107.65713,42.28787],[-107.66409,42.28721],[-107.66791,42.28267],[-107.68575,42.26987],[-107.68499,42.26414],[-107.69123,42.25989],[-107.6928,42.25699],[-107.69527,42.25648],[-107.7158,42.26386],[-107.72379,42.26099],[-107.73646,42.25967],[-107.74076,42.25646],[-107.75174,42.25479],[-107.75733,42.25789],[-107.77618,42.25816],[-107.79208,42.25662],[-107.79897,42.25385],[-107.82174,42.25226],[-107.82905,42.2498],[-107.83661,42.2509],[-107.8374,42.26285],[-107.8352,42.26525],[-107.84762,42.26545],[-107.85195,42.26667],[-107.85258,42.26957],[-107.85736,42.26613],[-107.86469,42.26681],[-107.87147,42.26529],[-107.87531,42.26689],[-107.87353,42.26921],[-107.87525,42.27197],[-107.87489,42.27965],[-107.87235,42.28157],[-107.86948,42.2877],[-107.8709,42.28999],[-107.86872,42.29081],[-107.86722,42.29425],[-107.87163,42.30079],[-107.87855,42.30328],[-107.90738,42.3072],[-107.90969,42.3093],[-107.93841,42.31214],[-107.94346,42.32059],[-107.93944,42.32597],[-107.9409,42.3305],[-107.93688,42.33308],[-107.93675,42.33928],[-107.9292,42.34701],[-107.93048,42.35282],[-107.92763,42.35749],[-107.92938,42.36403],[-107.92818,42.36589],[-107.9287,42.37071],[-107.92037,42.37859],[-107.92077,42.38471],[-107.9183,42.38752],[-107.91796,42.39257],[-107.91983,42.39464],[-107.94371,42.39519],[-107.95881,42.39986],[-107.96557,42.38925],[-107.97818,42.38543],[-107.98142,42.38216],[-107.99235,42.37698],[-107.99352,42.37214],[-107.99975,42.364],[-107.99973,42.36244],[-107.99515,42.36167],[-107.99305,42.3586],[-107.98449,42.35716],[-107.97838,42.35406],[-107.97301,42.3455],[-107.96574,42.34148],[-107.96535,42.33814],[-107.96886,42.33752],[-107.96983,42.33472],[-107.97639,42.33386],[-107.97955,42.32866],[-107.9886,42.32572],[-108.00149,42.32551],[-108.02068,42.32003],[-108.02346,42.32176],[-108.04258,42.32194],[-108.0433,42.32406],[-108.0484,42.32586],[-108.05985,42.32644],[-108.06265,42.33021],[-108.06662,42.33039],[-108.07387,42.32712],[-108.08081,42.32128],[-108.09011,42.3213],[-108.09923,42.31681],[-108.09971,42.30804],[-108.09781,42.30424],[-108.10049,42.2975],[-108.10841,42.29232],[-108.1205,42.2906],[-108.12566,42.28798],[-108.12833,42.2833],[-108.13276,42.2812],[-108.13406,42.27837],[-108.15136,42.27889],[-108.15356,42.28151],[-108.16393,42.28353],[-108.16901,42.28159],[-108.17577,42.28324],[-108.18545,42.28287],[-108.1894,42.28471],[-108.20807,42.28652],[-108.21979,42.2911],[-108.22248,42.27776],[-108.22112,42.27109],[-108.22928,42.26218],[-108.23121,42.25055],[-108.2344,42.24663],[-108.23018,42.24088],[-108.23907,42.24009],[-108.25577,42.23561],[-108.2637,42.22535],[-108.26889,42.22332],[-108.27088,42.22466],[-108.27819,42.22416],[-108.28324,42.2192],[-108.29217,42.21537],[-108.30567,42.22139],[-108.31759,42.21342],[-108.32278,42.21275],[-108.32662,42.2149],[-108.33779,42.21618],[-108.33832,42.22211],[-108.34571,42.22404],[-108.35359,42.22226],[-108.35759,42.22403],[-108.35859,42.2307],[-108.36699,42.23281],[-108.36957,42.23226],[-108.37232,42.22716],[-108.38261,42.22465],[-108.3895,42.22534],[-108.4164,42.22133],[-108.43162,42.22458],[-108.43305,42.23097],[-108.42837,42.23489],[-108.43743,42.23691],[-108.43594,42.24079],[-108.44992,42.243],[-108.46207,42.24725],[-108.46371,42.25256],[-108.49221,42.25534],[-108.4802,42.25943],[-108.48181,42.2634],[-108.48824,42.26455],[-108.51299,42.26225],[-108.52147,42.2651],[-108.52893,42.26328],[-108.53586,42.26703],[-108.53974,42.26634],[-108.55266,42.274],[-108.55804,42.27488],[-108.57331,42.28172],[-108.57992,42.29003],[-108.58487,42.30546],[-108.58997,42.31044],[-108.58793,42.3147],[-108.59261,42.3165],[-108.60676,42.31659],[-108.62968,42.31356],[-108.64196,42.30709],[-108.65306,42.30751],[-108.65631,42.30607],[-108.6635,42.30946],[-108.66342,42.31327],[-108.66638,42.31558],[-108.67858,42.31209],[-108.68577,42.31372],[-108.69069,42.3098],[-108.696,42.30135],[-108.71312,42.29538],[-108.71488,42.28657],[-108.72106,42.27743],[-108.7199,42.27256],[-108.72341,42.27],[-108.73468,42.27176],[-108.74431,42.27914],[-108.75015,42.27926],[-108.76763,42.27483],[-108.77541,42.271],[-108.78692,42.27013],[-108.79462,42.26338],[-108.79725,42.26591],[-108.80038,42.26483],[-108.80261,42.26754],[-108.80762,42.26845],[-108.8081,42.27009],[-108.81512,42.26934],[-108.8252,42.27221],[-108.83898,42.26773],[-108.84846,42.26052],[-108.85114,42.26293],[-108.85164,42.26716],[-108.86002,42.27045],[-108.85773,42.27253],[-108.86122,42.2738],[-108.86273,42.27839],[-108.86627,42.27945],[-108.8676,42.28222],[-108.87158,42.28296],[-108.86716,42.2851],[-108.86465,42.29144],[-108.87239,42.29701],[-108.8713,42.29948],[-108.87701,42.30465],[-108.87626,42.31027],[-108.88134,42.31369],[-108.87718,42.31631],[-108.86672,42.3163],[-108.86533,42.31744],[-108.86808,42.32565],[-108.86727,42.33753],[-108.87347,42.33935],[-108.88522,42.33867],[-108.88968,42.33693],[-108.88643,42.34577],[-108.88772,42.34864],[-108.89997,42.34917],[-108.90067,42.35362],[-108.90842,42.35409],[-108.90809,42.35561],[-108.90195,42.3578],[-108.90206,42.3609],[-108.89511,42.36035],[-108.89394,42.3626],[-108.89836,42.36787],[-108.91522,42.37027],[-108.9173,42.37474],[-108.91288,42.38047],[-108.91476,42.38253],[-108.92389,42.38168],[-108.93319,42.3828],[-108.93949,42.3853],[-108.94275,42.39031],[-108.95059,42.39515],[-108.95153,42.39796],[-108.96331,42.40453],[-108.9687,42.41427],[-108.992,42.41757],[-108.99308,42.42322],[-108.99132,42.42788],[-108.9972,42.42784],[-109.00232,42.43068],[-109.00305,42.42713],[-109.02039,42.42146],[-109.0234,42.42919],[-109.02923,42.42737],[-109.03419,42.4282],[-109.03461,42.42947],[-109.0308,42.43369],[-109.03137,42.43492],[-109.0598,42.43478],[-109.06055,42.43755],[-109.05773,42.43894],[-109.05883,42.44075],[-109.0574,42.443],[-109.06294,42.44654],[-109.06875,42.44586],[-109.0812,42.44904],[-109.09106,42.45428],[-109.09924,42.45363],[-109.10041,42.45503],[-109.10376,42.45405],[-109.11319,42.45562],[-109.12094,42.45421],[-109.1269,42.46254],[-109.12483,42.46457],[-109.12606,42.46812],[-109.1249,42.47077],[-109.12879,42.47208],[-109.12771,42.47429],[-109.12887,42.4769],[-109.13336,42.47858],[-109.14142,42.47756],[-109.14373,42.48151],[-109.15425,42.48276],[-109.15882,42.48543],[-109.16482,42.48424],[-109.16774,42.49229],[-109.18204,42.48936],[-109.18746,42.4921],[-109.18364,42.50138],[-109.18537,42.50464],[-109.19066,42.50671],[-109.20075,42.50574],[-109.20418,42.50725],[-109.20033,42.5132],[-109.20349,42.51732],[-109.20021,42.51937],[-109.19846,42.52337],[-109.19994,42.52904],[-109.2032,42.53195],[-109.20153,42.5363],[-109.19412,42.54066],[-109.19625,42.54308],[-109.19561,42.54422],[-109.18618,42.5489],[-109.18424,42.55536],[-109.17994,42.55532],[-109.17535,42.55768],[-109.17384,42.55939],[-109.1732,42.56574],[-109.16949,42.56873],[-109.16621,42.5691],[-109.16746,42.57167],[-109.15764,42.5735],[-109.15047,42.57135],[-109.13938,42.57698],[-109.13741,42.57921],[-109.13458,42.58898],[-109.13612,42.59179],[-109.13474,42.59315],[-109.13292,42.60498],[-109.12333,42.61839],[-109.11741,42.62026],[-109.11394,42.61667],[-109.10906,42.62174],[-109.1029,42.62222],[-109.09999,42.62611],[-109.09462,42.62901],[-109.09387,42.64175],[-109.1082,42.65148],[-109.11377,42.65229],[-109.11697,42.65793],[-109.11482,42.66344],[-109.11901,42.66658],[-109.12184,42.66539],[-109.12404,42.66971],[-109.1269,42.67053],[-109.12569,42.67291],[-109.12852,42.67855],[-109.12865,42.6864],[-109.13424,42.69342],[-109.13371,42.69852],[-109.13753,42.70514],[-109.12862,42.7083],[-109.13188,42.71036],[-109.13669,42.72094],[-109.14779,42.72744],[-109.1431,42.73317],[-109.13271,42.73334],[-109.13227,42.73738],[-109.14137,42.73877],[-109.14598,42.74284],[-109.15997,42.74335],[-109.16139,42.74819],[-109.16742,42.748],[-109.17957,42.75109],[-109.17901,42.75487],[-109.18261,42.75604],[-109.18481,42.76029],[-109.19552,42.76852],[-109.20997,42.77043],[-109.21373,42.76663],[-109.21492,42.76177],[-109.21755,42.76019],[-109.22906,42.76469],[-109.2322,42.76793],[-109.23607,42.76837],[-109.23653,42.77863],[-109.23306,42.7805],[-109.23298,42.78262],[-109.22691,42.78812],[-109.22605,42.79093],[-109.22264,42.79167],[-109.21985,42.79045],[-109.21039,42.7931],[-109.21218,42.79779],[-109.21573,42.80082],[-109.23188,42.80397],[-109.23675,42.80955],[-109.24022,42.80871],[-109.24345,42.80532],[-109.24683,42.80616],[-109.26018,42.81558],[-109.26391,42.82404],[-109.26971,42.82522],[-109.27179,42.82954],[-109.27136,42.83197],[-109.2771,42.83608],[-109.2814,42.84315],[-109.2789,42.84589],[-109.28245,42.84665],[-109.28333,42.84842],[-109.28609,42.84629],[-109.29196,42.8458],[-109.29982,42.84938],[-109.30131,42.85156],[-109.31528,42.85599],[-109.31955,42.85915],[-109.32091,42.86258],[-109.32477,42.86506],[-109.32764,42.87323],[-109.3309,42.87498],[-109.32947,42.87707],[-109.33004,42.88186],[-109.33197,42.88343],[-109.33056,42.88633],[-109.33201,42.89551],[-109.33951,42.89849],[-109.34097,42.90557],[-109.34384,42.90958],[-109.34541,42.91883],[-109.35658,42.9248],[-109.35892,42.93225],[-109.37054,42.94552],[-109.38598,42.93889],[-109.39138,42.94029],[-109.39805,42.93925],[-109.40077,42.94287],[-109.40023,42.94565],[-109.40485,42.95035],[-109.41144,42.95538],[-109.42015,42.95696],[-109.42883,42.9607],[-109.42784,42.96229],[-109.43129,42.96406],[-109.43279,42.96826],[-109.44023,42.96749],[-109.44441,42.97043],[-109.45427,42.97008],[-109.45566,42.9749],[-109.46335,42.98151],[-109.46007,42.98243],[-109.45933,42.98607],[-109.46204,42.98914],[-109.46739,42.99197],[-109.47242,42.99037],[-109.47493,42.99376],[-109.4789,42.99468],[-109.48437,42.99363],[-109.49244,42.99548],[-109.49397,43.00093],[-109.49755,43.00338],[-109.49829,43.0067],[-109.50221,43.0105],[-109.50588,43.01068],[-109.51434,43.00718],[-109.5178,43.01103],[-109.52311,43.00938],[-109.52976,43.01392],[-109.53985,43.013],[-109.54317,43.01044],[-109.55261,43.0125],[-109.55564,43.02198],[-109.55379,43.0248],[-109.55583,43.02724],[-109.55438,43.03217],[-109.54879,43.03692],[-109.55298,43.0401],[-109.56072,43.03949],[-109.55905,43.0436],[-109.55961,43.0476],[-109.56485,43.04647],[-109.5709,43.04958],[-109.56307,43.0512],[-109.55302,43.05876],[-109.55233,43.06068],[-109.55472,43.06227],[-109.55183,43.06701],[-109.55296,43.0722],[-109.55851,43.07435],[-109.56144,43.07739],[-109.56025,43.08317],[-109.56544,43.08513],[-109.57018,43.09155],[-109.56838,43.09409],[-109.57056,43.09981],[-109.57818,43.09966],[-109.58114,43.10127],[-109.58505,43.10904],[-109.59566,43.11828],[-109.60305,43.1189],[-109.61214,43.12525],[-109.61768,43.12456],[-109.62132,43.1262],[-109.62225,43.13059],[-109.62489,43.13349],[-109.62369,43.13643],[-109.62643,43.13813],[-109.63088,43.14864],[-109.62941,43.15158],[-109.63059,43.15503],[-109.63001,43.16325],[-109.6349,43.16577],[-109.64387,43.16194],[-109.65133,43.16694],[-109.65568,43.17547],[-109.65458,43.1794],[-109.6559,43.18241],[-109.65418,43.1846],[-109.65776,43.19524],[-109.66079,43.19922],[-109.65874,43.20133],[-109.66549,43.204],[-109.66486,43.20594],[-109.66907,43.20755],[-109.67092,43.21258],[-109.67617,43.21493],[-109.67484,43.22083],[-109.676,43.22362],[-109.67016,43.22907],[-109.67267,43.23345],[-109.67782,43.23597],[-109.67718,43.24419],[-109.67402,43.24789],[-109.67716,43.2485],[-109.68221,43.25525],[-109.68235,43.25877],[-109.69268,43.26517],[-109.68376,43.26876],[-109.67873,43.27348],[-109.67906,43.2755],[-109.6854,43.28163],[-109.68574,43.28563],[-109.68031,43.28786],[-109.68155,43.29331],[-109.67357,43.29706],[-109.67199,43.30118],[-109.67405,43.30458],[-109.67198,43.30936],[-109.67707,43.31279],[-109.67959,43.31799],[-109.686,43.31861],[-109.69373,43.32457],[-109.70027,43.33466],[-109.70099,43.3419],[-109.69477,43.34925],[-109.69474,43.35729],[-109.69628,43.35918],[-109.69429,43.36555],[-109.70488,43.36878],[-109.7088,43.37439],[-109.72706,43.36951],[-109.73625,43.36532],[-109.7584,43.3661],[-109.76207,43.36815],[-109.76967,43.37833],[-109.77769,43.38093],[-109.78377,43.38771],[-109.7958,43.39047],[-109.81624,43.38589],[-109.81783,43.38365],[-109.82336,43.38164],[-109.82989,43.38114],[-109.836,43.38291],[-109.83958,43.38105],[-109.85404,43.38519],[-109.86377,43.38126],[-109.87813,43.37848],[-109.89997,43.38485],[-109.92341,43.39798],[-109.9349,43.40922],[-109.93611,43.41488],[-109.94378,43.41648],[-109.94731,43.42179],[-109.95447,43.42],[-109.9689,43.42038],[-109.97051,43.42334],[-109.98971,43.42957],[-109.99711,43.44454],[-110.00132,43.4442],[-110.0047,43.4465],[-110.01064,43.44527],[-110.01498,43.44189],[-110.01795,43.44254],[-110.02193,43.4409],[-110.0315,43.44945],[-110.03806,43.45088]]]}},{"type":"Feature","properties":{"huc2":"15","name":"Lower Colorado Region","states":"AZ,CA,MX,NM,NV,UT"},"geometry":{"type":"Polygon","coordinates":[[[-115.07862,39.30055],[-115.08029,39.30285],[-115.0894,39.29811],[-115.08721,39.29478],[-115.09212,39.29046],[-115.09271,39.28433],[-115.095,39.28183],[-115.0986,39.28185],[-115.10268,39.27943],[-115.10506,39.26918],[-115.10146,39.26099],[-115.10573,39.25956],[-115.10768,39.25495],[-115.11066,39.25505],[-115.11322,39.2582],[-115.11831,39.25296],[-115.11935,39.24822],[-115.1176,39.23961],[-115.11556,39.23893],[-115.11438,39.23147],[-115.10695,39.2223],[-115.10745,39.21789],[-115.11273,39.20986],[-115.11602,39.21035],[-115.1181,39.20783],[-115.12386,39.20667],[-115.12525,39.20366],[-115.13144,39.20159],[-115.13542,39.19686],[-115.14135,39.19731],[-115.1471,39.19496],[-115.15589,39.19407],[-115.15546,39.19106],[-115.16076,39.18755],[-115.16402,39.18016],[-115.17156,39.17379],[-115.18832,39.16629],[-115.19147,39.15235],[-115.19788,39.14539],[-115.19914,39.14076],[-115.20579,39.13679],[-115.21495,39.12796],[-115.23167,39.12052],[-115.23833,39.11595],[-115.24725,39.09949],[-115.25202,39.09577],[-115.26226,39.0924],[-115.26817,39.08717],[-115.27266,39.08662],[-115.28092,39.0787],[-115.28858,39.07936],[-115.30009,39.0776],[-115.30568,39.08305],[-115.31178,39.08495],[-115.31498,39.08425],[-115.32157,39.07717],[-115.33225,39.07435],[-115.33659,39.0823],[-115.34356,39.0838],[-115.34666,39.09012],[-115.35155,39.09133],[-115.35537,39.08895],[-115.35593,39.0964],[-115.3597,39.09495],[-115.36219,39.09697],[-115.3653,39.10826],[-115.37007,39.10823],[-115.3783,39.11107],[-115.38,39.11407],[-115.38729,39.11245],[-115.39167,39.10846],[-115.39882,39.10603],[-115.4,39.09334],[-115.40228,39.09092],[-115.40796,39.08902],[-115.41415,39.0912],[-115.41846,39.08985],[-115.41901,39.08154],[-115.41546,39.0694],[-115.41022,39.06869],[-115.4063,39.06465],[-115.40711,39.05708],[-115.40453,39.05242],[-115.40708,39.04767],[-115.40312,39.04303],[-115.40462,39.04015],[-115.40275,39.03781],[-115.40383,39.03327],[-115.40211,39.03129],[-115.4064,39.0272],[-115.41465,39.02636],[-115.4169,39.02252],[-115.42055,39.02267],[-115.42266,39.02041],[-115.41744,39.01261],[-115.4177,39.0048],[-115.41484,38.99482],[-115.41606,38.98636],[-115.41942,38.97849],[-115.42658,38.9747],[-115.43,38.96794],[-115.42914,38.96524],[-115.43091,38.95588],[-115.43521,38.95247],[-115.43338,38.94066],[-115.42742,38.93397],[-115.42351,38.92403],[-115.42637,38.92054],[-115.42369,38.91395],[-115.42465,38.90925],[-115.41995,38.90454],[-115.41993,38.90045],[-115.41281,38.90015],[-115.40854,38.90174],[-115.40303,38.9116],[-115.39105,38.9111],[-115.38338,38.90769],[-115.37435,38.91377],[-115.37082,38.90581],[-115.36487,38.90423],[-115.35972,38.89878],[-115.3547,38.89724],[-115.35421,38.89335],[-115.34728,38.88823],[-115.34227,38.88695],[-115.33694,38.88205],[-115.33302,38.8745],[-115.32693,38.87305],[-115.32469,38.87021],[-115.31601,38.86984],[-115.32224,38.85736],[-115.32143,38.85076],[-115.31664,38.85109],[-115.3139,38.84718],[-115.31062,38.84656],[-115.3071,38.84049],[-115.29915,38.83807],[-115.29538,38.83065],[-115.29105,38.83057],[-115.28933,38.82321],[-115.28241,38.81711],[-115.2871,38.81111],[-115.30417,38.80276],[-115.30989,38.7955],[-115.30524,38.79468],[-115.30165,38.7849],[-115.29732,38.78499],[-115.29697,38.77554],[-115.29269,38.76932],[-115.29904,38.7622],[-115.30164,38.75304],[-115.30538,38.75068],[-115.30568,38.74713],[-115.31078,38.74338],[-115.30386,38.73313],[-115.30529,38.73015],[-115.29922,38.72499],[-115.30666,38.71633],[-115.30813,38.71208],[-115.3066,38.70652],[-115.31091,38.70626],[-115.30959,38.70059],[-115.31252,38.69569],[-115.31199,38.69296],[-115.31477,38.6906],[-115.31264,38.68671],[-115.30834,38.68587],[-115.30767,38.68284],[-115.29988,38.67815],[-115.30043,38.67375],[-115.29658,38.67019],[-115.29833,38.66624],[-115.29725,38.66322],[-115.30131,38.65543],[-115.30372,38.65515],[-115.30391,38.6525],[-115.3019,38.65013],[-115.3024,38.64523],[-115.29732,38.64235],[-115.29372,38.63552],[-115.30442,38.63018],[-115.30861,38.62104],[-115.30552,38.61301],[-115.30782,38.60961],[-115.3128,38.61036],[-115.31613,38.60529],[-115.31852,38.60428],[-115.31701,38.60075],[-115.32538,38.59654],[-115.32782,38.59316],[-115.32751,38.58784],[-115.33016,38.58172],[-115.33506,38.57822],[-115.34262,38.57663],[-115.34434,38.57381],[-115.35118,38.56931],[-115.35831,38.55626],[-115.37007,38.55539],[-115.36992,38.54477],[-115.37393,38.54234],[-115.37114,38.53519],[-115.37293,38.52622],[-115.37633,38.52469],[-115.37844,38.52131],[-115.37847,38.5152],[-115.38222,38.50803],[-115.39653,38.50627],[-115.39705,38.50134],[-115.38905,38.49722],[-115.38676,38.49137],[-115.37571,38.48709],[-115.3766,38.4803],[-115.3747,38.47776],[-115.36812,38.47607],[-115.35964,38.47832],[-115.36033,38.47595],[-115.36459,38.47415],[-115.36337,38.47008],[-115.36544,38.46967],[-115.36667,38.46667],[-115.36397,38.46505],[-115.36275,38.46074],[-115.35999,38.45994],[-115.36181,38.45165],[-115.3565,38.44997],[-115.3588,38.44603],[-115.36557,38.44412],[-115.37465,38.43302],[-115.38234,38.43349],[-115.40258,38.42182],[-115.41256,38.42259],[-115.41524,38.42036],[-115.41981,38.4218],[-115.42271,38.42019],[-115.4219,38.41834],[-115.44866,38.40306],[-115.45472,38.40563],[-115.46209,38.39813],[-115.46523,38.39689],[-115.464,38.38904],[-115.46646,38.382],[-115.46901,38.38043],[-115.47239,38.38103],[-115.47394,38.37777],[-115.48575,38.37397],[-115.49098,38.37411],[-115.49444,38.37203],[-115.50109,38.35504],[-115.50096,38.34903],[-115.49495,38.34034],[-115.48972,38.33605],[-115.49194,38.32917],[-115.47781,38.32391],[-115.4652,38.32592],[-115.44845,38.3237],[-115.43644,38.31962],[-115.42691,38.31847],[-115.4027,38.30379],[-115.39741,38.29759],[-115.39095,38.29485],[-115.38315,38.28633],[-115.37809,38.28349],[-115.3706,38.27115],[-115.36448,38.26744],[-115.35497,38.26301],[-115.34369,38.26104],[-115.33356,38.26018],[-115.32655,38.26073],[-115.32559,38.26276],[-115.32124,38.26234],[-115.31632,38.26092],[-115.31105,38.25554],[-115.30603,38.25291],[-115.29984,38.2519],[-115.30042,38.24731],[-115.30276,38.24417],[-115.29869,38.23979],[-115.30166,38.23666],[-115.30137,38.23387],[-115.30381,38.23058],[-115.30527,38.22187],[-115.30402,38.21615],[-115.29472,38.21341],[-115.28339,38.21284],[-115.272,38.20774],[-115.26957,38.20438],[-115.27449,38.20205],[-115.2732,38.19666],[-115.25883,38.1869],[-115.25086,38.18454],[-115.24949,38.18046],[-115.23827,38.17083],[-115.23478,38.16105],[-115.23505,38.15508],[-115.22067,38.15273],[-115.21246,38.15485],[-115.21339,38.1505],[-115.21677,38.14903],[-115.21581,38.14648],[-115.20187,38.14366],[-115.19778,38.13896],[-115.19532,38.13854],[-115.19076,38.13144],[-115.19057,38.12815],[-115.18419,38.12356],[-115.184,38.12052],[-115.17166,38.1154],[-115.1633,38.11754],[-115.15174,38.11596],[-115.1491,38.11285],[-115.14248,38.11039],[-115.14121,38.10566],[-115.13449,38.10315],[-115.13336,38.10025],[-115.13696,38.09759],[-115.13176,38.09268],[-115.12808,38.08456],[-115.1282,38.08234],[-115.13229,38.07785],[-115.12926,38.07718],[-115.12928,38.073],[-115.12741,38.07031],[-115.11455,38.06648],[-115.10562,38.06213],[-115.10277,38.05907],[-115.10149,38.05386],[-115.10513,38.04949],[-115.10166,38.04319],[-115.10265,38.0389],[-115.09695,38.03666],[-115.0953,38.03271],[-115.0967,38.01966],[-115.08959,38.01795],[-115.083,38.00779],[-115.08517,38.00138],[-115.08876,38.00041],[-115.09054,37.996],[-115.09688,37.99116],[-115.09591,37.9856],[-115.10316,37.97833],[-115.10821,37.97817],[-115.11354,37.98056],[-115.1246,37.97939],[-115.13251,37.97017],[-115.13226,37.96489],[-115.13618,37.96011],[-115.13641,37.95527],[-115.139,37.95425],[-115.13964,37.9501],[-115.1431,37.94882],[-115.148,37.94095],[-115.14579,37.9385],[-115.1412,37.93819],[-115.13588,37.93187],[-115.13781,37.92983],[-115.13615,37.92626],[-115.13622,37.91752],[-115.14183,37.90918],[-115.14233,37.90595],[-115.14636,37.90381],[-115.14578,37.89841],[-115.15235,37.89786],[-115.15804,37.89409],[-115.16599,37.89151],[-115.16906,37.88729],[-115.17445,37.88812],[-115.17718,37.89257],[-115.18124,37.89051],[-115.18178,37.8865],[-115.18414,37.88375],[-115.19106,37.88177],[-115.18974,37.87614],[-115.19183,37.87068],[-115.19492,37.86928],[-115.19439,37.8583],[-115.18384,37.85225],[-115.18504,37.84813],[-115.1808,37.84489],[-115.18129,37.84223],[-115.19307,37.83982],[-115.19631,37.834],[-115.20309,37.83018],[-115.21123,37.82256],[-115.21676,37.82433],[-115.2201,37.82807],[-115.2332,37.82952],[-115.23736,37.82454],[-115.24728,37.82075],[-115.24768,37.81318],[-115.25256,37.81328],[-115.25626,37.80988],[-115.26098,37.80865],[-115.25919,37.80098],[-115.26539,37.79815],[-115.2649,37.79499],[-115.26699,37.79118],[-115.27055,37.78919],[-115.26896,37.78675],[-115.27159,37.77968],[-115.27672,37.77424],[-115.27447,37.76774],[-115.27785,37.76553],[-115.27748,37.76144],[-115.28089,37.75314],[-115.27921,37.74946],[-115.28035,37.74544],[-115.27871,37.74019],[-115.28139,37.73604],[-115.2857,37.7334],[-115.28139,37.72596],[-115.2777,37.72542],[-115.27694,37.7183],[-115.27133,37.71317],[-115.27792,37.70978],[-115.27653,37.70707],[-115.27852,37.70285],[-115.28494,37.70322],[-115.29831,37.69813],[-115.30015,37.69967],[-115.30553,37.69857],[-115.31218,37.69516],[-115.32985,37.69975],[-115.33945,37.69493],[-115.34082,37.69681],[-115.3439,37.69714],[-115.34863,37.69587],[-115.34838,37.69311],[-115.35631,37.68383],[-115.36,37.68316],[-115.3631,37.68551],[-115.36928,37.68336],[-115.36897,37.68115],[-115.3705,37.67982],[-115.37797,37.67987],[-115.38135,37.66525],[-115.38651,37.66395],[-115.39196,37.65816],[-115.39146,37.6543],[-115.39571,37.65209],[-115.40163,37.64522],[-115.3994,37.64256],[-115.40249,37.63642],[-115.40871,37.63006],[-115.40943,37.62603],[-115.41452,37.62216],[-115.41241,37.62095],[-115.4132,37.61722],[-115.40945,37.60412],[-115.41316,37.59966],[-115.41336,37.59703],[-115.41593,37.59624],[-115.4174,37.59161],[-115.41738,37.58328],[-115.41401,37.57901],[-115.41444,37.57255],[-115.42035,37.56686],[-115.42445,37.56544],[-115.42507,37.56286],[-115.42812,37.56047],[-115.42765,37.55594],[-115.43095,37.55627],[-115.43225,37.55463],[-115.41742,37.54872],[-115.41717,37.54675],[-115.41879,37.54443],[-115.41871,37.54043],[-115.42138,37.53918],[-115.42453,37.53371],[-115.42358,37.52393],[-115.42666,37.52212],[-115.43002,37.51369],[-115.43524,37.51257],[-115.43073,37.51083],[-115.4296,37.50492],[-115.42712,37.50223],[-115.42338,37.50168],[-115.4218,37.49931],[-115.4218,37.48906],[-115.42314,37.4865],[-115.41947,37.48073],[-115.42034,37.47305],[-115.42208,37.47001],[-115.42581,37.47063],[-115.42781,37.46922],[-115.42443,37.46474],[-115.42372,37.45857],[-115.41685,37.45679],[-115.41797,37.45312],[-115.40832,37.44638],[-115.40696,37.44244],[-115.40299,37.43974],[-115.39872,37.44302],[-115.3949,37.44044],[-115.38776,37.44152],[-115.38381,37.43641],[-115.3839,37.43326],[-115.3779,37.43061],[-115.37295,37.43206],[-115.35649,37.42373],[-115.35508,37.41842],[-115.34934,37.41213],[-115.34884,37.40438],[-115.34673,37.4032],[-115.34525,37.39839],[-115.3398,37.39763],[-115.33695,37.39056],[-115.33908,37.38763],[-115.34197,37.38734],[-115.34183,37.38549],[-115.33577,37.3832],[-115.33466,37.38033],[-115.34002,37.3668],[-115.33578,37.36469],[-115.33846,37.36282],[-115.3365,37.35949],[-115.34102,37.35848],[-115.33866,37.35341],[-115.343,37.35389],[-115.34712,37.35196],[-115.34672,37.34823],[-115.35104,37.34387],[-115.34567,37.3295],[-115.34708,37.32346],[-115.34154,37.31891],[-115.33451,37.31816],[-115.33365,37.31528],[-115.33527,37.31103],[-115.32791,37.30935],[-115.32605,37.30564],[-115.32133,37.30284],[-115.32696,37.29764],[-115.31874,37.2924],[-115.31775,37.29006],[-115.31109,37.287],[-115.31134,37.2851],[-115.31394,37.28455],[-115.30506,37.27274],[-115.30561,37.27014],[-115.29596,37.2639],[-115.29563,37.25731],[-115.29202,37.25334],[-115.29428,37.25134],[-115.29315,37.24873],[-115.28798,37.2454],[-115.28825,37.24177],[-115.28215,37.23271],[-115.27966,37.2165],[-115.27268,37.21357],[-115.2691,37.20782],[-115.26606,37.19995],[-115.26962,37.19519],[-115.26336,37.1886],[-115.25946,37.17953],[-115.25981,37.17675],[-115.25816,37.17444],[-115.26004,37.16859],[-115.25605,37.16374],[-115.25582,37.16103],[-115.26105,37.1554],[-115.26124,37.15192],[-115.2545,37.15215],[-115.2516,37.15009],[-115.24477,37.15636],[-115.24661,37.1621],[-115.24267,37.1703],[-115.23701,37.16875],[-115.22939,37.17011],[-115.2244,37.16828],[-115.22262,37.17054],[-115.21744,37.17003],[-115.21456,37.16716],[-115.20596,37.16655],[-115.20603,37.16443],[-115.2017,37.16331],[-115.19766,37.15799],[-115.19034,37.15413],[-115.18483,37.14581],[-115.18005,37.14354],[-115.17593,37.13501],[-115.16606,37.13566],[-115.16042,37.13268],[-115.15187,37.1342],[-115.14557,37.13108],[-115.14132,37.12763],[-115.14008,37.12353],[-115.13709,37.12239],[-115.13575,37.11908],[-115.13987,37.10564],[-115.13643,37.10238],[-115.13814,37.09977],[-115.1354,37.09161],[-115.13557,37.08671],[-115.13033,37.081],[-115.13544,37.07645],[-115.13491,37.07176],[-115.13917,37.06638],[-115.13784,37.0619],[-115.13939,37.06062],[-115.13877,37.0538],[-115.14012,37.05219],[-115.1321,37.03676],[-115.1331,37.03188],[-115.13048,37.02919],[-115.1295,37.02416],[-115.1232,37.02107],[-115.12624,37.01057],[-115.12486,37.00885],[-115.12636,36.99689],[-115.12828,36.99403],[-115.12659,36.99065],[-115.12688,36.98568],[-115.12267,36.98174],[-115.12294,36.97912],[-115.12649,36.97808],[-115.12211,36.97328],[-115.124,36.96323],[-115.1233,36.9594],[-115.11971,36.95587],[-115.11968,36.95188],[-115.1147,36.94465],[-115.11584,36.94138],[-115.11142,36.93953],[-115.1131,36.93523],[-115.11254,36.931],[-115.11615,36.92211],[-115.11355,36.91866],[-115.114,36.9157],[-115.1121,36.91276],[-115.1066,36.90828],[-115.1091,36.90106],[-115.10535,36.89578],[-115.10399,36.89006],[-115.10942,36.88294],[-115.10487,36.87235],[-115.1059,36.86654],[-115.10834,36.86528],[-115.11045,36.8598],[-115.11024,36.85658],[-115.10496,36.8525],[-115.10277,36.8452],[-115.10467,36.84223],[-115.10171,36.83766],[-115.10374,36.833],[-115.11095,36.82854],[-115.11155,36.82637],[-115.10387,36.81918],[-115.11294,36.80109],[-115.11213,36.79819],[-115.10962,36.79723],[-115.10922,36.79444],[-115.11155,36.79239],[-115.111,36.78758],[-115.12084,36.78094],[-115.12287,36.77604],[-115.12186,36.7733],[-115.1244,36.77078],[-115.1242,36.76845],[-115.12817,36.76116],[-115.1239,36.75587],[-115.12828,36.75348],[-115.13261,36.74805],[-115.1306,36.7434],[-115.13398,36.74145],[-115.1353,36.73791],[-115.15426,36.71954],[-115.15348,36.717],[-115.15681,36.71312],[-115.15538,36.70853],[-115.16625,36.701],[-115.17436,36.69927],[-115.1787,36.69483],[-115.18452,36.69669],[-115.19574,36.69575],[-115.20368,36.69952],[-115.20636,36.69937],[-115.21109,36.70561],[-115.2189,36.7089],[-115.22359,36.71497],[-115.2298,36.71614],[-115.23452,36.71892],[-115.25371,36.71689],[-115.27529,36.7204],[-115.27797,36.71678],[-115.28721,36.72504],[-115.29941,36.72792],[-115.30923,36.73243],[-115.30972,36.73542],[-115.31451,36.7403],[-115.31905,36.73761],[-115.32721,36.74033],[-115.33182,36.73725],[-115.3329,36.73421],[-115.33655,36.733],[-115.34052,36.73379],[-115.34501,36.73906],[-115.34272,36.74348],[-115.34543,36.74761],[-115.36754,36.74483],[-115.36992,36.74397],[-115.37059,36.74073],[-115.37788,36.74231],[-115.38456,36.73957],[-115.38713,36.74042],[-115.39133,36.73892],[-115.39621,36.73448],[-115.42109,36.72929],[-115.43144,36.73213],[-115.44623,36.74209],[-115.46283,36.74547],[-115.46672,36.75191],[-115.46555,36.7544],[-115.46704,36.75649],[-115.48082,36.75962],[-115.48512,36.75814],[-115.49011,36.76272],[-115.49483,36.76358],[-115.49907,36.76093],[-115.49986,36.75872],[-115.50345,36.76],[-115.50598,36.75875],[-115.50786,36.7547],[-115.51668,36.75139],[-115.52042,36.75149],[-115.5223,36.74864],[-115.52642,36.74899],[-115.53656,36.74464],[-115.53813,36.74084],[-115.53196,36.73478],[-115.53739,36.73156],[-115.53652,36.72823],[-115.54294,36.72539],[-115.54578,36.71913],[-115.54433,36.71585],[-115.54519,36.70758],[-115.54383,36.70468],[-115.54501,36.70145],[-115.54188,36.69494],[-115.54418,36.68927],[-115.54353,36.68758],[-115.54644,36.68307],[-115.55706,36.67668],[-115.56499,36.66038],[-115.57143,36.65323],[-115.56689,36.64988],[-115.56171,36.6498],[-115.56271,36.64529],[-115.57209,36.64205],[-115.57098,36.63838],[-115.57334,36.6308],[-115.57004,36.62432],[-115.58353,36.61336],[-115.59066,36.61159],[-115.60023,36.60049],[-115.61122,36.60158],[-115.61762,36.60042],[-115.61889,36.59328],[-115.61294,36.59254],[-115.61109,36.59028],[-115.61193,36.57907],[-115.61727,36.57696],[-115.6241,36.55716],[-115.63897,36.5351],[-115.64571,36.52702],[-115.65759,36.51748],[-115.66679,36.50381],[-115.65907,36.50164],[-115.65688,36.49185],[-115.66383,36.48592],[-115.6606,36.48129],[-115.66655,36.47879],[-115.67391,36.46812],[-115.67183,36.46168],[-115.67397,36.45969],[-115.67499,36.44961],[-115.67749,36.44497],[-115.67807,36.43512],[-115.68276,36.43],[-115.68589,36.42187],[-115.68716,36.40946],[-115.68298,36.39614],[-115.68714,36.39352],[-115.68753,36.3887],[-115.69312,36.37906],[-115.69309,36.36855],[-115.69129,36.36493],[-115.69203,36.35784],[-115.69723,36.35167],[-115.69565,36.34624],[-115.69637,36.34141],[-115.69207,36.3368],[-115.69176,36.32944],[-115.70032,36.32496],[-115.70596,36.32484],[-115.70611,36.32002],[-115.69911,36.30424],[-115.70015,36.30158],[-115.69246,36.29348],[-115.6924,36.29095],[-115.68961,36.28747],[-115.69363,36.28545],[-115.69559,36.27954],[-115.69511,36.26654],[-115.68463,36.25881],[-115.67844,36.25798],[-115.67214,36.25246],[-115.67156,36.24936],[-115.66612,36.244],[-115.65782,36.23822],[-115.65186,36.23776],[-115.64685,36.23238],[-115.6338,36.23638],[-115.62711,36.24007],[-115.61212,36.24154],[-115.60376,36.22535],[-115.59117,36.21317],[-115.58245,36.20998],[-115.57746,36.20234],[-115.56368,36.1998],[-115.56251,36.19752],[-115.55673,36.1946],[-115.5439,36.19598],[-115.53895,36.18938],[-115.53129,36.18398],[-115.53132,36.18218],[-115.53445,36.18076],[-115.5365,36.17358],[-115.53199,36.17034],[-115.5365,36.16712],[-115.53963,36.16209],[-115.53931,36.15825],[-115.53598,36.15573],[-115.53611,36.15279],[-115.53922,36.15111],[-115.54298,36.13963],[-115.53999,36.13638],[-115.54037,36.13487],[-115.53461,36.13293],[-115.5328,36.13077],[-115.52827,36.1307],[-115.52578,36.13291],[-115.52017,36.13388],[-115.52137,36.1313],[-115.52023,36.1275],[-115.5239,36.12054],[-115.52305,36.11126],[-115.52132,36.10822],[-115.51428,36.10301],[-115.50872,36.09348],[-115.50146,36.08816],[-115.50064,36.08272],[-115.49356,36.07537],[-115.49358,36.07319],[-115.49729,36.0686],[-115.49419,36.05665],[-115.49067,36.05058],[-115.4856,36.05003],[-115.48285,36.04475],[-115.4845,36.0411],[-115.4824,36.03605],[-115.48523,36.03315],[-115.48364,36.0252],[-115.4874,36.02145],[-115.49656,36.02082],[-115.50395,36.01525],[-115.50566,36.01215],[-115.51354,36.01085],[-115.50898,36.00559],[-115.50816,35.99905],[-115.51595,35.99604],[-115.52149,35.99772],[-115.52276,35.99394],[-115.52726,35.99116],[-115.52677,35.98914],[-115.52354,35.9875],[-115.52405,35.98529],[-115.52076,35.98415],[-115.52207,35.98209],[-115.52128,35.97813],[-115.51764,35.97719],[-115.51737,35.97058],[-115.50726,35.96658],[-115.50236,35.96743],[-115.49934,35.9632],[-115.49484,35.96217],[-115.47478,35.96264],[-115.47359,35.95921],[-115.46743,35.95533],[-115.4571,35.95196],[-115.44663,35.95386],[-115.4444,35.95701],[-115.44047,35.95689],[-115.43921,35.96048],[-115.43501,35.95633],[-115.43234,35.95659],[-115.42797,35.95162],[-115.42714,35.94756],[-115.42786,35.94591],[-115.43249,35.94453],[-115.43278,35.94278],[-115.42566,35.92849],[-115.42155,35.9282],[-115.41935,35.92557],[-115.41437,35.92612],[-115.41231,35.92913],[-115.40692,35.92689],[-115.40554,35.92233],[-115.40217,35.92079],[-115.40185,35.91571],[-115.39865,35.91052],[-115.39677,35.90124],[-115.39286,35.89875],[-115.38935,35.89031],[-115.38674,35.88865],[-115.38781,35.88712],[-115.38663,35.88396],[-115.37251,35.87963],[-115.36674,35.87422],[-115.36411,35.86798],[-115.3624,35.8683],[-115.35687,35.87727],[-115.34973,35.88396],[-115.343,35.88699],[-115.3386,35.88719],[-115.33873,35.88864],[-115.34369,35.8916],[-115.34239,35.89647],[-115.33362,35.89975],[-115.3308,35.89515],[-115.32782,35.89493],[-115.32728,35.90011],[-115.32493,35.90109],[-115.31521,35.89952],[-115.31242,35.89592],[-115.30879,35.89638],[-115.30331,35.8937],[-115.30029,35.88697],[-115.29262,35.88723],[-115.28834,35.89089],[-115.28236,35.88837],[-115.28011,35.88577],[-115.27495,35.8857],[-115.27489,35.88815],[-115.26921,35.89025],[-115.26496,35.88364],[-115.26525,35.88128],[-115.25948,35.8808],[-115.25195,35.87362],[-115.24924,35.87367],[-115.24664,35.87694],[-115.24331,35.87649],[-115.2289,35.8626],[-115.21805,35.8647],[-115.21249,35.85887],[-115.20621,35.85673],[-115.20293,35.85717],[-115.19896,35.86316],[-115.19994,35.8678],[-115.19461,35.8703],[-115.18879,35.86752],[-115.18576,35.86951],[-115.18001,35.8699],[-115.17889,35.87257],[-115.17465,35.87492],[-115.17636,35.87819],[-115.17204,35.87961],[-115.16864,35.88349],[-115.1648,35.88247],[-115.1604,35.88377],[-115.15337,35.88035],[-115.14846,35.88377],[-115.13398,35.88391],[-115.13203,35.88158],[-115.12381,35.88155],[-115.12811,35.87732],[-115.12589,35.87368],[-115.12737,35.8674],[-115.12647,35.86249],[-115.12183,35.85942],[-115.12228,35.85758],[-115.11742,35.85233],[-115.11719,35.85015],[-115.1143,35.84879],[-115.11041,35.84164],[-115.10483,35.83746],[-115.1025,35.83015],[-115.09833,35.8269],[-115.08933,35.83015],[-115.0865,35.82943],[-115.08181,35.8314],[-115.07535,35.84011],[-115.07226,35.84129],[-115.06933,35.84937],[-115.07182,35.85016],[-115.07087,35.85646],[-115.06387,35.85921],[-115.06184,35.8628],[-115.05584,35.86634],[-115.0503,35.86466],[-115.04729,35.86596],[-115.04368,35.87469],[-115.04392,35.87863],[-115.04002,35.88033],[-115.04162,35.88374],[-115.04047,35.88671],[-115.044,35.88854],[-115.04646,35.89973],[-115.04468,35.90587],[-115.04483,35.92207],[-115.0419,35.92341],[-115.04138,35.92679],[-115.04422,35.93154],[-115.04223,35.93554],[-115.04406,35.93975],[-115.04172,35.94118],[-115.04305,35.94555],[-115.04075,35.94924],[-115.0421,35.95188],[-115.03715,35.95265],[-115.03726,35.95448],[-115.03383,35.95699],[-115.03426,35.9594],[-115.03139,35.96194],[-115.02505,35.96345],[-115.01801,35.96266],[-115.0105,35.96521],[-115.00678,35.96237],[-114.99706,35.96104],[-114.99371,35.96635],[-114.9905,35.96679],[-114.98812,35.96266],[-114.983,35.96481],[-114.97865,35.96311],[-114.96383,35.9632],[-114.96016,35.95963],[-114.9573,35.96015],[-114.95137,35.95685],[-114.94515,35.95584],[-114.94147,35.96179],[-114.93756,35.96205],[-114.9362,35.96637],[-114.92689,35.97159],[-114.92315,35.97756],[-114.91459,35.98413],[-114.91022,35.98467],[-114.90206,35.98031],[-114.89627,35.9846],[-114.88533,35.98754],[-114.88586,35.98911],[-114.88132,35.9939],[-114.8771,35.99304],[-114.8786,35.99593],[-114.87723,35.99909],[-114.86375,35.99784],[-114.861,35.99432],[-114.86346,35.98821],[-114.86058,35.98685],[-114.85803,35.98275],[-114.84596,35.97765],[-114.83946,35.97959],[-114.83939,35.9812],[-114.83418,35.98128],[-114.82826,35.97907],[-114.82467,35.9795],[-114.82031,35.98317],[-114.81698,35.98281],[-114.81629,35.97959],[-114.81381,35.979],[-114.81214,35.97532],[-114.81296,35.96699],[-114.8111,35.95812],[-114.8073,35.95312],[-114.79095,35.94404],[-114.77997,35.94482],[-114.77732,35.94817],[-114.76497,35.95026],[-114.76282,35.95253],[-114.7632,35.96027],[-114.75836,35.96352],[-114.75636,35.95952],[-114.75722,35.94499],[-114.75988,35.94411],[-114.76287,35.93787],[-114.75605,35.93358],[-114.7534,35.92842],[-114.7529,35.91372],[-114.74885,35.91213],[-114.74622,35.90652],[-114.74778,35.89918],[-114.75241,35.89409],[-114.75268,35.88604],[-114.75767,35.8839],[-114.75856,35.8791],[-114.75504,35.86981],[-114.7591,35.86625],[-114.76183,35.8663],[-114.76073,35.86193],[-114.76372,35.85668],[-114.75887,35.83766],[-114.76278,35.82851],[-114.75946,35.82074],[-114.76527,35.81868],[-114.7704,35.81905],[-114.77493,35.80741],[-114.7776,35.80528],[-114.7766,35.80025],[-114.77916,35.79792],[-114.78609,35.79713],[-114.78736,35.79455],[-114.78571,35.79147],[-114.78766,35.79141],[-114.78799,35.7872],[-114.79271,35.78272],[-114.803,35.78522],[-114.80681,35.7807],[-114.80729,35.77768],[-114.81581,35.77288],[-114.81506,35.76921],[-114.8196,35.76611],[-114.81679,35.7631],[-114.82165,35.75638],[-114.82152,35.75371],[-114.8242,35.75338],[-114.82666,35.74655],[-114.82124,35.73361],[-114.82679,35.72919],[-114.82701,35.7263],[-114.83143,35.72873],[-114.83733,35.72692],[-114.83993,35.72979],[-114.84249,35.72774],[-114.84685,35.72875],[-114.8554,35.72773],[-114.86008,35.72468],[-114.86505,35.72725],[-114.86636,35.72219],[-114.86477,35.71661],[-114.86843,35.71347],[-114.86754,35.71023],[-114.86985,35.70581],[-114.87982,35.70575],[-114.88449,35.70309],[-114.88274,35.69725],[-114.87947,35.69436],[-114.86849,35.69173],[-114.8659,35.68899],[-114.85579,35.68875],[-114.8489,35.68556],[-114.84777,35.6828],[-114.84993,35.68019],[-114.84836,35.67739],[-114.84962,35.67262],[-114.84552,35.67119],[-114.84668,35.66883],[-114.84164,35.66542],[-114.83414,35.65457],[-114.83518,35.65194],[-114.83999,35.65134],[-114.84182,35.64552],[-114.83849,35.64168],[-114.83661,35.63217],[-114.83454,35.6289],[-114.83072,35.60544],[-114.83141,35.60017],[-114.82699,35.59017],[-114.8331,35.57997],[-114.84256,35.57529],[-114.84163,35.56697],[-114.84585,35.56063],[-114.84314,35.55581],[-114.84762,35.54971],[-114.84803,35.54082],[-114.84946,35.53976],[-114.85485,35.54151],[-114.85741,35.53965],[-114.85762,35.53668],[-114.86219,35.53487],[-114.86375,35.53018],[-114.86282,35.52426],[-114.85893,35.52178],[-114.85798,35.51695],[-114.85601,35.51547],[-114.85601,35.51295],[-114.85962,35.51091],[-114.86049,35.50756],[-114.88638,35.50263],[-114.89451,35.4993],[-114.8954,35.49664],[-114.89873,35.49657],[-114.90813,35.48987],[-114.91388,35.49084],[-114.91454,35.49395],[-114.91971,35.49527],[-114.92701,35.50064],[-114.93171,35.4987],[-114.93676,35.50023],[-114.94357,35.49918],[-114.94651,35.50152],[-114.95259,35.50289],[-114.95969,35.51083],[-114.96397,35.51105],[-114.96453,35.51474],[-114.96074,35.5214],[-114.97116,35.52776],[-114.97198,35.53042],[-114.96915,35.53759],[-114.9697,35.54033],[-114.98131,35.5443],[-114.98433,35.54939],[-114.98726,35.54772],[-114.99145,35.54896],[-114.99565,35.55489],[-114.99975,35.5564],[-115.00311,35.55219],[-115.00922,35.55206],[-115.01131,35.55435],[-115.02279,35.55937],[-115.0312,35.56754],[-115.03767,35.56916],[-115.04019,35.57214],[-115.04345,35.57176],[-115.04781,35.56779],[-115.05282,35.57017],[-115.05153,35.57562],[-115.05476,35.58124],[-115.05735,35.57697],[-115.06562,35.5727],[-115.06578,35.5696],[-115.07304,35.56338],[-115.09795,35.55693],[-115.12213,35.55625],[-115.14401,35.55803],[-115.15102,35.55605],[-115.15406,35.5576],[-115.1615,35.55729],[-115.16303,35.55896],[-115.16746,35.55953],[-115.17117,35.56378],[-115.17471,35.56442],[-115.17437,35.55338],[-115.1714,35.5463],[-115.17394,35.5381],[-115.16858,35.53623],[-115.16709,35.53315],[-115.16197,35.53063],[-115.15398,35.52917],[-115.15234,35.5271],[-115.14935,35.52725],[-115.14285,35.52359],[-115.14365,35.51873],[-115.14099,35.51787],[-115.13653,35.5115],[-115.13019,35.50682],[-115.13064,35.50419],[-115.12786,35.49963],[-115.12862,35.49721],[-115.12676,35.49539],[-115.12727,35.4923],[-115.12385,35.48805],[-115.12632,35.4859],[-115.12469,35.48398],[-115.12755,35.48106],[-115.12729,35.47679],[-115.12344,35.47673],[-115.12108,35.47444],[-115.12196,35.47133],[-115.11805,35.46679],[-115.11713,35.45987],[-115.12107,35.4579],[-115.12365,35.45247],[-115.12752,35.45265],[-115.12692,35.45018],[-115.12948,35.44819],[-115.12664,35.44591],[-115.12543,35.43972],[-115.12266,35.43804],[-115.12602,35.43515],[-115.12751,35.43096],[-115.13222,35.43086],[-115.13323,35.42636],[-115.13601,35.42413],[-115.12869,35.42124],[-115.12919,35.41229],[-115.13661,35.40817],[-115.13852,35.40427],[-115.13541,35.4005],[-115.13667,35.39777],[-115.14161,35.39534],[-115.14442,35.3956],[-115.14463,35.39312],[-115.14707,35.39274],[-115.15086,35.38742],[-115.16023,35.38185],[-115.15658,35.37934],[-115.15715,35.37554],[-115.16336,35.36561],[-115.16612,35.3646],[-115.16777,35.36142],[-115.17141,35.36107],[-115.17531,35.35786],[-115.17832,35.35933],[-115.17879,35.35806],[-115.18327,35.35747],[-115.18462,35.35503],[-115.18767,35.35723],[-115.19072,35.35377],[-115.18899,35.35079],[-115.19697,35.34506],[-115.22015,35.33722],[-115.21824,35.32568],[-115.22393,35.3261],[-115.2277,35.31794],[-115.22116,35.31118],[-115.21868,35.30502],[-115.21995,35.30275],[-115.22987,35.29639],[-115.23169,35.29875],[-115.2394,35.29972],[-115.2467,35.3041],[-115.24672,35.3003],[-115.25832,35.29804],[-115.25978,35.29561],[-115.26332,35.29628],[-115.26399,35.29486],[-115.26233,35.29234],[-115.26688,35.28784],[-115.26961,35.28193],[-115.26812,35.28083],[-115.27624,35.27764],[-115.28391,35.27894],[-115.29049,35.27717],[-115.29666,35.27754],[-115.29869,35.27521],[-115.30711,35.27228],[-115.30694,35.26669],[-115.31271,35.26045],[-115.31006,35.2549],[-115.31427,35.24991],[-115.31483,35.24554],[-115.31859,35.24193],[-115.31932,35.23234],[-115.32227,35.22933],[-115.32208,35.22506],[-115.32577,35.21991],[-115.31882,35.20162],[-115.32043,35.19795],[-115.3186,35.19292],[-115.3097,35.18377],[-115.30384,35.17398],[-115.29147,35.17255],[-115.28529,35.17023],[-115.27349,35.16254],[-115.2645,35.16072],[-115.25507,35.15556],[-115.25076,35.15135],[-115.23146,35.14114],[-115.20862,35.13454],[-115.19725,35.12906],[-115.17337,35.11314],[-115.1675,35.10599],[-115.16502,35.09846],[-115.1663,35.09681],[-115.16106,35.09228],[-115.15434,35.09476],[-115.13687,35.09574],[-115.12518,35.0874],[-115.11131,35.08438],[-115.10201,35.07786],[-115.10329,35.07646],[-115.11492,35.08077],[-115.11788,35.08387],[-115.12787,35.0835],[-115.14178,35.07024],[-115.14834,35.06939],[-115.15254,35.06419],[-115.15165,35.05945],[-115.14974,35.05842],[-115.15457,35.05532],[-115.16011,35.05522],[-115.16088,35.05204],[-115.15792,35.04934],[-115.14811,35.04859],[-115.14462,35.04271],[-115.14409,35.03833],[-115.13828,35.03593],[-115.12878,35.02736],[-115.12291,35.02654],[-115.11647,35.01727],[-115.11052,35.0132],[-115.10442,35.00509],[-115.08984,34.99634],[-115.07451,34.96887],[-115.0734,34.94922],[-115.06819,34.93117],[-115.0617,34.92345],[-115.05311,34.90884],[-115.04887,34.90848],[-115.04166,34.90364],[-115.03317,34.90266],[-115.02785,34.89958],[-115.02632,34.90499],[-115.02374,34.90728],[-115.0181,34.90988],[-115.00847,34.91009],[-115.0079,34.91489],[-115.00577,34.91516],[-114.99557,34.90947],[-114.96564,34.89851],[-114.9567,34.89043],[-114.93339,34.87801],[-114.92573,34.87003],[-114.91872,34.86604],[-114.91266,34.86386],[-114.90209,34.86549],[-114.89636,34.86547],[-114.89123,34.86312],[-114.88327,34.86376],[-114.88605,34.85854],[-114.88527,34.8566],[-114.8814,34.85289],[-114.87619,34.85217],[-114.87879,34.84949],[-114.87772,34.84546],[-114.87955,34.84149],[-114.87437,34.83854],[-114.8584,34.83675],[-114.8579,34.83489],[-114.86136,34.82936],[-114.86037,34.82319],[-114.85518,34.81783],[-114.8493,34.81465],[-114.84531,34.80961],[-114.82636,34.80998],[-114.8267,34.80631],[-114.8215,34.80258],[-114.82061,34.80131],[-114.82189,34.79864],[-114.81905,34.7969],[-114.82009,34.79086],[-114.81672,34.78631],[-114.8108,34.7834],[-114.81653,34.78211],[-114.81707,34.77708],[-114.81272,34.7687],[-114.80383,34.76537],[-114.80774,34.75788],[-114.80495,34.75247],[-114.80349,34.75241],[-114.80496,34.7502],[-114.80221,34.74425],[-114.80662,34.74013],[-114.8065,34.73572],[-114.80565,34.73336],[-114.80175,34.73306],[-114.79971,34.73019],[-114.80108,34.72656],[-114.80509,34.72031],[-114.80812,34.71971],[-114.80904,34.71609],[-114.8135,34.71328],[-114.81264,34.71045],[-114.81387,34.70901],[-114.81771,34.70889],[-114.82177,34.70561],[-114.82362,34.70041],[-114.83439,34.69528],[-114.83066,34.6917],[-114.83353,34.68667],[-114.83844,34.68445],[-114.84168,34.67781],[-114.84066,34.67449],[-114.84397,34.6723],[-114.84503,34.66629],[-114.84823,34.6637],[-114.85089,34.65556],[-114.85257,34.65296],[-114.85512,34.65266],[-114.85581,34.64895],[-114.86321,34.64009],[-114.86342,34.63541],[-114.86679,34.63229],[-114.87032,34.63144],[-114.87067,34.62581],[-114.87524,34.6225],[-114.87296,34.6212],[-114.87326,34.61753],[-114.8692,34.61374],[-114.87281,34.6122],[-114.87249,34.6103],[-114.86476,34.60542],[-114.86593,34.60291],[-114.86468,34.60073],[-114.86899,34.59794],[-114.86873,34.59253],[-114.87325,34.58854],[-114.87125,34.58333],[-114.87271,34.57798],[-114.86816,34.57326],[-114.86954,34.56898],[-114.86666,34.56509],[-114.86299,34.56409],[-114.86367,34.56179],[-114.86194,34.55837],[-114.86743,34.55539],[-114.87219,34.55748],[-114.8779,34.55544],[-114.88188,34.55159],[-114.88006,34.5458],[-114.88252,34.5422],[-114.88112,34.53676],[-114.88251,34.52956],[-114.87679,34.5106],[-114.8774,34.50363],[-114.87376,34.50294],[-114.87238,34.50051],[-114.87588,34.48851],[-114.86778,34.47738],[-114.86908,34.47371],[-114.8658,34.46917],[-114.86636,34.46193],[-114.87121,34.45713],[-114.86925,34.45533],[-114.86893,34.45186],[-114.87219,34.4508],[-114.86651,34.43929],[-114.86224,34.43878],[-114.85211,34.43371],[-114.85054,34.42934],[-114.84217,34.43055],[-114.84108,34.42789],[-114.83635,34.42633],[-114.83245,34.41709],[-114.8338,34.40964],[-114.83125,34.40861],[-114.8295,34.40506],[-114.82452,34.40303],[-114.82354,34.40081],[-114.82599,34.39882],[-114.82652,34.39574],[-114.82378,34.39411],[-114.82661,34.38552],[-114.8316,34.38509],[-114.83517,34.38082],[-114.83471,34.37885],[-114.84455,34.3743],[-114.84528,34.36205],[-114.84837,34.35969],[-114.84957,34.35236],[-114.8535,34.35164],[-114.8556,34.34758],[-114.85914,34.34613],[-114.85984,34.34284],[-114.86843,34.33851],[-114.86761,34.33585],[-114.85862,34.33161],[-114.85809,34.32416],[-114.85477,34.3206],[-114.8612,34.31887],[-114.86249,34.31555],[-114.86662,34.31537],[-114.87149,34.31131],[-114.87042,34.3084],[-114.86679,34.3082],[-114.85841,34.30289],[-114.85576,34.2977],[-114.83393,34.27861],[-114.83224,34.26797],[-114.82835,34.26442],[-114.8246,34.25624],[-114.81067,34.24896],[-114.81033,34.24515],[-114.81387,34.24238],[-114.81261,34.23812],[-114.81439,34.23552],[-114.80689,34.23131],[-114.80382,34.22389],[-114.80546,34.22067],[-114.8039,34.21827],[-114.81061,34.20948],[-114.81092,34.20607],[-114.79874,34.20386],[-114.79449,34.19806],[-114.78506,34.19435],[-114.78068,34.1876],[-114.78226,34.18529],[-114.77817,34.18331],[-114.77279,34.17713],[-114.77954,34.17049],[-114.77883,34.16849],[-114.75666,34.14757],[-114.75127,34.1454],[-114.73967,34.14434],[-114.72752,34.13276],[-114.70442,34.11577],[-114.69558,34.10664],[-114.67745,34.08162],[-114.6698,34.07896],[-114.65944,34.0798],[-114.65611,34.07846],[-114.65463,34.07511],[-114.65506,34.06836],[-114.65148,34.06561],[-114.64769,34.05702],[-114.64746,34.05239],[-114.6439,34.04772],[-114.64599,34.04255],[-114.64344,34.04038],[-114.64569,34.0383],[-114.64166,34.03194],[-114.64308,34.02938],[-114.63822,34.02719],[-114.63727,34.02434],[-114.63966,34.02316],[-114.64804,34.01086],[-114.65175,33.98822],[-114.65113,33.98349],[-114.65362,33.97482],[-114.65299,33.96119],[-114.64668,33.95348],[-114.64238,33.94376],[-114.6391,33.94173],[-114.63751,33.93419],[-114.62937,33.93196],[-114.61978,33.92127],[-114.63004,33.91716],[-114.63284,33.90987],[-114.63145,33.90454],[-114.63299,33.90235],[-114.63216,33.90042],[-114.63871,33.8943],[-114.64084,33.88578],[-114.64723,33.88162],[-114.65467,33.88087],[-114.6569,33.88221],[-114.6619,33.88099],[-114.66341,33.87832],[-114.66696,33.87898],[-114.66702,33.87603],[-114.67073,33.87157],[-114.66944,33.868],[-114.67243,33.86709],[-114.6728,33.86397],[-114.67956,33.86672],[-114.68268,33.86584],[-114.68768,33.87197],[-114.6929,33.87388],[-114.69658,33.87314],[-114.69965,33.86971],[-114.70292,33.87103],[-114.70665,33.86777],[-114.71145,33.86727],[-114.71319,33.86963],[-114.72031,33.87161],[-114.72529,33.8765],[-114.72836,33.87681],[-114.73467,33.8811],[-114.74244,33.87844],[-114.74664,33.8801],[-114.75139,33.88558],[-114.75862,33.88414],[-114.76249,33.88658],[-114.77286,33.882],[-114.77648,33.87872],[-114.78165,33.87885],[-114.78439,33.87727],[-114.78702,33.87929],[-114.78624,33.88103],[-114.79089,33.88291],[-114.79639,33.87934],[-114.79978,33.88078],[-114.8019,33.87815],[-114.80659,33.8808],[-114.80904,33.88045],[-114.81795,33.87382],[-114.82259,33.87552],[-114.82503,33.87576],[-114.82652,33.87389],[-114.82792,33.87595],[-114.83013,33.87542],[-114.84285,33.86663],[-114.84723,33.85903],[-114.86038,33.86292],[-114.86441,33.85653],[-114.86418,33.85258],[-114.85911,33.85189],[-114.8572,33.84675],[-114.85865,33.84202],[-114.86343,33.83297],[-114.87245,33.83107],[-114.88444,33.8178],[-114.88771,33.79986],[-114.89111,33.79447],[-114.89754,33.79168],[-114.90605,33.79264],[-114.90894,33.79965],[-114.91565,33.80029],[-114.91854,33.79876],[-114.9173,33.79437],[-114.92083,33.79144],[-114.91921,33.7885],[-114.9199,33.78126],[-114.91181,33.77295],[-114.91353,33.76586],[-114.91682,33.76263],[-114.91079,33.75506],[-114.91089,33.74992],[-114.90646,33.74615],[-114.90547,33.74168],[-114.89836,33.73583],[-114.89279,33.73755],[-114.87744,33.73038],[-114.86912,33.72996],[-114.86527,33.72735],[-114.86287,33.72206],[-114.85695,33.71605],[-114.85905,33.71327],[-114.85546,33.70753],[-114.85687,33.70592],[-114.85533,33.70267],[-114.85151,33.69913],[-114.85012,33.69421],[-114.84454,33.68918],[-114.84669,33.68275],[-114.83744,33.67821],[-114.83813,33.66861],[-114.83184,33.66585],[-114.82603,33.66135],[-114.82472,33.65856],[-114.82412,33.65652],[-114.82827,33.6508],[-114.81836,33.63676],[-114.8185,33.63308],[-114.81541,33.62485],[-114.81608,33.62124],[-114.81415,33.61348],[-114.81549,33.60486],[-114.81202,33.59707],[-114.8148,33.58225],[-114.81121,33.57768],[-114.81776,33.57191],[-114.81843,33.56483],[-114.82251,33.55963],[-114.82222,33.55549],[-114.81906,33.5509],[-114.82152,33.5447],[-114.81945,33.53902],[-114.8112,33.53669],[-114.81035,33.53442],[-114.81272,33.5345],[-114.81801,33.53054],[-114.81775,33.52837],[-114.82051,33.52983],[-114.82354,33.52919],[-114.82412,33.52602],[-114.82751,33.52405],[-114.82925,33.52524],[-114.83138,33.52415],[-114.83142,33.51957],[-114.83622,33.51874],[-114.83558,33.51324],[-114.83314,33.51225],[-114.83182,33.50912],[-114.83528,33.50511],[-114.84341,33.50349],[-114.84716,33.49874],[-114.84443,33.4942],[-114.83999,33.49284],[-114.84275,33.49143],[-114.84152,33.48874],[-114.84579,33.48787],[-114.84078,33.4846],[-114.84296,33.48064],[-114.84888,33.47959],[-114.85006,33.48321],[-114.85725,33.48573],[-114.86468,33.48457],[-114.86834,33.48218],[-114.86949,33.47626],[-114.87352,33.47414],[-114.87736,33.46696],[-114.87211,33.46123],[-114.87256,33.45684],[-114.87435,33.45464],[-114.87931,33.45566],[-114.88209,33.45188],[-114.88152,33.4493],[-114.88914,33.44667],[-114.89169,33.44267],[-114.89947,33.43659],[-114.90107,33.43076],[-114.90508,33.42595],[-114.9061,33.41899],[-114.91174,33.41608],[-114.91723,33.41684],[-114.91939,33.41453],[-114.91948,33.40991],[-114.92223,33.40569],[-114.92215,33.39878],[-114.92686,33.39399],[-114.92859,33.38941],[-114.93181,33.3909],[-114.93725,33.38498],[-114.94502,33.38826],[-114.94882,33.3865],[-114.95557,33.38716],[-114.9563,33.38885],[-114.96198,33.38882],[-114.96554,33.39218],[-114.9652,33.39375],[-114.97194,33.39674],[-114.97495,33.39449],[-114.97399,33.38963],[-114.97623,33.38965],[-114.97897,33.39253],[-114.98412,33.39227],[-114.98876,33.39558],[-114.99659,33.39468],[-115.00149,33.38978],[-115.00092,33.38503],[-115.00643,33.38824],[-115.01234,33.38896],[-115.0152,33.38724],[-115.01999,33.3895],[-115.0218,33.39289],[-115.02638,33.39398],[-115.02808,33.39328],[-115.02813,33.38939],[-115.0309,33.38754],[-115.03168,33.38416],[-115.04166,33.38411],[-115.04591,33.38222],[-115.04935,33.38562],[-115.0533,33.3853],[-115.05466,33.38774],[-115.05908,33.38638],[-115.06234,33.3911],[-115.06602,33.38705],[-115.06776,33.38879],[-115.07686,33.38936],[-115.09341,33.39557],[-115.10511,33.39645],[-115.12649,33.40098],[-115.14023,33.40672],[-115.15375,33.41003],[-115.15901,33.41361],[-115.17395,33.41778],[-115.19451,33.41784],[-115.22376,33.42296],[-115.24654,33.42945],[-115.25846,33.43685],[-115.26225,33.44582],[-115.26038,33.46052],[-115.25654,33.46561],[-115.25082,33.46971],[-115.25819,33.47486],[-115.25791,33.47681],[-115.26281,33.47719],[-115.26274,33.48557],[-115.25856,33.48944],[-115.26905,33.49333],[-115.27139,33.49688],[-115.28192,33.4997],[-115.2865,33.5045],[-115.28632,33.51066],[-115.29298,33.51383],[-115.29702,33.51331],[-115.30122,33.51573],[-115.30625,33.51346],[-115.31023,33.51681],[-115.31565,33.51684],[-115.33077,33.52136],[-115.33141,33.51245],[-115.32701,33.50629],[-115.32872,33.49774],[-115.33266,33.4926],[-115.33365,33.48542],[-115.33598,33.48304],[-115.33005,33.47303],[-115.3331,33.46173],[-115.3279,33.45798],[-115.32281,33.44217],[-115.31216,33.43002],[-115.30927,33.42335],[-115.3061,33.42227],[-115.3025,33.4154],[-115.29607,33.41262],[-115.2962,33.41075],[-115.2916,33.40696],[-115.29183,33.40391],[-115.28827,33.40027],[-115.28231,33.38889],[-115.28225,33.38206],[-115.27382,33.37722],[-115.26773,33.37698],[-115.25634,33.3655],[-115.25056,33.35453],[-115.24139,33.34454],[-115.23858,33.33611],[-115.23086,33.32615],[-115.22253,33.32087],[-115.21633,33.31023],[-115.21625,33.30563],[-115.21086,33.29034],[-115.21022,33.27998],[-115.21258,33.26605],[-115.20976,33.26218],[-115.20893,33.24534],[-115.21451,33.2285],[-115.21652,33.22653],[-115.22036,33.22629],[-115.22885,33.22232],[-115.22226,33.22282],[-115.21858,33.22104],[-115.21548,33.22203],[-115.21065,33.21876],[-115.20686,33.21953],[-115.20417,33.21751],[-115.20213,33.21872],[-115.19084,33.21747],[-115.1901,33.21874],[-115.18659,33.2175],[-115.18128,33.21826],[-115.17695,33.21253],[-115.1762,33.20818],[-115.17784,33.20563],[-115.17443,33.20409],[-115.17343,33.19388],[-115.16751,33.19153],[-115.16117,33.1909],[-115.15937,33.1924],[-115.14143,33.19362],[-115.13912,33.19318],[-115.13542,33.18715],[-115.12888,33.18443],[-115.12267,33.18547],[-115.11958,33.18264],[-115.10845,33.1842],[-115.10736,33.17681],[-115.09839,33.17992],[-115.09376,33.17677],[-115.08497,33.17924],[-115.08171,33.17579],[-115.08322,33.16363],[-115.07868,33.15953],[-115.07264,33.15871],[-115.06811,33.16074],[-115.06123,33.15892],[-115.05884,33.16036],[-115.05761,33.15391],[-115.05404,33.14966],[-115.04828,33.15209],[-115.04422,33.15174],[-115.04086,33.14587],[-115.03639,33.14348],[-115.03205,33.1433],[-115.02971,33.1411],[-115.02779,33.14308],[-115.02597,33.14269],[-115.02545,33.14502],[-115.0215,33.14403],[-115.01752,33.13905],[-115.01813,33.13443],[-115.0161,33.13359],[-115.01473,33.13516],[-115.01004,33.1353],[-115.00541,33.13321],[-114.99837,33.13277],[-114.99385,33.13634],[-114.98706,33.13266],[-114.98453,33.1361],[-114.98098,33.13486],[-114.97073,33.1408],[-114.96894,33.14034],[-114.96533,33.14666],[-114.95911,33.14819],[-114.9548,33.14481],[-114.9504,33.14441],[-114.95318,33.14063],[-114.95588,33.14026],[-114.95703,33.13567],[-114.95611,33.13403],[-114.94964,33.1334],[-114.9466,33.12811],[-114.93121,33.12647],[-114.92468,33.12422],[-114.91345,33.12372],[-114.90709,33.12638],[-114.89971,33.12472],[-114.88315,33.12002],[-114.87613,33.11194],[-114.87011,33.1118],[-114.86319,33.1083],[-114.85576,33.10742],[-114.85268,33.10043],[-114.8403,33.09135],[-114.83616,33.09127],[-114.83582,33.08963],[-114.83328,33.08985],[-114.82945,33.08692],[-114.82284,33.0897],[-114.82156,33.08607],[-114.82388,33.07919],[-114.82034,33.07516],[-114.82203,33.07059],[-114.82502,33.07026],[-114.82695,33.07229],[-114.83173,33.0731],[-114.83797,33.06684],[-114.82784,33.05479],[-114.82364,33.05622],[-114.8213,33.05246],[-114.8145,33.05033],[-114.81605,33.04624],[-114.81538,33.04231],[-114.80916,33.04514],[-114.79926,33.04123],[-114.7899,33.03221],[-114.7788,33.02524],[-114.77392,33.01935],[-114.76424,33.01867],[-114.76342,33.02057],[-114.75834,33.02092],[-114.75209,33.01738],[-114.75208,33.01496],[-114.75459,33.01303],[-114.75185,33.01132],[-114.75249,33.00823],[-114.74797,33.00404],[-114.74924,32.99894],[-114.75184,32.99816],[-114.75277,32.9956],[-114.74693,32.99451],[-114.74592,32.99267],[-114.74596,32.98686],[-114.74805,32.9817],[-114.74549,32.97583],[-114.74192,32.97474],[-114.7417,32.96869],[-114.73577,32.96715],[-114.73287,32.96898],[-114.72636,32.96902],[-114.72439,32.97111],[-114.72029,32.96967],[-114.71749,32.97214],[-114.71268,32.97097],[-114.72555,32.9615],[-114.73118,32.96074],[-114.73907,32.95653],[-114.74402,32.94242],[-114.74266,32.93836],[-114.74664,32.93355],[-114.74861,32.92753],[-114.75249,32.92424],[-114.75691,32.92421],[-114.75832,32.92057],[-114.76049,32.91988],[-114.75935,32.91696],[-114.761,32.91485],[-114.75749,32.9127],[-114.76114,32.90787],[-114.76616,32.90806],[-114.7685,32.90502],[-114.77152,32.90648],[-114.77434,32.90585],[-114.77909,32.90043],[-114.78501,32.89861],[-114.78675,32.89609],[-114.79096,32.89727],[-114.79348,32.89403],[-114.80394,32.89078],[-114.80098,32.88707],[-114.80179,32.88341],[-114.7966,32.87804],[-114.77505,32.87231],[-114.77182,32.8745],[-114.76346,32.87532],[-114.75601,32.869],[-114.75486,32.86719],[-114.7564,32.86178],[-114.75323,32.85874],[-114.75234,32.85495],[-114.75592,32.8546],[-114.76092,32.85103],[-114.7612,32.84827],[-114.75891,32.84366],[-114.75952,32.84086],[-114.75662,32.83961],[-114.75596,32.83502],[-114.75142,32.83043],[-114.75314,32.82995],[-114.75326,32.82544],[-114.76073,32.82285],[-114.76149,32.81989],[-114.75512,32.81532],[-114.7422,32.81707],[-114.73245,32.81405],[-114.73306,32.8107],[-114.74324,32.80126],[-114.75545,32.78065],[-114.75312,32.76994],[-114.75424,32.76598],[-114.75345,32.74758],[-114.75027,32.74229],[-114.7502,32.73429],[-114.74388,32.72888],[-114.74085,32.72843],[-114.73913,32.72576],[-114.74185,32.72002],[-114.74056,32.7055],[-114.75798,32.68237],[-114.75295,32.68384],[-114.74887,32.68252],[-114.75167,32.67986],[-114.75923,32.68017],[-114.7655,32.66643],[-114.77257,32.65936],[-114.81207,32.6451],[-114.8408,32.6374],[-114.8468,32.63708],[-114.84479,32.63271],[-114.83901,32.62957],[-114.83784,32.61671],[-114.83676,32.61511],[-114.83301,32.61487],[-114.83305,32.61103],[-114.83925,32.60624],[-114.86732,32.55973],[-114.90726,32.53288],[-114.93274,32.52194],[-114.9586,32.51354],[-114.96316,32.50852],[-114.97161,32.50345],[-115.02193,32.49685],[-115.03092,32.49951],[-115.06896,32.50356],[-115.09896,32.49383],[-115.10795,32.49368],[-115.11562,32.48388],[-115.12056,32.48137],[-115.1471,32.47875],[-115.15598,32.47175],[-115.17883,32.49487],[-115.191,32.47952],[-115.2105,32.46531],[-115.25164,32.44883],[-115.29891,32.42507],[-115.30761,32.41839],[-115.30902,32.41581],[-115.30803,32.41455],[-115.31193,32.41029],[-115.31189,32.4064],[-115.31646,32.39774],[-115.33716,32.38686],[-115.35055,32.37418],[-115.37479,32.36587],[-115.37885,32.36623],[-115.38092,32.36987],[-115.38974,32.37007],[-115.39687,32.3608],[-115.4007,32.36067],[-115.40479,32.36321],[-115.40845,32.36167],[-115.40911,32.35631],[-115.41999,32.34888],[-115.42179,32.3453],[-115.41691,32.34154],[-115.41076,32.34186],[-115.40332,32.33742],[-115.39165,32.33812],[-115.38539,32.33486],[-115.38388,32.32966],[-115.38091,32.3268],[-115.37336,32.32317],[-115.37645,32.32007],[-115.38552,32.31899],[-115.38321,32.31714],[-115.38359,32.31252],[-115.39116,32.30873],[-115.38536,32.2981],[-115.39096,32.29753],[-115.39201,32.29336],[-115.38414,32.28862],[-115.37588,32.28743],[-115.37294,32.28169],[-115.3702,32.28052],[-115.37565,32.27655],[-115.37851,32.26967],[-115.37521,32.26108],[-115.37767,32.25657],[-115.38109,32.25575],[-115.38482,32.25222],[-115.39272,32.25039],[-115.3974,32.25261],[-115.40405,32.25325],[-115.40754,32.24661],[-115.41077,32.24535],[-115.41453,32.23951],[-115.4144,32.23136],[-115.41626,32.2285],[-115.42488,32.22871],[-115.42866,32.22604],[-115.42713,32.22174],[-115.42151,32.21479],[-115.42216,32.21142],[-115.41952,32.20879],[-115.41949,32.20608],[-115.41494,32.20042],[-115.40773,32.19985],[-115.40507,32.20126],[-115.39548,32.19639],[-115.38749,32.19528],[-115.38811,32.18897],[-115.38456,32.18763],[-115.3815,32.18386],[-115.37886,32.18693],[-115.37558,32.18691],[-115.37203,32.18391],[-115.36942,32.17749],[-115.3657,32.17562],[-115.35821,32.17517],[-115.35396,32.17241],[-115.35553,32.168],[-115.35044,32.16768],[-115.34505,32.16263],[-115.33812,32.16196],[-115.33661,32.15996],[-115.33148,32.1583],[-115.33125,32.15581],[-115.32524,32.15808],[-115.3217,32.15607],[-115.31774,32.15615],[-115.31697,32.15201],[-115.31239,32.1496],[-115.31898,32.14396],[-115.31974,32.1376],[-115.31684,32.13683],[-115.31445,32.13392],[-115.30655,32.13543],[-115.30281,32.13461],[-115.30519,32.12936],[-115.30275,32.12574],[-115.29925,32.12424],[-115.29868,32.11276],[-115.29515,32.11107],[-115.29305,32.10774],[-115.29293,32.10206],[-115.30125,32.10145],[-115.30329,32.09517],[-115.30808,32.08906],[-115.29958,32.07511],[-115.29384,32.07153],[-115.29119,32.06575],[-115.28897,32.06527],[-115.28777,32.06294],[-115.28919,32.05568],[-115.28492,32.0505],[-115.28488,32.04848],[-115.28843,32.04719],[-115.28965,32.04449],[-115.28926,32.04025],[-115.28469,32.03497],[-115.28875,32.03056],[-115.28873,32.02787],[-115.29369,32.02332],[-115.28082,32.01797],[-115.28093,32.01005],[-115.27524,32.00399],[-115.27674,31.99847],[-115.27052,31.98883],[-115.26572,31.97494],[-115.26629,31.96663],[-115.24872,31.95599],[-115.24472,31.95104],[-115.23178,31.94374],[-115.22903,31.9403],[-115.22614,31.93934],[-115.22493,31.93651],[-115.21743,31.93384],[-115.20263,31.92384],[-115.18763,31.87815],[-115.17541,31.87371],[-115.17355,31.87208],[-115.17313,31.86718],[-115.1618,31.86045],[-115.15461,31.85868],[-115.14819,31.85911],[-115.13983,31.85564],[-115.14323,31.85198],[-115.14618,31.84483],[-115.16524,31.84372],[-115.16929,31.8386],[-115.16917,31.8304],[-115.1721,31.81906],[-115.17086,31.81606],[-115.17221,31.81171],[-115.17044,31.8054],[-115.17205,31.79955],[-115.16788,31.79648],[-115.16549,31.79186],[-115.16802,31.78781],[-115.16627,31.78163],[-115.17069,31.77946],[-115.17099,31.77748],[-115.16915,31.77465],[-115.16593,31.77578],[-115.16271,31.77369],[-115.15518,31.77505],[-115.14737,31.77054],[-115.14596,31.77161],[-115.14233,31.77049],[-115.13655,31.76588],[-115.12725,31.76475],[-115.12613,31.76112],[-115.12938,31.75774],[-115.13015,31.75355],[-115.12788,31.74894],[-115.13792,31.74504],[-115.1441,31.73965],[-115.14873,31.73881],[-115.15203,31.73558],[-115.15052,31.73439],[-115.14907,31.7235],[-115.14184,31.71851],[-115.14782,31.71505],[-115.15028,31.7164],[-115.15358,31.71245],[-115.15892,31.71163],[-115.16268,31.70744],[-115.16504,31.70779],[-115.16656,31.69502],[-115.17051,31.6939],[-115.1671,31.68622],[-115.17295,31.68036],[-115.16664,31.67519],[-115.16562,31.67225],[-115.16293,31.67222],[-115.16018,31.66988],[-115.15945,31.66506],[-115.16117,31.66148],[-115.15788,31.65976],[-115.15624,31.65647],[-115.14693,31.65629],[-115.14529,31.65157],[-115.14138,31.65213],[-115.13572,31.6496],[-115.13454,31.64744],[-115.13169,31.64777],[-115.13079,31.64605],[-115.12534,31.6441],[-115.12573,31.64909],[-115.12432,31.65174],[-115.11831,31.65222],[-115.11641,31.65512],[-115.11689,31.66053],[-115.11188,31.66408],[-115.11448,31.66623],[-115.11058,31.67145],[-115.11089,31.67567],[-115.11212,31.67615],[-115.10951,31.67888],[-115.10991,31.68126],[-115.10771,31.68222],[-115.10646,31.68559],[-115.10316,31.68666],[-115.10137,31.69136],[-115.09699,31.69302],[-115.09674,31.69653],[-115.09116,31.69634],[-115.08867,31.70182],[-115.08916,31.70616],[-115.08326,31.70777],[-115.07713,31.70696],[-115.07035,31.70901],[-115.06244,31.70562],[-115.05892,31.70997],[-115.05938,31.71164],[-115.05689,31.71146],[-115.0534,31.71603],[-115.04559,31.71996],[-115.03857,31.71566],[-115.02186,31.71673],[-115.00185,31.72282],[-114.99271,31.72401],[-114.98436,31.72269],[-114.97085,31.715],[-114.95044,31.71315],[-114.9258,31.70109],[-114.91846,31.69587],[-114.81993,31.67704],[-114.80279,31.66],[-114.78099,31.65552],[-114.7837,31.67364],[-114.79116,31.68847],[-114.80431,31.70685],[-114.81231,31.72404],[-114.81832,31.74466],[-114.8189,31.75554],[-114.81825,31.76285],[-114.80944,31.78942],[-114.81756,31.80117],[-114.80903,31.79152],[-114.80849,31.81439],[-114.80629,31.81986],[-114.78862,31.82258],[-114.77625,31.82113],[-114.77499,31.82392],[-114.7769,31.82723],[-114.77378,31.82519],[-114.7738,31.82156],[-114.76362,31.81899],[-114.74897,31.81045],[-114.74123,31.80287],[-114.73364,31.78966],[-114.72491,31.77936],[-114.71765,31.77426],[-114.6897,31.76249],[-114.67585,31.76014],[-114.65045,31.76238],[-114.62009,31.76284],[-114.59385,31.75704],[-114.58313,31.75288],[-114.57528,31.74564],[-114.55718,31.73662],[-114.55025,31.72915],[-114.5457,31.71678],[-114.54178,31.71513],[-114.5335,31.70437],[-114.52677,31.69961],[-114.51573,31.69585],[-114.51004,31.68815],[-114.49316,31.67542],[-114.46398,31.6692],[-114.45145,31.65879],[-114.45292,31.65769],[-114.44848,31.64843],[-114.4308,31.64458],[-114.41297,31.63306],[-114.39936,31.62993],[-114.39054,31.62614],[-114.36763,31.61053],[-114.33679,31.59865],[-114.32886,31.59206],[-114.32773,31.58373],[-114.31472,31.57534],[-114.30082,31.56104],[-114.29042,31.5546],[-114.28791,31.5511],[-114.28217,31.54907],[-114.28183,31.5473],[-114.2781,31.54594],[-114.27954,31.54571],[-114.27851,31.54478],[-114.23022,31.52815],[-114.20342,31.5104],[-114.16864,31.49708],[-114.14989,31.49315],[-114.13548,31.49202],[-114.07161,31.49287],[-114.05117,31.48995],[-114.02647,31.49189],[-114.02548,31.49416],[-114.02336,31.49472],[-114.02375,31.50577],[-114.01851,31.51614],[-114.01861,31.52136],[-114.01233,31.52174],[-114.01554,31.52451],[-114.01915,31.52359],[-114.02275,31.51781],[-114.02397,31.51137],[-114.02562,31.51051],[-114.02481,31.51988],[-114.01788,31.52644],[-114.01648,31.53153],[-114.01362,31.52924],[-114.01233,31.53267],[-114.02013,31.53698],[-114.02508,31.53654],[-114.02279,31.53881],[-114.01535,31.53693],[-114.01118,31.53403],[-114.00973,31.53159],[-114.01152,31.52765],[-114.00722,31.52368],[-114.00077,31.5234],[-113.98666,31.52923],[-113.97747,31.54072],[-113.97693,31.54206],[-113.97957,31.54368],[-113.97975,31.54608],[-113.97412,31.55125],[-113.95712,31.56058],[-113.95724,31.56426],[-113.87827,31.58462],[-113.85961,31.58602],[-113.86032,31.58938],[-113.85867,31.59135],[-113.85436,31.59237],[-113.84638,31.59849],[-113.84587,31.59617],[-113.84925,31.59151],[-113.8546,31.58906],[-113.85395,31.58758],[-113.85131,31.58764],[-113.84991,31.58465],[-113.84446,31.5844],[-113.81047,31.56637],[-113.80225,31.56445],[-113.78613,31.56456],[-113.78803,31.56115],[-113.78227,31.56218],[-113.78305,31.55893],[-113.78637,31.55593],[-113.78537,31.55482],[-113.78275,31.55511],[-113.77109,31.54927],[-113.76654,31.55019],[-113.72786,31.53532],[-113.69007,31.51846],[-113.66553,31.50334],[-113.6421,31.48128],[-113.63449,31.46963],[-113.63417,31.46431],[-113.62977,31.45132],[-113.63357,31.43968],[-113.63619,31.43924],[-113.63654,31.43015],[-113.62717,31.41352],[-113.62876,31.41262],[-113.62893,31.40821],[-113.62434,31.40824],[-113.62068,31.40106],[-113.61825,31.3892],[-113.61271,31.37697],[-113.61264,31.37565],[-113.61522,31.37572],[-113.61547,31.37196],[-113.61238,31.37185],[-113.61084,31.3696],[-113.60956,31.36134],[-113.61267,31.34549],[-113.61115,31.34265],[-113.61927,31.33995],[-113.62484,31.34141],[-113.62624,31.33969],[-113.6306,31.34084],[-113.63651,31.34655],[-113.64569,31.3439],[-113.63666,31.3379],[-113.63704,31.33544],[-113.63028,31.33226],[-113.62526,31.32734],[-113.58399,31.32324],[-113.56375,31.31943],[-113.55266,31.31447],[-113.54965,31.31089],[-113.54938,31.30823],[-113.55232,31.30709],[-113.55262,31.30308],[-113.54583,31.29638],[-113.46476,31.28345],[-113.44417,31.27838],[-113.44026,31.27612],[-113.43703,31.27641],[-113.43504,31.27396],[-113.43055,31.27285],[-113.42688,31.27299],[-113.42929,31.27489],[-113.4272,31.27611],[-113.36394,31.26544],[-113.28934,31.24876],[-113.25795,31.23872],[-113.24983,31.24014],[-113.23845,31.23875],[-113.22482,31.2393],[-113.22126,31.24094],[-113.21863,31.2482],[-113.21668,31.24688],[-113.21672,31.2483],[-113.21409,31.24842],[-113.21581,31.25087],[-113.21346,31.25129],[-113.21502,31.25449],[-113.21389,31.25429],[-113.21185,31.25004],[-113.2108,31.23472],[-113.20859,31.22988],[-113.18779,31.21536],[-113.17498,31.20994],[-113.13057,31.1797],[-113.12099,31.16949],[-113.12271,31.1642],[-113.12122,31.16009],[-113.10965,31.17877],[-113.11131,31.18243],[-113.10989,31.18553],[-113.11036,31.19469],[-113.1086,31.19413],[-113.10556,31.1832],[-113.10607,31.17861],[-113.11288,31.16677],[-113.10692,31.17386],[-113.10552,31.17335],[-113.0987,31.14956],[-113.0885,31.15116],[-113.09218,31.14763],[-113.09953,31.14767],[-113.0978,31.14447],[-113.09108,31.13698],[-113.0876,31.13779],[-113.0893,31.13573],[-113.08532,31.13745],[-113.08169,31.13555],[-113.0751,31.13509],[-113.07173,31.12354],[-113.06866,31.10276],[-113.07444,31.09974],[-113.07482,31.09688],[-113.07833,31.09321],[-113.07451,31.07998],[-113.12549,31.0664],[-113.12999,31.0624],[-113.13142,31.05318],[-113.12206,31.03696],[-113.09996,30.98087],[-113.10145,30.97348],[-113.09901,30.96164],[-113.09866,30.93775],[-113.10214,30.88921],[-113.11319,30.84107],[-113.11817,30.82926],[-113.12887,30.81345],[-113.13025,30.81237],[-113.1314,30.81334],[-113.13237,30.82167],[-113.13325,30.81444],[-113.12681,30.80679],[-113.12236,30.79838],[-113.10506,30.75566],[-113.09704,30.71084],[-113.08732,30.67995],[-113.04773,30.61646],[-113.00708,30.56057],[-112.99397,30.53408],[-112.99153,30.52524],[-112.98542,30.52227],[-112.9808,30.53178],[-112.97563,30.5356],[-112.95497,30.52675],[-112.94297,30.51657],[-112.93241,30.51872],[-112.92626,30.51514],[-112.90435,30.51629],[-112.89376,30.52054],[-112.88592,30.52681],[-112.87575,30.5319],[-112.87217,30.53038],[-112.87017,30.53122],[-112.86796,30.53282],[-112.86966,30.53563],[-112.86827,30.5375],[-112.86116,30.53368],[-112.85102,30.54918],[-112.84823,30.5507],[-112.84475,30.56588],[-112.81952,30.59785],[-112.81566,30.59976],[-112.80723,30.59985],[-112.79274,30.58811],[-112.78244,30.58552],[-112.77455,30.58634],[-112.77085,30.58867],[-112.76454,30.58789],[-112.76195,30.59167],[-112.75734,30.59221],[-112.7561,30.59468],[-112.74739,30.59695],[-112.73978,30.60244],[-112.7406,30.60582],[-112.73703,30.60952],[-112.73368,30.60766],[-112.72811,30.6086],[-112.72692,30.60564],[-112.72099,30.60675],[-112.71437,30.60465],[-112.71214,30.60939],[-112.70801,30.60793],[-112.69006,30.61016],[-112.68405,30.6146],[-112.66266,30.62205],[-112.65737,30.62011],[-112.65427,30.61582],[-112.64955,30.61383],[-112.64363,30.61685],[-112.64218,30.62447],[-112.63341,30.63439],[-112.63867,30.6401],[-112.63833,30.64216],[-112.6278,30.64367],[-112.62651,30.64239],[-112.62323,30.64389],[-112.62219,30.64238],[-112.61925,30.64335],[-112.61233,30.64078],[-112.6062,30.64305],[-112.59535,30.63785],[-112.59304,30.63526],[-112.58548,30.63556],[-112.57647,30.63866],[-112.5727,30.63775],[-112.5727,30.6305],[-112.57627,30.62201],[-112.57391,30.61974],[-112.57577,30.61652],[-112.56667,30.61189],[-112.56275,30.61229],[-112.5546,30.60852],[-112.55488,30.60683],[-112.55147,30.60379],[-112.5535,30.59992],[-112.55271,30.59803],[-112.54448,30.58899],[-112.53947,30.58707],[-112.52611,30.58599],[-112.51529,30.57939],[-112.50933,30.57825],[-112.50426,30.57489],[-112.49238,30.56183],[-112.48195,30.56306],[-112.47632,30.55742],[-112.47582,30.55476],[-112.47295,30.55326],[-112.472,30.54597],[-112.47007,30.54271],[-112.46426,30.53862],[-112.46357,30.53447],[-112.45709,30.52764],[-112.45702,30.52358],[-112.44995,30.52223],[-112.44723,30.51909],[-112.44162,30.5178],[-112.43154,30.52251],[-112.42891,30.51878],[-112.42672,30.51873],[-112.42394,30.51602],[-112.41909,30.5175],[-112.41181,30.51382],[-112.41268,30.50715],[-112.41153,30.50578],[-112.41268,30.5043],[-112.41016,30.5011],[-112.40413,30.50039],[-112.40723,30.4931],[-112.40422,30.49273],[-112.39928,30.48599],[-112.40338,30.48264],[-112.40316,30.47907],[-112.40087,30.47632],[-112.40157,30.47258],[-112.40997,30.46976],[-112.40521,30.46394],[-112.40181,30.4622],[-112.3968,30.44998],[-112.3933,30.44713],[-112.39379,30.44472],[-112.39679,30.44478],[-112.39926,30.44161],[-112.39765,30.43578],[-112.38314,30.42729],[-112.37896,30.42317],[-112.3773,30.41976],[-112.37696,30.40846],[-112.37315,30.40453],[-112.37227,30.39734],[-112.36587,30.39455],[-112.36595,30.38827],[-112.3602,30.38695],[-112.35932,30.38039],[-112.35504,30.37277],[-112.35089,30.36916],[-112.35009,30.36577],[-112.34122,30.36069],[-112.3413,30.35176],[-112.33245,30.34571],[-112.32659,30.33849],[-112.32717,30.33466],[-112.32361,30.32927],[-112.32132,30.3202],[-112.3175,30.3184],[-112.31774,30.31206],[-112.31076,30.30164],[-112.31013,30.29888],[-112.31266,30.29278],[-112.31218,30.29001],[-112.30926,30.28796],[-112.30707,30.2794],[-112.3088,30.27427],[-112.30641,30.26947],[-112.30809,30.25989],[-112.30249,30.25087],[-112.30493,30.24605],[-112.30445,30.2381],[-112.30647,30.23565],[-112.30471,30.23072],[-112.30687,30.22945],[-112.3072,30.22675],[-112.31234,30.22307],[-112.31701,30.2224],[-112.33107,30.20797],[-112.34082,30.20363],[-112.34269,30.2002],[-112.34249,30.19655],[-112.35982,30.18709],[-112.37,30.18545],[-112.37303,30.18278],[-112.37729,30.18377],[-112.39026,30.1923],[-112.39608,30.20402],[-112.39984,30.20477],[-112.40238,30.20772],[-112.40481,30.20755],[-112.41017,30.21413],[-112.41684,30.21828],[-112.41877,30.21783],[-112.42058,30.20996],[-112.42553,30.20499],[-112.42483,30.20238],[-112.42639,30.19796],[-112.42428,30.1963],[-112.42617,30.19329],[-112.42561,30.18988],[-112.42733,30.18905],[-112.42575,30.18689],[-112.42662,30.17654],[-112.42038,30.16045],[-112.41817,30.15972],[-112.41748,30.15218],[-112.41144,30.14259],[-112.4103,30.13611],[-112.40364,30.12744],[-112.40352,30.12469],[-112.39533,30.11937],[-112.39531,30.1116],[-112.39376,30.1079],[-112.38433,30.10557],[-112.37916,30.10743],[-112.3777,30.10065],[-112.37072,30.09705],[-112.36947,30.09391],[-112.37148,30.09105],[-112.3703,30.08814],[-112.37213,30.08084],[-112.38381,30.07346],[-112.38666,30.07545],[-112.38868,30.07493],[-112.39054,30.0787],[-112.39215,30.07577],[-112.39125,30.07269],[-112.39863,30.06892],[-112.39661,30.05711],[-112.40017,30.05544],[-112.40084,30.05251],[-112.39595,30.04898],[-112.38972,30.04955],[-112.3849,30.054],[-112.38137,30.05814],[-112.38155,30.06207],[-112.37936,30.06666],[-112.37606,30.07024],[-112.36682,30.07225],[-112.36402,30.07068],[-112.36023,30.06381],[-112.35223,30.06771],[-112.3476,30.07543],[-112.33736,30.0754],[-112.33304,30.07942],[-112.32848,30.08121],[-112.31913,30.08175],[-112.31228,30.08038],[-112.30769,30.08189],[-112.30458,30.07826],[-112.29946,30.0759],[-112.28151,30.07573],[-112.27371,30.07248],[-112.26569,30.06646],[-112.25511,30.06437],[-112.24752,30.0596],[-112.23443,30.05683],[-112.23068,30.05746],[-112.22293,30.05367],[-112.21628,30.05865],[-112.20981,30.0571],[-112.20513,30.06258],[-112.18931,30.0636],[-112.17859,30.06591],[-112.1776,30.06759],[-112.17458,30.06695],[-112.1716,30.0639],[-112.17212,30.05833],[-112.16935,30.05553],[-112.16885,30.05259],[-112.15023,30.03728],[-112.14331,30.02944],[-112.12113,30.0168],[-112.11119,30.01503],[-112.10632,30.01153],[-112.09088,30.01359],[-112.07895,30.01831],[-112.07055,30.02579],[-112.05512,30.02914],[-112.0379,30.03667],[-112.02677,30.04277],[-112.02584,30.04525],[-112.0205,30.04308],[-112.01794,30.04461],[-112.02094,30.05098],[-112.01856,30.05317],[-112.01913,30.07044],[-112.01589,30.07047],[-112.0145,30.07282],[-112.01039,30.07368],[-112.00899,30.07616],[-112.00656,30.07281],[-112.00208,30.07093],[-111.99784,30.07134],[-111.98999,30.0672],[-111.98919,30.06354],[-111.98216,30.05722],[-111.96663,30.05555],[-111.96184,30.05084],[-111.95031,30.04403],[-111.93582,30.04217],[-111.92742,30.04426],[-111.91154,30.03315],[-111.8981,30.02762],[-111.88022,30.02366],[-111.83775,30.02154],[-111.81383,30.02369],[-111.78647,30.02099],[-111.77468,30.02153],[-111.73053,30.01262],[-111.69898,30.01578],[-111.68433,30.01388],[-111.68134,30.01479],[-111.67913,30.01207],[-111.67131,30.00827],[-111.67044,30.00616],[-111.66696,30.00547],[-111.66363,30.00794],[-111.65789,30.00715],[-111.65607,30.01244],[-111.65687,30.01503],[-111.65222,30.01641],[-111.64986,30.01559],[-111.63881,30.02227],[-111.63066,30.02156],[-111.62598,30.02793],[-111.62081,30.03039],[-111.62532,30.0366],[-111.62245,30.0441],[-111.62991,30.04662],[-111.62939,30.05443],[-111.62563,30.05701],[-111.61431,30.05529],[-111.60196,30.06199],[-111.5904,30.05753],[-111.57666,30.05879],[-111.57164,30.05566],[-111.56243,30.05517],[-111.54977,30.06606],[-111.53811,30.07275],[-111.52891,30.08181],[-111.51975,30.08698],[-111.50962,30.0885],[-111.50542,30.09125],[-111.49983,30.09204],[-111.49903,30.09556],[-111.49435,30.10194],[-111.48391,30.10145],[-111.48262,30.10344],[-111.47711,30.10537],[-111.47553,30.10874],[-111.46933,30.10582],[-111.47003,30.11146],[-111.46698,30.11245],[-111.46368,30.10615],[-111.45812,30.10732],[-111.4547,30.1059],[-111.45121,30.10833],[-111.44577,30.10848],[-111.44051,30.09905],[-111.43578,30.09788],[-111.4336,30.1009],[-111.42969,30.09632],[-111.4215,30.10051],[-111.41773,30.10042],[-111.41594,30.09715],[-111.40714,30.10374],[-111.39943,30.10079],[-111.39408,30.10125],[-111.38703,30.10684],[-111.3869,30.10841],[-111.38324,30.10962],[-111.37921,30.10427],[-111.3745,30.10312],[-111.37341,30.10148],[-111.3787,30.09769],[-111.38113,30.09931],[-111.3843,30.09869],[-111.38685,30.09479],[-111.39087,30.09429],[-111.39736,30.08936],[-111.39516,30.08243],[-111.39647,30.0809],[-111.39398,30.07933],[-111.39546,30.07258],[-111.3906,30.06019],[-111.38888,30.04957],[-111.3909,30.04211],[-111.38888,30.03701],[-111.38219,30.0304],[-111.382,30.02778],[-111.37411,30.01677],[-111.37056,30.008],[-111.36985,30.00045],[-111.36705,29.99471],[-111.36841,29.98664],[-111.36576,29.9814],[-111.36287,29.96587],[-111.36262,29.94933],[-111.35812,29.9401],[-111.35719,29.93077],[-111.35473,29.92735],[-111.35175,29.91362],[-111.3539,29.90755],[-111.35908,29.90151],[-111.36331,29.89169],[-111.36454,29.88461],[-111.36685,29.8819],[-111.36321,29.87859],[-111.36239,29.87399],[-111.36791,29.86402],[-111.37403,29.86129],[-111.37297,29.85168],[-111.37529,29.84392],[-111.37335,29.84121],[-111.36952,29.8386],[-111.36575,29.83985],[-111.35829,29.85199],[-111.34571,29.85992],[-111.34539,29.86583],[-111.33879,29.87234],[-111.33742,29.87658],[-111.32045,29.88969],[-111.31316,29.89068],[-111.31025,29.8893],[-111.30603,29.89506],[-111.29621,29.89972],[-111.27236,29.90071],[-111.25987,29.91409],[-111.24117,29.91601],[-111.22807,29.91431],[-111.2188,29.91645],[-111.20729,29.9142],[-111.19681,29.91864],[-111.18903,29.91765],[-111.18602,29.91612],[-111.18409,29.91048],[-111.1851,29.9079],[-111.18233,29.90267],[-111.18283,29.8987],[-111.18132,29.89862],[-111.17823,29.90135],[-111.17874,29.91176],[-111.17675,29.91332],[-111.17691,29.91668],[-111.17411,29.91686],[-111.17319,29.9184],[-111.17555,29.91992],[-111.17444,29.92536],[-111.16683,29.93384],[-111.14752,29.94771],[-111.146,29.95222],[-111.14736,29.95344],[-111.15245,29.95276],[-111.15906,29.96231],[-111.16252,29.96371],[-111.162,29.9656],[-111.15954,29.96594],[-111.16004,29.96862],[-111.17567,29.98618],[-111.17658,29.99267],[-111.18139,30.00369],[-111.17877,30.00486],[-111.18033,30.01351],[-111.18476,30.01479],[-111.1866,30.01975],[-111.18492,30.02176],[-111.18026,30.02123],[-111.17707,30.0252],[-111.17273,30.02254],[-111.16963,30.02696],[-111.16478,30.0286],[-111.16548,30.03823],[-111.16268,30.04121],[-111.16221,30.04729],[-111.14433,30.05627],[-111.14389,30.05929],[-111.14208,30.05962],[-111.1376,30.0665],[-111.13241,30.06608],[-111.12263,30.07136],[-111.12511,30.08213],[-111.12757,30.08514],[-111.12685,30.09536],[-111.11963,30.10121],[-111.11825,30.10775],[-111.11545,30.11149],[-111.11509,30.11617],[-111.11205,30.12091],[-111.09781,30.12668],[-111.09905,30.13414],[-111.09561,30.14258],[-111.08555,30.14653],[-111.07136,30.15652],[-111.06975,30.16079],[-111.06557,30.16325],[-111.06458,30.16745],[-111.0592,30.17132],[-111.05766,30.17437],[-111.05917,30.17844],[-111.05758,30.18285],[-111.05971,30.18399],[-111.05829,30.18528],[-111.06107,30.18914],[-111.05932,30.18999],[-111.05855,30.19438],[-111.05371,30.19913],[-111.05181,30.20914],[-111.04699,30.21361],[-111.04383,30.21335],[-111.04071,30.21561],[-111.03933,30.2234],[-111.03583,30.22504],[-111.03492,30.22759],[-111.03492,30.23831],[-111.02889,30.23811],[-111.02806,30.23585],[-111.01895,30.23816],[-111.01902,30.24016],[-111.01526,30.24146],[-111.01625,30.24778],[-111.01427,30.25136],[-111.00995,30.25079],[-111.0083,30.25271],[-111.00329,30.25344],[-111.00123,30.25814],[-110.99372,30.25716],[-110.98127,30.26011],[-110.97803,30.25884],[-110.96535,30.26651],[-110.96081,30.26705],[-110.9581,30.27105],[-110.94053,30.27492],[-110.93727,30.28123],[-110.93286,30.28491],[-110.93219,30.28988],[-110.92657,30.29085],[-110.92363,30.28861],[-110.91851,30.2891],[-110.90748,30.28544],[-110.8926,30.28782],[-110.89086,30.29006],[-110.89198,30.29202],[-110.88533,30.2947],[-110.88522,30.29692],[-110.88,30.3027],[-110.87501,30.31347],[-110.87527,30.31878],[-110.86532,30.32408],[-110.86357,30.32238],[-110.8611,30.32283],[-110.85799,30.33016],[-110.85455,30.33265],[-110.84504,30.33577],[-110.83954,30.3333],[-110.82846,30.33742],[-110.80993,30.33873],[-110.8142,30.34557],[-110.82035,30.3472],[-110.82402,30.35711],[-110.82067,30.36347],[-110.82345,30.36583],[-110.82447,30.38006],[-110.82946,30.39078],[-110.82712,30.398],[-110.82941,30.40471],[-110.8256,30.40621],[-110.82325,30.41213],[-110.82344,30.416],[-110.81995,30.41669],[-110.82488,30.41797],[-110.82814,30.42316],[-110.8225,30.42416],[-110.81787,30.43187],[-110.81463,30.43255],[-110.80825,30.43954],[-110.80555,30.43971],[-110.8045,30.44194],[-110.79965,30.44178],[-110.79763,30.44592],[-110.79267,30.44572],[-110.78855,30.45084],[-110.78662,30.4505],[-110.78724,30.46063],[-110.79048,30.46492],[-110.7892,30.46845],[-110.78485,30.4711],[-110.78173,30.48274],[-110.77526,30.4864],[-110.77689,30.49316],[-110.78067,30.49737],[-110.77692,30.50119],[-110.77809,30.50344],[-110.77685,30.50907],[-110.76382,30.5134],[-110.76277,30.51835],[-110.75497,30.52458],[-110.7593,30.53162],[-110.7591,30.53526],[-110.76322,30.54312],[-110.75424,30.54997],[-110.74826,30.55101],[-110.74752,30.55418],[-110.74324,30.5584],[-110.74305,30.56203],[-110.74605,30.56624],[-110.74115,30.56874],[-110.74161,30.57486],[-110.74618,30.57565],[-110.74749,30.5779],[-110.74677,30.58034],[-110.76122,30.58909],[-110.75596,30.59487],[-110.75608,30.59772],[-110.75843,30.59911],[-110.7536,30.60498],[-110.75412,30.60831],[-110.75144,30.61288],[-110.75486,30.61884],[-110.75586,30.6251],[-110.75562,30.63467],[-110.75349,30.6391],[-110.75429,30.64206],[-110.74942,30.64495],[-110.74576,30.65243],[-110.74221,30.65384],[-110.72985,30.65287],[-110.72399,30.65507],[-110.72016,30.65144],[-110.71762,30.65138],[-110.71469,30.65235],[-110.71212,30.65614],[-110.70041,30.65593],[-110.68825,30.64704],[-110.68439,30.64704],[-110.67342,30.64286],[-110.67172,30.63891],[-110.66602,30.63484],[-110.66527,30.63184],[-110.65348,30.63023],[-110.65309,30.63297],[-110.6492,30.63358],[-110.64979,30.63573],[-110.64827,30.63796],[-110.65039,30.64013],[-110.63542,30.64474],[-110.6277,30.64389],[-110.62819,30.64613],[-110.62522,30.64584],[-110.62462,30.64956],[-110.61774,30.65352],[-110.6176,30.65825],[-110.61145,30.66478],[-110.61136,30.66667],[-110.60752,30.66852],[-110.60505,30.66704],[-110.60379,30.66786],[-110.60594,30.67031],[-110.60525,30.67704],[-110.60189,30.67835],[-110.60116,30.6864],[-110.59874,30.68837],[-110.59675,30.69603],[-110.5941,30.69726],[-110.59423,30.70004],[-110.5914,30.70457],[-110.59322,30.70642],[-110.5918,30.71114],[-110.59379,30.71416],[-110.58796,30.72071],[-110.58013,30.72257],[-110.57804,30.73428],[-110.57247,30.73963],[-110.56631,30.74126],[-110.5612,30.74666],[-110.55822,30.74692],[-110.55184,30.75891],[-110.54342,30.76161],[-110.54351,30.76425],[-110.54112,30.76606],[-110.5369,30.77773],[-110.5306,30.77577],[-110.52145,30.7778],[-110.51654,30.7812],[-110.51326,30.7928],[-110.51053,30.79389],[-110.51204,30.79531],[-110.51162,30.79789],[-110.50906,30.79914],[-110.50932,30.80521],[-110.51293,30.80935],[-110.52491,30.81171],[-110.52175,30.81349],[-110.52198,30.82231],[-110.51881,30.82407],[-110.51887,30.827],[-110.51355,30.8303],[-110.51203,30.8384],[-110.50803,30.84083],[-110.50605,30.84454],[-110.51026,30.85151],[-110.50926,30.856],[-110.51042,30.85932],[-110.51531,30.86219],[-110.50608,30.86882],[-110.50202,30.86946],[-110.49753,30.86733],[-110.49084,30.87011],[-110.48559,30.87013],[-110.47542,30.87492],[-110.46064,30.87649],[-110.4539,30.88503],[-110.44426,30.88685],[-110.43965,30.89127],[-110.43146,30.89512],[-110.42904,30.91371],[-110.4244,30.91489],[-110.40578,30.93323],[-110.39088,30.94044],[-110.39176,30.94817],[-110.38835,30.95325],[-110.38936,30.9577],[-110.3879,30.95997],[-110.38797,30.96719],[-110.39016,30.96887],[-110.38945,30.97404],[-110.39245,30.98168],[-110.39104,30.98487],[-110.38171,30.99334],[-110.37721,30.9931],[-110.3692,30.98424],[-110.36357,30.98155],[-110.36129,30.98086],[-110.35859,30.98293],[-110.34339,30.97449],[-110.33849,30.97332],[-110.33525,30.9688],[-110.32752,30.97096],[-110.32764,30.9819],[-110.32614,30.98468],[-110.3158,30.98475],[-110.30977,30.98197],[-110.27906,30.9949],[-110.2647,30.99801],[-110.26143,31.00094],[-110.24315,31.00283],[-110.23018,31.00897],[-110.21974,31.00822],[-110.21294,31.01284],[-110.20214,31.01175],[-110.1957,31.01308],[-110.18811,31.01037],[-110.17467,31.01176],[-110.15182,31.00766],[-110.14801,31.00512],[-110.14679,30.9982],[-110.14347,31.00076],[-110.14035,31.0007],[-110.14027,31.00321],[-110.13436,31.00484],[-110.12453,31.00039],[-110.1135,30.99994],[-110.0951,30.99519],[-110.07289,30.99416],[-110.06244,30.99722],[-110.04961,30.99756],[-110.0472,31.00012],[-110.041,31.00142],[-110.039,31.00457],[-110.04028,31.00748],[-110.03833,31.01003],[-110.03139,31.00884],[-110.02992,31.00544],[-110.02364,31.00732],[-110.0176,31.00571],[-110.01016,31.00795],[-110.00715,31.00682],[-110.00063,31.00761],[-109.9975,31.00571],[-109.9892,31.00691],[-109.98623,31.00925],[-109.98031,31.00989],[-109.97483,31.01259],[-109.97391,31.00807],[-109.96748,31.0024],[-109.96522,30.99565],[-109.96173,30.99435],[-109.95785,30.99745],[-109.95185,30.98747],[-109.95388,30.97859],[-109.95105,30.96844],[-109.95865,30.95609],[-109.95825,30.95369],[-109.96385,30.95162],[-109.96459,30.94735],[-109.96705,30.94631],[-109.96806,30.94314],[-109.96147,30.94403],[-109.95848,30.94164],[-109.95818,30.92944],[-109.94612,30.92473],[-109.94145,30.92536],[-109.93758,30.92191],[-109.92732,30.92178],[-109.92202,30.91468],[-109.9207,30.90928],[-109.91774,30.90709],[-109.91683,30.90376],[-109.91941,30.89586],[-109.91572,30.88854],[-109.90734,30.88781],[-109.89604,30.89075],[-109.89292,30.89561],[-109.88299,30.8949],[-109.8851,30.8882],[-109.88344,30.88532],[-109.87615,30.88007],[-109.87601,30.87402],[-109.87252,30.87236],[-109.86772,30.86394],[-109.86229,30.85824],[-109.85566,30.85813],[-109.8535,30.85539],[-109.853,30.84852],[-109.85569,30.84204],[-109.85459,30.8361],[-109.85112,30.83008],[-109.85376,30.82721],[-109.84965,30.82225],[-109.85184,30.81647],[-109.85012,30.81273],[-109.85054,30.80474],[-109.85322,30.80129],[-109.85676,30.80077],[-109.85696,30.79481],[-109.85488,30.7919],[-109.85322,30.78162],[-109.85525,30.78037],[-109.8548,30.76918],[-109.86001,30.76826],[-109.86143,30.76223],[-109.85954,30.7585],[-109.85381,30.75474],[-109.84477,30.7413],[-109.83644,30.73726],[-109.83606,30.73217],[-109.83924,30.72595],[-109.83404,30.72144],[-109.83322,30.71358],[-109.82993,30.71263],[-109.81896,30.70375],[-109.81566,30.68753],[-109.81086,30.68519],[-109.80355,30.67639],[-109.80112,30.67008],[-109.80113,30.66522],[-109.79685,30.66217],[-109.79376,30.6527],[-109.78858,30.64893],[-109.78942,30.64544],[-109.78144,30.63999],[-109.78179,30.63652],[-109.77874,30.62723],[-109.7746,30.62437],[-109.77089,30.61857],[-109.77034,30.61411],[-109.77185,30.61123],[-109.77065,30.60571],[-109.7676,30.60295],[-109.7678,30.5985],[-109.75992,30.5932],[-109.75481,30.59176],[-109.75695,30.5879],[-109.75406,30.58186],[-109.75836,30.57783],[-109.75811,30.5727],[-109.76242,30.56639],[-109.7614,30.56148],[-109.75542,30.55569],[-109.75373,30.55021],[-109.75054,30.54904],[-109.7493,30.54456],[-109.74504,30.54085],[-109.73668,30.53901],[-109.72942,30.53075],[-109.7219,30.5282],[-109.71369,30.52768],[-109.6977,30.53533],[-109.69039,30.53203],[-109.66769,30.52884],[-109.66558,30.52642],[-109.66389,30.52732],[-109.6579,30.52329],[-109.64965,30.51433],[-109.64978,30.50772],[-109.64587,30.50342],[-109.64785,30.49529],[-109.64608,30.48621],[-109.64784,30.48004],[-109.6517,30.47902],[-109.65005,30.47696],[-109.65263,30.47077],[-109.64606,30.47263],[-109.63117,30.4625],[-109.62399,30.46107],[-109.61988,30.4621],[-109.60166,30.45536],[-109.5926,30.4562],[-109.58692,30.46183],[-109.58404,30.46205],[-109.58496,30.46617],[-109.58678,30.46729],[-109.58587,30.47515],[-109.57495,30.4793],[-109.57114,30.48665],[-109.57019,30.49179],[-109.57291,30.49573],[-109.5734,30.5081],[-109.56944,30.50964],[-109.568,30.50753],[-109.56319,30.50722],[-109.5587,30.50301],[-109.55037,30.5018],[-109.54412,30.508],[-109.54512,30.51019],[-109.54078,30.50982],[-109.53451,30.51526],[-109.53684,30.51879],[-109.53604,30.52827],[-109.53827,30.53205],[-109.53775,30.53739],[-109.54858,30.54335],[-109.55244,30.54764],[-109.55381,30.55147],[-109.55165,30.55365],[-109.55344,30.56187],[-109.55628,30.5629],[-109.5572,30.56599],[-109.56181,30.5652],[-109.56159,30.56842],[-109.56724,30.57008],[-109.57135,30.57491],[-109.56781,30.57896],[-109.56669,30.58634],[-109.56925,30.59259],[-109.58154,30.60851],[-109.58198,30.61384],[-109.56719,30.61143],[-109.56583,30.61652],[-109.56228,30.61675],[-109.56401,30.61942],[-109.56291,30.62198],[-109.55517,30.62361],[-109.55211,30.62916],[-109.54083,30.62574],[-109.53821,30.6292],[-109.53756,30.63941],[-109.52944,30.64324],[-109.52741,30.64784],[-109.52317,30.6477],[-109.52042,30.64569],[-109.51964,30.64274],[-109.51625,30.64587],[-109.51661,30.66103],[-109.51982,30.66553],[-109.51888,30.66994],[-109.52057,30.67074],[-109.52075,30.68288],[-109.51873,30.69154],[-109.52127,30.69204],[-109.52149,30.69388],[-109.52382,30.69366],[-109.52484,30.69875],[-109.52763,30.70113],[-109.52818,30.70555],[-109.51998,30.70859],[-109.51551,30.70805],[-109.51551,30.70976],[-109.51924,30.71238],[-109.51657,30.7138],[-109.51757,30.71579],[-109.51651,30.71736],[-109.49974,30.72788],[-109.49997,30.72991],[-109.50254,30.73094],[-109.50359,30.73758],[-109.50246,30.74188],[-109.49835,30.74647],[-109.49912,30.75025],[-109.49482,30.75409],[-109.49348,30.75987],[-109.49606,30.76135],[-109.49417,30.76515],[-109.50045,30.76593],[-109.50413,30.7689],[-109.50885,30.76851],[-109.50934,30.77029],[-109.50511,30.77486],[-109.49804,30.77906],[-109.49938,30.78076],[-109.49718,30.78373],[-109.49954,30.78662],[-109.49573,30.78943],[-109.49216,30.80685],[-109.48474,30.80966],[-109.47885,30.8199],[-109.4608,30.82068],[-109.45397,30.81783],[-109.44702,30.81774],[-109.44551,30.81611],[-109.43824,30.82148],[-109.43524,30.82123],[-109.4318,30.82994],[-109.42932,30.83179],[-109.42861,30.84175],[-109.42462,30.8444],[-109.42187,30.85006],[-109.41851,30.84618],[-109.41375,30.84498],[-109.41287,30.84246],[-109.40618,30.84548],[-109.40139,30.84406],[-109.39765,30.84023],[-109.39383,30.83991],[-109.3941,30.83738],[-109.39205,30.83519],[-109.39385,30.83274],[-109.39273,30.82927],[-109.38767,30.82568],[-109.38503,30.82727],[-109.38015,30.83478],[-109.37653,30.83645],[-109.37768,30.83915],[-109.36243,30.84258],[-109.3572,30.84845],[-109.35147,30.84882],[-109.34689,30.85128],[-109.33959,30.84891],[-109.33548,30.85006],[-109.32817,30.84661],[-109.32534,30.8475],[-109.31881,30.84332],[-109.31125,30.84677],[-109.30671,30.84107],[-109.30051,30.83812],[-109.29665,30.84252],[-109.29163,30.84354],[-109.28657,30.83955],[-109.27323,30.83604],[-109.25955,30.8362],[-109.25685,30.83443],[-109.2539,30.82774],[-109.23638,30.81575],[-109.2192,30.83062],[-109.21687,30.8351],[-109.20234,30.8448],[-109.19834,30.84469],[-109.19641,30.84942],[-109.19282,30.84988],[-109.18824,30.85306],[-109.18769,30.85491],[-109.18996,30.85773],[-109.18902,30.85949],[-109.18225,30.85734],[-109.16306,30.86471],[-109.14976,30.86674],[-109.13924,30.86324],[-109.13276,30.86619],[-109.13309,30.87007],[-109.12902,30.87523],[-109.12183,30.87857],[-109.11691,30.88431],[-109.11524,30.88992],[-109.10158,30.91044],[-109.10034,30.91531],[-109.09549,30.91561],[-109.08016,30.9098],[-109.07717,30.90705],[-109.07465,30.90973],[-109.06921,30.91017],[-109.06072,30.90542],[-109.0549,30.90551],[-109.05203,30.90736],[-109.04579,30.91488],[-109.04778,30.92042],[-109.0436,30.92596],[-109.0488,30.93205],[-109.04844,30.93809],[-109.04594,30.93985],[-109.04611,30.94291],[-109.04843,30.945],[-109.04491,30.94566],[-109.03782,30.95067],[-109.03791,30.95286],[-109.03625,30.95397],[-109.03881,30.95635],[-109.0389,30.96411],[-109.03307,30.97232],[-109.02751,30.97686],[-109.02443,30.97371],[-109.01821,30.97706],[-109.01136,30.97415],[-109.01179,30.97699],[-109.00962,30.98189],[-109.00251,30.99002],[-109.00102,30.98952],[-108.99861,30.99257],[-108.99225,30.99356],[-108.99024,30.99722],[-108.98627,30.9989],[-108.98038,30.99703],[-108.97924,31.00086],[-108.96211,31.00842],[-108.96128,31.01166],[-108.96412,31.01505],[-108.9529,31.02222],[-108.9526,31.02599],[-108.94661,31.03127],[-108.92098,31.0321],[-108.91508,31.02609],[-108.90331,31.02176],[-108.90342,31.01912],[-108.89881,31.02176],[-108.89723,31.02121],[-108.89259,31.02809],[-108.88947,31.02871],[-108.88883,31.03045],[-108.88662,31.03012],[-108.88354,31.0263],[-108.87485,31.02098],[-108.87454,31.01814],[-108.86679,31.01127],[-108.8641,31.01301],[-108.86142,31.01256],[-108.85865,31.01679],[-108.854,31.01809],[-108.85227,31.02461],[-108.85369,31.02891],[-108.84923,31.02813],[-108.84149,31.03438],[-108.83873,31.0337],[-108.835,31.03669],[-108.83674,31.04095],[-108.83601,31.04312],[-108.8409,31.04577],[-108.83712,31.04876],[-108.83911,31.05604],[-108.83535,31.06223],[-108.83729,31.06384],[-108.83717,31.06608],[-108.84124,31.06941],[-108.83792,31.07908],[-108.84008,31.08042],[-108.84172,31.08527],[-108.83701,31.09453],[-108.84858,31.10535],[-108.84947,31.11244],[-108.85221,31.11426],[-108.8483,31.12059],[-108.85131,31.12373],[-108.85681,31.1242],[-108.85672,31.12734],[-108.85332,31.13158],[-108.84832,31.13368],[-108.85088,31.13879],[-108.8499,31.1414],[-108.85096,31.14333],[-108.8449,31.14809],[-108.84389,31.15149],[-108.84103,31.1517],[-108.84053,31.16567],[-108.83744,31.16631],[-108.8352,31.16904],[-108.83143,31.1773],[-108.82225,31.18097],[-108.81801,31.18602],[-108.81774,31.19061],[-108.81452,31.19303],[-108.81114,31.19463],[-108.80694,31.19287],[-108.79822,31.19688],[-108.79991,31.20288],[-108.79839,31.20779],[-108.80326,31.20925],[-108.80935,31.21684],[-108.8063,31.22009],[-108.80619,31.22287],[-108.80114,31.22601],[-108.80583,31.22849],[-108.81034,31.23616],[-108.81119,31.24548],[-108.80995,31.24777],[-108.80642,31.24879],[-108.80554,31.25327],[-108.79929,31.25899],[-108.7935,31.25784],[-108.78887,31.26104],[-108.78593,31.26572],[-108.77917,31.26759],[-108.77622,31.272],[-108.77845,31.27425],[-108.77537,31.28151],[-108.77318,31.28335],[-108.76873,31.28371],[-108.77022,31.29029],[-108.77565,31.29684],[-108.77409,31.30817],[-108.77075,31.30925],[-108.76749,31.31621],[-108.75852,31.32004],[-108.75654,31.32323],[-108.75695,31.3269],[-108.75942,31.32861],[-108.75646,31.33209],[-108.75641,31.33442],[-108.7586,31.33648],[-108.75758,31.34275],[-108.74444,31.35992],[-108.75721,31.36514],[-108.75127,31.37017],[-108.75352,31.37404],[-108.74977,31.37636],[-108.74538,31.37673],[-108.74987,31.38851],[-108.74925,31.39233],[-108.74475,31.39639],[-108.74621,31.40263],[-108.74202,31.40544],[-108.74479,31.41136],[-108.74387,31.41541],[-108.74758,31.41984],[-108.75232,31.43098],[-108.76005,31.43448],[-108.7628,31.44135],[-108.7705,31.44165],[-108.77599,31.44426],[-108.77664,31.44909],[-108.77329,31.45378],[-108.77471,31.4581],[-108.77123,31.46218],[-108.77371,31.46937],[-108.77202,31.47173],[-108.77242,31.4788],[-108.77496,31.4804],[-108.77703,31.48976],[-108.77329,31.4946],[-108.77267,31.4998],[-108.77541,31.51185],[-108.78035,31.51748],[-108.77612,31.52349],[-108.7806,31.53102],[-108.77859,31.53691],[-108.78007,31.54043],[-108.77927,31.54416],[-108.78188,31.54649],[-108.78216,31.5498],[-108.78429,31.5506],[-108.78558,31.55549],[-108.78391,31.55784],[-108.7721,31.55699],[-108.77,31.55172],[-108.76379,31.54809],[-108.76083,31.54297],[-108.75213,31.54205],[-108.74984,31.53975],[-108.74982,31.54274],[-108.74794,31.54356],[-108.73838,31.54206],[-108.7334,31.54321],[-108.73233,31.54],[-108.73077,31.53969],[-108.72717,31.54441],[-108.7246,31.54433],[-108.72359,31.54895],[-108.71773,31.54954],[-108.7163,31.55108],[-108.71171,31.54798],[-108.70023,31.54832],[-108.69458,31.54538],[-108.69348,31.54648],[-108.69427,31.5522],[-108.70095,31.56445],[-108.69894,31.5705],[-108.69192,31.57365],[-108.69125,31.57946],[-108.6845,31.58153],[-108.67999,31.58498],[-108.67838,31.58731],[-108.68083,31.59008],[-108.66684,31.59748],[-108.66703,31.59909],[-108.6588,31.61056],[-108.66373,31.61128],[-108.66924,31.608],[-108.68008,31.60997],[-108.68378,31.60719],[-108.68768,31.60976],[-108.69095,31.60775],[-108.699,31.6144],[-108.70206,31.61294],[-108.71006,31.61282],[-108.71105,31.61647],[-108.71501,31.62095],[-108.70855,31.62565],[-108.71312,31.62924],[-108.71176,31.63297],[-108.70794,31.63333],[-108.71008,31.63711],[-108.70766,31.63765],[-108.70552,31.64279],[-108.69955,31.64322],[-108.69717,31.64598],[-108.69919,31.65101],[-108.6944,31.6497],[-108.69043,31.65468],[-108.68367,31.65549],[-108.68383,31.65775],[-108.68054,31.66253],[-108.68303,31.66767],[-108.68211,31.67208],[-108.67653,31.68474],[-108.67154,31.68743],[-108.66972,31.6869],[-108.66857,31.68948],[-108.66343,31.69001],[-108.66287,31.69394],[-108.67047,31.70279],[-108.67583,31.70399],[-108.68077,31.71151],[-108.676,31.71689],[-108.6779,31.72295],[-108.68023,31.72624],[-108.68741,31.729],[-108.69249,31.73906],[-108.68555,31.74358],[-108.68778,31.7452],[-108.68922,31.74945],[-108.68834,31.75121],[-108.69362,31.7571],[-108.70102,31.7615],[-108.69589,31.76445],[-108.69325,31.7751],[-108.69749,31.77754],[-108.69625,31.77928],[-108.69788,31.78082],[-108.69734,31.78396],[-108.69978,31.78597],[-108.69593,31.79105],[-108.70137,31.79766],[-108.70158,31.80036],[-108.69918,31.80544],[-108.69558,31.80674],[-108.69807,31.81113],[-108.69285,31.81409],[-108.69128,31.81784],[-108.69299,31.82034],[-108.69131,31.82417],[-108.69275,31.82682],[-108.69754,31.82735],[-108.70022,31.82937],[-108.70112,31.84114],[-108.7068,31.84781],[-108.70374,31.85479],[-108.70681,31.86593],[-108.7023,31.86995],[-108.70255,31.87656],[-108.707,31.88141],[-108.71943,31.8842],[-108.72528,31.88714],[-108.72767,31.89183],[-108.72528,31.8945],[-108.71912,31.8962],[-108.71925,31.89993],[-108.71597,31.90897],[-108.71344,31.91161],[-108.71277,31.91923],[-108.71612,31.92344],[-108.71233,31.92766],[-108.70521,31.93044],[-108.69113,31.96785],[-108.68863,31.96926],[-108.68838,31.97256],[-108.68409,31.97907],[-108.67718,31.98175],[-108.68594,31.99137],[-108.6872,31.99656],[-108.68576,32.00106],[-108.67658,32.00488],[-108.69028,32.01285],[-108.69202,32.01756],[-108.70087,32.02543],[-108.70264,32.03208],[-108.70054,32.03708],[-108.70135,32.04037],[-108.71152,32.05332],[-108.70699,32.05593],[-108.70456,32.07393],[-108.70712,32.07652],[-108.70593,32.08193],[-108.70975,32.08962],[-108.71022,32.09377],[-108.70853,32.09574],[-108.7096,32.09903],[-108.70119,32.1022],[-108.69579,32.09744],[-108.67778,32.09689],[-108.64829,32.0871],[-108.62778,32.08961],[-108.61891,32.08839],[-108.60002,32.09352],[-108.59103,32.09253],[-108.58719,32.09547],[-108.58236,32.09163],[-108.57084,32.09146],[-108.56999,32.09754],[-108.56331,32.10089],[-108.55847,32.09951],[-108.55785,32.09302],[-108.54818,32.08648],[-108.54552,32.08643],[-108.54542,32.08444],[-108.54203,32.0839],[-108.54439,32.07805],[-108.51863,32.07554],[-108.51848,32.06988],[-108.51055,32.05254],[-108.51369,32.0519],[-108.51433,32.04925],[-108.51764,32.0473],[-108.51729,32.04454],[-108.51103,32.03493],[-108.50732,32.03291],[-108.50346,32.02557],[-108.49951,32.02512],[-108.49393,32.02171],[-108.4938,32.01277],[-108.49187,32.00973],[-108.48088,32.00626],[-108.47706,32.00401],[-108.47608,32.00129],[-108.4669,31.99746],[-108.46919,31.99552],[-108.46765,31.99297],[-108.45953,31.98683],[-108.4622,31.98316],[-108.45501,31.97867],[-108.44491,31.98012],[-108.44242,31.97856],[-108.44362,31.97639],[-108.44207,31.96711],[-108.44463,31.96307],[-108.44384,31.95931],[-108.44564,31.95602],[-108.44206,31.95314],[-108.43584,31.95915],[-108.43031,31.95624],[-108.42022,31.96],[-108.40159,31.97618],[-108.3668,31.98294],[-108.35712,31.98663],[-108.34904,31.9924],[-108.33855,31.99461],[-108.3287,31.99511],[-108.31901,31.99177],[-108.31987,31.98996],[-108.30312,31.982],[-108.29287,31.98104],[-108.29013,31.98204],[-108.28859,31.98518],[-108.27945,31.98476],[-108.27746,31.98668],[-108.27731,31.98979],[-108.27391,31.9891],[-108.26951,31.98536],[-108.26208,31.9865],[-108.2609,31.98813],[-108.25923,31.98641],[-108.25523,31.98629],[-108.25378,31.98883],[-108.25088,31.98641],[-108.24717,31.98814],[-108.24465,31.99162],[-108.23266,31.99557],[-108.23138,31.99938],[-108.22209,32.00149],[-108.21885,31.99933],[-108.22035,31.99671],[-108.21695,31.99116],[-108.21137,31.99267],[-108.20912,31.98974],[-108.20561,31.97779],[-108.20009,31.97264],[-108.1868,31.97187],[-108.18831,31.97915],[-108.18441,31.98109],[-108.18335,31.98518],[-108.17966,31.98723],[-108.18345,31.99014],[-108.19414,31.99272],[-108.19609,31.99709],[-108.20459,32.00261],[-108.18924,32.01685],[-108.18365,32.01994],[-108.17915,32.0262],[-108.17473,32.02575],[-108.17245,32.02706],[-108.17298,32.03087],[-108.17061,32.03669],[-108.17512,32.0361],[-108.18014,32.03873],[-108.184,32.04324],[-108.18949,32.05726],[-108.18789,32.06201],[-108.19085,32.06447],[-108.1933,32.06401],[-108.19961,32.06716],[-108.20043,32.07198],[-108.2028,32.07474],[-108.20307,32.08265],[-108.20609,32.08609],[-108.2094,32.08711],[-108.20946,32.09081],[-108.21133,32.09313],[-108.21689,32.09481],[-108.21601,32.10038],[-108.22165,32.10006],[-108.22461,32.10313],[-108.22301,32.10911],[-108.21422,32.11399],[-108.21441,32.11773],[-108.21004,32.12398],[-108.21083,32.12688],[-108.20729,32.13148],[-108.2074,32.14109],[-108.20381,32.14667],[-108.20516,32.15656],[-108.21413,32.16845],[-108.20687,32.19464],[-108.20772,32.20613],[-108.20572,32.21255],[-108.20694,32.21827],[-108.20351,32.22997],[-108.20552,32.23556],[-108.20428,32.24242],[-108.20957,32.26054],[-108.20474,32.27066],[-108.20352,32.28741],[-108.20118,32.29209],[-108.20153,32.30276],[-108.20363,32.31045],[-108.20936,32.32452],[-108.22487,32.35286],[-108.22927,32.35656],[-108.23072,32.36128],[-108.23268,32.3626],[-108.23646,32.3735],[-108.23643,32.38156],[-108.2391,32.386],[-108.25777,32.40073],[-108.26322,32.40929],[-108.27556,32.41781],[-108.28967,32.42491],[-108.30053,32.4279],[-108.31492,32.43565],[-108.31856,32.44146],[-108.32105,32.44066],[-108.32758,32.45343],[-108.33065,32.45698],[-108.33408,32.45799],[-108.33581,32.46432],[-108.34105,32.46939],[-108.35465,32.47399],[-108.35945,32.4779],[-108.36964,32.48225],[-108.37419,32.48737],[-108.39388,32.50108],[-108.39848,32.50704],[-108.40851,32.51404],[-108.40774,32.51667],[-108.41296,32.52197],[-108.41559,32.52856],[-108.42454,32.534],[-108.428,32.54405],[-108.4314,32.54546],[-108.43398,32.55084],[-108.43206,32.55848],[-108.43013,32.55947],[-108.42985,32.564],[-108.43125,32.56542],[-108.43414,32.56426],[-108.43576,32.56552],[-108.43431,32.57033],[-108.42857,32.57229],[-108.42944,32.57795],[-108.43126,32.58008],[-108.42791,32.58544],[-108.43243,32.59045],[-108.42064,32.59286],[-108.41535,32.59854],[-108.41392,32.60316],[-108.40231,32.6083],[-108.40215,32.61056],[-108.39591,32.61541],[-108.39123,32.62199],[-108.3856,32.62527],[-108.37672,32.62522],[-108.37467,32.62684],[-108.37385,32.62532],[-108.3637,32.62604],[-108.35943,32.62942],[-108.3539,32.63057],[-108.35241,32.63236],[-108.35266,32.63621],[-108.35463,32.63763],[-108.35573,32.64241],[-108.35113,32.64746],[-108.34637,32.64899],[-108.34234,32.65555],[-108.343,32.66157],[-108.34746,32.6657],[-108.34467,32.67122],[-108.34893,32.67449],[-108.35233,32.68322],[-108.35523,32.68493],[-108.35236,32.69147],[-108.35445,32.69795],[-108.35271,32.7028],[-108.35381,32.70819],[-108.35169,32.71158],[-108.34813,32.71332],[-108.34585,32.71947],[-108.34063,32.72469],[-108.34013,32.72983],[-108.33415,32.7374],[-108.32906,32.7511],[-108.32578,32.75218],[-108.32445,32.7579],[-108.3289,32.76241],[-108.32784,32.76696],[-108.33026,32.77416],[-108.33219,32.77556],[-108.33105,32.779],[-108.3233,32.78837],[-108.32626,32.79223],[-108.32476,32.79646],[-108.32952,32.80103],[-108.33864,32.79836],[-108.33849,32.80328],[-108.33977,32.80464],[-108.33744,32.81035],[-108.34201,32.81013],[-108.34939,32.8131],[-108.35043,32.82609],[-108.35486,32.83501],[-108.34214,32.82988],[-108.34076,32.8339],[-108.33657,32.83644],[-108.32271,32.83669],[-108.31913,32.84064],[-108.31943,32.85491],[-108.30804,32.84912],[-108.2999,32.84732],[-108.29535,32.85168],[-108.28995,32.85231],[-108.28739,32.85689],[-108.28417,32.85904],[-108.28519,32.86425],[-108.28308,32.86509],[-108.26589,32.86452],[-108.26226,32.8617],[-108.25584,32.86552],[-108.24559,32.85935],[-108.24218,32.86033],[-108.24153,32.85805],[-108.23519,32.85847],[-108.23204,32.85517],[-108.2295,32.8549],[-108.21793,32.86578],[-108.2147,32.87371],[-108.21119,32.87767],[-108.21105,32.88115],[-108.2036,32.88334],[-108.20003,32.88061],[-108.19393,32.88017],[-108.1865,32.88631],[-108.18065,32.89499],[-108.17292,32.89968],[-108.1748,32.90236],[-108.17367,32.90371],[-108.1692,32.90302],[-108.16382,32.90615],[-108.16237,32.90977],[-108.1679,32.91665],[-108.16379,32.91961],[-108.15939,32.92175],[-108.15068,32.91944],[-108.14288,32.92263],[-108.13818,32.91841],[-108.1346,32.92396],[-108.1276,32.92373],[-108.12686,32.92614],[-108.12141,32.92996],[-108.11349,32.92747],[-108.11343,32.9253],[-108.1091,32.9217],[-108.10263,32.92321],[-108.09963,32.92604],[-108.09991,32.92942],[-108.09698,32.93139],[-108.09736,32.93766],[-108.10155,32.9406],[-108.09957,32.94437],[-108.103,32.95042],[-108.09964,32.95689],[-108.09939,32.96079],[-108.09533,32.96271],[-108.09125,32.9674],[-108.0805,32.97255],[-108.06862,32.97185],[-108.06702,32.97557],[-108.06036,32.9766],[-108.04981,32.98353],[-108.04895,32.99114],[-108.0371,33.00364],[-108.03662,33.01001],[-108.03349,33.01257],[-108.02579,33.01345],[-108.02085,33.01629],[-108.00898,33.03198],[-108.00215,33.03855],[-107.99725,33.04089],[-107.99677,33.04288],[-108.00103,33.04989],[-107.99315,33.05212],[-107.99348,33.05821],[-107.98408,33.0668],[-107.98337,33.07059],[-107.97815,33.0767],[-107.97786,33.08153],[-107.97195,33.08329],[-107.9702,33.08536],[-107.96947,33.08899],[-107.96555,33.09229],[-107.96688,33.09681],[-107.96393,33.10007],[-107.95546,33.09808],[-107.95149,33.10025],[-107.94317,33.09945],[-107.93717,33.10361],[-107.93504,33.10141],[-107.933,33.10157],[-107.92445,33.11019],[-107.91868,33.10882],[-107.91543,33.11305],[-107.9062,33.11425],[-107.90364,33.12246],[-107.90122,33.12471],[-107.89309,33.12781],[-107.88975,33.12662],[-107.88668,33.12793],[-107.87774,33.13464],[-107.87808,33.1363],[-107.86673,33.14212],[-107.85451,33.14263],[-107.85296,33.14512],[-107.85615,33.14967],[-107.85397,33.15732],[-107.85576,33.15831],[-107.85754,33.16516],[-107.8498,33.1733],[-107.84746,33.17159],[-107.84345,33.17184],[-107.83968,33.17697],[-107.8425,33.18089],[-107.83959,33.18264],[-107.84214,33.18527],[-107.8482,33.18506],[-107.85064,33.18954],[-107.85764,33.19055],[-107.86088,33.18724],[-107.86182,33.18956],[-107.85724,33.19712],[-107.85789,33.20046],[-107.8636,33.19869],[-107.87002,33.20507],[-107.86607,33.21016],[-107.86127,33.21268],[-107.85811,33.2187],[-107.85318,33.22038],[-107.84674,33.22613],[-107.84514,33.2309],[-107.84201,33.23347],[-107.84035,33.24013],[-107.83655,33.24265],[-107.83648,33.24459],[-107.82844,33.2498],[-107.8309,33.25606],[-107.82783,33.25845],[-107.82805,33.26702],[-107.82227,33.27651],[-107.82254,33.28555],[-107.81773,33.28853],[-107.82039,33.29059],[-107.82141,33.29839],[-107.82441,33.30293],[-107.82899,33.30483],[-107.83739,33.31234],[-107.83858,33.31391],[-107.83799,33.31878],[-107.84453,33.32257],[-107.84519,33.32562],[-107.84224,33.33036],[-107.84274,33.34163],[-107.8374,33.34505],[-107.83433,33.34979],[-107.8295,33.35198],[-107.83045,33.35691],[-107.82517,33.35778],[-107.82639,33.36541],[-107.81602,33.36687],[-107.81518,33.36862],[-107.82236,33.37524],[-107.82805,33.37504],[-107.83019,33.37299],[-107.83297,33.37394],[-107.84478,33.38694],[-107.85221,33.38899],[-107.8483,33.39341],[-107.84794,33.40431],[-107.84919,33.40651],[-107.84056,33.40718],[-107.83955,33.40952],[-107.84419,33.41285],[-107.84473,33.41781],[-107.84984,33.42202],[-107.86364,33.42609],[-107.86554,33.43159],[-107.86926,33.43587],[-107.86493,33.44136],[-107.86651,33.44287],[-107.86586,33.44493],[-107.86977,33.44938],[-107.86131,33.45845],[-107.86265,33.45919],[-107.86155,33.46032],[-107.85433,33.46269],[-107.85129,33.46538],[-107.85098,33.4698],[-107.84466,33.47695],[-107.84309,33.48414],[-107.83592,33.48661],[-107.83708,33.49918],[-107.83392,33.50335],[-107.83576,33.50692],[-107.83147,33.50852],[-107.83177,33.51197],[-107.82368,33.51683],[-107.82004,33.51649],[-107.81128,33.52266],[-107.80219,33.52031],[-107.80104,33.52184],[-107.80196,33.52725],[-107.79941,33.53044],[-107.80293,33.53504],[-107.80123,33.53967],[-107.81188,33.5478],[-107.81069,33.55318],[-107.81422,33.55749],[-107.80725,33.5661],[-107.81451,33.57496],[-107.81281,33.5779],[-107.80321,33.58072],[-107.80437,33.58821],[-107.79381,33.58968],[-107.79494,33.59823],[-107.79984,33.60516],[-107.80749,33.60583],[-107.81095,33.61382],[-107.8222,33.62002],[-107.82521,33.6303],[-107.82935,33.63294],[-107.83004,33.63595],[-107.82844,33.63798],[-107.81405,33.64463],[-107.81116,33.65013],[-107.80749,33.6531],[-107.80136,33.65496],[-107.79837,33.66025],[-107.78756,33.66233],[-107.78894,33.66504],[-107.79313,33.66754],[-107.79375,33.66999],[-107.80405,33.67629],[-107.80459,33.68192],[-107.80182,33.68915],[-107.78818,33.69702],[-107.78336,33.7028],[-107.79275,33.70166],[-107.79634,33.70359],[-107.80553,33.70433],[-107.81008,33.70303],[-107.82413,33.7079],[-107.83096,33.71166],[-107.83074,33.71503],[-107.83313,33.7171],[-107.83263,33.72187],[-107.83445,33.72856],[-107.84888,33.72976],[-107.85045,33.73259],[-107.85429,33.73397],[-107.85928,33.73347],[-107.86381,33.72608],[-107.86901,33.7214],[-107.87698,33.72367],[-107.88558,33.72282],[-107.89712,33.71541],[-107.90487,33.71763],[-107.91233,33.71494],[-107.91441,33.71825],[-107.92847,33.72152],[-107.93215,33.72724],[-107.93237,33.73526],[-107.93774,33.73993],[-107.94818,33.73814],[-107.95289,33.74192],[-107.96368,33.74209],[-107.97244,33.7474],[-107.99396,33.73981],[-107.99764,33.73992],[-108.00057,33.74207],[-108.01021,33.74146],[-108.01474,33.73943],[-108.01515,33.73698],[-108.02129,33.73428],[-108.02137,33.73155],[-108.01911,33.7294],[-108.00874,33.72401],[-107.99814,33.72082],[-107.99752,33.71684],[-107.99519,33.71441],[-107.99515,33.7068],[-108.00025,33.70417],[-108.00366,33.69708],[-108.00399,33.69348],[-108.00248,33.69099],[-108.00337,33.68593],[-108.02799,33.68368],[-108.04354,33.67648],[-108.05457,33.68019],[-108.07365,33.68331],[-108.08356,33.67977],[-108.0885,33.67571],[-108.09658,33.67748],[-108.10865,33.67382],[-108.14131,33.6782],[-108.15935,33.67524],[-108.17609,33.67586],[-108.17876,33.6752],[-108.18211,33.66827],[-108.19165,33.66658],[-108.19802,33.6629],[-108.21225,33.66552],[-108.2247,33.66044],[-108.23017,33.66325],[-108.23325,33.66009],[-108.23788,33.66132],[-108.24252,33.66016],[-108.24259,33.65574],[-108.24894,33.65052],[-108.2478,33.6484],[-108.25071,33.64623],[-108.26179,33.64728],[-108.26143,33.64487],[-108.26357,33.64303],[-108.27178,33.6413],[-108.2785,33.64282],[-108.28255,33.63828],[-108.28378,33.63055],[-108.28912,33.62663],[-108.28865,33.62298],[-108.29229,33.62057],[-108.29462,33.61455],[-108.29876,33.6107],[-108.308,33.6081],[-108.3149,33.6042],[-108.32066,33.60579],[-108.32272,33.60894],[-108.33942,33.60802],[-108.3498,33.6053],[-108.35674,33.59977],[-108.36508,33.5984],[-108.39065,33.56438],[-108.40004,33.56123],[-108.40346,33.55572],[-108.40527,33.55571],[-108.41152,33.56135],[-108.41196,33.56565],[-108.42593,33.57595],[-108.43961,33.57555],[-108.45121,33.57919],[-108.45775,33.57566],[-108.46552,33.57848],[-108.47068,33.57776],[-108.47418,33.57532],[-108.48108,33.57453],[-108.48625,33.57578],[-108.4912,33.58313],[-108.48804,33.58893],[-108.49367,33.59051],[-108.49903,33.58845],[-108.505,33.5926],[-108.51193,33.59388],[-108.51448,33.60181],[-108.5185,33.60704],[-108.5123,33.61157],[-108.51013,33.60902],[-108.50275,33.60827],[-108.49146,33.60253],[-108.48718,33.60354],[-108.48423,33.60122],[-108.48025,33.60156],[-108.47598,33.60431],[-108.47087,33.60468],[-108.46739,33.60987],[-108.45883,33.61356],[-108.45318,33.62097],[-108.44169,33.62803],[-108.43899,33.63317],[-108.42627,33.63713],[-108.42937,33.6448],[-108.44063,33.65576],[-108.44416,33.66294],[-108.45084,33.66649],[-108.45588,33.66429],[-108.46278,33.66667],[-108.46861,33.6667],[-108.47838,33.67065],[-108.48656,33.67908],[-108.49048,33.68045],[-108.49403,33.67975],[-108.49002,33.68314],[-108.4863,33.69307],[-108.48018,33.6961],[-108.46631,33.70973],[-108.46208,33.71059],[-108.45918,33.7162],[-108.46005,33.71866],[-108.45523,33.72333],[-108.45131,33.72369],[-108.44401,33.7279],[-108.44442,33.73609],[-108.43828,33.73989],[-108.44331,33.74377],[-108.44719,33.74443],[-108.44796,33.74946],[-108.45115,33.75157],[-108.46146,33.74986],[-108.46751,33.75117],[-108.47417,33.74561],[-108.48497,33.74683],[-108.48704,33.74858],[-108.48331,33.75688],[-108.47885,33.76157],[-108.47618,33.77144],[-108.47306,33.7739],[-108.47829,33.7778],[-108.48094,33.78382],[-108.47684,33.78738],[-108.47166,33.78658],[-108.46666,33.78941],[-108.46617,33.79307],[-108.46969,33.79456],[-108.47189,33.80051],[-108.47509,33.80356],[-108.47364,33.80727],[-108.47423,33.81079],[-108.46386,33.81478],[-108.44651,33.81554],[-108.4402,33.81981],[-108.42955,33.82178],[-108.42505,33.82424],[-108.41816,33.83191],[-108.43043,33.83935],[-108.42924,33.84588],[-108.43858,33.85201],[-108.43994,33.85765],[-108.44363,33.86041],[-108.45258,33.86314],[-108.45308,33.86707],[-108.45081,33.87169],[-108.43923,33.88007],[-108.44975,33.88577],[-108.44805,33.8918],[-108.45551,33.89636],[-108.46,33.90268],[-108.44477,33.9045],[-108.43737,33.9015],[-108.42804,33.9056],[-108.41623,33.90221],[-108.41251,33.90349],[-108.4109,33.91712],[-108.40828,33.92014],[-108.40339,33.92141],[-108.40808,33.92712],[-108.41489,33.92758],[-108.42046,33.93205],[-108.42501,33.93353],[-108.41702,33.94047],[-108.41642,33.948],[-108.41767,33.94993],[-108.41524,33.96005],[-108.41631,33.96953],[-108.41445,33.97428],[-108.41539,33.97885],[-108.41248,33.9905],[-108.40919,33.99598],[-108.41055,34.0061],[-108.40617,34.00942],[-108.39762,34.00972],[-108.39493,34.00802],[-108.38584,34.01075],[-108.38655,34.01262],[-108.39241,34.01545],[-108.39648,34.0263],[-108.39005,34.02766],[-108.37194,34.02682],[-108.36511,34.03281],[-108.35955,34.03377],[-108.35122,34.04046],[-108.34325,34.04336],[-108.33276,34.04426],[-108.33141,34.04609],[-108.32088,34.04974],[-108.31114,34.0503],[-108.30675,34.05205],[-108.30272,34.05034],[-108.29959,34.05237],[-108.29826,34.05603],[-108.28412,34.06233],[-108.2744,34.07278],[-108.26594,34.07871],[-108.25984,34.07944],[-108.25673,34.07546],[-108.25672,34.0828],[-108.25209,34.08851],[-108.24961,34.09605],[-108.24465,34.10083],[-108.24807,34.10489],[-108.24552,34.10722],[-108.24487,34.11506],[-108.23399,34.10965],[-108.22861,34.10522],[-108.22574,34.10713],[-108.22481,34.11125],[-108.21913,34.11986],[-108.22072,34.12669],[-108.21656,34.13589],[-108.22053,34.14097],[-108.22188,34.14779],[-108.21753,34.14919],[-108.21455,34.15614],[-108.1977,34.15525],[-108.18982,34.15702],[-108.18598,34.16058],[-108.1847,34.16488],[-108.18561,34.17165],[-108.17982,34.17519],[-108.18323,34.18103],[-108.17245,34.19087],[-108.17016,34.1963],[-108.17173,34.19992],[-108.16904,34.20115],[-108.16586,34.20631],[-108.16457,34.21585],[-108.15907,34.22624],[-108.15299,34.22768],[-108.14805,34.22534],[-108.14455,34.22629],[-108.13474,34.24711],[-108.1293,34.24776],[-108.12587,34.25268],[-108.11816,34.25686],[-108.12182,34.26269],[-108.11911,34.26565],[-108.11613,34.26601],[-108.11343,34.27151],[-108.10821,34.27373],[-108.10625,34.27871],[-108.1068,34.28346],[-108.10291,34.28863],[-108.10359,34.29231],[-108.09973,34.29472],[-108.08845,34.29473],[-108.07562,34.30396],[-108.05662,34.31068],[-108.04407,34.32521],[-108.04113,34.32667],[-108.03598,34.32629],[-108.03822,34.32808],[-108.04953,34.32752],[-108.05331,34.32423],[-108.07664,34.32913],[-108.08364,34.33331],[-108.08808,34.34097],[-108.09209,34.34349],[-108.09382,34.34908],[-108.09686,34.3508],[-108.10148,34.35787],[-108.10485,34.35714],[-108.11883,34.35958],[-108.12281,34.36179],[-108.12523,34.36607],[-108.13283,34.36275],[-108.13566,34.36558],[-108.13994,34.3663],[-108.13629,34.37632],[-108.13872,34.37727],[-108.14143,34.37387],[-108.14454,34.37328],[-108.15293,34.37518],[-108.15879,34.37863],[-108.16062,34.38059],[-108.15985,34.38523],[-108.16356,34.38742],[-108.16621,34.39247],[-108.16463,34.40749],[-108.16886,34.4157],[-108.16907,34.4209],[-108.17424,34.42865],[-108.18737,34.43824],[-108.18852,34.44302],[-108.19639,34.44155],[-108.19702,34.43876],[-108.19994,34.4368],[-108.21311,34.43378],[-108.21851,34.43486],[-108.22323,34.43075],[-108.23464,34.42818],[-108.23878,34.43063],[-108.24173,34.42971],[-108.24644,34.44112],[-108.25043,34.44175],[-108.25416,34.43996],[-108.25838,34.44381],[-108.26447,34.44527],[-108.27003,34.44172],[-108.27652,34.44957],[-108.27717,34.45275],[-108.28108,34.45614],[-108.28524,34.45468],[-108.28937,34.45586],[-108.29294,34.46075],[-108.29205,34.46773],[-108.29539,34.46835],[-108.29521,34.47166],[-108.3028,34.48431],[-108.3019,34.48707],[-108.30415,34.49014],[-108.30298,34.49477],[-108.29472,34.50127],[-108.29288,34.50574],[-108.30321,34.50772],[-108.30542,34.50962],[-108.31519,34.51043],[-108.31499,34.51263],[-108.31914,34.51235],[-108.31963,34.51795],[-108.32211,34.51967],[-108.31508,34.52588],[-108.31482,34.52918],[-108.31303,34.53086],[-108.31465,34.53465],[-108.31251,34.53686],[-108.31328,34.53927],[-108.31089,34.54144],[-108.30993,34.54919],[-108.31484,34.5648],[-108.33004,34.56164],[-108.34571,34.55391],[-108.34873,34.55024],[-108.35404,34.55001],[-108.36029,34.55208],[-108.37785,34.54799],[-108.38338,34.55204],[-108.387,34.55091],[-108.39023,34.55353],[-108.38791,34.55536],[-108.38943,34.55942],[-108.40237,34.55971],[-108.40599,34.56195],[-108.40732,34.56634],[-108.41049,34.56941],[-108.40972,34.57245],[-108.40571,34.57374],[-108.40763,34.57684],[-108.41262,34.57816],[-108.41424,34.58054],[-108.41374,34.58515],[-108.40161,34.58826],[-108.40751,34.59077],[-108.40605,34.59532],[-108.41439,34.59892],[-108.41135,34.60453],[-108.41222,34.60578],[-108.40847,34.60978],[-108.4103,34.61492],[-108.40731,34.61685],[-108.41069,34.61811],[-108.41443,34.62266],[-108.41011,34.63332],[-108.41002,34.63846],[-108.40271,34.64521],[-108.39078,34.64797],[-108.39092,34.65377],[-108.38914,34.65524],[-108.38988,34.65873],[-108.38523,34.66007],[-108.3862,34.66241],[-108.37821,34.67419],[-108.37253,34.67493],[-108.36883,34.67323],[-108.36604,34.67462],[-108.36398,34.67357],[-108.36111,34.67557],[-108.34651,34.67537],[-108.34593,34.67121],[-108.34798,34.66824],[-108.34425,34.66418],[-108.34367,34.65982],[-108.33769,34.66038],[-108.33238,34.65616],[-108.32826,34.65609],[-108.32693,34.65762],[-108.32707,34.66299],[-108.32476,34.66591],[-108.32467,34.67053],[-108.32821,34.67655],[-108.3248,34.67994],[-108.32422,34.68291],[-108.31755,34.68552],[-108.31219,34.69075],[-108.32165,34.6944],[-108.32309,34.69936],[-108.32711,34.70135],[-108.32232,34.70869],[-108.32494,34.7123],[-108.32141,34.71701],[-108.32114,34.72982],[-108.32252,34.73498],[-108.32052,34.74275],[-108.32223,34.74836],[-108.3243,34.74994],[-108.32298,34.75228],[-108.3325,34.75743],[-108.32584,34.76246],[-108.32291,34.76858],[-108.32382,34.77213],[-108.31999,34.77656],[-108.31436,34.77844],[-108.30947,34.78236],[-108.30814,34.78581],[-108.30499,34.78743],[-108.30033,34.78682],[-108.29897,34.7832],[-108.29653,34.7828],[-108.29444,34.78815],[-108.28506,34.79319],[-108.28761,34.80483],[-108.28316,34.80665],[-108.27819,34.80583],[-108.27561,34.80935],[-108.26697,34.81109],[-108.26069,34.81928],[-108.26207,34.82197],[-108.26033,34.82367],[-108.25625,34.82513],[-108.25176,34.82352],[-108.2481,34.82593],[-108.2426,34.82565],[-108.2355,34.83264],[-108.23348,34.83861],[-108.22721,34.84042],[-108.22506,34.84464],[-108.22959,34.84783],[-108.23092,34.85708],[-108.23344,34.85898],[-108.23446,34.86343],[-108.22161,34.86949],[-108.22189,34.87422],[-108.2205,34.87527],[-108.22152,34.87813],[-108.21863,34.88008],[-108.22069,34.88396],[-108.22066,34.89082],[-108.21819,34.89211],[-108.21795,34.89802],[-108.20408,34.90985],[-108.20125,34.91989],[-108.19288,34.92213],[-108.19276,34.91976],[-108.18677,34.9164],[-108.18408,34.91846],[-108.1784,34.91795],[-108.17495,34.92035],[-108.17397,34.92365],[-108.17678,34.93218],[-108.17526,34.93557],[-108.18063,34.93872],[-108.17618,34.94148],[-108.17283,34.94138],[-108.16681,34.94667],[-108.16362,34.94598],[-108.1582,34.95661],[-108.15156,34.96276],[-108.15074,34.96644],[-108.1476,34.96953],[-108.14781,34.9717],[-108.14474,34.97457],[-108.14564,34.97827],[-108.13998,34.9798],[-108.1376,34.98425],[-108.13344,34.98767],[-108.1237,34.99114],[-108.11885,34.99222],[-108.11739,34.98995],[-108.11422,34.98929],[-108.09942,34.99288],[-108.09636,34.99208],[-108.09561,34.9939],[-108.0894,34.99578],[-108.08625,34.99855],[-108.08551,35.0019],[-108.08127,35.00222],[-108.07731,35.00984],[-108.07775,35.01645],[-108.09153,35.02365],[-108.09877,35.02407],[-108.10246,35.02776],[-108.11233,35.03234],[-108.11922,35.0404],[-108.12653,35.04085],[-108.12885,35.04516],[-108.13894,35.04962],[-108.14253,35.0567],[-108.14931,35.05282],[-108.15713,35.05687],[-108.15678,35.06298],[-108.15972,35.06475],[-108.15376,35.06824],[-108.15334,35.07018],[-108.16345,35.07331],[-108.16276,35.0795],[-108.17294,35.08583],[-108.17351,35.09461],[-108.1756,35.09615],[-108.18199,35.09591],[-108.18726,35.10019],[-108.19103,35.09791],[-108.19353,35.09889],[-108.19456,35.10954],[-108.192,35.11382],[-108.19096,35.12271],[-108.21503,35.1331],[-108.22633,35.13067],[-108.24055,35.13815],[-108.24609,35.14335],[-108.24857,35.14889],[-108.25816,35.15299],[-108.32883,35.16912],[-108.33109,35.17459],[-108.33473,35.17429],[-108.33633,35.17208],[-108.33917,35.17297],[-108.34351,35.17508],[-108.34257,35.17682],[-108.34402,35.17897],[-108.34801,35.17912],[-108.37091,35.19397],[-108.35755,35.19821],[-108.36663,35.22004],[-108.36806,35.22715],[-108.36576,35.23218],[-108.36615,35.23543],[-108.36312,35.24023],[-108.36314,35.24467],[-108.38009,35.25116],[-108.38805,35.25603],[-108.39035,35.26001],[-108.3898,35.26233],[-108.37704,35.26987],[-108.37455,35.27344],[-108.37099,35.27415],[-108.38038,35.28153],[-108.37889,35.28494],[-108.38139,35.2891],[-108.37704,35.29247],[-108.37401,35.29273],[-108.37379,35.30332],[-108.36963,35.30548],[-108.37039,35.30648],[-108.36512,35.31857],[-108.37223,35.32163],[-108.37115,35.32623],[-108.37584,35.33074],[-108.39019,35.33532],[-108.39349,35.34744],[-108.3591,35.36176],[-108.35141,35.3685],[-108.35197,35.37107],[-108.3482,35.37159],[-108.346,35.37443],[-108.34804,35.37757],[-108.33458,35.37511],[-108.32618,35.37805],[-108.32618,35.38158],[-108.31504,35.39366],[-108.31477,35.39933],[-108.31331,35.40094],[-108.31684,35.4056],[-108.31097,35.41214],[-108.31349,35.41656],[-108.30697,35.42535],[-108.28828,35.43372],[-108.27891,35.44039],[-108.2678,35.44279],[-108.26784,35.44688],[-108.26395,35.45256],[-108.25501,35.46042],[-108.25298,35.46081],[-108.24781,35.45805],[-108.24354,35.46034],[-108.24517,35.46394],[-108.24395,35.46574],[-108.24077,35.46624],[-108.24129,35.46872],[-108.25746,35.47599],[-108.24661,35.48278],[-108.24652,35.48602],[-108.24231,35.48765],[-108.24566,35.49164],[-108.24193,35.49317],[-108.23699,35.50172],[-108.23424,35.5037],[-108.22957,35.50383],[-108.21079,35.5228],[-108.20326,35.52565],[-108.20159,35.53244],[-108.19581,35.53676],[-108.19541,35.54214],[-108.19304,35.54502],[-108.19438,35.54961],[-108.18934,35.55271],[-108.18786,35.55544],[-108.18172,35.55694],[-108.18013,35.56394],[-108.18405,35.5692],[-108.17967,35.57153],[-108.17653,35.57801],[-108.16933,35.58102],[-108.1626,35.58233],[-108.16109,35.58117],[-108.15511,35.59102],[-108.15496,35.59417],[-108.15174,35.5977],[-108.14409,35.60141],[-108.14056,35.59981],[-108.13673,35.60241],[-108.13487,35.61143],[-108.13987,35.61517],[-108.13854,35.61709],[-108.13946,35.6189],[-108.14492,35.62091],[-108.15165,35.61802],[-108.15374,35.61933],[-108.15355,35.62349],[-108.14812,35.63144],[-108.14789,35.63709],[-108.15069,35.64488],[-108.15901,35.6446],[-108.16733,35.64834],[-108.17265,35.64729],[-108.17766,35.64402],[-108.18137,35.64569],[-108.18355,35.64877],[-108.19185,35.65018],[-108.19724,35.64941],[-108.20378,35.6461],[-108.20886,35.64277],[-108.21148,35.63844],[-108.21657,35.63561],[-108.21835,35.63975],[-108.22614,35.63776],[-108.22965,35.64108],[-108.24133,35.64432],[-108.24419,35.6524],[-108.24788,35.65275],[-108.25471,35.6621],[-108.25463,35.66407],[-108.26289,35.66363],[-108.26547,35.66833],[-108.27013,35.669],[-108.27336,35.66753],[-108.27817,35.66029],[-108.28766,35.65773],[-108.30704,35.64622],[-108.31623,35.64417],[-108.31998,35.64508],[-108.32069,35.64784],[-108.32265,35.64856],[-108.33275,35.64695],[-108.33571,35.6446],[-108.33857,35.6466],[-108.34035,35.65221],[-108.35727,35.65464],[-108.35692,35.65878],[-108.36255,35.6616],[-108.35511,35.66834],[-108.35311,35.67434],[-108.36125,35.67785],[-108.3662,35.68252],[-108.37236,35.68156],[-108.37557,35.68477],[-108.38115,35.68341],[-108.38565,35.67943],[-108.39188,35.67938],[-108.39938,35.67662],[-108.42198,35.67679],[-108.43079,35.68015],[-108.43464,35.68436],[-108.43968,35.68569],[-108.44073,35.6894],[-108.4458,35.68982],[-108.4491,35.69365],[-108.46355,35.70001],[-108.46766,35.70013],[-108.47073,35.69737],[-108.49001,35.69405],[-108.50549,35.69559],[-108.50903,35.69391],[-108.51401,35.69441],[-108.5194,35.6914],[-108.52,35.68719],[-108.53023,35.68414],[-108.53571,35.68978],[-108.53241,35.70003],[-108.53509,35.70467],[-108.5426,35.70331],[-108.54789,35.7047],[-108.55248,35.70301],[-108.55842,35.70376],[-108.56513,35.70052],[-108.5785,35.70166],[-108.58,35.70301],[-108.58761,35.70124],[-108.59348,35.70319],[-108.59646,35.70278],[-108.59708,35.69593],[-108.6028,35.69508],[-108.60791,35.69027],[-108.61891,35.68749],[-108.61764,35.68103],[-108.61583,35.67977],[-108.6182,35.67384],[-108.62069,35.67308],[-108.63147,35.6762],[-108.64066,35.67334],[-108.65436,35.67181],[-108.6687,35.65706],[-108.66805,35.65319],[-108.67234,35.65178],[-108.67108,35.64763],[-108.67277,35.64581],[-108.67242,35.64315],[-108.67737,35.63924],[-108.67854,35.63149],[-108.6867,35.61786],[-108.68845,35.61282],[-108.68661,35.60963],[-108.68799,35.60621],[-108.69298,35.60606],[-108.69561,35.60239],[-108.70048,35.59983],[-108.70618,35.60098],[-108.71228,35.59897],[-108.72167,35.60755],[-108.71978,35.61342],[-108.72209,35.6228],[-108.73593,35.62342],[-108.73732,35.62491],[-108.73477,35.63859],[-108.73787,35.64091],[-108.74108,35.63913],[-108.74574,35.63914],[-108.75029,35.64494],[-108.75345,35.6452],[-108.75977,35.64111],[-108.76293,35.64362],[-108.76813,35.64249],[-108.77044,35.64659],[-108.77351,35.64797],[-108.77563,35.65421],[-108.77804,35.65479],[-108.77772,35.66047],[-108.78247,35.65989],[-108.78448,35.65662],[-108.79171,35.6534],[-108.7933,35.65878],[-108.80116,35.66479],[-108.80663,35.66631],[-108.81101,35.66416],[-108.81317,35.66812],[-108.81751,35.66989],[-108.83085,35.66717],[-108.82984,35.67406],[-108.83406,35.67752],[-108.84379,35.67763],[-108.84671,35.67996],[-108.85403,35.67533],[-108.86111,35.67954],[-108.86007,35.68166],[-108.8613,35.68246],[-108.86482,35.68045],[-108.86927,35.68027],[-108.86866,35.68311],[-108.87411,35.69087],[-108.8819,35.68929],[-108.88774,35.69131],[-108.89121,35.69029],[-108.89234,35.69371],[-108.89991,35.69312],[-108.90035,35.69641],[-108.90305,35.69726],[-108.91182,35.69631],[-108.91602,35.70316],[-108.91555,35.70931],[-108.91132,35.71381],[-108.91755,35.71838],[-108.91632,35.7212],[-108.91856,35.72156],[-108.9184,35.72471],[-108.91601,35.73139],[-108.91993,35.73351],[-108.92135,35.73688],[-108.91827,35.74197],[-108.92055,35.74462],[-108.92494,35.74523],[-108.92434,35.74751],[-108.92935,35.75272],[-108.92736,35.75408],[-108.92811,35.75596],[-108.93263,35.75812],[-108.93412,35.76159],[-108.93774,35.76223],[-108.9386,35.76518],[-108.94146,35.76589],[-108.94364,35.77178],[-108.94048,35.77652],[-108.94147,35.77835],[-108.95702,35.78485],[-108.95796,35.78659],[-108.95676,35.79368],[-108.96073,35.79843],[-108.95728,35.8008],[-108.95924,35.80732],[-108.95385,35.81101],[-108.95628,35.81715],[-108.95326,35.82261],[-108.9538,35.82655],[-108.95177,35.8324],[-108.95907,35.83526],[-108.96047,35.83996],[-108.95759,35.84709],[-108.95286,35.84603],[-108.94931,35.85001],[-108.94346,35.85097],[-108.9353,35.8607],[-108.92958,35.85922],[-108.92362,35.86287],[-108.91803,35.86114],[-108.91668,35.86622],[-108.91288,35.87143],[-108.91302,35.8746],[-108.90989,35.87874],[-108.90995,35.88405],[-108.90594,35.88895],[-108.90596,35.89764],[-108.89832,35.89916],[-108.89849,35.90199],[-108.88737,35.90747],[-108.88336,35.90654],[-108.87718,35.90825],[-108.86918,35.90559],[-108.85782,35.90824],[-108.84468,35.90678],[-108.84696,35.91179],[-108.8416,35.91616],[-108.84102,35.91816],[-108.84258,35.92047],[-108.84152,35.92267],[-108.85488,35.92541],[-108.85612,35.92888],[-108.85336,35.93308],[-108.84538,35.93971],[-108.84434,35.94434],[-108.84093,35.94478],[-108.84125,35.94844],[-108.83526,35.95008],[-108.8306,35.94756],[-108.82435,35.95413],[-108.82914,35.95988],[-108.82827,35.96264],[-108.8318,35.9678],[-108.82851,35.97044],[-108.83111,35.97154],[-108.83387,35.97972],[-108.82785,35.98363],[-108.82645,35.98946],[-108.82877,35.98943],[-108.8312,35.99387],[-108.8414,35.9912],[-108.84929,35.99727],[-108.84543,36.00145],[-108.84723,36.00374],[-108.85068,36.00528],[-108.85567,36.00474],[-108.85471,36.00821],[-108.86349,36.00742],[-108.86555,36.00852],[-108.86544,36.01412],[-108.85913,36.0128],[-108.85373,36.01373],[-108.85055,36.01709],[-108.85211,36.01937],[-108.84913,36.02246],[-108.84814,36.02744],[-108.84528,36.02838],[-108.84303,36.02661],[-108.83985,36.02978],[-108.84001,36.03482],[-108.83756,36.03759],[-108.83935,36.04013],[-108.83785,36.0451],[-108.84116,36.04785],[-108.84045,36.04988],[-108.84285,36.05442],[-108.83977,36.05794],[-108.84384,36.06331],[-108.84941,36.06151],[-108.85696,36.06436],[-108.85722,36.06249],[-108.86135,36.06071],[-108.86484,36.06129],[-108.86444,36.06442],[-108.86588,36.065],[-108.88131,36.06384],[-108.88362,36.06613],[-108.89247,36.06539],[-108.89482,36.06349],[-108.89188,36.05864],[-108.89225,36.05226],[-108.89481,36.05105],[-108.89503,36.04775],[-108.90276,36.04241],[-108.90194,36.0388],[-108.90605,36.03064],[-108.90236,36.02767],[-108.90748,36.02302],[-108.90851,36.01867],[-108.91167,36.01899],[-108.91686,36.01473],[-108.91936,36.00666],[-108.92457,36.00238],[-108.92734,36.00211],[-108.92972,36.00428],[-108.93256,36.00271],[-108.93328,35.99914],[-108.93922,35.99992],[-108.94635,35.99014],[-108.94574,35.9867],[-108.95775,35.98346],[-108.96075,35.98569],[-108.96963,35.98134],[-108.97963,35.98098],[-108.9811,35.98224],[-108.98028,35.98566],[-108.98702,35.98888],[-108.99234,35.989],[-108.99815,35.98515],[-109.00744,35.98846],[-109.01278,35.98687],[-109.0167,35.98852],[-109.02592,35.98727],[-109.0178,35.9951],[-109.0203,36.00323],[-109.03404,36.01668],[-109.03883,36.02449],[-109.03793,36.02676],[-109.04277,36.0323],[-109.04691,36.0332],[-109.07047,36.02505],[-109.0785,36.01928],[-109.08865,36.01463],[-109.09309,36.01007],[-109.09924,36.0081],[-109.09797,36.0029],[-109.0928,35.99752],[-109.09156,35.98955],[-109.09264,35.98494],[-109.09641,35.98318],[-109.09916,35.9793],[-109.10512,35.96649],[-109.11729,35.95794],[-109.12081,35.95155],[-109.12746,35.94573],[-109.1337,35.9465],[-109.15029,35.93739],[-109.16041,35.93872],[-109.16974,35.92459],[-109.18418,35.91498],[-109.1919,35.9064],[-109.19881,35.9034],[-109.19979,35.89288],[-109.20564,35.88123],[-109.21792,35.88644],[-109.22938,35.88702],[-109.2407,35.89154],[-109.24652,35.88912],[-109.24924,35.88614],[-109.25411,35.88595],[-109.2597,35.88131],[-109.26413,35.89106],[-109.27218,35.89976],[-109.28074,35.89442],[-109.28789,35.89441],[-109.29199,35.89265],[-109.29963,35.89331],[-109.30494,35.89165],[-109.31756,35.89303],[-109.32349,35.89679],[-109.34072,35.89654],[-109.34979,35.89327],[-109.35909,35.88184],[-109.38347,35.869],[-109.3897,35.86316],[-109.39079,35.85956],[-109.39761,35.85798],[-109.4057,35.85249],[-109.4082,35.84933],[-109.40833,35.84516],[-109.41392,35.83673],[-109.41854,35.83412],[-109.42537,35.82529],[-109.42984,35.82393],[-109.43733,35.8158],[-109.45835,35.82314],[-109.47338,35.81182],[-109.48636,35.81037],[-109.48738,35.80554],[-109.49666,35.79697],[-109.50124,35.7966],[-109.51089,35.79242],[-109.51249,35.79458],[-109.51739,35.79543],[-109.51959,35.79957],[-109.5271,35.79774],[-109.52886,35.79855],[-109.53808,35.80772],[-109.54188,35.8141],[-109.54208,35.81841],[-109.54917,35.81924],[-109.55461,35.80607],[-109.5604,35.80098],[-109.56107,35.79411],[-109.56761,35.78649],[-109.57558,35.78287],[-109.57821,35.77906],[-109.57573,35.77489],[-109.57947,35.76827],[-109.58834,35.76568],[-109.58909,35.76194],[-109.59257,35.75927],[-109.60521,35.75682],[-109.61926,35.74802],[-109.62367,35.74191],[-109.63925,35.74524],[-109.65519,35.74519],[-109.65923,35.747],[-109.66236,35.76836],[-109.67795,35.76211],[-109.68211,35.75548],[-109.69405,35.7446],[-109.6965,35.73932],[-109.7015,35.73605],[-109.70757,35.73765],[-109.71709,35.73614],[-109.71862,35.75249],[-109.72189,35.75871],[-109.73053,35.75576],[-109.73543,35.75551],[-109.7412,35.75799],[-109.74765,35.75665],[-109.75493,35.7512],[-109.75923,35.75607],[-109.76233,35.75618],[-109.76511,35.7594],[-109.76387,35.76708],[-109.77172,35.76542],[-109.78481,35.77143],[-109.78917,35.77048],[-109.79586,35.77993],[-109.78875,35.78745],[-109.79195,35.78821],[-109.79509,35.78625],[-109.79561,35.79145],[-109.80458,35.79803],[-109.81188,35.79431],[-109.82107,35.7925],[-109.82447,35.79337],[-109.8318,35.79838],[-109.83148,35.80158],[-109.83523,35.80604],[-109.83864,35.80651],[-109.84488,35.80381],[-109.84745,35.80899],[-109.84582,35.81648],[-109.85066,35.81664],[-109.85077,35.82072],[-109.8569,35.82107],[-109.8526,35.82649],[-109.85428,35.82881],[-109.85409,35.83662],[-109.85668,35.84377],[-109.85391,35.8477],[-109.85452,35.85338],[-109.85212,35.85599],[-109.84335,35.85309],[-109.83065,35.85676],[-109.83046,35.86024],[-109.83456,35.86576],[-109.83448,35.87233],[-109.83797,35.87466],[-109.83737,35.87884],[-109.83879,35.88256],[-109.85204,35.88619],[-109.85474,35.88986],[-109.85363,35.89487],[-109.85823,35.90233],[-109.85886,35.91151],[-109.8647,35.91923],[-109.86726,35.92592],[-109.86676,35.92922],[-109.86875,35.93094],[-109.86631,35.93483],[-109.86783,35.94326],[-109.87247,35.95014],[-109.87126,35.95583],[-109.87832,35.96649],[-109.88358,35.96956],[-109.88929,35.98493],[-109.8977,35.99203],[-109.89798,35.99639],[-109.90124,35.9985],[-109.90125,36.01315],[-109.90574,36.02011],[-109.90472,36.02549],[-109.90745,36.02909],[-109.91011,36.02874],[-109.91667,36.03275],[-109.92077,36.03192],[-109.93122,36.0388],[-109.93711,36.04051],[-109.94699,36.04046],[-109.95102,36.05113],[-109.95036,36.06346],[-109.9541,36.06999],[-109.95392,36.08682],[-109.95915,36.09142],[-109.95801,36.10811],[-109.95365,36.11331],[-109.94404,36.12042],[-109.93529,36.12166],[-109.92868,36.12752],[-109.92597,36.13276],[-109.91856,36.13707],[-109.91494,36.14309],[-109.92005,36.14643],[-109.92017,36.15133],[-109.91647,36.15521],[-109.91433,36.15545],[-109.91317,36.15794],[-109.90389,36.16175],[-109.89866,36.16923],[-109.88742,36.1767],[-109.88662,36.18219],[-109.88154,36.1888],[-109.87855,36.18971],[-109.87237,36.18757],[-109.86374,36.19822],[-109.85906,36.1986],[-109.85022,36.20547],[-109.84802,36.21479],[-109.84446,36.21863],[-109.84529,36.22544],[-109.84767,36.22774],[-109.84656,36.23381],[-109.83615,36.23705],[-109.83376,36.24307],[-109.82777,36.24611],[-109.82868,36.25308],[-109.81979,36.26159],[-109.81105,36.26391],[-109.81215,36.27474],[-109.80895,36.28196],[-109.81007,36.28642],[-109.80839,36.29309],[-109.80915,36.29862],[-109.81476,36.30892],[-109.82104,36.31479],[-109.82749,36.31645],[-109.82627,36.32175],[-109.82441,36.32291],[-109.82881,36.33393],[-109.82798,36.33665],[-109.82975,36.34094],[-109.82846,36.34783],[-109.83305,36.35288],[-109.83383,36.35677],[-109.84194,36.36151],[-109.83809,36.36857],[-109.83839,36.37174],[-109.83541,36.37468],[-109.83647,36.37693],[-109.84176,36.3788],[-109.86009,36.37875],[-109.86652,36.37693],[-109.87074,36.37367],[-109.87736,36.3735],[-109.88138,36.37514],[-109.88326,36.3827],[-109.88657,36.38479],[-109.90428,36.38727],[-109.90976,36.38453],[-109.91615,36.38475],[-109.92325,36.39175],[-109.93075,36.39605],[-109.93282,36.40591],[-109.92822,36.41501],[-109.92894,36.4212],[-109.93542,36.42148],[-109.94045,36.41874],[-109.95024,36.42086],[-109.96375,36.43856],[-109.96475,36.44254],[-109.97078,36.44348],[-109.98268,36.45251],[-109.99749,36.45236],[-110.00742,36.45554],[-110.00966,36.4612],[-110.00704,36.46469],[-110.01013,36.46777],[-110.01403,36.4681],[-110.0153,36.47008],[-110.02741,36.47502],[-110.02908,36.47825],[-110.03562,36.48074],[-110.03859,36.47962],[-110.0376,36.46171],[-110.04332,36.46109],[-110.04687,36.45679],[-110.04999,36.45959],[-110.04941,36.46294],[-110.05911,36.46455],[-110.05542,36.45634],[-110.06338,36.45282],[-110.07031,36.45301],[-110.08372,36.46342],[-110.08548,36.46854],[-110.08462,36.47325],[-110.09967,36.46924],[-110.10553,36.47075],[-110.12124,36.46844],[-110.133,36.47186],[-110.15099,36.48504],[-110.15976,36.48483],[-110.16969,36.4893],[-110.17311,36.49298],[-110.17343,36.49809],[-110.17989,36.50058],[-110.1854,36.50951],[-110.18368,36.51718],[-110.19625,36.51383],[-110.19958,36.5282],[-110.20951,36.53026],[-110.21378,36.52851],[-110.21552,36.54159],[-110.21274,36.5446],[-110.21192,36.54839],[-110.21436,36.5532],[-110.21163,36.55558],[-110.20864,36.56697],[-110.20405,36.57139],[-110.20768,36.5786],[-110.2083,36.58557],[-110.22948,36.5903],[-110.23703,36.59575],[-110.24202,36.60556],[-110.24154,36.61249],[-110.24411,36.61346],[-110.24142,36.61604],[-110.2422,36.62231],[-110.24592,36.6282],[-110.25556,36.63594],[-110.25866,36.64296],[-110.2584,36.6482],[-110.26339,36.65166],[-110.27243,36.64995],[-110.27864,36.65067],[-110.2814,36.64587],[-110.28539,36.64372],[-110.29199,36.64683],[-110.30256,36.64626],[-110.30673,36.64356],[-110.31107,36.64598],[-110.31312,36.64965],[-110.33066,36.66134],[-110.33424,36.65696],[-110.34442,36.65103],[-110.36058,36.64604],[-110.37595,36.65203],[-110.38038,36.64895],[-110.38749,36.64756],[-110.39415,36.64842],[-110.39909,36.65098],[-110.40738,36.64497],[-110.41447,36.63678],[-110.42619,36.63104],[-110.42884,36.6274],[-110.43757,36.62391],[-110.45081,36.61402],[-110.46689,36.57023],[-110.47217,36.5579],[-110.47643,36.55265],[-110.48908,36.54815],[-110.49736,36.55455],[-110.50305,36.55375],[-110.50219,36.55845],[-110.49098,36.58176],[-110.49591,36.59195],[-110.49861,36.60704],[-110.50101,36.60891],[-110.50315,36.61441],[-110.50945,36.61695],[-110.50824,36.62122],[-110.50939,36.62689],[-110.51256,36.63316],[-110.51331,36.6417],[-110.51564,36.64482],[-110.51575,36.65174],[-110.51371,36.65713],[-110.51955,36.6582],[-110.51773,36.66208],[-110.52316,36.66285],[-110.52292,36.66765],[-110.52875,36.67214],[-110.53472,36.6704],[-110.54067,36.67093],[-110.53854,36.67613],[-110.54256,36.67867],[-110.54165,36.68683],[-110.55068,36.68436],[-110.55416,36.68514],[-110.55535,36.68743],[-110.55074,36.70087],[-110.56225,36.70407],[-110.56134,36.70908],[-110.56467,36.71502],[-110.57551,36.71964],[-110.57633,36.7241],[-110.58119,36.72959],[-110.58495,36.73112],[-110.58455,36.7347],[-110.58673,36.74126],[-110.57486,36.75111],[-110.57195,36.76312],[-110.56827,36.76721],[-110.56245,36.77011],[-110.57606,36.7791],[-110.57699,36.78421],[-110.57485,36.79244],[-110.57896,36.79484],[-110.59326,36.79322],[-110.59674,36.78865],[-110.60323,36.78491],[-110.60554,36.77771],[-110.60775,36.77753],[-110.61073,36.7744],[-110.61977,36.77387],[-110.62777,36.77965],[-110.63841,36.77925],[-110.64074,36.78209],[-110.6413,36.78816],[-110.64439,36.79222],[-110.6604,36.78491],[-110.6646,36.77934],[-110.66932,36.77747],[-110.67642,36.7633],[-110.67527,36.7589],[-110.67906,36.7459],[-110.68491,36.74231],[-110.68649,36.73799],[-110.68998,36.73485],[-110.6899,36.7313],[-110.69385,36.72532],[-110.6976,36.72256],[-110.70243,36.71499],[-110.70673,36.71238],[-110.71419,36.70121],[-110.72443,36.69744],[-110.72687,36.68321],[-110.73746,36.68383],[-110.74414,36.67473],[-110.75055,36.67307],[-110.752,36.66891],[-110.75893,36.66874],[-110.76472,36.66277],[-110.77707,36.6577],[-110.78606,36.64878],[-110.79701,36.64413],[-110.7972,36.63245],[-110.80054,36.62943],[-110.80487,36.62117],[-110.80428,36.6095],[-110.80902,36.60192],[-110.81379,36.60217],[-110.82263,36.60597],[-110.84201,36.60469],[-110.85025,36.60149],[-110.85457,36.59754],[-110.85276,36.59441],[-110.85371,36.59275],[-110.85632,36.59184],[-110.86134,36.59352],[-110.87272,36.58419],[-110.88749,36.5854],[-110.90166,36.59071],[-110.909,36.58939],[-110.91743,36.59188],[-110.93,36.5889],[-110.9336,36.58065],[-110.93196,36.57914],[-110.93364,36.57708],[-110.93471,36.56569],[-110.94058,36.55761],[-110.94473,36.55705],[-110.95276,36.55233],[-110.956,36.54872],[-110.95501,36.54721],[-110.95701,36.54351],[-110.96074,36.53989],[-110.96378,36.5379],[-110.96989,36.53765],[-110.97995,36.53443],[-110.99383,36.52647],[-110.99736,36.52749],[-110.99993,36.53093],[-111.00037,36.53449],[-111.00299,36.53499],[-111.0099,36.52983],[-111.00861,36.52565],[-111.01967,36.52224],[-111.02597,36.51624],[-111.03631,36.51404],[-111.04353,36.50624],[-111.05565,36.50181],[-111.06048,36.50218],[-111.07183,36.49909],[-111.07593,36.50131],[-111.08504,36.49891],[-111.0887,36.49969],[-111.09661,36.50362],[-111.1,36.50856],[-111.10316,36.50859],[-111.10406,36.51101],[-111.11048,36.51582],[-111.11232,36.52046],[-111.12013,36.52674],[-111.12827,36.52328],[-111.13441,36.52633],[-111.13859,36.52371],[-111.14766,36.52522],[-111.14461,36.53853],[-111.14384,36.5482],[-111.14513,36.54988],[-111.14891,36.5475],[-111.15128,36.54152],[-111.1527,36.5413],[-111.15516,36.54437],[-111.15852,36.54442],[-111.16283,36.53785],[-111.17215,36.53434],[-111.17489,36.53704],[-111.17994,36.53623],[-111.17995,36.53966],[-111.18286,36.54207],[-111.18798,36.53897],[-111.18817,36.53572],[-111.1952,36.53586],[-111.19845,36.53346],[-111.20548,36.53493],[-111.20818,36.53229],[-111.21343,36.53525],[-111.2197,36.53503],[-111.22371,36.53762],[-111.22953,36.53742],[-111.23332,36.53509],[-111.23913,36.53826],[-111.2441,36.53736],[-111.24794,36.54153],[-111.25297,36.53996],[-111.25636,36.54159],[-111.26095,36.53916],[-111.26232,36.53133],[-111.26761,36.52955],[-111.27485,36.53474],[-111.27894,36.53513],[-111.28023,36.53888],[-111.28495,36.53862],[-111.2892,36.53495],[-111.28698,36.528],[-111.28331,36.52734],[-111.28301,36.52398],[-111.2856,36.52245],[-111.28626,36.51895],[-111.29868,36.51742],[-111.30174,36.53067],[-111.30837,36.53019],[-111.31366,36.52635],[-111.31499,36.52168],[-111.31354,36.51852],[-111.31456,36.51614],[-111.31192,36.51523],[-111.31163,36.51353],[-111.31599,36.51035],[-111.32306,36.50091],[-111.32732,36.51007],[-111.33154,36.51094],[-111.32817,36.51685],[-111.33233,36.51748],[-111.33519,36.52179],[-111.33702,36.5267],[-111.33549,36.52891],[-111.34015,36.53409],[-111.33939,36.536],[-111.34197,36.54074],[-111.34524,36.53716],[-111.35073,36.53652],[-111.3529,36.53446],[-111.35514,36.5307],[-111.3561,36.52337],[-111.36237,36.5243],[-111.3672,36.52047],[-111.37309,36.52756],[-111.37443,36.53577],[-111.37302,36.53894],[-111.3776,36.54392],[-111.3794,36.55589],[-111.38387,36.55981],[-111.38379,36.56462],[-111.38847,36.57093],[-111.38901,36.57835],[-111.39285,36.58223],[-111.39278,36.58874],[-111.39686,36.59575],[-111.40062,36.59811],[-111.40728,36.59674],[-111.41102,36.60059],[-111.41712,36.60019],[-111.42296,36.61094],[-111.42349,36.61597],[-111.42606,36.6173],[-111.42471,36.61822],[-111.42682,36.62269],[-111.43039,36.62606],[-111.43776,36.62856],[-111.44365,36.62737],[-111.4499,36.62945],[-111.46146,36.62648],[-111.4706,36.62163],[-111.47659,36.62093],[-111.47633,36.61848],[-111.47825,36.61753],[-111.47695,36.6127],[-111.47902,36.61046],[-111.47798,36.6079],[-111.48731,36.60361],[-111.48887,36.59891],[-111.49471,36.59838],[-111.50763,36.58939],[-111.50969,36.58364],[-111.51348,36.58122],[-111.51448,36.5748],[-111.52518,36.56699],[-111.52917,36.55228],[-111.53938,36.54786],[-111.54035,36.54351],[-111.54483,36.53771],[-111.54922,36.52768],[-111.55883,36.52967],[-111.56223,36.53271],[-111.56273,36.53925],[-111.55689,36.55818],[-111.56103,36.55937],[-111.56331,36.56687],[-111.56033,36.57064],[-111.56463,36.57646],[-111.56214,36.57894],[-111.56242,36.58731],[-111.56895,36.58837],[-111.57173,36.58625],[-111.57967,36.58957],[-111.57555,36.59248],[-111.57808,36.59771],[-111.57354,36.5986],[-111.56696,36.60434],[-111.56267,36.60563],[-111.55922,36.61646],[-111.55572,36.6198],[-111.55648,36.6249],[-111.55995,36.62826],[-111.56053,36.63262],[-111.56564,36.63295],[-111.56862,36.63543],[-111.57246,36.6324],[-111.58085,36.63105],[-111.58526,36.64157],[-111.58868,36.64308],[-111.58898,36.64785],[-111.59682,36.6482],[-111.60213,36.65476],[-111.60265,36.65982],[-111.61064,36.65885],[-111.61795,36.66178],[-111.6246,36.68287],[-111.62848,36.68733],[-111.62571,36.69042],[-111.62546,36.69541],[-111.62747,36.69778],[-111.63305,36.6979],[-111.63098,36.70202],[-111.62888,36.70212],[-111.62799,36.70407],[-111.62201,36.70594],[-111.61808,36.70467],[-111.61967,36.70677],[-111.61951,36.7103],[-111.61473,36.71345],[-111.61457,36.7213],[-111.60955,36.73224],[-111.60764,36.73311],[-111.60814,36.73577],[-111.60394,36.74062],[-111.60396,36.74283],[-111.60741,36.74433],[-111.60732,36.74579],[-111.60351,36.75283],[-111.59998,36.75545],[-111.59358,36.76476],[-111.59284,36.77257],[-111.59416,36.77505],[-111.59231,36.77899],[-111.59338,36.79045],[-111.5894,36.80004],[-111.58934,36.81131],[-111.58636,36.81761],[-111.58831,36.82006],[-111.59011,36.829],[-111.58692,36.83676],[-111.59008,36.84179],[-111.59069,36.84749],[-111.59557,36.85514],[-111.58803,36.86409],[-111.58977,36.86641],[-111.59655,36.86357],[-111.60095,36.85918],[-111.60525,36.8589],[-111.6195,36.86773],[-111.63121,36.86956],[-111.63541,36.87344],[-111.63491,36.87665],[-111.63888,36.88065],[-111.64149,36.88069],[-111.65312,36.88805],[-111.65655,36.88831],[-111.66333,36.88265],[-111.67206,36.86956],[-111.67211,36.86491],[-111.67678,36.8573],[-111.67638,36.85228],[-111.67951,36.8523],[-111.68543,36.85578],[-111.68984,36.85461],[-111.69188,36.85027],[-111.70468,36.84643],[-111.70924,36.83735],[-111.71378,36.83211],[-111.73221,36.82317],[-111.74177,36.82127],[-111.74272,36.81649],[-111.75081,36.81113],[-111.75262,36.80517],[-111.75571,36.80198],[-111.75912,36.80176],[-111.76281,36.798],[-111.76994,36.78491],[-111.77417,36.78412],[-111.78202,36.77174],[-111.78444,36.76991],[-111.78965,36.7702],[-111.79087,36.76503],[-111.7947,36.76163],[-111.7942,36.7582],[-111.79182,36.75628],[-111.80259,36.74687],[-111.803,36.74246],[-111.80838,36.73746],[-111.8122,36.72598],[-111.81449,36.72487],[-111.81892,36.72679],[-111.82448,36.72689],[-111.8307,36.72433],[-111.82918,36.72106],[-111.83479,36.71806],[-111.84594,36.71867],[-111.85019,36.72395],[-111.86336,36.73148],[-111.86428,36.73439],[-111.8695,36.73903],[-111.88573,36.73784],[-111.89146,36.7398],[-111.89624,36.74488],[-111.90149,36.74511],[-111.90432,36.74832],[-111.90403,36.75384],[-111.90736,36.75565],[-111.9092,36.75975],[-111.90792,36.76215],[-111.92237,36.76874],[-111.9325,36.76834],[-111.9346,36.75947],[-111.95628,36.76467],[-111.96844,36.76453],[-111.97167,36.76269],[-111.97793,36.76383],[-111.98999,36.76046],[-111.9968,36.76098],[-112.00141,36.76363],[-112.00608,36.76212],[-112.00979,36.76366],[-112.01896,36.76951],[-112.02296,36.77618],[-112.02288,36.78108],[-112.03022,36.7878],[-112.03137,36.79638],[-112.0375,36.80242],[-112.03825,36.80872],[-112.0422,36.81057],[-112.03911,36.81828],[-112.04185,36.82152],[-112.04235,36.8263],[-112.0497,36.83256],[-112.05276,36.84353],[-112.07484,36.84777],[-112.0802,36.85231],[-112.08908,36.85452],[-112.09283,36.86063],[-112.0959,36.86258],[-112.10087,36.86073],[-112.10667,36.86245],[-112.11274,36.86095],[-112.11655,36.86648],[-112.11633,36.88555],[-112.1182,36.8923],[-112.1213,36.89675],[-112.11767,36.90893],[-112.12537,36.91543],[-112.12572,36.93571],[-112.1288,36.9406],[-112.12631,36.95051],[-112.1146,36.9558],[-112.11204,36.95972],[-112.11732,36.97147],[-112.12087,36.99522],[-112.11839,37.00111],[-112.1183,37.0085],[-112.11574,37.01175],[-112.10939,37.01175],[-112.10561,37.01407],[-112.1005,37.01329],[-112.10405,37.02301],[-112.10881,37.0288],[-112.11633,37.03386],[-112.11876,37.04094],[-112.11844,37.04493],[-112.12794,37.04748],[-112.12967,37.0507],[-112.13792,37.05408],[-112.14905,37.06303],[-112.16496,37.06754],[-112.1704,37.06703],[-112.17193,37.07171],[-112.18535,37.07914],[-112.18459,37.0874],[-112.18757,37.09591],[-112.19455,37.10016],[-112.19649,37.10403],[-112.2007,37.10472],[-112.2042,37.10945],[-112.21158,37.10812],[-112.2222,37.11231],[-112.21995,37.11654],[-112.22481,37.12935],[-112.22443,37.13512],[-112.21999,37.139],[-112.21767,37.14502],[-112.21161,37.14968],[-112.21073,37.15744],[-112.20283,37.16464],[-112.20569,37.17655],[-112.20439,37.18138],[-112.21062,37.18599],[-112.21685,37.18813],[-112.21875,37.20188],[-112.22235,37.20333],[-112.22645,37.20808],[-112.23959,37.21471],[-112.23909,37.21764],[-112.23472,37.22012],[-112.23163,37.22547],[-112.23361,37.23485],[-112.23929,37.24263],[-112.24184,37.24501],[-112.24896,37.2473],[-112.25478,37.24502],[-112.25775,37.24791],[-112.26877,37.25219],[-112.26919,37.25498],[-112.27718,37.26133],[-112.27468,37.26475],[-112.27667,37.26899],[-112.27529,37.27167],[-112.2775,37.27328],[-112.27673,37.27545],[-112.28174,37.28479],[-112.28782,37.29035],[-112.28523,37.29501],[-112.2845,37.30201],[-112.2775,37.30989],[-112.28009,37.31528],[-112.29678,37.32625],[-112.30442,37.32505],[-112.30598,37.32309],[-112.31512,37.32598],[-112.31635,37.32906],[-112.31457,37.33395],[-112.31109,37.33706],[-112.30677,37.33767],[-112.30666,37.34119],[-112.29974,37.34304],[-112.29814,37.34547],[-112.30077,37.34992],[-112.30136,37.35476],[-112.29687,37.36002],[-112.29751,37.36298],[-112.29536,37.36826],[-112.30016,37.37334],[-112.30086,37.37968],[-112.3071,37.3828],[-112.31561,37.38309],[-112.31131,37.39483],[-112.31541,37.39622],[-112.31923,37.40278],[-112.32865,37.40984],[-112.3231,37.41846],[-112.32311,37.42091],[-112.3294,37.41742],[-112.33779,37.41916],[-112.34366,37.4186],[-112.34818,37.42034],[-112.35702,37.41198],[-112.36908,37.40674],[-112.37107,37.40423],[-112.37819,37.4069],[-112.38344,37.40463],[-112.3894,37.40937],[-112.39644,37.41057],[-112.3999,37.41619],[-112.3957,37.41902],[-112.39192,37.41872],[-112.3852,37.42485],[-112.39065,37.42987],[-112.39805,37.43004],[-112.40088,37.43432],[-112.40146,37.43982],[-112.39639,37.44096],[-112.39226,37.44505],[-112.39094,37.44931],[-112.38544,37.45195],[-112.38189,37.45751],[-112.38369,37.46015],[-112.38121,37.4659],[-112.37647,37.46724],[-112.37569,37.46938],[-112.37783,37.47146],[-112.37156,37.47807],[-112.37541,37.47989],[-112.37993,37.48671],[-112.3757,37.49213],[-112.37984,37.49806],[-112.38427,37.49898],[-112.38593,37.50224],[-112.39173,37.50188],[-112.39412,37.49521],[-112.39649,37.49425],[-112.39921,37.49533],[-112.40471,37.49212],[-112.41082,37.4948],[-112.41484,37.49461],[-112.41546,37.49734],[-112.42158,37.49862],[-112.42728,37.49344],[-112.43263,37.49312],[-112.4339,37.49155],[-112.44124,37.4938],[-112.44728,37.4861],[-112.46499,37.47917],[-112.46993,37.47512],[-112.4698,37.47372],[-112.47528,37.47174],[-112.4877,37.47291],[-112.48906,37.47559],[-112.4953,37.47916],[-112.49773,37.48442],[-112.50862,37.48686],[-112.51177,37.49014],[-112.51448,37.49067],[-112.5246,37.48684],[-112.53402,37.48689],[-112.53793,37.49009],[-112.53848,37.49294],[-112.54328,37.49634],[-112.55431,37.49547],[-112.55782,37.49665],[-112.56241,37.49535],[-112.56858,37.49672],[-112.56924,37.49555],[-112.56451,37.49141],[-112.56717,37.4853],[-112.57742,37.48177],[-112.5808,37.47866],[-112.58308,37.47238],[-112.58694,37.47025],[-112.58946,37.4716],[-112.59473,37.46935],[-112.59626,37.46365],[-112.60127,37.46605],[-112.61034,37.45988],[-112.61451,37.46139],[-112.61634,37.45936],[-112.61696,37.45328],[-112.61887,37.44983],[-112.6229,37.44734],[-112.62953,37.4331],[-112.63591,37.43408],[-112.6427,37.4298],[-112.64386,37.42585],[-112.64034,37.41874],[-112.64072,37.41662],[-112.64661,37.40545],[-112.64922,37.40467],[-112.6549,37.41047],[-112.65455,37.4192],[-112.65661,37.42053],[-112.66414,37.4203],[-112.66635,37.41745],[-112.67433,37.41781],[-112.67966,37.41907],[-112.67975,37.42205],[-112.68318,37.42372],[-112.69218,37.41251],[-112.69742,37.41864],[-112.70421,37.4185],[-112.7034,37.42437],[-112.71251,37.4274],[-112.71184,37.43012],[-112.71376,37.43242],[-112.70998,37.43755],[-112.71462,37.44478],[-112.71375,37.4526],[-112.7192,37.45894],[-112.71729,37.46433],[-112.72067,37.47175],[-112.72942,37.47804],[-112.72679,37.48159],[-112.72774,37.48829],[-112.72965,37.49098],[-112.73446,37.49144],[-112.73998,37.49634],[-112.74849,37.49624],[-112.7512,37.49869],[-112.75192,37.50296],[-112.76055,37.50739],[-112.76641,37.50741],[-112.77393,37.51222],[-112.78506,37.51447],[-112.7945,37.51128],[-112.80904,37.51232],[-112.81539,37.5148],[-112.81791,37.51767],[-112.81911,37.52282],[-112.81749,37.52639],[-112.82184,37.53394],[-112.82148,37.53995],[-112.8243,37.54442],[-112.83382,37.55488],[-112.8416,37.55823],[-112.84756,37.55858],[-112.84941,37.57018],[-112.85593,37.5727],[-112.86054,37.57831],[-112.86584,37.58135],[-112.86688,37.5906],[-112.86885,37.58836],[-112.88288,37.58237],[-112.89113,37.584],[-112.89949,37.57866],[-112.90319,37.57814],[-112.9061,37.57414],[-112.90546,37.57077],[-112.91599,37.57003],[-112.91951,37.56836],[-112.93116,37.57],[-112.93873,37.56886],[-112.94312,37.57568],[-112.94581,37.58475],[-112.95736,37.58936],[-112.95623,37.59047],[-112.95815,37.59443],[-112.96444,37.59376],[-112.97108,37.59743],[-112.97733,37.58928],[-112.98669,37.58717],[-112.9849,37.58336],[-112.99183,37.57619],[-112.98885,37.57315],[-112.99277,37.57275],[-112.99355,37.57022],[-112.99875,37.56734],[-113.00044,37.56263],[-113.00587,37.56155],[-113.0041,37.55521],[-113.01003,37.55249],[-113.01146,37.54676],[-113.02211,37.54548],[-113.03469,37.5535],[-113.0397,37.55352],[-113.04869,37.56092],[-113.05569,37.55845],[-113.06134,37.55398],[-113.06456,37.5493],[-113.06429,37.54629],[-113.06823,37.54177],[-113.07018,37.53516],[-113.07804,37.52598],[-113.08643,37.53328],[-113.09337,37.5436],[-113.10101,37.54317],[-113.11,37.5531],[-113.11992,37.55598],[-113.12403,37.55501],[-113.12854,37.55633],[-113.13572,37.54981],[-113.14045,37.55111],[-113.14549,37.54692],[-113.14983,37.54588],[-113.15611,37.54848],[-113.15498,37.55029],[-113.15808,37.5523],[-113.15904,37.55668],[-113.17056,37.56251],[-113.17878,37.56193],[-113.18746,37.56406],[-113.1973,37.56244],[-113.21269,37.56291],[-113.21815,37.56033],[-113.21966,37.55796],[-113.22436,37.55722],[-113.22774,37.55195],[-113.23838,37.54996],[-113.24422,37.54339],[-113.24827,37.54292],[-113.25324,37.53785],[-113.25575,37.53766],[-113.25835,37.54028],[-113.26361,37.53807],[-113.27174,37.53937],[-113.27146,37.54121],[-113.27724,37.54687],[-113.28635,37.55195],[-113.29107,37.55144],[-113.29195,37.55426],[-113.29069,37.55578],[-113.29748,37.55526],[-113.30422,37.56325],[-113.30895,37.5649],[-113.31147,37.56771],[-113.30951,37.5738],[-113.31959,37.583],[-113.32388,37.58316],[-113.3285,37.58094],[-113.33105,37.58303],[-113.34202,37.58423],[-113.34229,37.58122],[-113.34463,37.58079],[-113.34621,37.57841],[-113.34602,37.57256],[-113.35526,37.57195],[-113.35323,37.56591],[-113.35829,37.56083],[-113.35848,37.55742],[-113.36281,37.55684],[-113.36439,37.55334],[-113.36133,37.5515],[-113.36152,37.54929],[-113.35932,37.5487],[-113.35991,37.54693],[-113.35821,37.54445],[-113.3609,37.5409],[-113.3638,37.54019],[-113.36572,37.53632],[-113.36466,37.53526],[-113.36827,37.5303],[-113.37034,37.53096],[-113.37438,37.52827],[-113.37752,37.52935],[-113.37801,37.52505],[-113.37979,37.52353],[-113.37891,37.5179],[-113.38039,37.51525],[-113.38492,37.51275],[-113.39581,37.51519],[-113.39654,37.50879],[-113.4046,37.50953],[-113.40969,37.50613],[-113.41218,37.50197],[-113.42299,37.50296],[-113.4304,37.49367],[-113.43803,37.49363],[-113.44046,37.49017],[-113.44488,37.48924],[-113.44495,37.47885],[-113.45547,37.47462],[-113.45434,37.47192],[-113.45738,37.46016],[-113.45945,37.46207],[-113.46579,37.45975],[-113.4711,37.46138],[-113.47293,37.45914],[-113.47412,37.46033],[-113.48378,37.45807],[-113.48824,37.45451],[-113.48795,37.45104],[-113.49544,37.45146],[-113.4963,37.46317],[-113.4987,37.46688],[-113.50188,37.46759],[-113.5033,37.4708],[-113.514,37.46945],[-113.51715,37.47133],[-113.52467,37.46772],[-113.53448,37.47046],[-113.53736,37.46451],[-113.53596,37.46333],[-113.5378,37.4598],[-113.54186,37.45758],[-113.54257,37.45373],[-113.55362,37.45696],[-113.56392,37.4567],[-113.56708,37.45965],[-113.57238,37.45843],[-113.58085,37.46671],[-113.57705,37.47051],[-113.5797,37.4725],[-113.58052,37.47687],[-113.58644,37.47899],[-113.58579,37.48671],[-113.58402,37.48879],[-113.59013,37.49163],[-113.59328,37.49551],[-113.59664,37.49704],[-113.59925,37.49566],[-113.60159,37.49695],[-113.60452,37.49452],[-113.61265,37.49697],[-113.62388,37.49575],[-113.63361,37.50066],[-113.64496,37.50273],[-113.65105,37.51312],[-113.65884,37.51111],[-113.66183,37.50776],[-113.66847,37.50748],[-113.66687,37.50475],[-113.67031,37.50264],[-113.66987,37.49828],[-113.67528,37.49372],[-113.67733,37.48864],[-113.67949,37.48948],[-113.68027,37.48798],[-113.68178,37.4888],[-113.68871,37.48693],[-113.68861,37.4855],[-113.70139,37.47887],[-113.70014,37.47396],[-113.70678,37.47497],[-113.70845,37.47148],[-113.71572,37.46951],[-113.72141,37.47273],[-113.72379,37.47235],[-113.72662,37.46849],[-113.73512,37.46793],[-113.74773,37.47191],[-113.75112,37.4774],[-113.74982,37.48184],[-113.75092,37.48759],[-113.7489,37.49126],[-113.75171,37.49162],[-113.75509,37.49745],[-113.76113,37.49969],[-113.76416,37.4989],[-113.77285,37.50398],[-113.78944,37.50458],[-113.79823,37.50925],[-113.80633,37.50923],[-113.8081,37.51049],[-113.80703,37.51196],[-113.80798,37.51379],[-113.82402,37.51048],[-113.82508,37.50589],[-113.81998,37.49718],[-113.82397,37.49206],[-113.82372,37.48839],[-113.8253,37.48617],[-113.83238,37.48667],[-113.83156,37.48511],[-113.83346,37.4819],[-113.83979,37.47934],[-113.84008,37.47616],[-113.84164,37.4751],[-113.85425,37.47495],[-113.8547,37.47188],[-113.85827,37.47172],[-113.87106,37.47304],[-113.87323,37.47461],[-113.88126,37.47293],[-113.88705,37.4667],[-113.89219,37.46772],[-113.89423,37.46649],[-113.89776,37.4674],[-113.90331,37.47354],[-113.91841,37.47637],[-113.92373,37.48035],[-113.92849,37.48143],[-113.93137,37.48539],[-113.9313,37.48813],[-113.94068,37.49103],[-113.93995,37.49473],[-113.9412,37.49682],[-113.93948,37.50076],[-113.94292,37.50341],[-113.94124,37.50606],[-113.95215,37.50748],[-113.95157,37.50912],[-113.95547,37.51159],[-113.95373,37.51371],[-113.96027,37.5149],[-113.96604,37.52083],[-113.97117,37.52335],[-113.97147,37.52543],[-113.97391,37.5253],[-113.97927,37.52995],[-113.98257,37.52931],[-113.98294,37.53209],[-113.98808,37.53569],[-113.98633,37.54028],[-113.98752,37.54832],[-113.98584,37.55612],[-113.98246,37.55998],[-113.9871,37.57248],[-114.00013,37.57569],[-114.00077,37.57759],[-114.00348,37.57836],[-114.00522,37.58306],[-114.00784,37.5845],[-114.00853,37.58858],[-114.01529,37.59011],[-114.01887,37.5897],[-114.01964,37.58714],[-114.02501,37.58716],[-114.02799,37.59068],[-114.03549,37.59131],[-114.03931,37.58736],[-114.04259,37.59086],[-114.04782,37.59306],[-114.04853,37.59967],[-114.05481,37.59935],[-114.06017,37.60378],[-114.06064,37.6067],[-114.06265,37.60755],[-114.06077,37.61211],[-114.05745,37.61358],[-114.05308,37.61211],[-114.04808,37.6143],[-114.04947,37.61698],[-114.04395,37.62502],[-114.04489,37.62789],[-114.04043,37.63747],[-114.04495,37.6417],[-114.04604,37.6506],[-114.05008,37.65195],[-114.05837,37.64945],[-114.0638,37.65182],[-114.0667,37.65732],[-114.07732,37.65913],[-114.08287,37.66344],[-114.08172,37.66688],[-114.08452,37.66785],[-114.08586,37.67119],[-114.08907,37.66729],[-114.10078,37.66622],[-114.10504,37.66394],[-114.10948,37.66437],[-114.11316,37.6677],[-114.11511,37.66591],[-114.12289,37.66656],[-114.12366,37.66334],[-114.13706,37.65581],[-114.1407,37.64981],[-114.1419,37.64393],[-114.14457,37.64376],[-114.14773,37.64551],[-114.1502,37.65105],[-114.15333,37.65238],[-114.15882,37.6598],[-114.1692,37.66083],[-114.17605,37.66958],[-114.18926,37.6745],[-114.19079,37.67803],[-114.19974,37.68012],[-114.20321,37.68376],[-114.20352,37.68985],[-114.2076,37.69262],[-114.2093,37.69814],[-114.21444,37.6985],[-114.21581,37.70204],[-114.22118,37.70347],[-114.22264,37.70565],[-114.22342,37.71375],[-114.21499,37.71747],[-114.21651,37.73568],[-114.21236,37.73669],[-114.20881,37.74329],[-114.20384,37.74631],[-114.20606,37.74848],[-114.20584,37.75324],[-114.19967,37.75471],[-114.20031,37.75872],[-114.19505,37.76091],[-114.19438,37.76556],[-114.18904,37.76691],[-114.18942,37.76837],[-114.18591,37.7709],[-114.18931,37.77939],[-114.18919,37.78607],[-114.17853,37.78784],[-114.17401,37.7902],[-114.16785,37.78629],[-114.15783,37.78821],[-114.15293,37.79111],[-114.15004,37.79006],[-114.14202,37.7983],[-114.14354,37.80014],[-114.14134,37.80688],[-114.13061,37.8148],[-114.12615,37.81391],[-114.12471,37.8206],[-114.12253,37.82169],[-114.12329,37.82612],[-114.12187,37.82876],[-114.12414,37.83306],[-114.12334,37.83847],[-114.11847,37.84259],[-114.12394,37.84654],[-114.12316,37.85239],[-114.12563,37.85382],[-114.1249,37.85988],[-114.12096,37.86809],[-114.12352,37.87046],[-114.11912,37.87894],[-114.1205,37.88609],[-114.11546,37.88628],[-114.11412,37.88885],[-114.10946,37.88892],[-114.10729,37.89103],[-114.1049,37.89104],[-114.10002,37.90353],[-114.08836,37.90589],[-114.07023,37.91898],[-114.06587,37.92043],[-114.06345,37.91833],[-114.0609,37.91851],[-114.05929,37.91926],[-114.05852,37.92253],[-114.05276,37.92285],[-114.05123,37.92848],[-114.05305,37.9327],[-114.05158,37.93555],[-114.04374,37.93815],[-114.04337,37.94421],[-114.04511,37.94704],[-114.04375,37.94756],[-114.04375,37.95106],[-114.0408,37.95442],[-114.03665,37.95553],[-114.0365,37.95701],[-114.04098,37.96025],[-114.04122,37.96296],[-114.04736,37.96871],[-114.05211,37.96703],[-114.05549,37.96768],[-114.05336,37.97623],[-114.0557,37.98074],[-114.05267,37.98304],[-114.052,37.98634],[-114.05884,37.9893],[-114.05936,37.9932],[-114.06412,37.99893],[-114.06173,38.00511],[-114.06206,38.00869],[-114.05603,38.01533],[-114.05676,38.02074],[-114.04993,38.02193],[-114.04917,38.02728],[-114.04634,38.02915],[-114.04581,38.03323],[-114.04793,38.04039],[-114.04302,38.04366],[-114.04565,38.04576],[-114.0485,38.05434],[-114.05583,38.05607],[-114.05689,38.0603],[-114.05593,38.06354],[-114.05814,38.06812],[-114.05346,38.07088],[-114.05221,38.07473],[-114.04911,38.07774],[-114.04973,38.08085],[-114.04692,38.0829],[-114.04783,38.08775],[-114.04616,38.09151],[-114.04739,38.10148],[-114.04644,38.10655],[-114.04974,38.10851],[-114.05268,38.11329],[-114.05205,38.12012],[-114.05466,38.12198],[-114.05552,38.12824],[-114.06036,38.13291],[-114.06225,38.13901],[-114.06112,38.1419],[-114.06355,38.14309],[-114.0646,38.14616],[-114.06845,38.14809],[-114.06703,38.1555],[-114.06164,38.15944],[-114.06611,38.17099],[-114.07377,38.17446],[-114.07476,38.18131],[-114.07335,38.18438],[-114.07787,38.18753],[-114.07505,38.19461],[-114.07863,38.1978],[-114.07939,38.2074],[-114.08242,38.21296],[-114.0806,38.21706],[-114.08269,38.22369],[-114.08477,38.22523],[-114.08189,38.22975],[-114.08496,38.23215],[-114.08693,38.23823],[-114.09405,38.24083],[-114.10332,38.24905],[-114.10321,38.25699],[-114.10895,38.26358],[-114.11195,38.27183],[-114.12003,38.27688],[-114.11926,38.27947],[-114.12108,38.28129],[-114.13362,38.28849],[-114.1339,38.2907],[-114.13117,38.29133],[-114.13263,38.29441],[-114.14229,38.29105],[-114.14515,38.2943],[-114.15542,38.29515],[-114.16177,38.29787],[-114.1726,38.29825],[-114.17804,38.30107],[-114.19177,38.29915],[-114.19852,38.3012],[-114.20319,38.30576],[-114.21965,38.29976],[-114.2287,38.3018],[-114.23311,38.30085],[-114.23807,38.30572],[-114.23818,38.30878],[-114.24327,38.31112],[-114.24828,38.31003],[-114.25259,38.31539],[-114.25173,38.31774],[-114.25644,38.32616],[-114.2577,38.33508],[-114.26276,38.33996],[-114.26198,38.34433],[-114.26485,38.35121],[-114.27227,38.35679],[-114.27676,38.36513],[-114.28981,38.38159],[-114.29571,38.38345],[-114.30169,38.37871],[-114.31433,38.37475],[-114.31526,38.37748],[-114.31364,38.3807],[-114.31486,38.38172],[-114.32077,38.37513],[-114.32394,38.37502],[-114.33084,38.36977],[-114.33337,38.36532],[-114.33269,38.36036],[-114.33747,38.35739],[-114.33652,38.34747],[-114.34219,38.345],[-114.33857,38.34249],[-114.33994,38.34094],[-114.33818,38.33748],[-114.3431,38.33399],[-114.34543,38.32738],[-114.34228,38.32219],[-114.34508,38.31798],[-114.34451,38.31428],[-114.34001,38.31401],[-114.33664,38.30562],[-114.33927,38.30351],[-114.33584,38.30135],[-114.3357,38.29769],[-114.34021,38.29128],[-114.34864,38.28994],[-114.35429,38.28595],[-114.35241,38.28295],[-114.3566,38.27856],[-114.35318,38.27763],[-114.35636,38.25976],[-114.35434,38.25142],[-114.3661,38.24226],[-114.37124,38.23111],[-114.37724,38.23249],[-114.38196,38.23831],[-114.39502,38.24187],[-114.39601,38.24831],[-114.39277,38.2526],[-114.39482,38.25867],[-114.39201,38.26386],[-114.39701,38.26664],[-114.39726,38.27025],[-114.40056,38.27461],[-114.41655,38.27861],[-114.432,38.27512],[-114.43817,38.27766],[-114.44091,38.28048],[-114.45113,38.28257],[-114.46207,38.27887],[-114.47173,38.28006],[-114.49658,38.2765],[-114.5054,38.27799],[-114.53294,38.27602],[-114.54276,38.27863],[-114.5615,38.27111],[-114.57036,38.27262],[-114.57835,38.26923],[-114.59066,38.26865],[-114.5984,38.27044],[-114.60694,38.26864],[-114.61125,38.2709],[-114.61998,38.27128],[-114.62152,38.27411],[-114.63064,38.27954],[-114.63141,38.28424],[-114.62765,38.28852],[-114.63206,38.29302],[-114.63338,38.2981],[-114.64304,38.29589],[-114.64685,38.2913],[-114.648,38.28718],[-114.64459,38.28343],[-114.64369,38.2799],[-114.64655,38.27656],[-114.64412,38.27424],[-114.64549,38.2727],[-114.64921,38.27332],[-114.65218,38.2606],[-114.64545,38.25542],[-114.64628,38.2528],[-114.64481,38.25024],[-114.64607,38.24819],[-114.64281,38.24018],[-114.64335,38.23667],[-114.64718,38.23194],[-114.66363,38.22248],[-114.66996,38.21224],[-114.67323,38.21065],[-114.67227,38.20813],[-114.67459,38.20559],[-114.67437,38.20268],[-114.66164,38.19525],[-114.66097,38.19197],[-114.65152,38.19101],[-114.64873,38.18708],[-114.64988,38.18417],[-114.64326,38.18105],[-114.64346,38.17866],[-114.6416,38.17667],[-114.63421,38.17259],[-114.63849,38.17029],[-114.64327,38.16357],[-114.64057,38.16012],[-114.64072,38.15675],[-114.6367,38.15119],[-114.63585,38.14679],[-114.63252,38.14256],[-114.63527,38.13528],[-114.63921,38.13334],[-114.6378,38.12745],[-114.6284,38.12294],[-114.62843,38.12053],[-114.63215,38.11934],[-114.63066,38.11579],[-114.63224,38.11319],[-114.62611,38.10563],[-114.62698,38.09954],[-114.61744,38.09419],[-114.61058,38.09352],[-114.6082,38.08947],[-114.60892,38.0796],[-114.6063,38.07437],[-114.60126,38.0704],[-114.59824,38.06002],[-114.59909,38.05597],[-114.59644,38.0532],[-114.59879,38.0367],[-114.60261,38.03358],[-114.60212,38.02843],[-114.60468,38.02237],[-114.5941,38.01303],[-114.59081,38.00418],[-114.593,37.99785],[-114.58906,37.99512],[-114.58776,37.99085],[-114.58544,37.98892],[-114.58067,37.9752],[-114.58152,37.97221],[-114.59411,37.96843],[-114.59303,37.96516],[-114.59491,37.95915],[-114.59318,37.95678],[-114.59343,37.95156],[-114.5897,37.94383],[-114.58908,37.93841],[-114.58538,37.93104],[-114.58081,37.92891],[-114.58265,37.92436],[-114.58075,37.91744],[-114.5771,37.91445],[-114.57745,37.90761],[-114.58249,37.89902],[-114.57947,37.89677],[-114.578,37.89268],[-114.578,37.87406],[-114.57613,37.86609],[-114.57091,37.86422],[-114.56746,37.86101],[-114.56132,37.86068],[-114.55988,37.85718],[-114.56349,37.84856],[-114.56155,37.84094],[-114.56571,37.84113],[-114.56756,37.83795],[-114.58609,37.83644],[-114.58757,37.83109],[-114.58294,37.8196],[-114.57544,37.80723],[-114.57521,37.80238],[-114.57051,37.79843],[-114.57045,37.7955],[-114.56743,37.79408],[-114.56513,37.79502],[-114.56579,37.78832],[-114.56347,37.78829],[-114.55996,37.78438],[-114.56049,37.7786],[-114.55769,37.77606],[-114.56186,37.77392],[-114.56218,37.76682],[-114.5597,37.76428],[-114.56165,37.75942],[-114.56668,37.75825],[-114.56915,37.75545],[-114.57139,37.74561],[-114.56944,37.74228],[-114.56987,37.73562],[-114.55972,37.72913],[-114.55535,37.72202],[-114.55511,37.71587],[-114.556,37.71324],[-114.55782,37.71289],[-114.5635,37.71581],[-114.57108,37.71585],[-114.57368,37.7135],[-114.58127,37.71279],[-114.58827,37.70786],[-114.59462,37.706],[-114.59964,37.70716],[-114.60639,37.71161],[-114.6123,37.7106],[-114.6171,37.71235],[-114.62192,37.71085],[-114.62645,37.71413],[-114.64046,37.71141],[-114.6396,37.70578],[-114.64099,37.7028],[-114.64733,37.6979],[-114.64888,37.69199],[-114.65601,37.68823],[-114.66051,37.68331],[-114.6628,37.67655],[-114.66177,37.67261],[-114.66438,37.66902],[-114.66463,37.66557],[-114.67,37.66137],[-114.66889,37.6598],[-114.67006,37.65283],[-114.68268,37.65055],[-114.68021,37.64767],[-114.68127,37.64243],[-114.67843,37.63882],[-114.68101,37.63467],[-114.68017,37.63146],[-114.68493,37.62676],[-114.68469,37.62295],[-114.67853,37.61878],[-114.67936,37.61641],[-114.67816,37.61501],[-114.68999,37.6065],[-114.68655,37.60575],[-114.6825,37.60105],[-114.68476,37.59647],[-114.68477,37.59134],[-114.69116,37.58758],[-114.69695,37.58963],[-114.69949,37.58943],[-114.70264,37.58659],[-114.7126,37.58791],[-114.71216,37.58403],[-114.71895,37.57567],[-114.71912,37.5723],[-114.71554,37.56871],[-114.71783,37.5618],[-114.71502,37.55699],[-114.71458,37.55083],[-114.71647,37.54951],[-114.71503,37.54694],[-114.71886,37.54584],[-114.72052,37.54207],[-114.7254,37.53812],[-114.73113,37.53642],[-114.73556,37.53228],[-114.73233,37.52457],[-114.72915,37.52373],[-114.72927,37.52117],[-114.72663,37.51827],[-114.72169,37.51832],[-114.72125,37.51631],[-114.71726,37.51493],[-114.7187,37.51196],[-114.71841,37.50558],[-114.71677,37.50301],[-114.71451,37.50275],[-114.71339,37.49827],[-114.71044,37.49616],[-114.70919,37.49265],[-114.70999,37.48844],[-114.70768,37.48584],[-114.70873,37.48374],[-114.70074,37.47494],[-114.70242,37.47013],[-114.69742,37.46726],[-114.6936,37.4628],[-114.6935,37.45983],[-114.68814,37.4564],[-114.6886,37.45244],[-114.68729,37.45093],[-114.69464,37.43298],[-114.68925,37.42925],[-114.69311,37.42487],[-114.69842,37.4229],[-114.69859,37.41543],[-114.7023,37.41458],[-114.70601,37.40611],[-114.70329,37.39995],[-114.71038,37.39588],[-114.71222,37.39303],[-114.71768,37.39186],[-114.72018,37.38387],[-114.71912,37.38079],[-114.72246,37.37967],[-114.72426,37.37555],[-114.72099,37.36524],[-114.72119,37.36074],[-114.72444,37.35861],[-114.7279,37.35312],[-114.72474,37.34787],[-114.72628,37.34036],[-114.736,37.33557],[-114.73882,37.33712],[-114.74039,37.33345],[-114.7458,37.33071],[-114.74828,37.32615],[-114.75169,37.32745],[-114.75542,37.32566],[-114.7558,37.32071],[-114.75957,37.31686],[-114.76479,37.31712],[-114.76764,37.31462],[-114.76319,37.30968],[-114.76302,37.30564],[-114.76586,37.29802],[-114.76145,37.29289],[-114.76462,37.2804],[-114.76908,37.27509],[-114.76719,37.26983],[-114.76971,37.26595],[-114.76913,37.26359],[-114.7829,37.26405],[-114.78335,37.26002],[-114.78775,37.25242],[-114.79658,37.24735],[-114.79653,37.24432],[-114.79398,37.24226],[-114.79449,37.24028],[-114.80117,37.24077],[-114.80639,37.23541],[-114.8096,37.23556],[-114.81067,37.23833],[-114.81423,37.24032],[-114.81527,37.24346],[-114.81426,37.24689],[-114.82813,37.24972],[-114.83077,37.25212],[-114.83598,37.24976],[-114.83696,37.25337],[-114.84031,37.25384],[-114.84453,37.25726],[-114.86113,37.26183],[-114.86713,37.25857],[-114.87447,37.25985],[-114.89017,37.25855],[-114.89814,37.2656],[-114.90295,37.26686],[-114.9061,37.26519],[-114.90447,37.26989],[-114.90567,37.27138],[-114.91537,37.26329],[-114.92246,37.26051],[-114.93039,37.25075],[-114.94196,37.24536],[-114.94699,37.25012],[-114.95091,37.25803],[-114.96287,37.26351],[-114.9651,37.26979],[-114.96395,37.27376],[-114.96642,37.27613],[-114.96605,37.28124],[-114.97855,37.28164],[-114.99134,37.29022],[-114.99394,37.2938],[-114.99357,37.2957],[-114.99008,37.29664],[-114.98563,37.30431],[-114.98571,37.3071],[-114.98088,37.30705],[-114.97795,37.30892],[-114.97714,37.3127],[-114.97179,37.31559],[-114.97429,37.32053],[-114.97439,37.33408],[-114.98368,37.34945],[-114.99035,37.35232],[-114.99112,37.3565],[-114.99073,37.35776],[-114.98707,37.3561],[-114.98473,37.36237],[-114.97452,37.36575],[-114.97207,37.37212],[-114.97455,37.3739],[-114.97559,37.37812],[-114.98168,37.38321],[-114.98602,37.39866],[-114.99188,37.40091],[-114.99688,37.40018],[-114.99998,37.40302],[-115.00431,37.41491],[-115.0072,37.41583],[-115.00977,37.4214],[-115.01159,37.43486],[-115.01694,37.43686],[-115.01984,37.44105],[-115.01765,37.44325],[-115.01957,37.44571],[-115.01931,37.45157],[-115.02996,37.47128],[-115.0293,37.48196],[-115.03236,37.48502],[-115.02944,37.4901],[-115.03284,37.49386],[-115.03064,37.49541],[-115.03074,37.49975],[-115.03251,37.50095],[-115.03027,37.5063],[-115.03253,37.50732],[-115.03121,37.51062],[-115.03278,37.51606],[-115.03075,37.51838],[-115.03242,37.5235],[-115.02998,37.52783],[-115.03076,37.53225],[-115.02652,37.53663],[-115.02913,37.54174],[-115.02307,37.54881],[-115.0224,37.55221],[-115.02587,37.55321],[-115.0266,37.55748],[-115.0236,37.55984],[-115.02414,37.56395],[-115.0193,37.56851],[-115.01872,37.58184],[-115.01775,37.58337],[-115.01302,37.58398],[-115.01155,37.58647],[-115.01314,37.5983],[-115.00887,37.6005],[-115.00709,37.60417],[-115.00807,37.60671],[-115.00348,37.60791],[-115.00421,37.61064],[-114.99724,37.61406],[-114.9945,37.62144],[-114.99638,37.62497],[-114.98413,37.64483],[-114.98043,37.65583],[-114.95911,37.66099],[-114.95279,37.66852],[-114.95142,37.67493],[-114.95295,37.68356],[-114.95084,37.68622],[-114.95074,37.69112],[-114.94792,37.69231],[-114.9521,37.69303],[-114.95162,37.7034],[-114.95528,37.70714],[-114.95737,37.71699],[-114.9493,37.71969],[-114.94979,37.72495],[-114.94446,37.72561],[-114.94356,37.72696],[-114.9418,37.72583],[-114.9358,37.72998],[-114.9367,37.73254],[-114.93875,37.73269],[-114.94286,37.73755],[-114.93655,37.74095],[-114.9332,37.74054],[-114.93426,37.74312],[-114.93249,37.74922],[-114.93828,37.7567],[-114.93678,37.76584],[-114.94351,37.77949],[-114.93894,37.78036],[-114.93844,37.78568],[-114.93268,37.78995],[-114.94024,37.79734],[-114.94146,37.80642],[-114.94383,37.81031],[-114.94091,37.83082],[-114.94242,37.83762],[-114.94031,37.84174],[-114.94169,37.85101],[-114.93883,37.85318],[-114.93702,37.86608],[-114.93422,37.8677],[-114.93395,37.8788],[-114.93102,37.88278],[-114.92793,37.89385],[-114.92317,37.89887],[-114.92387,37.9012],[-114.9297,37.90525],[-114.93389,37.914],[-114.93187,37.91927],[-114.93434,37.9215],[-114.93256,37.92419],[-114.93546,37.9271],[-114.93235,37.92921],[-114.93051,37.93316],[-114.92549,37.93249],[-114.92474,37.93912],[-114.92101,37.93997],[-114.91658,37.94755],[-114.91344,37.94732],[-114.9061,37.95426],[-114.90154,37.95587],[-114.8987,37.9604],[-114.89802,37.96705],[-114.89514,37.97046],[-114.89637,37.97477],[-114.89388,37.97769],[-114.89573,37.98015],[-114.90174,37.98139],[-114.90278,37.98414],[-114.91099,37.98993],[-114.90985,38.00036],[-114.9118,38.00236],[-114.91222,38.00608],[-114.90776,38.01172],[-114.90968,38.0182],[-114.90799,38.01897],[-114.90363,38.03141],[-114.89947,38.03464],[-114.90262,38.03803],[-114.89867,38.04327],[-114.89725,38.05009],[-114.89973,38.05279],[-114.89808,38.05791],[-114.90022,38.06232],[-114.90689,38.06505],[-114.90503,38.07124],[-114.9089,38.08189],[-114.91247,38.08486],[-114.9113,38.08971],[-114.91476,38.09696],[-114.91316,38.10059],[-114.91509,38.10335],[-114.91469,38.11015],[-114.91629,38.11386],[-114.91887,38.11555],[-114.91771,38.1184],[-114.91913,38.12248],[-114.91495,38.12593],[-114.91917,38.1286],[-114.92089,38.13489],[-114.91863,38.13814],[-114.91116,38.13774],[-114.91202,38.14094],[-114.91005,38.14538],[-114.91071,38.1497],[-114.91631,38.15055],[-114.92222,38.15591],[-114.92115,38.15701],[-114.9221,38.16098],[-114.92122,38.16507],[-114.91856,38.16798],[-114.91462,38.16823],[-114.92267,38.17269],[-114.92591,38.17726],[-114.92374,38.18349],[-114.92902,38.18537],[-114.93121,38.18791],[-114.91984,38.19642],[-114.91719,38.19526],[-114.91427,38.19622],[-114.91226,38.20058],[-114.90739,38.19927],[-114.90492,38.2019],[-114.89986,38.20298],[-114.89856,38.20701],[-114.88728,38.21365],[-114.88861,38.2206],[-114.89254,38.22636],[-114.88818,38.236],[-114.89064,38.24914],[-114.88503,38.25129],[-114.88567,38.25483],[-114.88393,38.25725],[-114.89613,38.26284],[-114.89935,38.2654],[-114.89857,38.26826],[-114.90477,38.27079],[-114.90842,38.27464],[-114.91683,38.27543],[-114.91892,38.27915],[-114.92755,38.28561],[-114.93501,38.28843],[-114.93346,38.29575],[-114.94587,38.30576],[-114.94534,38.31024],[-114.94802,38.31129],[-114.95628,38.30978],[-114.95999,38.31711],[-114.95968,38.32012],[-114.96835,38.32583],[-114.96596,38.32721],[-114.9632,38.33511],[-114.95742,38.33786],[-114.9636,38.34274],[-114.96628,38.34848],[-114.96238,38.35073],[-114.95354,38.35061],[-114.95071,38.35184],[-114.9487,38.35565],[-114.94589,38.3559],[-114.94171,38.38538],[-114.93823,38.39121],[-114.9451,38.39597],[-114.94564,38.40236],[-114.94331,38.40726],[-114.94632,38.41038],[-114.95582,38.41365],[-114.96173,38.41387],[-114.97142,38.4217],[-114.95757,38.43504],[-114.95466,38.44277],[-114.95195,38.44482],[-114.95167,38.44939],[-114.94879,38.4521],[-114.94759,38.45865],[-114.93827,38.46967],[-114.94229,38.47686],[-114.94195,38.47985],[-114.93786,38.48208],[-114.93497,38.48793],[-114.92857,38.48882],[-114.92704,38.49494],[-114.92251,38.50121],[-114.92118,38.506],[-114.90787,38.50868],[-114.90608,38.5126],[-114.90587,38.51968],[-114.89864,38.51993],[-114.89449,38.52268],[-114.8953,38.53119],[-114.89207,38.5333],[-114.89329,38.53667],[-114.89178,38.5405],[-114.89498,38.5472],[-114.89459,38.55036],[-114.89936,38.55142],[-114.90289,38.5566],[-114.90304,38.56166],[-114.90002,38.5668],[-114.9,38.57106],[-114.90212,38.573],[-114.90863,38.57343],[-114.91317,38.57883],[-114.92185,38.5771],[-114.92602,38.57786],[-114.92928,38.58286],[-114.93299,38.58371],[-114.93465,38.5897],[-114.93762,38.5906],[-114.94141,38.58921],[-114.94859,38.60656],[-114.95498,38.60779],[-114.95361,38.61313],[-114.95548,38.61922],[-114.95905,38.6202],[-114.96192,38.62337],[-114.95975,38.63585],[-114.96167,38.63868],[-114.96746,38.64107],[-114.96925,38.64459],[-114.96712,38.65225],[-114.96311,38.6572],[-114.96383,38.66003],[-114.96161,38.66649],[-114.96829,38.66946],[-114.96832,38.67313],[-114.97355,38.67719],[-114.96971,38.68185],[-114.95752,38.68528],[-114.95643,38.68837],[-114.95808,38.69483],[-114.95511,38.69755],[-114.95527,38.70135],[-114.95189,38.70056],[-114.93975,38.70724],[-114.94064,38.71323],[-114.93825,38.7201],[-114.93339,38.72321],[-114.93318,38.72987],[-114.92986,38.73021],[-114.92503,38.73688],[-114.92942,38.74207],[-114.93158,38.74751],[-114.9307,38.75139],[-114.92438,38.7563],[-114.93208,38.76501],[-114.93053,38.7671],[-114.93111,38.7728],[-114.93615,38.77443],[-114.93988,38.77323],[-114.94156,38.77683],[-114.94059,38.78177],[-114.93603,38.78766],[-114.93598,38.7901],[-114.9321,38.79216],[-114.92734,38.80044],[-114.92398,38.8023],[-114.92346,38.80866],[-114.92018,38.81143],[-114.92138,38.82064],[-114.91897,38.82347],[-114.91911,38.8291],[-114.91549,38.83397],[-114.91431,38.84004],[-114.91846,38.8427],[-114.91903,38.8478],[-114.909,38.8553],[-114.90714,38.86172],[-114.91026,38.87852],[-114.90835,38.88312],[-114.90923,38.88659],[-114.89535,38.88616],[-114.89007,38.89715],[-114.88327,38.89679],[-114.88075,38.89946],[-114.87158,38.90123],[-114.87142,38.90457],[-114.8729,38.90923],[-114.87852,38.91504],[-114.87936,38.91975],[-114.88253,38.92221],[-114.88393,38.92627],[-114.89181,38.92995],[-114.89631,38.93584],[-114.89455,38.94118],[-114.89195,38.94162],[-114.88895,38.94622],[-114.89102,38.95081],[-114.88324,38.95142],[-114.88001,38.96016],[-114.87652,38.9641],[-114.87841,38.96672],[-114.87779,38.96941],[-114.88258,38.97733],[-114.88335,38.98382],[-114.88094,38.98723],[-114.88123,38.99603],[-114.88259,38.9984],[-114.88712,38.9992],[-114.88995,39.00194],[-114.89835,39.00228],[-114.8997,39.00716],[-114.89798,39.0124],[-114.90396,39.01795],[-114.9004,39.02334],[-114.90236,39.03063],[-114.90517,39.03325],[-114.90144,39.04025],[-114.90711,39.04677],[-114.90545,39.05225],[-114.89366,39.05569],[-114.89512,39.05924],[-114.89934,39.06534],[-114.90117,39.0725],[-114.90465,39.07428],[-114.91095,39.08556],[-114.91158,39.0955],[-114.9146,39.09839],[-114.92054,39.10003],[-114.93074,39.11253],[-114.93144,39.11689],[-114.93598,39.12523],[-114.9411,39.1287],[-114.94285,39.13293],[-114.94459,39.14741],[-114.94194,39.15297],[-114.93328,39.15738],[-114.93835,39.16444],[-114.93495,39.17499],[-114.93827,39.17744],[-114.94036,39.183],[-114.94413,39.18667],[-114.94362,39.19309],[-114.95036,39.20188],[-114.95951,39.20273],[-114.96367,39.20587],[-114.96628,39.21271],[-114.9725,39.2143],[-114.98676,39.22416],[-114.98791,39.22827],[-114.99395,39.23163],[-114.99344,39.23741],[-115.00471,39.24194],[-115.00237,39.24482],[-115.01211,39.25344],[-115.01609,39.25418],[-115.02028,39.2529],[-115.02562,39.24642],[-115.02664,39.24777],[-115.03283,39.2479],[-115.03808,39.2516],[-115.04101,39.25132],[-115.04254,39.25643],[-115.04494,39.25874],[-115.04261,39.26299],[-115.03629,39.26787],[-115.03199,39.26889],[-115.03191,39.27412],[-115.03665,39.27605],[-115.03887,39.27471],[-115.05262,39.28216],[-115.05611,39.28257],[-115.07862,39.30055]]]}},{"type":"Feature","properties":{"huc2":"16","name":"Great Basin Region","states":"CA,ID,NV,OR,UT,WY"},"geometry":{"type":"Polygon","coordinates":[[[-111.64625,42.85187],[-111.6532,42.85508],[-111.65863,42.85577],[-111.66113,42.85418],[-111.66326,42.85114],[-111.66179,42.84791],[-111.66957,42.84312],[-111.66651,42.83898],[-111.66855,42.82794],[-111.66717,42.82593],[-111.66979,42.82471],[-111.67385,42.81625],[-111.6703,42.80669],[-111.67332,42.80443],[-111.68344,42.80443],[-111.68629,42.80181],[-111.69101,42.80326],[-111.69687,42.79899],[-111.70127,42.78853],[-111.70354,42.78732],[-111.70213,42.78449],[-111.71038,42.77916],[-111.70947,42.77036],[-111.71488,42.76714],[-111.72004,42.76081],[-111.72018,42.75808],[-111.7162,42.75473],[-111.71788,42.75231],[-111.71415,42.74559],[-111.71497,42.74219],[-111.70843,42.74059],[-111.70671,42.73809],[-111.69994,42.73831],[-111.69367,42.73339],[-111.69256,42.73035],[-111.68633,42.72803],[-111.68323,42.72422],[-111.67685,42.72321],[-111.67398,42.72059],[-111.6739,42.71794],[-111.66803,42.71452],[-111.66252,42.70721],[-111.65669,42.69121],[-111.67015,42.68031],[-111.67628,42.67838],[-111.67829,42.67607],[-111.68352,42.6758],[-111.69139,42.67242],[-111.69932,42.67271],[-111.70219,42.67167],[-111.70413,42.66741],[-111.71289,42.66434],[-111.71625,42.66069],[-111.7197,42.65175],[-111.71595,42.65021],[-111.7164,42.64805],[-111.72252,42.64322],[-111.72369,42.64526],[-111.72674,42.6452],[-111.74065,42.64033],[-111.74611,42.63577],[-111.74565,42.63384],[-111.75144,42.63116],[-111.76408,42.62988],[-111.77253,42.6263],[-111.77771,42.62257],[-111.78232,42.6164],[-111.7923,42.61756],[-111.80512,42.61468],[-111.81379,42.61559],[-111.81763,42.61421],[-111.81999,42.61255],[-111.82061,42.60759],[-111.82312,42.60518],[-111.82992,42.60288],[-111.83276,42.60027],[-111.83891,42.60081],[-111.84044,42.59931],[-111.84606,42.59893],[-111.85689,42.59101],[-111.86205,42.58942],[-111.86409,42.58626],[-111.86375,42.58297],[-111.87227,42.58079],[-111.8791,42.57664],[-111.89016,42.57638],[-111.89399,42.57781],[-111.8945,42.5796],[-111.89762,42.57882],[-111.9,42.57383],[-111.89968,42.56962],[-111.89699,42.56449],[-111.89802,42.56047],[-111.89485,42.55645],[-111.89609,42.55054],[-111.8999,42.54692],[-111.89923,42.54379],[-111.90758,42.54426],[-111.91648,42.54951],[-111.92594,42.54887],[-111.92444,42.54487],[-111.93378,42.54529],[-111.93787,42.54397],[-111.93841,42.53406],[-111.93054,42.52234],[-111.94192,42.51921],[-111.95148,42.52102],[-111.95596,42.51579],[-111.95412,42.51396],[-111.95399,42.51084],[-111.95707,42.5071],[-111.95689,42.50172],[-111.95424,42.49727],[-111.95431,42.49137],[-111.96252,42.48656],[-111.96429,42.48391],[-111.97078,42.48386],[-111.97537,42.4785],[-111.97985,42.47611],[-111.97459,42.47212],[-111.97468,42.46928],[-111.96981,42.45809],[-111.97426,42.45496],[-111.97532,42.45111],[-111.96066,42.44436],[-111.95454,42.43621],[-111.9547,42.43295],[-111.95966,42.42799],[-111.95823,42.42454],[-111.96185,42.41427],[-111.96591,42.41023],[-111.97152,42.4076],[-111.97,42.40471],[-111.97109,42.39981],[-111.97562,42.39834],[-111.97619,42.39027],[-111.97953,42.38749],[-111.97946,42.38426],[-111.9837,42.3817],[-111.98732,42.37318],[-111.99413,42.37525],[-111.99738,42.37819],[-112.00165,42.37871],[-112.00403,42.38119],[-112.01252,42.3736],[-112.01348,42.36942],[-112.01858,42.36875],[-112.02124,42.36636],[-112.02466,42.36945],[-112.02817,42.36953],[-112.03979,42.36171],[-112.04354,42.3556],[-112.04864,42.35438],[-112.06336,42.35534],[-112.0685,42.35187],[-112.07299,42.35173],[-112.07307,42.34831],[-112.07526,42.34625],[-112.07435,42.34418],[-112.08026,42.34078],[-112.07832,42.33313],[-112.07644,42.33199],[-112.07984,42.33105],[-112.08161,42.32671],[-112.08622,42.3248],[-112.08328,42.32016],[-112.0832,42.31668],[-112.0877,42.3118],[-112.08079,42.30551],[-112.08094,42.30203],[-112.09188,42.29577],[-112.0935,42.29213],[-112.097,42.29133],[-112.09684,42.28906],[-112.10222,42.28324],[-112.09548,42.27381],[-112.09791,42.26954],[-112.10404,42.26808],[-112.11333,42.26926],[-112.11895,42.28118],[-112.12587,42.28468],[-112.1293,42.29045],[-112.1369,42.29538],[-112.14421,42.29322],[-112.156,42.29441],[-112.15616,42.29704],[-112.16145,42.2999],[-112.16019,42.30554],[-112.16117,42.30867],[-112.16452,42.31349],[-112.16844,42.31486],[-112.1691,42.31722],[-112.1766,42.32416],[-112.17743,42.32865],[-112.1858,42.33724],[-112.18698,42.34229],[-112.19078,42.34778],[-112.19586,42.34501],[-112.20192,42.34727],[-112.20581,42.34658],[-112.20704,42.35073],[-112.21482,42.35047],[-112.22599,42.34507],[-112.23776,42.34522],[-112.25718,42.34254],[-112.26106,42.34012],[-112.26391,42.33433],[-112.27409,42.32434],[-112.27586,42.31855],[-112.27944,42.3167],[-112.29116,42.31662],[-112.30567,42.32655],[-112.30886,42.32615],[-112.31522,42.32201],[-112.32692,42.32372],[-112.32871,42.32908],[-112.32833,42.33738],[-112.33066,42.3411],[-112.32893,42.34719],[-112.32404,42.35159],[-112.32407,42.35348],[-112.31884,42.35664],[-112.31342,42.36459],[-112.30998,42.36587],[-112.31028,42.37122],[-112.30552,42.37671],[-112.305,42.37942],[-112.29404,42.38631],[-112.29418,42.39477],[-112.29089,42.39709],[-112.29389,42.40814],[-112.29226,42.41637],[-112.2939,42.41917],[-112.2937,42.42259],[-112.29084,42.42708],[-112.29527,42.43715],[-112.29455,42.44631],[-112.29712,42.44977],[-112.29739,42.45417],[-112.3108,42.45692],[-112.31202,42.45298],[-112.31805,42.45149],[-112.31982,42.44933],[-112.32447,42.451],[-112.34272,42.44782],[-112.34995,42.45232],[-112.36767,42.45427],[-112.37246,42.45787],[-112.3725,42.46183],[-112.37167,42.46406],[-112.36719,42.46603],[-112.36588,42.48252],[-112.36734,42.48363],[-112.37373,42.48146],[-112.37631,42.47894],[-112.37853,42.482],[-112.38391,42.48364],[-112.38217,42.487],[-112.39451,42.49354],[-112.39898,42.49863],[-112.4002,42.50286],[-112.39916,42.50695],[-112.4018,42.50958],[-112.40122,42.51455],[-112.40428,42.51725],[-112.41142,42.51407],[-112.41953,42.51514],[-112.4208,42.52179],[-112.42879,42.52298],[-112.43453,42.52689],[-112.43479,42.52862],[-112.44177,42.5278],[-112.43958,42.53142],[-112.44457,42.53556],[-112.44059,42.53871],[-112.44256,42.54247],[-112.4418,42.54418],[-112.4459,42.55061],[-112.45375,42.55705],[-112.45715,42.55573],[-112.46175,42.54995],[-112.46458,42.54957],[-112.46406,42.54537],[-112.46084,42.54353],[-112.45946,42.54058],[-112.4685,42.53039],[-112.47385,42.52889],[-112.48364,42.5291],[-112.48236,42.52463],[-112.48481,42.51182],[-112.4815,42.50931],[-112.48145,42.50571],[-112.47924,42.50272],[-112.48277,42.50248],[-112.48302,42.4992],[-112.48795,42.49181],[-112.48616,42.48521],[-112.48179,42.4801],[-112.49323,42.47372],[-112.49273,42.46843],[-112.49865,42.4667],[-112.50333,42.46777],[-112.50477,42.45668],[-112.50017,42.45556],[-112.49897,42.45153],[-112.49994,42.44717],[-112.49489,42.43452],[-112.49866,42.4324],[-112.49744,42.42639],[-112.50206,42.42596],[-112.50526,42.42099],[-112.50496,42.41773],[-112.50798,42.41419],[-112.50526,42.41003],[-112.51534,42.40402],[-112.51214,42.39922],[-112.51391,42.39617],[-112.51979,42.39244],[-112.51792,42.38311],[-112.52173,42.38266],[-112.52663,42.37417],[-112.5247,42.36981],[-112.52988,42.36708],[-112.53062,42.36225],[-112.5354,42.36059],[-112.53894,42.35623],[-112.55101,42.35245],[-112.56749,42.35262],[-112.57218,42.35691],[-112.5789,42.35972],[-112.59819,42.36227],[-112.60481,42.36511],[-112.6112,42.36548],[-112.61708,42.36958],[-112.62885,42.37121],[-112.65487,42.38427],[-112.65818,42.38906],[-112.65716,42.39278],[-112.65893,42.3999],[-112.65504,42.41509],[-112.64889,42.41862],[-112.64982,42.42891],[-112.64634,42.43253],[-112.64902,42.43706],[-112.64852,42.44128],[-112.65162,42.4548],[-112.65049,42.45653],[-112.65533,42.46617],[-112.65605,42.47114],[-112.66725,42.47178],[-112.67757,42.46637],[-112.68107,42.46708],[-112.69691,42.46189],[-112.69907,42.45969],[-112.70007,42.45135],[-112.70966,42.44934],[-112.71647,42.44264],[-112.71392,42.43565],[-112.71636,42.42912],[-112.71439,42.42431],[-112.71628,42.42143],[-112.71532,42.41749],[-112.71819,42.41438],[-112.71337,42.40817],[-112.7125,42.40421],[-112.71831,42.3953],[-112.72325,42.39359],[-112.72145,42.3911],[-112.72458,42.3858],[-112.72188,42.38087],[-112.72612,42.3705],[-112.72344,42.36023],[-112.73779,42.35547],[-112.73918,42.35258],[-112.74314,42.35103],[-112.74834,42.35241],[-112.76074,42.3511],[-112.76853,42.34914],[-112.77302,42.34616],[-112.77838,42.34803],[-112.7855,42.34595],[-112.78926,42.34666],[-112.79926,42.34101],[-112.80037,42.33065],[-112.7979,42.32387],[-112.80586,42.31386],[-112.80624,42.30908],[-112.80398,42.30687],[-112.80634,42.29855],[-112.80552,42.28966],[-112.81028,42.28867],[-112.81162,42.28556],[-112.81089,42.28135],[-112.8189,42.28048],[-112.81623,42.27733],[-112.81675,42.273],[-112.8153,42.26981],[-112.81724,42.26811],[-112.82661,42.26209],[-112.84115,42.25753],[-112.85359,42.2581],[-112.86208,42.25577],[-112.86702,42.25084],[-112.87002,42.25112],[-112.8724,42.25421],[-112.88577,42.25635],[-112.89029,42.25907],[-112.89238,42.26286],[-112.89746,42.26039],[-112.89882,42.25767],[-112.91048,42.25532],[-112.91795,42.25612],[-112.91647,42.25048],[-112.9181,42.24744],[-112.9164,42.2444],[-112.91857,42.23875],[-112.91648,42.23445],[-112.92933,42.22827],[-112.93956,42.22717],[-112.94973,42.21981],[-112.96289,42.22083],[-112.96542,42.22242],[-112.96901,42.22085],[-112.96976,42.21717],[-112.97793,42.21685],[-112.97965,42.21508],[-112.98666,42.22072],[-112.9895,42.21864],[-112.99084,42.22019],[-112.99999,42.2208],[-113.00351,42.22351],[-113.01625,42.22172],[-113.02047,42.21999],[-113.02213,42.21633],[-113.03128,42.2146],[-113.04082,42.20499],[-113.04514,42.20355],[-113.04586,42.19812],[-113.0437,42.1939],[-113.05395,42.19088],[-113.06192,42.18542],[-113.08127,42.17826],[-113.09808,42.15902],[-113.1113,42.15383],[-113.12466,42.15325],[-113.1218,42.14469],[-113.12571,42.13941],[-113.12552,42.13232],[-113.12293,42.12871],[-113.12328,42.12466],[-113.11927,42.11571],[-113.10503,42.11167],[-113.10298,42.10864],[-113.10651,42.10413],[-113.10763,42.08836],[-113.11486,42.0804],[-113.11537,42.0776],[-113.12688,42.07809],[-113.13188,42.07404],[-113.14072,42.07378],[-113.14341,42.07164],[-113.14336,42.06557],[-113.14008,42.0583],[-113.139,42.05405],[-113.14007,42.05219],[-113.13773,42.04585],[-113.14006,42.04388],[-113.13821,42.03656],[-113.1395,42.03427],[-113.13885,42.02984],[-113.14906,42.0258],[-113.15075,42.02003],[-113.1669,42.01402],[-113.16993,42.00749],[-113.1889,41.99012],[-113.19262,41.98294],[-113.20297,41.97108],[-113.21098,41.96817],[-113.21687,41.95993],[-113.22502,41.9605],[-113.22716,41.95514],[-113.23735,41.95318],[-113.23676,41.94457],[-113.23985,41.93844],[-113.25311,41.93158],[-113.25944,41.93102],[-113.26126,41.92316],[-113.27201,41.91941],[-113.29271,41.91548],[-113.30176,41.91152],[-113.306,41.9121],[-113.30906,41.91016],[-113.31986,41.90944],[-113.32319,41.9071],[-113.33879,41.90507],[-113.34488,41.90137],[-113.35414,41.90317],[-113.36111,41.90153],[-113.36473,41.90323],[-113.36593,41.90996],[-113.37058,41.90927],[-113.37626,41.91305],[-113.38724,41.90791],[-113.38898,41.90445],[-113.39175,41.90351],[-113.40073,41.90482],[-113.40455,41.90708],[-113.41091,41.90605],[-113.42331,41.90306],[-113.42698,41.89989],[-113.43876,41.90007],[-113.4467,41.89536],[-113.47329,41.89218],[-113.47919,41.88915],[-113.47989,41.88416],[-113.48276,41.88485],[-113.48653,41.87924],[-113.49595,41.87615],[-113.50016,41.87713],[-113.51036,41.87334],[-113.51423,41.8736],[-113.52471,41.8681],[-113.52941,41.86899],[-113.5391,41.86409],[-113.54389,41.86453],[-113.55217,41.86209],[-113.56182,41.86143],[-113.56586,41.86328],[-113.56599,41.86561],[-113.56987,41.86802],[-113.58057,41.86898],[-113.59369,41.87437],[-113.62025,41.87125],[-113.62749,41.87337],[-113.6356,41.87253],[-113.64008,41.86807],[-113.63987,41.86112],[-113.65019,41.86025],[-113.65468,41.85608],[-113.6573,41.85795],[-113.66823,41.85555],[-113.67013,41.85363],[-113.67121,41.85083],[-113.66857,41.84754],[-113.67077,41.84448],[-113.6715,41.83825],[-113.67482,41.83558],[-113.6716,41.83135],[-113.67122,41.82795],[-113.67519,41.81991],[-113.67084,41.81557],[-113.67208,41.81388],[-113.66821,41.8109],[-113.66867,41.805],[-113.68297,41.79642],[-113.67305,41.78875],[-113.67649,41.78001],[-113.6764,41.77256],[-113.69099,41.7705],[-113.69279,41.76784],[-113.69928,41.76444],[-113.70511,41.75376],[-113.70954,41.74985],[-113.71644,41.75288],[-113.71926,41.7562],[-113.72681,41.75787],[-113.72766,41.76374],[-113.73093,41.76438],[-113.73234,41.76662],[-113.73198,41.77151],[-113.7363,41.7726],[-113.73783,41.77473],[-113.73702,41.77958],[-113.74545,41.78686],[-113.75176,41.7893],[-113.75261,41.79514],[-113.75999,41.80733],[-113.75924,41.80891],[-113.76231,41.81541],[-113.77195,41.82356],[-113.7711,41.82762],[-113.76803,41.83018],[-113.77449,41.83813],[-113.78015,41.85617],[-113.78518,41.85565],[-113.79362,41.85157],[-113.79532,41.85398],[-113.80441,41.85503],[-113.8134,41.86247],[-113.82135,41.86584],[-113.82695,41.86605],[-113.83168,41.86923],[-113.84271,41.86841],[-113.84718,41.87273],[-113.84933,41.8782],[-113.85366,41.87849],[-113.86177,41.88283],[-113.86423,41.89043],[-113.87224,41.89221],[-113.87564,41.88809],[-113.87514,41.8845],[-113.88287,41.88254],[-113.88503,41.87975],[-113.88769,41.87119],[-113.88634,41.86831],[-113.89011,41.86338],[-113.89347,41.86506],[-113.90348,41.86306],[-113.90826,41.85784],[-113.92348,41.85203],[-113.92303,41.85088],[-113.9263,41.84787],[-113.92951,41.84766],[-113.93365,41.84469],[-113.93342,41.84274],[-113.94445,41.84234],[-113.94299,41.83982],[-113.944,41.83693],[-113.93525,41.83332],[-113.93499,41.82707],[-113.93789,41.82393],[-113.94128,41.82419],[-113.94206,41.82148],[-113.94031,41.80884],[-113.9417,41.80151],[-113.94634,41.79874],[-113.9563,41.79853],[-113.95429,41.79555],[-113.9547,41.79024],[-113.96295,41.79037],[-113.96494,41.79398],[-113.96841,41.79593],[-113.97183,41.79411],[-113.97784,41.79641],[-113.98545,41.79318],[-113.99553,41.80125],[-114.00159,41.80134],[-114.00365,41.79241],[-114.01599,41.78863],[-114.02019,41.7863],[-114.02227,41.78257],[-114.02615,41.78336],[-114.02948,41.78904],[-114.03644,41.78964],[-114.04442,41.79334],[-114.04778,41.777],[-114.0505,41.77481],[-114.05075,41.77094],[-114.05548,41.76828],[-114.05579,41.75796],[-114.0645,41.74752],[-114.06961,41.74475],[-114.07189,41.73279],[-114.07426,41.72942],[-114.07173,41.7239],[-114.07646,41.72],[-114.07623,41.71394],[-114.07362,41.71011],[-114.07653,41.70719],[-114.07771,41.70279],[-114.07534,41.69978],[-114.07091,41.69932],[-114.07321,41.69293],[-114.07816,41.69152],[-114.08142,41.69254],[-114.08736,41.68896],[-114.09499,41.6873],[-114.1025,41.69066],[-114.10909,41.70004],[-114.11672,41.70201],[-114.12766,41.71045],[-114.1375,41.70854],[-114.14702,41.70951],[-114.15475,41.71581],[-114.17901,41.71212],[-114.18979,41.71318],[-114.19512,41.71588],[-114.2005,41.70989],[-114.21261,41.70759],[-114.21852,41.69817],[-114.23631,41.68785],[-114.24319,41.679],[-114.25101,41.6772],[-114.25682,41.6809],[-114.2622,41.67985],[-114.26072,41.68486],[-114.26351,41.68815],[-114.26306,41.69052],[-114.26607,41.69703],[-114.26512,41.69831],[-114.2671,41.70096],[-114.26721,41.70659],[-114.27562,41.70542],[-114.29351,41.7096],[-114.29225,41.71303],[-114.29503,41.71844],[-114.29562,41.72561],[-114.29749,41.72682],[-114.29446,41.73003],[-114.29496,41.73175],[-114.29839,41.73191],[-114.30785,41.7417],[-114.30933,41.75097],[-114.31284,41.75375],[-114.3216,41.76729],[-114.35209,41.7713],[-114.36275,41.77973],[-114.38953,41.79454],[-114.41085,41.81507],[-114.42049,41.81949],[-114.42394,41.82356],[-114.44052,41.83434],[-114.44,41.84496],[-114.44656,41.85079],[-114.45025,41.84664],[-114.45998,41.84407],[-114.4641,41.83762],[-114.47428,41.83872],[-114.48039,41.83054],[-114.48549,41.82765],[-114.48471,41.82128],[-114.47956,41.81771],[-114.47786,41.81324],[-114.47506,41.8125],[-114.47631,41.80862],[-114.4732,41.79452],[-114.47415,41.79106],[-114.48102,41.78849],[-114.48247,41.78618],[-114.48158,41.77852],[-114.47894,41.77768],[-114.47878,41.77444],[-114.48518,41.76933],[-114.48305,41.76791],[-114.48437,41.76494],[-114.48253,41.76108],[-114.48389,41.75801],[-114.48322,41.75385],[-114.48979,41.74838],[-114.48967,41.7459],[-114.49205,41.74428],[-114.49295,41.73765],[-114.49892,41.73528],[-114.50604,41.73675],[-114.51076,41.72713],[-114.51026,41.72434],[-114.51375,41.71633],[-114.52366,41.70851],[-114.52404,41.70506],[-114.5294,41.70703],[-114.53123,41.71062],[-114.54066,41.7083],[-114.54645,41.7112],[-114.55287,41.71139],[-114.55047,41.7083],[-114.54925,41.70195],[-114.55057,41.69968],[-114.55931,41.69689],[-114.56271,41.69328],[-114.56905,41.69326],[-114.57703,41.69036],[-114.58297,41.68078],[-114.58736,41.67852],[-114.58788,41.6748],[-114.59857,41.66503],[-114.60633,41.66273],[-114.61523,41.66331],[-114.62337,41.66009],[-114.62512,41.65661],[-114.6227,41.6528],[-114.62527,41.64762],[-114.62403,41.64348],[-114.6261,41.64142],[-114.6248,41.63931],[-114.62882,41.63399],[-114.62798,41.6315],[-114.63403,41.6277],[-114.63228,41.61979],[-114.6384,41.60153],[-114.63831,41.59386],[-114.64497,41.58939],[-114.64351,41.58485],[-114.64152,41.5835],[-114.6492,41.57744],[-114.6496,41.57291],[-114.6519,41.5704],[-114.65163,41.56641],[-114.65503,41.5618],[-114.65816,41.56057],[-114.6606,41.5541],[-114.66238,41.55344],[-114.66244,41.54999],[-114.66488,41.5479],[-114.66346,41.54412],[-114.67291,41.53047],[-114.67202,41.52907],[-114.67335,41.52671],[-114.67118,41.52302],[-114.67387,41.51705],[-114.67349,41.5133],[-114.67768,41.51259],[-114.67932,41.50677],[-114.68243,41.50359],[-114.68381,41.49714],[-114.68664,41.4992],[-114.69564,41.50025],[-114.70287,41.50386],[-114.711,41.50547],[-114.71465,41.50383],[-114.7187,41.50554],[-114.74405,41.49819],[-114.76533,41.49487],[-114.77438,41.49767],[-114.78801,41.48648],[-114.79984,41.48333],[-114.80589,41.47923],[-114.81331,41.47947],[-114.82438,41.47087],[-114.83109,41.46937],[-114.86232,41.44924],[-114.88699,41.44022],[-114.91716,41.43381],[-114.92591,41.43574],[-114.94358,41.44291],[-114.94855,41.44193],[-114.95532,41.44972],[-114.9556,41.4535],[-114.9587,41.45799],[-114.96218,41.46103],[-114.97383,41.46071],[-114.98423,41.46396],[-114.99565,41.45981],[-114.99643,41.46891],[-115.00178,41.47244],[-115.00488,41.47665],[-115.00914,41.47909],[-115.01408,41.47754],[-115.01724,41.47872],[-115.01243,41.48623],[-115.01489,41.48878],[-115.01583,41.49805],[-115.01799,41.50054],[-115.01483,41.50253],[-115.01081,41.50255],[-115.01182,41.50761],[-115.02156,41.51261],[-115.02009,41.51794],[-115.02498,41.51861],[-115.03024,41.52166],[-115.03299,41.51771],[-115.04014,41.5206],[-115.03726,41.52709],[-115.03898,41.5356],[-115.03207,41.53833],[-115.03074,41.54216],[-115.03606,41.5436],[-115.03957,41.55055],[-115.0473,41.55587],[-115.04713,41.56069],[-115.05509,41.56233],[-115.06434,41.57302],[-115.06685,41.57406],[-115.07278,41.57482],[-115.08532,41.57151],[-115.09689,41.57874],[-115.10127,41.57398],[-115.10759,41.58033],[-115.11742,41.5829],[-115.12545,41.58181],[-115.12636,41.58298],[-115.12389,41.59089],[-115.1257,41.59344],[-115.12504,41.59878],[-115.13027,41.60054],[-115.1309,41.60453],[-115.13893,41.60918],[-115.13904,41.61333],[-115.14854,41.61398],[-115.15245,41.61634],[-115.1583,41.61465],[-115.16437,41.62137],[-115.17142,41.62108],[-115.17678,41.62341],[-115.17383,41.62684],[-115.17407,41.63395],[-115.17612,41.63517],[-115.17522,41.64482],[-115.18648,41.64444],[-115.18551,41.64781],[-115.18875,41.65196],[-115.18718,41.65322],[-115.18882,41.65727],[-115.18692,41.66044],[-115.19117,41.66308],[-115.19516,41.66882],[-115.20619,41.67431],[-115.22238,41.67506],[-115.24386,41.68317],[-115.25376,41.6798],[-115.25979,41.67328],[-115.26262,41.6724],[-115.26477,41.67476],[-115.27014,41.67599],[-115.2829,41.68872],[-115.28843,41.68644],[-115.29407,41.68696],[-115.3025,41.69126],[-115.30606,41.68861],[-115.31243,41.68777],[-115.32947,41.69147],[-115.33511,41.69671],[-115.33302,41.69963],[-115.32866,41.70117],[-115.32574,41.72083],[-115.32336,41.72523],[-115.33708,41.73114],[-115.3398,41.73574],[-115.33993,41.7408],[-115.34351,41.74695],[-115.34241,41.75169],[-115.34769,41.7595],[-115.36054,41.75997],[-115.36912,41.77386],[-115.37438,41.77206],[-115.39446,41.77315],[-115.40285,41.78004],[-115.41234,41.78034],[-115.414,41.78349],[-115.41882,41.78525],[-115.42617,41.78464],[-115.42626,41.78164],[-115.42884,41.77921],[-115.43913,41.77366],[-115.42618,41.76404],[-115.42912,41.75578],[-115.43372,41.75351],[-115.44121,41.74642],[-115.43614,41.73555],[-115.43371,41.73336],[-115.43622,41.72399],[-115.42414,41.71462],[-115.4174,41.71195],[-115.41921,41.70864],[-115.41773,41.7058],[-115.41898,41.7027],[-115.42539,41.70006],[-115.423,41.69827],[-115.42315,41.69243],[-115.42533,41.69126],[-115.42689,41.68175],[-115.4265,41.67346],[-115.42463,41.66967],[-115.42696,41.66557],[-115.42418,41.65815],[-115.4256,41.65499],[-115.42511,41.65023],[-115.42127,41.65075],[-115.41768,41.63819],[-115.41356,41.63465],[-115.41517,41.62797],[-115.41274,41.62121],[-115.41228,41.60987],[-115.41798,41.60107],[-115.41712,41.59715],[-115.41952,41.59614],[-115.41631,41.59411],[-115.41347,41.58848],[-115.41547,41.58563],[-115.4126,41.58312],[-115.41212,41.57521],[-115.4107,41.5737],[-115.41061,41.55871],[-115.40897,41.55442],[-115.40307,41.54895],[-115.40162,41.54602],[-115.40348,41.54333],[-115.40174,41.54211],[-115.39197,41.54328],[-115.38734,41.55035],[-115.38084,41.54911],[-115.37523,41.55253],[-115.37229,41.55043],[-115.36127,41.54824],[-115.36358,41.54364],[-115.36385,41.5355],[-115.36187,41.5301],[-115.35662,41.52568],[-115.3616,41.51971],[-115.36175,41.51601],[-115.35791,41.51466],[-115.35973,41.51169],[-115.35822,41.50749],[-115.36225,41.50659],[-115.36646,41.50308],[-115.3684,41.49764],[-115.37327,41.49313],[-115.37244,41.48213],[-115.36909,41.47703],[-115.37173,41.47334],[-115.37047,41.46554],[-115.36866,41.46409],[-115.37003,41.45777],[-115.36847,41.45604],[-115.36908,41.45216],[-115.38118,41.45146],[-115.39354,41.44247],[-115.40304,41.44172],[-115.40769,41.43205],[-115.41331,41.42783],[-115.41379,41.42504],[-115.41731,41.42431],[-115.4192,41.42168],[-115.41403,41.41728],[-115.4127,41.41174],[-115.40886,41.40821],[-115.40928,41.40581],[-115.42012,41.40655],[-115.42737,41.41122],[-115.43463,41.40524],[-115.43549,41.40236],[-115.44613,41.39734],[-115.4528,41.3997],[-115.45445,41.4168],[-115.45354,41.42037],[-115.46106,41.42213],[-115.46507,41.4252],[-115.46602,41.42731],[-115.464,41.42898],[-115.46427,41.43075],[-115.47075,41.43645],[-115.47431,41.44506],[-115.47939,41.44632],[-115.48559,41.44348],[-115.49015,41.45291],[-115.49885,41.4541],[-115.49989,41.45599],[-115.49816,41.45829],[-115.49947,41.46099],[-115.50631,41.46757],[-115.51096,41.46941],[-115.51014,41.47286],[-115.51292,41.47617],[-115.51206,41.47856],[-115.51461,41.48069],[-115.51429,41.48521],[-115.51976,41.48945],[-115.52254,41.4955],[-115.52461,41.4967],[-115.5262,41.50398],[-115.53522,41.51266],[-115.53565,41.51619],[-115.54742,41.52132],[-115.55221,41.521],[-115.55651,41.51855],[-115.56165,41.52281],[-115.56468,41.52304],[-115.56486,41.52818],[-115.57266,41.53223],[-115.57565,41.53975],[-115.57323,41.54067],[-115.57328,41.54364],[-115.56779,41.54615],[-115.56881,41.5479],[-115.57234,41.54862],[-115.5851,41.54134],[-115.5963,41.54174],[-115.60007,41.54733],[-115.60103,41.55847],[-115.60346,41.55868],[-115.60541,41.56094],[-115.61185,41.56095],[-115.61289,41.56237],[-115.60331,41.57458],[-115.61144,41.57752],[-115.60415,41.58646],[-115.60932,41.59334],[-115.61144,41.60103],[-115.62007,41.61247],[-115.61979,41.61552],[-115.62387,41.62039],[-115.62363,41.62258],[-115.61958,41.62518],[-115.62601,41.62721],[-115.65053,41.61279],[-115.65961,41.61706],[-115.66239,41.62176],[-115.66854,41.61602],[-115.67192,41.61775],[-115.67825,41.61316],[-115.68365,41.61532],[-115.68903,41.61518],[-115.69308,41.6068],[-115.69795,41.60323],[-115.70445,41.59421],[-115.7091,41.59373],[-115.70338,41.58538],[-115.70696,41.57932],[-115.71239,41.57571],[-115.71108,41.57399],[-115.71675,41.56754],[-115.71537,41.56449],[-115.71857,41.56024],[-115.72602,41.55653],[-115.72132,41.55073],[-115.72868,41.54716],[-115.73744,41.5462],[-115.73488,41.54377],[-115.73452,41.53818],[-115.72608,41.53223],[-115.72264,41.52774],[-115.72166,41.52388],[-115.72341,41.51648],[-115.72052,41.50794],[-115.72841,41.50496],[-115.73092,41.50613],[-115.7354,41.50154],[-115.73863,41.50072],[-115.7454,41.50255],[-115.74948,41.50065],[-115.75704,41.50257],[-115.76425,41.49756],[-115.7735,41.50013],[-115.77369,41.50421],[-115.77877,41.5045],[-115.78803,41.51019],[-115.78565,41.51268],[-115.786,41.51949],[-115.79069,41.52279],[-115.79218,41.52647],[-115.79828,41.52915],[-115.80174,41.53669],[-115.80099,41.54078],[-115.81385,41.54205],[-115.81747,41.54544],[-115.81697,41.55028],[-115.8205,41.55259],[-115.82096,41.5549],[-115.84767,41.55666],[-115.88148,41.5631],[-115.89657,41.57206],[-115.89716,41.58007],[-115.89999,41.58268],[-115.91089,41.58501],[-115.91839,41.58334],[-115.9232,41.58726],[-115.923,41.59083],[-115.92656,41.59483],[-115.93005,41.59547],[-115.93236,41.59801],[-115.94468,41.59112],[-115.95103,41.5937],[-115.9578,41.59259],[-115.9613,41.59381],[-115.96535,41.59176],[-115.97281,41.59437],[-115.97689,41.60022],[-115.98451,41.60439],[-116.00141,41.59514],[-116.00115,41.59124],[-116.00435,41.58516],[-116.00728,41.58383],[-116.00897,41.57829],[-116.00283,41.57144],[-116.00173,41.56513],[-115.99826,41.56103],[-115.99923,41.55691],[-115.99413,41.55061],[-115.98485,41.55185],[-115.98317,41.5479],[-115.97941,41.54574],[-115.96734,41.54343],[-115.96701,41.53821],[-115.97265,41.53519],[-115.9743,41.52924],[-115.9727,41.52231],[-115.97902,41.51588],[-115.98549,41.51334],[-115.98897,41.50836],[-115.99704,41.50695],[-116.00219,41.50316],[-116.0024,41.49443],[-116.00444,41.48768],[-116.00667,41.48603],[-116.00656,41.48257],[-116.00453,41.47852],[-116.00459,41.47224],[-116.00169,41.47219],[-115.98806,41.46173],[-115.98834,41.45785],[-115.98597,41.45555],[-115.98681,41.45128],[-115.99065,41.44746],[-115.98769,41.44349],[-115.98755,41.43824],[-115.98387,41.43229],[-115.98782,41.42538],[-115.98755,41.42195],[-115.98366,41.41888],[-115.98465,41.41373],[-115.98168,41.412],[-115.97343,41.41378],[-115.96849,41.4112],[-115.96862,41.40796],[-115.97335,41.40152],[-115.97126,41.39742],[-115.97245,41.38984],[-115.9652,41.38877],[-115.95849,41.38563],[-115.96428,41.38223],[-115.967,41.37547],[-115.97493,41.37139],[-115.97847,41.3622],[-115.97333,41.3589],[-115.97296,41.35704],[-115.97381,41.35287],[-115.97652,41.34998],[-115.97817,41.34119],[-115.98392,41.33548],[-115.99151,41.33208],[-115.99412,41.32378],[-116.00858,41.31753],[-116.01455,41.3097],[-116.01534,41.3043],[-116.00709,41.30299],[-116.00517,41.29959],[-116.00617,41.29746],[-116.00506,41.29395],[-116.0014,41.29189],[-116.00174,41.28107],[-115.99936,41.27907],[-115.99852,41.27453],[-116.00093,41.27282],[-116.00183,41.2692],[-116.00769,41.26683],[-116.00657,41.26429],[-116.00358,41.26339],[-116.00474,41.25915],[-116.00024,41.25745],[-115.99227,41.25062],[-115.99272,41.24739],[-115.99038,41.24576],[-115.98877,41.24025],[-115.99125,41.23427],[-116.00611,41.22586],[-116.00554,41.22181],[-116.00809,41.21604],[-116.01008,41.21667],[-116.01139,41.22142],[-116.01797,41.22418],[-116.02137,41.22474],[-116.03146,41.22076],[-116.03345,41.22558],[-116.04823,41.22626],[-116.05988,41.23534],[-116.0685,41.23362],[-116.07475,41.2302],[-116.08325,41.22895],[-116.08291,41.22686],[-116.09031,41.22005],[-116.09558,41.22276],[-116.09761,41.22125],[-116.11181,41.22224],[-116.11493,41.21972],[-116.11804,41.21242],[-116.12031,41.21248],[-116.1216,41.20897],[-116.12574,41.20707],[-116.12978,41.2081],[-116.13082,41.20612],[-116.13471,41.20711],[-116.14478,41.20556],[-116.14803,41.19809],[-116.14658,41.1955],[-116.15179,41.19089],[-116.15055,41.18907],[-116.15954,41.18663],[-116.16354,41.18138],[-116.16582,41.18072],[-116.16839,41.17492],[-116.17386,41.17376],[-116.17801,41.16967],[-116.18076,41.1608],[-116.17795,41.15362],[-116.17909,41.15001],[-116.18174,41.14781],[-116.17948,41.1435],[-116.18589,41.13997],[-116.19155,41.14088],[-116.19286,41.13727],[-116.20098,41.13696],[-116.20354,41.13508],[-116.20377,41.1312],[-116.20694,41.12783],[-116.21101,41.1304],[-116.21879,41.13103],[-116.21939,41.13526],[-116.21752,41.14052],[-116.22327,41.14051],[-116.22936,41.14357],[-116.23007,41.14717],[-116.24416,41.14498],[-116.25095,41.14791],[-116.25663,41.14508],[-116.27018,41.1525],[-116.2786,41.1539],[-116.2796,41.15579],[-116.28897,41.158],[-116.28884,41.16495],[-116.29427,41.16756],[-116.29877,41.17572],[-116.3039,41.17827],[-116.30455,41.18095],[-116.29932,41.1873],[-116.30145,41.19504],[-116.29992,41.19824],[-116.30216,41.20229],[-116.29732,41.21591],[-116.30191,41.21804],[-116.30585,41.2288],[-116.31434,41.23264],[-116.31037,41.2409],[-116.30515,41.24527],[-116.30637,41.25255],[-116.30343,41.25818],[-116.30361,41.26139],[-116.30883,41.26185],[-116.31073,41.26439],[-116.31494,41.2619],[-116.32088,41.26156],[-116.33094,41.26476],[-116.33238,41.26675],[-116.32907,41.26863],[-116.33049,41.27298],[-116.33257,41.27541],[-116.33584,41.27539],[-116.3331,41.28384],[-116.33613,41.28739],[-116.33427,41.28947],[-116.33453,41.29427],[-116.3382,41.29695],[-116.34256,41.30541],[-116.34089,41.30667],[-116.34182,41.30914],[-116.33834,41.31144],[-116.33633,41.31635],[-116.33532,41.33017],[-116.33746,41.33439],[-116.33139,41.33627],[-116.32599,41.3411],[-116.32225,41.35133],[-116.32626,41.35228],[-116.32541,41.35523],[-116.32725,41.35899],[-116.33728,41.36925],[-116.34183,41.36795],[-116.35087,41.36911],[-116.35949,41.36716],[-116.36056,41.36868],[-116.35724,41.37151],[-116.3549,41.38441],[-116.35697,41.3879],[-116.36139,41.38511],[-116.37047,41.38438],[-116.37926,41.37923],[-116.38324,41.38062],[-116.38971,41.37924],[-116.39704,41.3808],[-116.40423,41.38942],[-116.41114,41.38841],[-116.41014,41.3996],[-116.42305,41.39827],[-116.42805,41.405],[-116.43391,41.40579],[-116.43935,41.40345],[-116.44439,41.40373],[-116.44376,41.40129],[-116.44518,41.39973],[-116.45128,41.39903],[-116.45888,41.4028],[-116.46018,41.40539],[-116.46283,41.40281],[-116.46645,41.40205],[-116.47925,41.40589],[-116.48182,41.40471],[-116.48976,41.40683],[-116.50283,41.4065],[-116.51493,41.41916],[-116.51001,41.42801],[-116.51157,41.43045],[-116.51937,41.424],[-116.52606,41.42432],[-116.52741,41.42148],[-116.53449,41.41738],[-116.53761,41.41242],[-116.55448,41.41096],[-116.55723,41.40894],[-116.5611,41.40976],[-116.56861,41.40647],[-116.57179,41.40698],[-116.57767,41.40263],[-116.58132,41.40447],[-116.5887,41.40271],[-116.59032,41.39864],[-116.58718,41.3941],[-116.58795,41.38877],[-116.59299,41.38291],[-116.60536,41.38532],[-116.60769,41.3795],[-116.61375,41.37714],[-116.61957,41.37716],[-116.622,41.38046],[-116.62537,41.38157],[-116.62683,41.39224],[-116.63433,41.3929],[-116.63518,41.39497],[-116.63912,41.39626],[-116.64215,41.40153],[-116.64891,41.40301],[-116.65008,41.40606],[-116.65441,41.40553],[-116.65876,41.40905],[-116.65837,41.41117],[-116.66079,41.41254],[-116.66486,41.42062],[-116.66425,41.43457],[-116.66609,41.43975],[-116.66956,41.44343],[-116.66691,41.45371],[-116.66877,41.45719],[-116.68439,41.46314],[-116.69431,41.46883],[-116.69966,41.46872],[-116.70625,41.47631],[-116.7162,41.48392],[-116.72374,41.48458],[-116.72693,41.48671],[-116.7309,41.48568],[-116.73665,41.48128],[-116.74115,41.48253],[-116.74124,41.48615],[-116.73782,41.4926],[-116.73972,41.49644],[-116.73915,41.50062],[-116.73475,41.5081],[-116.73651,41.51152],[-116.74028,41.51411],[-116.74108,41.51719],[-116.74017,41.52617],[-116.74157,41.5332],[-116.73902,41.53842],[-116.73618,41.55513],[-116.73851,41.55919],[-116.73806,41.56829],[-116.74189,41.57041],[-116.74046,41.57391],[-116.73535,41.57581],[-116.7351,41.57761],[-116.74337,41.58184],[-116.74552,41.58461],[-116.74584,41.59107],[-116.74391,41.59468],[-116.75312,41.59517],[-116.75732,41.5976],[-116.76331,41.60609],[-116.76288,41.60907],[-116.76762,41.60933],[-116.77159,41.6074],[-116.78617,41.61037],[-116.7868,41.62227],[-116.7959,41.62696],[-116.79721,41.62914],[-116.79563,41.6324],[-116.80281,41.6308],[-116.82742,41.64052],[-116.83231,41.63718],[-116.83578,41.63831],[-116.84124,41.63534],[-116.8471,41.63605],[-116.85248,41.63442],[-116.86195,41.62871],[-116.86296,41.62959],[-116.8617,41.63378],[-116.86421,41.63642],[-116.87657,41.64085],[-116.88392,41.63747],[-116.89658,41.62545],[-116.9072,41.62352],[-116.9212,41.62506],[-116.93312,41.61542],[-116.94009,41.61383],[-116.95757,41.61648],[-116.95642,41.62426],[-116.96214,41.63368],[-116.96929,41.63295],[-116.98244,41.62771],[-116.99092,41.62705],[-116.99951,41.62214],[-117.01986,41.61856],[-117.04273,41.6193],[-117.05087,41.6182],[-117.06077,41.62099],[-117.06827,41.62044],[-117.07476,41.62258],[-117.07896,41.62728],[-117.09764,41.63112],[-117.10348,41.63671],[-117.10224,41.6444],[-117.1169,41.65376],[-117.12162,41.66],[-117.12242,41.66459],[-117.13332,41.66715],[-117.133,41.67548],[-117.14083,41.67871],[-117.14312,41.68425],[-117.14073,41.68797],[-117.13609,41.68931],[-117.13194,41.69576],[-117.13735,41.69963],[-117.14195,41.69647],[-117.1495,41.70037],[-117.15028,41.70619],[-117.14751,41.70937],[-117.15156,41.71076],[-117.1561,41.7152],[-117.15962,41.72398],[-117.16263,41.72405],[-117.16634,41.72783],[-117.17108,41.72829],[-117.19984,41.72492],[-117.20418,41.72323],[-117.2072,41.71904],[-117.20939,41.72166],[-117.21639,41.72061],[-117.22364,41.73204],[-117.23656,41.7367],[-117.2458,41.75448],[-117.25958,41.7585],[-117.26914,41.76585],[-117.27781,41.76821],[-117.29343,41.76719],[-117.295,41.76836],[-117.29617,41.77354],[-117.29453,41.77638],[-117.29758,41.784],[-117.29571,41.78948],[-117.29759,41.79211],[-117.30223,41.79414],[-117.30021,41.79847],[-117.30098,41.80094],[-117.3057,41.80447],[-117.31222,41.81469],[-117.31741,41.819],[-117.3204,41.82534],[-117.3189,41.82957],[-117.31119,41.83423],[-117.30868,41.83895],[-117.31188,41.84661],[-117.30891,41.85286],[-117.31549,41.85916],[-117.31821,41.86722],[-117.31694,41.88329],[-117.3217,41.89252],[-117.32851,41.89479],[-117.3276,41.90247],[-117.33337,41.91134],[-117.33106,41.91957],[-117.33892,41.92127],[-117.33927,41.92754],[-117.34981,41.93791],[-117.34884,41.94062],[-117.3383,41.94853],[-117.34129,41.9516],[-117.33701,41.95577],[-117.33809,41.95916],[-117.33485,41.96317],[-117.33777,41.96458],[-117.34137,41.96362],[-117.34122,41.96754],[-117.34524,41.97402],[-117.35082,41.9795],[-117.35536,41.98113],[-117.35899,41.98657],[-117.36204,41.98696],[-117.37058,41.98343],[-117.37663,41.98587],[-117.41071,41.98084],[-117.43511,41.99478],[-117.44319,41.99413],[-117.44455,41.99676],[-117.44178,42.00026],[-117.45361,42.0125],[-117.45999,42.01568],[-117.47267,42.02858],[-117.48225,42.0344],[-117.49216,42.03308],[-117.50497,42.03982],[-117.51652,42.05573],[-117.51345,42.06029],[-117.51411,42.06249],[-117.52797,42.06995],[-117.53648,42.08199],[-117.54701,42.07995],[-117.54877,42.0743],[-117.55161,42.07392],[-117.57137,42.08057],[-117.58323,42.09061],[-117.59232,42.08975],[-117.59779,42.09922],[-117.60316,42.10353],[-117.59934,42.10749],[-117.60502,42.1205],[-117.60037,42.13],[-117.60154,42.13327],[-117.61231,42.14582],[-117.61016,42.14821],[-117.61123,42.15694],[-117.61811,42.16195],[-117.62038,42.1664],[-117.62021,42.168],[-117.60953,42.17731],[-117.60734,42.18362],[-117.60977,42.19068],[-117.61547,42.19256],[-117.62788,42.20185],[-117.62869,42.20947],[-117.64027,42.21945],[-117.64281,42.22829],[-117.64716,42.2284],[-117.65159,42.22286],[-117.65589,42.2292],[-117.66207,42.23209],[-117.6613,42.2341],[-117.66348,42.23559],[-117.66046,42.23826],[-117.66426,42.24187],[-117.66506,42.25084],[-117.66377,42.25495],[-117.66786,42.26183],[-117.6647,42.26512],[-117.66455,42.27036],[-117.66897,42.27728],[-117.66866,42.28403],[-117.66414,42.29332],[-117.66766,42.30267],[-117.66105,42.30385],[-117.65942,42.30613],[-117.66125,42.30952],[-117.66462,42.31011],[-117.66335,42.31585],[-117.67054,42.31863],[-117.67853,42.31787],[-117.682,42.32205],[-117.69173,42.32784],[-117.69665,42.32151],[-117.69816,42.32146],[-117.71277,42.32357],[-117.71974,42.32747],[-117.72389,42.31474],[-117.73072,42.31246],[-117.73341,42.30914],[-117.79274,42.30478],[-117.79962,42.30227],[-117.82706,42.29874],[-117.8319,42.29607],[-117.84008,42.29531],[-117.84602,42.28317],[-117.85102,42.28403],[-117.85437,42.2818],[-117.85643,42.28374],[-117.85681,42.28934],[-117.86063,42.29073],[-117.8613,42.29711],[-117.86693,42.30878],[-117.87254,42.31253],[-117.87543,42.3183],[-117.90926,42.30863],[-117.9181,42.30833],[-117.92077,42.312],[-117.92662,42.31339],[-117.94075,42.32524],[-117.94969,42.33032],[-117.95454,42.33082],[-117.95718,42.33733],[-117.96294,42.34221],[-117.97257,42.3448],[-117.97645,42.33689],[-117.97587,42.33113],[-117.97889,42.32267],[-117.97805,42.31643],[-117.98222,42.31656],[-118.00037,42.30997],[-118.00116,42.30809],[-117.9986,42.29743],[-118.00144,42.28084],[-118.00772,42.27736],[-118.00896,42.27107],[-118.00769,42.26694],[-118.01697,42.26598],[-118.02026,42.26312],[-118.0204,42.25892],[-118.01594,42.25557],[-118.01408,42.24857],[-118.00908,42.24507],[-118.00813,42.24138],[-118.01175,42.23863],[-118.01465,42.23843],[-118.01715,42.23507],[-118.01643,42.22249],[-118.0142,42.21989],[-118.01668,42.2177],[-118.01818,42.20851],[-118.01446,42.20471],[-118.01587,42.20138],[-118.01142,42.19607],[-118.00491,42.17001],[-118.00177,42.16731],[-118.00253,42.16468],[-117.9991,42.16274],[-117.99844,42.15763],[-117.99466,42.15334],[-117.99242,42.14496],[-117.9933,42.13797],[-117.99201,42.13284],[-117.98882,42.12908],[-117.98806,42.12005],[-117.98525,42.11539],[-117.98664,42.11229],[-118.00305,42.11011],[-118.01706,42.1133],[-118.02491,42.1113],[-118.03253,42.11671],[-118.0374,42.11565],[-118.03822,42.11384],[-118.04772,42.11292],[-118.05431,42.11511],[-118.06403,42.11258],[-118.06517,42.11518],[-118.06949,42.11613],[-118.07429,42.11582],[-118.0792,42.11312],[-118.092,42.11511],[-118.10166,42.11287],[-118.10845,42.10197],[-118.12228,42.09728],[-118.13768,42.09639],[-118.13976,42.09341],[-118.14417,42.09206],[-118.14405,42.08859],[-118.14625,42.08446],[-118.16021,42.07224],[-118.16561,42.08194],[-118.17587,42.07989],[-118.18627,42.08294],[-118.19373,42.0809],[-118.19927,42.07543],[-118.22485,42.07224],[-118.2425,42.0636],[-118.25347,42.05441],[-118.25081,42.05122],[-118.25079,42.04874],[-118.24318,42.04478],[-118.24151,42.04172],[-118.2368,42.03922],[-118.23661,42.03462],[-118.23392,42.03041],[-118.22753,42.02666],[-118.22467,42.01202],[-118.23218,42.00345],[-118.23298,42.00024],[-118.24065,42.00043],[-118.24688,41.99683],[-118.25124,42.00506],[-118.27076,42.01198],[-118.27633,42.01558],[-118.28408,42.01515],[-118.29161,42.01932],[-118.29802,42.01253],[-118.29679,42.00809],[-118.29873,42.00618],[-118.29885,42.00321],[-118.29526,41.99731],[-118.29545,41.99506],[-118.29744,41.99183],[-118.30709,41.98667],[-118.30841,41.98032],[-118.31946,41.9671],[-118.32499,41.964],[-118.33108,41.96555],[-118.33637,41.96142],[-118.3442,41.96252],[-118.34523,41.95839],[-118.35478,41.95601],[-118.35566,41.95319],[-118.3659,41.9424],[-118.37154,41.94218],[-118.37299,41.94346],[-118.38127,41.94163],[-118.38284,41.93919],[-118.39014,41.93614],[-118.39124,41.93136],[-118.40665,41.9251],[-118.40827,41.92221],[-118.42188,41.91639],[-118.4191,41.90419],[-118.41549,41.90088],[-118.41431,41.89315],[-118.41127,41.89122],[-118.40989,41.88557],[-118.4231,41.88581],[-118.43046,41.87738],[-118.44225,41.87136],[-118.44963,41.86951],[-118.45594,41.87014],[-118.46244,41.87541],[-118.46649,41.87493],[-118.47329,41.87904],[-118.47815,41.87937],[-118.4806,41.88151],[-118.48054,41.88418],[-118.48561,41.88616],[-118.49751,41.88569],[-118.50474,41.89025],[-118.5116,41.88862],[-118.51765,41.89159],[-118.52919,41.894],[-118.53289,41.89906],[-118.53952,41.90089],[-118.53874,41.90284],[-118.54597,41.90965],[-118.56055,41.91677],[-118.56236,41.91001],[-118.56739,41.90608],[-118.56859,41.89987],[-118.57393,41.89679],[-118.57913,41.89102],[-118.58444,41.88948],[-118.58537,41.88532],[-118.58754,41.88345],[-118.58691,41.8756],[-118.5966,41.87102],[-118.59739,41.86862],[-118.59396,41.8618],[-118.59547,41.85913],[-118.59396,41.85725],[-118.59609,41.85282],[-118.59144,41.84817],[-118.59868,41.84736],[-118.60205,41.84171],[-118.60245,41.83617],[-118.60875,41.83299],[-118.61067,41.82751],[-118.64068,41.82143],[-118.6479,41.81711],[-118.65074,41.8127],[-118.66577,41.81039],[-118.67386,41.8191],[-118.67852,41.82876],[-118.68169,41.83048],[-118.67913,41.83767],[-118.68306,41.848],[-118.68651,41.84987],[-118.68234,41.8572],[-118.67633,41.86185],[-118.67893,41.86496],[-118.67669,41.87252],[-118.6807,41.87591],[-118.67733,41.88703],[-118.68165,41.89188],[-118.68945,41.89278],[-118.69179,41.89472],[-118.69398,41.89988],[-118.69334,41.90236],[-118.69877,41.90588],[-118.69949,41.91131],[-118.70274,41.91249],[-118.70786,41.91065],[-118.71183,41.91167],[-118.71689,41.92099],[-118.72233,41.9253],[-118.72389,41.92872],[-118.73276,41.93153],[-118.72874,41.93574],[-118.72931,41.93984],[-118.7259,41.94361],[-118.72875,41.95374],[-118.72621,41.95536],[-118.72978,41.9591],[-118.72435,41.97193],[-118.72694,41.98279],[-118.72039,41.99191],[-118.7212,41.99608],[-118.71928,41.99997],[-118.71041,42.0082],[-118.71321,42.01609],[-118.71182,42.02052],[-118.7087,42.0226],[-118.70611,42.0327],[-118.70705,42.03716],[-118.71164,42.04162],[-118.707,42.04657],[-118.71046,42.05355],[-118.70273,42.05704],[-118.69946,42.06198],[-118.70276,42.06748],[-118.70106,42.07623],[-118.70489,42.08155],[-118.70374,42.08558],[-118.7048,42.09012],[-118.70312,42.09187],[-118.70515,42.09649],[-118.70448,42.1008],[-118.71631,42.11046],[-118.71821,42.11628],[-118.72819,42.11889],[-118.73095,42.12594],[-118.73874,42.1328],[-118.738,42.13725],[-118.73548,42.14011],[-118.73946,42.14676],[-118.73933,42.15817],[-118.74936,42.16971],[-118.74883,42.17286],[-118.75208,42.17709],[-118.75293,42.18372],[-118.75814,42.18526],[-118.76081,42.19118],[-118.76046,42.19474],[-118.76816,42.20327],[-118.76853,42.20803],[-118.76642,42.21424],[-118.76813,42.21672],[-118.76706,42.22591],[-118.77235,42.23182],[-118.77764,42.23391],[-118.77818,42.24156],[-118.77959,42.24409],[-118.78476,42.24602],[-118.78691,42.25591],[-118.7915,42.26153],[-118.80329,42.26908],[-118.80672,42.27389],[-118.82275,42.27954],[-118.8244,42.28328],[-118.84394,42.29461],[-118.85132,42.29413],[-118.86261,42.2881],[-118.882,42.29548],[-118.88417,42.29365],[-118.88879,42.28086],[-118.8942,42.27698],[-118.89887,42.27061],[-118.89421,42.26773],[-118.89249,42.26457],[-118.89379,42.25983],[-118.90191,42.25615],[-118.89884,42.25312],[-118.90065,42.25023],[-118.89763,42.24793],[-118.89766,42.24563],[-118.90263,42.24194],[-118.90967,42.24445],[-118.91339,42.24132],[-118.9177,42.24379],[-118.92987,42.23776],[-118.93474,42.23138],[-118.9381,42.22958],[-118.938,42.22535],[-118.94051,42.22135],[-118.95156,42.21851],[-118.9662,42.20947],[-118.96741,42.20316],[-118.97331,42.1973],[-118.97293,42.19362],[-118.97003,42.19117],[-118.97073,42.18774],[-118.9797,42.18643],[-118.98186,42.18223],[-118.98806,42.17959],[-118.99076,42.1702],[-118.99534,42.16778],[-118.99754,42.16407],[-118.99625,42.15163],[-118.99203,42.14898],[-118.99059,42.14445],[-119.00111,42.13794],[-119.00147,42.13245],[-118.99891,42.12695],[-119.00306,42.12531],[-119.00392,42.12016],[-119.00881,42.12231],[-119.01668,42.11807],[-119.02184,42.11828],[-119.03272,42.11542],[-119.03439,42.11428],[-119.03382,42.11194],[-119.03729,42.1056],[-119.03984,42.10633],[-119.04436,42.10463],[-119.04224,42.09834],[-119.04692,42.09589],[-119.05099,42.08135],[-119.04819,42.07466],[-119.05125,42.07023],[-119.04648,42.06705],[-119.04867,42.06398],[-119.04802,42.06179],[-119.05109,42.05936],[-119.05355,42.05248],[-119.0528,42.05029],[-119.05574,42.04714],[-119.06003,42.04696],[-119.06398,42.04425],[-119.06574,42.0388],[-119.07155,42.03365],[-119.07225,42.02871],[-119.07686,42.02748],[-119.08055,42.02232],[-119.08715,42.01716],[-119.08542,42.00943],[-119.0821,42.00652],[-119.08135,41.99947],[-119.07908,41.99682],[-119.07865,41.99309],[-119.08563,41.99326],[-119.08753,41.99633],[-119.0896,41.99669],[-119.09283,41.99043],[-119.10255,41.98852],[-119.10498,41.98399],[-119.11199,41.97836],[-119.11318,41.97258],[-119.11129,41.9671],[-119.11394,41.96212],[-119.10531,41.95703],[-119.08717,41.95207],[-119.08708,41.94755],[-119.08006,41.9418],[-119.08087,41.93917],[-119.08626,41.9361],[-119.09489,41.93959],[-119.10193,41.93796],[-119.10885,41.94162],[-119.12683,41.94194],[-119.13294,41.93951],[-119.15249,41.94902],[-119.16558,41.95183],[-119.17259,41.95556],[-119.18573,41.96817],[-119.19023,41.97544],[-119.1951,41.97025],[-119.19745,41.97309],[-119.20946,41.97459],[-119.21643,41.97761],[-119.2195,41.97718],[-119.22108,41.97272],[-119.23342,41.97371],[-119.23471,41.98598],[-119.24277,41.9893],[-119.26811,41.97728],[-119.27251,41.98328],[-119.28426,41.98579],[-119.28602,41.98509],[-119.27955,41.97243],[-119.28616,41.96704],[-119.29538,41.96397],[-119.29463,41.95747],[-119.29572,41.95611],[-119.306,41.95446],[-119.31279,41.96067],[-119.31779,41.95878],[-119.3203,41.95582],[-119.32612,41.95444],[-119.32807,41.95205],[-119.33039,41.93137],[-119.32217,41.91885],[-119.32109,41.91391],[-119.32595,41.91435],[-119.32962,41.91284],[-119.33309,41.91404],[-119.3569,41.91398],[-119.36045,41.91189],[-119.35557,41.90835],[-119.34992,41.90109],[-119.34571,41.90022],[-119.34082,41.896],[-119.33543,41.89506],[-119.33923,41.88794],[-119.33329,41.88667],[-119.33094,41.88418],[-119.33397,41.87559],[-119.34852,41.87269],[-119.34673,41.86469],[-119.35386,41.855],[-119.34977,41.85371],[-119.34825,41.84346],[-119.33763,41.84545],[-119.32969,41.84247],[-119.31991,41.84277],[-119.31741,41.83954],[-119.30144,41.83355],[-119.28128,41.83456],[-119.27362,41.83122],[-119.28832,41.81953],[-119.29482,41.81753],[-119.29237,41.81191],[-119.28744,41.80831],[-119.28572,41.80459],[-119.29471,41.79418],[-119.30575,41.79262],[-119.30825,41.78874],[-119.30421,41.78494],[-119.30818,41.78115],[-119.306,41.77296],[-119.30064,41.7647],[-119.30301,41.75507],[-119.29621,41.75568],[-119.28518,41.75342],[-119.28003,41.75746],[-119.2708,41.74601],[-119.27502,41.73944],[-119.2735,41.73681],[-119.26671,41.73251],[-119.26633,41.72883],[-119.25724,41.72351],[-119.24916,41.72399],[-119.24414,41.72252],[-119.24233,41.71994],[-119.22986,41.71865],[-119.23372,41.71363],[-119.23311,41.70801],[-119.24016,41.70387],[-119.24763,41.70562],[-119.25227,41.70484],[-119.26229,41.69985],[-119.27217,41.69924],[-119.27594,41.69475],[-119.28279,41.69311],[-119.27569,41.68661],[-119.2746,41.67985],[-119.27613,41.67815],[-119.27429,41.67514],[-119.28149,41.66914],[-119.27608,41.66282],[-119.26881,41.65981],[-119.27358,41.65696],[-119.2728,41.65418],[-119.27598,41.65442],[-119.28142,41.65145],[-119.28312,41.64627],[-119.29396,41.64152],[-119.29562,41.63845],[-119.29521,41.63388],[-119.30524,41.62957],[-119.31146,41.6293],[-119.31647,41.62711],[-119.31857,41.62427],[-119.3202,41.61478],[-119.32405,41.61292],[-119.32574,41.60966],[-119.33094,41.61279],[-119.33517,41.61866],[-119.34244,41.62456],[-119.34462,41.62879],[-119.35353,41.63297],[-119.35997,41.64142],[-119.36605,41.64248],[-119.36994,41.63888],[-119.37449,41.64068],[-119.38073,41.64836],[-119.38773,41.64814],[-119.39017,41.64635],[-119.39331,41.64652],[-119.39584,41.64395],[-119.40112,41.64352],[-119.40293,41.64081],[-119.41143,41.63907],[-119.41347,41.63005],[-119.41932,41.63057],[-119.41985,41.62837],[-119.42728,41.62496],[-119.4298,41.61764],[-119.42615,41.61319],[-119.4275,41.60771],[-119.44342,41.60544],[-119.44469,41.60116],[-119.44298,41.5976],[-119.44471,41.59325],[-119.44638,41.58995],[-119.45311,41.58496],[-119.45637,41.59071],[-119.4589,41.59225],[-119.45842,41.59807],[-119.46027,41.60325],[-119.46578,41.6058],[-119.47377,41.61589],[-119.48,41.62096],[-119.4806,41.62398],[-119.48697,41.62999],[-119.48734,41.63308],[-119.49176,41.63588],[-119.4939,41.64207],[-119.50586,41.64837],[-119.51882,41.65129],[-119.52777,41.6594],[-119.5295,41.66347],[-119.52908,41.66821],[-119.52432,41.66885],[-119.5193,41.67194],[-119.52401,41.68235],[-119.52346,41.68474],[-119.52114,41.68598],[-119.50987,41.68523],[-119.51099,41.694],[-119.50677,41.69135],[-119.50205,41.69398],[-119.50657,41.70259],[-119.52123,41.71539],[-119.52265,41.71846],[-119.51941,41.72846],[-119.52619,41.72966],[-119.52833,41.73242],[-119.52443,41.73603],[-119.52943,41.73817],[-119.52839,41.7414],[-119.53115,41.74516],[-119.52425,41.75214],[-119.52828,41.75937],[-119.52292,41.76264],[-119.52329,41.76402],[-119.52771,41.76609],[-119.52854,41.76904],[-119.53684,41.77366],[-119.54721,41.77142],[-119.55764,41.77915],[-119.56136,41.78693],[-119.57886,41.7992],[-119.58054,41.79818],[-119.58205,41.79089],[-119.58797,41.78719],[-119.60319,41.79051],[-119.60862,41.79352],[-119.61347,41.79863],[-119.62731,41.79401],[-119.63713,41.7965],[-119.63638,41.80437],[-119.64499,41.81291],[-119.64189,41.81597],[-119.63908,41.81481],[-119.63356,41.81845],[-119.62848,41.81898],[-119.62763,41.82221],[-119.62421,41.8231],[-119.62711,41.8306],[-119.62476,41.83581],[-119.63508,41.83713],[-119.63921,41.84398],[-119.65751,41.85388],[-119.65709,41.85887],[-119.64982,41.86145],[-119.6543,41.86422],[-119.65302,41.86613],[-119.65415,41.87266],[-119.65301,41.87411],[-119.65467,41.87798],[-119.65049,41.88365],[-119.65059,41.88783],[-119.65319,41.89042],[-119.65639,41.88936],[-119.65882,41.88534],[-119.66347,41.88655],[-119.6669,41.89438],[-119.67264,41.90202],[-119.67205,41.90976],[-119.68213,41.91318],[-119.69578,41.9339],[-119.70252,41.93485],[-119.71331,41.94371],[-119.71111,41.94945],[-119.70719,41.95122],[-119.70406,41.95747],[-119.70767,41.96117],[-119.70621,41.96723],[-119.71104,41.96506],[-119.71393,41.9694],[-119.7193,41.96802],[-119.72401,41.96439],[-119.7306,41.96577],[-119.73614,41.965],[-119.73627,41.96294],[-119.73269,41.96015],[-119.72992,41.95294],[-119.71821,41.9411],[-119.71713,41.93617],[-119.72598,41.93196],[-119.72604,41.92878],[-119.72884,41.92656],[-119.72576,41.92196],[-119.72463,41.90783],[-119.72761,41.90308],[-119.73319,41.90055],[-119.73525,41.89662],[-119.7354,41.89181],[-119.7388,41.88705],[-119.73736,41.88296],[-119.73244,41.87773],[-119.73941,41.87543],[-119.75583,41.87749],[-119.75801,41.87411],[-119.77077,41.8722],[-119.77614,41.87335],[-119.77745,41.87919],[-119.7801,41.88022],[-119.78626,41.87641],[-119.79288,41.87659],[-119.79143,41.87089],[-119.79641,41.86877],[-119.79738,41.86555],[-119.80124,41.8686],[-119.80716,41.86502],[-119.80826,41.86754],[-119.8227,41.87653],[-119.82393,41.87891],[-119.82176,41.88597],[-119.82348,41.88846],[-119.82661,41.88887],[-119.83222,41.89487],[-119.84045,41.89399],[-119.84409,41.8894],[-119.84316,41.88736],[-119.84717,41.88597],[-119.84996,41.88286],[-119.84953,41.87734],[-119.85373,41.86928],[-119.85434,41.86444],[-119.85781,41.86538],[-119.86227,41.86243],[-119.8631,41.85679],[-119.86893,41.857],[-119.86953,41.85062],[-119.86337,41.84207],[-119.8686,41.83446],[-119.86517,41.82948],[-119.86572,41.82714],[-119.87389,41.81874],[-119.88102,41.80811],[-119.89409,41.79819],[-119.89512,41.79504],[-119.90011,41.79065],[-119.90656,41.78915],[-119.90693,41.78717],[-119.90365,41.78334],[-119.9081,41.77912],[-119.90899,41.7745],[-119.91519,41.77177],[-119.91779,41.76823],[-119.915,41.76376],[-119.91627,41.75809],[-119.91259,41.75452],[-119.90994,41.74706],[-119.89652,41.73107],[-119.89431,41.72233],[-119.89741,41.71399],[-119.89331,41.701],[-119.89657,41.69109],[-119.89671,41.68561],[-119.89935,41.68204],[-119.89892,41.67962],[-119.91045,41.67122],[-119.91234,41.66807],[-119.91214,41.66616],[-119.90894,41.66466],[-119.90824,41.65622],[-119.90946,41.65488],[-119.90322,41.65391],[-119.90089,41.65037],[-119.90203,41.64573],[-119.90068,41.64158],[-119.90349,41.63786],[-119.90822,41.63783],[-119.91653,41.63324],[-119.91393,41.62762],[-119.91834,41.62045],[-119.91072,41.61947],[-119.9109,41.61596],[-119.90508,41.61207],[-119.89891,41.60437],[-119.89503,41.60297],[-119.89335,41.59947],[-119.89032,41.59793],[-119.89109,41.59477],[-119.888,41.5916],[-119.89071,41.58894],[-119.89385,41.57996],[-119.89258,41.57745],[-119.89517,41.57379],[-119.902,41.56854],[-119.91289,41.56792],[-119.92477,41.56356],[-119.92438,41.56091],[-119.93362,41.54458],[-119.93397,41.53566],[-119.92937,41.52417],[-119.93497,41.51924],[-119.93671,41.51162],[-119.93563,41.50819],[-119.92891,41.50426],[-119.92718,41.50002],[-119.92428,41.49952],[-119.91966,41.50278],[-119.9142,41.50232],[-119.89717,41.49128],[-119.9041,41.4827],[-119.91311,41.46645],[-119.92001,41.46328],[-119.92286,41.45913],[-119.92598,41.4584],[-119.92832,41.45573],[-119.94122,41.45407],[-119.93316,41.43895],[-119.94222,41.42818],[-119.94059,41.41374],[-119.94482,41.40019],[-119.93832,41.3966],[-119.93769,41.39446],[-119.94282,41.38937],[-119.94203,41.38536],[-119.94534,41.37591],[-119.94241,41.37528],[-119.94291,41.37185],[-119.95181,41.36079],[-119.94025,41.35275],[-119.93872,41.34899],[-119.93537,41.34644],[-119.92881,41.34555],[-119.92787,41.34018],[-119.91997,41.33624],[-119.91658,41.33629],[-119.91557,41.33041],[-119.91268,41.3292],[-119.90685,41.33014],[-119.90307,41.32496],[-119.90402,41.31842],[-119.89932,41.31282],[-119.90294,41.31056],[-119.90384,41.30666],[-119.90877,41.30396],[-119.91183,41.29571],[-119.9147,41.29313],[-119.91269,41.28895],[-119.91766,41.27946],[-119.92679,41.28225],[-119.92958,41.28579],[-119.93312,41.28336],[-119.93552,41.2757],[-119.94221,41.27137],[-119.94268,41.26953],[-119.93972,41.26591],[-119.94495,41.26222],[-119.94652,41.25153],[-119.95245,41.24732],[-119.95381,41.24417],[-119.94735,41.23482],[-119.95051,41.22989],[-119.94869,41.22118],[-119.95214,41.21839],[-119.95109,41.21394],[-119.9538,41.21044],[-119.95055,41.19831],[-119.94228,41.19215],[-119.93748,41.19075],[-119.9332,41.183],[-119.92204,41.17896],[-119.9229,41.17235],[-119.91435,41.16618],[-119.91467,41.16297],[-119.90539,41.15861],[-119.90651,41.1556],[-119.90209,41.15197],[-119.90244,41.15083],[-119.899,41.15041],[-119.89598,41.15206],[-119.88781,41.1506],[-119.885,41.15517],[-119.87692,41.15754],[-119.86403,41.15537],[-119.85502,41.15203],[-119.8495,41.14433],[-119.85324,41.13086],[-119.85602,41.12703],[-119.85557,41.12373],[-119.85019,41.12037],[-119.85058,41.11748],[-119.85557,41.10965],[-119.85812,41.11028],[-119.86251,41.10778],[-119.86386,41.10277],[-119.87008,41.10108],[-119.88201,41.10101],[-119.88983,41.09637],[-119.89539,41.08746],[-119.90485,41.08781],[-119.93341,41.09466],[-119.93918,41.0936],[-119.94739,41.09549],[-119.95867,41.09222],[-119.97371,41.09581],[-119.98096,41.09226],[-119.98531,41.08596],[-119.99738,41.078],[-120.00334,41.08816],[-119.99931,41.09227],[-120.00227,41.09361],[-120.00452,41.09877],[-120.00922,41.10091],[-120.00863,41.10402],[-120.01223,41.10485],[-120.01949,41.09903],[-120.02534,41.09828],[-120.0269,41.10213],[-120.03721,41.10047],[-120.04377,41.10578],[-120.04465,41.09935],[-120.04761,41.09432],[-120.05368,41.09518],[-120.05818,41.09128],[-120.06256,41.09269],[-120.0686,41.09047],[-120.0691,41.08508],[-120.07711,41.08362],[-120.07823,41.07934],[-120.08766,41.08152],[-120.09096,41.08035],[-120.09677,41.07261],[-120.10077,41.07242],[-120.10406,41.06511],[-120.11054,41.0647],[-120.12511,41.05803],[-120.12614,41.05459],[-120.12905,41.05368],[-120.12913,41.04811],[-120.13357,41.04077],[-120.13549,41.03378],[-120.13264,41.02882],[-120.13312,41.02403],[-120.1286,41.02092],[-120.12334,41.01973],[-120.12439,41.0153],[-120.12268,40.99701],[-120.11679,40.99895],[-120.11214,40.99647],[-120.11274,40.99335],[-120.10626,40.98935],[-120.10458,40.98296],[-120.10122,40.98065],[-120.08716,40.97925],[-120.0677,40.97269],[-120.06897,40.96851],[-120.06312,40.96467],[-120.06282,40.95817],[-120.05678,40.95193],[-120.05538,40.94283],[-120.05095,40.93822],[-120.05051,40.93429],[-120.04461,40.93429],[-120.03789,40.93754],[-120.02617,40.93663],[-120.01876,40.93139],[-120.01897,40.92758],[-120.01547,40.92221],[-120.00827,40.91755],[-120.0088,40.91298],[-119.99446,40.91075],[-119.99251,40.90924],[-119.985,40.91592],[-119.98276,40.91065],[-119.97038,40.90592],[-119.95298,40.90518],[-119.94907,40.90202],[-119.94296,40.90098],[-119.93805,40.89785],[-119.93238,40.89012],[-119.93097,40.8805],[-119.94032,40.87283],[-119.94017,40.86761],[-119.93701,40.86346],[-119.93597,40.85788],[-119.9466,40.85552],[-119.94321,40.85409],[-119.94124,40.84868],[-119.94419,40.84183],[-119.94302,40.83263],[-119.94407,40.82774],[-119.94671,40.82505],[-119.94651,40.81739],[-119.94988,40.81376],[-119.95703,40.81113],[-119.9603,40.80553],[-119.95849,40.78863],[-119.95645,40.78351],[-119.95359,40.78156],[-119.96583,40.7744],[-119.96657,40.77258],[-119.96354,40.76757],[-119.95437,40.76516],[-119.95029,40.7564],[-119.94059,40.75757],[-119.93904,40.75577],[-119.93884,40.74859],[-119.94709,40.74423],[-119.94797,40.74202],[-119.94362,40.72972],[-119.94099,40.72628],[-119.94102,40.72223],[-119.93842,40.71905],[-119.95076,40.71058],[-119.95315,40.71045],[-119.95565,40.716],[-119.95813,40.71716],[-119.96892,40.70579],[-119.97791,40.70781],[-119.98815,40.70391],[-119.98793,40.70545],[-119.9929,40.7103],[-119.99844,40.70964],[-120.00049,40.71463],[-120.00838,40.7187],[-120.01074,40.71815],[-120.0182,40.72065],[-120.01606,40.72554],[-120.01822,40.72903],[-120.02505,40.72792],[-120.03187,40.73029],[-120.04148,40.72719],[-120.04756,40.73022],[-120.05637,40.7296],[-120.05754,40.73544],[-120.06074,40.73749],[-120.06821,40.7493],[-120.06732,40.75256],[-120.06837,40.75382],[-120.08407,40.75413],[-120.0858,40.75927],[-120.10042,40.76348],[-120.10359,40.76848],[-120.1131,40.77379],[-120.14405,40.7694],[-120.15698,40.77021],[-120.17542,40.77426],[-120.19337,40.76331],[-120.20567,40.7637],[-120.21213,40.75755],[-120.22502,40.75379],[-120.23717,40.74735],[-120.24229,40.74621],[-120.24503,40.7437],[-120.24245,40.73943],[-120.23824,40.73858],[-120.22879,40.74303],[-120.21449,40.73185],[-120.20827,40.7298],[-120.20921,40.72584],[-120.20102,40.7189],[-120.19377,40.70821],[-120.19393,40.70383],[-120.20284,40.69431],[-120.21166,40.69297],[-120.2137,40.69134],[-120.20899,40.68627],[-120.20768,40.68236],[-120.21048,40.67647],[-120.20854,40.67476],[-120.20841,40.67207],[-120.20167,40.66466],[-120.1934,40.65979],[-120.18903,40.64893],[-120.18197,40.64695],[-120.17676,40.64805],[-120.17238,40.64708],[-120.16471,40.64011],[-120.1558,40.63738],[-120.15359,40.63446],[-120.14644,40.63623],[-120.13568,40.63134],[-120.12624,40.63018],[-120.11836,40.6231],[-120.1069,40.62393],[-120.10796,40.61821],[-120.11434,40.61452],[-120.12099,40.60716],[-120.11669,40.59491],[-120.1131,40.59269],[-120.11241,40.58918],[-120.10883,40.58534],[-120.11603,40.58117],[-120.11836,40.57275],[-120.12436,40.5679],[-120.12372,40.56489],[-120.10866,40.56091],[-120.10471,40.55622],[-120.1001,40.55621],[-120.0931,40.5452],[-120.08625,40.54392],[-120.08373,40.54146],[-120.07815,40.5398],[-120.07267,40.53469],[-120.06985,40.52822],[-120.07443,40.52141],[-120.07468,40.51829],[-120.07186,40.51384],[-120.07553,40.51282],[-120.0793,40.50639],[-120.07799,40.50231],[-120.07366,40.49799],[-120.0527,40.49037],[-120.05046,40.4879],[-120.05005,40.4845],[-120.04287,40.48294],[-120.0331,40.48423],[-120.02254,40.48299],[-120.01911,40.48802],[-120.0136,40.48976],[-120.00424,40.4832],[-119.9919,40.49371],[-119.9937,40.49807],[-119.99098,40.499],[-119.97896,40.48915],[-119.97283,40.48663],[-119.97172,40.48424],[-119.9736,40.47922],[-119.96777,40.47499],[-119.95809,40.4737],[-119.95534,40.4763],[-119.9482,40.47383],[-119.94086,40.47449],[-119.93786,40.47321],[-119.93482,40.46811],[-119.93683,40.46035],[-119.9329,40.45712],[-119.93223,40.45189],[-119.92678,40.45017],[-119.92814,40.44568],[-119.93285,40.44282],[-119.93737,40.43472],[-119.93512,40.43014],[-119.92093,40.42873],[-119.92029,40.42595],[-119.91799,40.42453],[-119.91876,40.41741],[-119.91746,40.41477],[-119.91465,40.41365],[-119.91593,40.41149],[-119.91526,40.40561],[-119.91735,40.40354],[-119.91629,40.4008],[-119.91866,40.39858],[-119.91353,40.39307],[-119.91055,40.39264],[-119.91617,40.3843],[-119.91889,40.37522],[-119.92867,40.37239],[-119.92814,40.36803],[-119.93008,40.36522],[-119.93006,40.36184],[-119.93498,40.36333],[-119.94419,40.36097],[-119.94837,40.35225],[-119.94299,40.34729],[-119.94225,40.34047],[-119.93832,40.32942],[-119.93464,40.32495],[-119.93297,40.31764],[-119.92872,40.31463],[-119.93502,40.30338],[-119.93116,40.29946],[-119.9304,40.29519],[-119.92424,40.29065],[-119.92356,40.28345],[-119.91735,40.28341],[-119.90765,40.27979],[-119.90582,40.26759],[-119.89764,40.26319],[-119.89765,40.26144],[-119.89195,40.2569],[-119.89117,40.25404],[-119.88368,40.2474],[-119.88004,40.24687],[-119.87642,40.24403],[-119.86605,40.25126],[-119.86273,40.26002],[-119.85769,40.26226],[-119.85749,40.2649],[-119.85564,40.26616],[-119.84732,40.26715],[-119.84478,40.26366],[-119.84298,40.2659],[-119.84021,40.2663],[-119.83687,40.27113],[-119.82702,40.27336],[-119.82572,40.26919],[-119.8182,40.26921],[-119.81339,40.27044],[-119.81038,40.27406],[-119.80465,40.26952],[-119.79887,40.26859],[-119.79558,40.26436],[-119.78928,40.26143],[-119.78285,40.25542],[-119.77725,40.25695],[-119.77141,40.25328],[-119.76953,40.24748],[-119.76741,40.24582],[-119.75649,40.24116],[-119.75163,40.24217],[-119.74043,40.23935],[-119.73578,40.23994],[-119.73189,40.23506],[-119.73181,40.23211],[-119.72885,40.22991],[-119.72945,40.2269],[-119.7398,40.22794],[-119.74966,40.22271],[-119.75478,40.22578],[-119.75965,40.22621],[-119.76714,40.22178],[-119.76627,40.21792],[-119.78037,40.22319],[-119.78387,40.21927],[-119.79206,40.21902],[-119.79032,40.2147],[-119.78702,40.21313],[-119.78419,40.20828],[-119.78714,40.20605],[-119.78529,40.2011],[-119.78629,40.19758],[-119.7955,40.18735],[-119.7836,40.18118],[-119.78551,40.1756],[-119.78388,40.17387],[-119.78436,40.17029],[-119.78104,40.16089],[-119.78894,40.15548],[-119.79444,40.15644],[-119.79707,40.15219],[-119.80102,40.15267],[-119.80243,40.14965],[-119.79944,40.14517],[-119.80344,40.13764],[-119.8033,40.13573],[-119.79862,40.13137],[-119.79818,40.12873],[-119.80076,40.12775],[-119.79783,40.12414],[-119.79989,40.12135],[-119.79677,40.11968],[-119.7956,40.11333],[-119.7917,40.11117],[-119.79684,40.10422],[-119.79674,40.10227],[-119.79456,40.09928],[-119.7888,40.0993],[-119.78432,40.09606],[-119.78027,40.09571],[-119.7756,40.08469],[-119.7765,40.0803],[-119.78504,40.07128],[-119.78442,40.06279],[-119.77949,40.05471],[-119.78308,40.05275],[-119.7836,40.05008],[-119.78161,40.04799],[-119.77832,40.04796],[-119.77591,40.04237],[-119.77759,40.03796],[-119.7717,40.03253],[-119.7706,40.02783],[-119.75288,40.02881],[-119.75393,40.02457],[-119.74866,40.01298],[-119.74597,39.99404],[-119.75777,39.99336],[-119.75977,39.98985],[-119.77199,39.98861],[-119.77595,39.98234],[-119.77617,39.9772],[-119.78649,39.96946],[-119.80384,39.96701],[-119.81335,39.96897],[-119.81721,39.96676],[-119.81719,39.96469],[-119.81514,39.96339],[-119.81787,39.96135],[-119.82395,39.96197],[-119.83376,39.95889],[-119.83578,39.95572],[-119.83532,39.9521],[-119.83952,39.95073],[-119.84991,39.9511],[-119.85396,39.9459],[-119.85175,39.94181],[-119.85324,39.93892],[-119.84852,39.93899],[-119.84892,39.9359],[-119.84719,39.93312],[-119.83706,39.92763],[-119.83332,39.92255],[-119.82622,39.91971],[-119.82376,39.91472],[-119.81735,39.91435],[-119.81177,39.91136],[-119.80487,39.91277],[-119.79634,39.90472],[-119.79525,39.89938],[-119.79084,39.89239],[-119.78099,39.89119],[-119.7777,39.88564],[-119.77319,39.88527],[-119.76764,39.87779],[-119.76746,39.87131],[-119.7742,39.86333],[-119.77927,39.86169],[-119.77795,39.85723],[-119.78434,39.84967],[-119.789,39.83981],[-119.7926,39.83669],[-119.79111,39.83308],[-119.79545,39.82816],[-119.7967,39.82243],[-119.80334,39.81792],[-119.80843,39.8105],[-119.80115,39.80529],[-119.79503,39.80614],[-119.78482,39.79988],[-119.78253,39.79351],[-119.78444,39.79127],[-119.78156,39.78698],[-119.78152,39.7812],[-119.77943,39.77907],[-119.77957,39.77682],[-119.78851,39.77013],[-119.78995,39.76433],[-119.79292,39.76236],[-119.78938,39.76049],[-119.79079,39.75464],[-119.78913,39.75163],[-119.79152,39.75123],[-119.7912,39.74885],[-119.79293,39.74859],[-119.79158,39.74066],[-119.79519,39.73815],[-119.79786,39.73301],[-119.80239,39.73137],[-119.80045,39.727],[-119.80909,39.72322],[-119.81786,39.72219],[-119.8135,39.71919],[-119.8108,39.71462],[-119.81001,39.70559],[-119.8072,39.70562],[-119.8055,39.70198],[-119.80189,39.70195],[-119.79538,39.69625],[-119.77808,39.687],[-119.76494,39.68411],[-119.75969,39.6788],[-119.7597,39.67669],[-119.76295,39.67041],[-119.7701,39.66625],[-119.76909,39.66109],[-119.77251,39.64877],[-119.77441,39.64835],[-119.77634,39.64505],[-119.78957,39.64265],[-119.79668,39.63812],[-119.79763,39.63594],[-119.80219,39.63445],[-119.80402,39.62605],[-119.80051,39.62318],[-119.8019,39.62184],[-119.80154,39.61655],[-119.80583,39.61562],[-119.80744,39.61254],[-119.80679,39.60302],[-119.80971,39.60274],[-119.8127,39.59894],[-119.81779,39.59637],[-119.82844,39.59548],[-119.83178,39.59187],[-119.8396,39.59305],[-119.84063,39.58923],[-119.84463,39.58728],[-119.8568,39.58912],[-119.85841,39.58353],[-119.86488,39.58331],[-119.86479,39.5796],[-119.86827,39.57905],[-119.87321,39.57537],[-119.87641,39.57557],[-119.87739,39.57396],[-119.88342,39.57583],[-119.88812,39.57188],[-119.89406,39.5736],[-119.89819,39.57014],[-119.90616,39.57533],[-119.91399,39.5753],[-119.9156,39.57846],[-119.92454,39.57946],[-119.92926,39.58181],[-119.93662,39.59202],[-119.94963,39.58795],[-119.95279,39.58839],[-119.95472,39.58411],[-119.96604,39.57955],[-119.97106,39.58104],[-119.98176,39.5789],[-119.98333,39.57581],[-119.98624,39.57445],[-119.99728,39.57657],[-119.99797,39.57936],[-120.01729,39.58063],[-120.02377,39.58517],[-120.02802,39.5856],[-120.03122,39.58401],[-120.03764,39.58977],[-120.03893,39.59298],[-120.05601,39.60056],[-120.06366,39.60164],[-120.07066,39.59931],[-120.07329,39.5966],[-120.08902,39.59165],[-120.10252,39.59343],[-120.10135,39.58743],[-120.10843,39.57941],[-120.10586,39.57565],[-120.10699,39.57385],[-120.11428,39.5698],[-120.12206,39.57158],[-120.12273,39.56611],[-120.1253,39.56458],[-120.12197,39.56102],[-120.1229,39.55737],[-120.13261,39.55614],[-120.14769,39.54919],[-120.15982,39.54743],[-120.16843,39.54795],[-120.17158,39.54517],[-120.17591,39.5453],[-120.18205,39.54183],[-120.19418,39.5394],[-120.19802,39.53935],[-120.20432,39.54287],[-120.20548,39.54974],[-120.2094,39.54786],[-120.20959,39.54494],[-120.21145,39.54341],[-120.21809,39.54087],[-120.22377,39.53624],[-120.22511,39.52843],[-120.23017,39.52358],[-120.23967,39.52682],[-120.24702,39.5252],[-120.25399,39.52014],[-120.25783,39.52373],[-120.26228,39.52067],[-120.26613,39.52068],[-120.28229,39.50473],[-120.28984,39.50331],[-120.29594,39.49955],[-120.30921,39.49779],[-120.31911,39.50206],[-120.33438,39.50203],[-120.3411,39.50514],[-120.34563,39.50498],[-120.35078,39.49941],[-120.36034,39.49611],[-120.3655,39.49873],[-120.36917,39.49677],[-120.37541,39.49646],[-120.38422,39.49974],[-120.38674,39.50248],[-120.38698,39.5055],[-120.39576,39.50963],[-120.39502,39.51437],[-120.40615,39.51187],[-120.41115,39.51728],[-120.41586,39.5158],[-120.42289,39.51731],[-120.4295,39.51672],[-120.43956,39.51473],[-120.44238,39.51156],[-120.44133,39.50595],[-120.43527,39.49534],[-120.43823,39.48253],[-120.44539,39.48024],[-120.44403,39.47606],[-120.45099,39.46718],[-120.4519,39.46194],[-120.4644,39.45585],[-120.46204,39.4496],[-120.46494,39.43717],[-120.46202,39.43387],[-120.45535,39.43267],[-120.45518,39.42466],[-120.45158,39.42352],[-120.4437,39.42439],[-120.43794,39.42961],[-120.43218,39.43261],[-120.42507,39.43344],[-120.42222,39.43572],[-120.4218,39.43001],[-120.41857,39.42579],[-120.41984,39.42182],[-120.41812,39.41882],[-120.41194,39.41881],[-120.39386,39.42589],[-120.39028,39.42529],[-120.38669,39.42861],[-120.3769,39.42505],[-120.3721,39.42646],[-120.36894,39.42428],[-120.36887,39.42156],[-120.36657,39.42059],[-120.36788,39.41375],[-120.36079,39.40801],[-120.3616,39.40474],[-120.35946,39.40149],[-120.36197,39.39448],[-120.36153,39.39103],[-120.36551,39.38425],[-120.36328,39.38146],[-120.35776,39.37908],[-120.3537,39.37224],[-120.35237,39.36643],[-120.34113,39.35919],[-120.34105,39.35513],[-120.34435,39.34833],[-120.34279,39.34564],[-120.33801,39.3439],[-120.33933,39.33975],[-120.33845,39.33719],[-120.33469,39.33524],[-120.33437,39.33181],[-120.33199,39.32967],[-120.32665,39.3283],[-120.3221,39.3248],[-120.32412,39.32328],[-120.32303,39.31973],[-120.32612,39.3171],[-120.32647,39.31477],[-120.32013,39.31014],[-120.31718,39.30559],[-120.3178,39.30342],[-120.31566,39.29855],[-120.32682,39.28819],[-120.31302,39.28159],[-120.30884,39.27343],[-120.29724,39.26558],[-120.29755,39.2587],[-120.29283,39.25688],[-120.28783,39.25178],[-120.28512,39.24478],[-120.28069,39.24465],[-120.27633,39.23871],[-120.26973,39.23476],[-120.26928,39.23083],[-120.26387,39.22295],[-120.2675,39.21787],[-120.26625,39.21511],[-120.27518,39.21362],[-120.27786,39.20711],[-120.28722,39.19825],[-120.27618,39.1933],[-120.27772,39.1881],[-120.26933,39.1803],[-120.26524,39.18281],[-120.25354,39.1814],[-120.25318,39.17832],[-120.2462,39.17486],[-120.24613,39.16972],[-120.25182,39.1668],[-120.25357,39.16324],[-120.25066,39.15479],[-120.24816,39.15254],[-120.24832,39.1497],[-120.24587,39.14796],[-120.24674,39.14065],[-120.24315,39.13425],[-120.24421,39.12905],[-120.24752,39.12471],[-120.24365,39.11941],[-120.23355,39.11248],[-120.23649,39.10892],[-120.23741,39.10363],[-120.24845,39.09913],[-120.24758,39.09419],[-120.25246,39.0841],[-120.23247,39.07623],[-120.23075,39.07288],[-120.23136,39.06671],[-120.22445,39.06359],[-120.21765,39.06376],[-120.2077,39.06113],[-120.19999,39.06347],[-120.19785,39.06677],[-120.20115,39.05494],[-120.20049,39.04816],[-120.19473,39.04783],[-120.19248,39.04584],[-120.1956,39.03739],[-120.18925,39.0292],[-120.19574,39.02468],[-120.20659,39.02023],[-120.20399,39.01169],[-120.19909,39.00695],[-120.19386,38.99727],[-120.19335,38.99319],[-120.18992,38.99131],[-120.1841,38.98281],[-120.17106,38.97774],[-120.16557,38.9785],[-120.16111,38.98199],[-120.15821,38.98138],[-120.15225,38.97708],[-120.15175,38.97331],[-120.14918,38.97014],[-120.1426,38.96824],[-120.14117,38.96567],[-120.14251,38.95912],[-120.14997,38.95467],[-120.15157,38.94827],[-120.14963,38.94648],[-120.15017,38.94377],[-120.14764,38.94054],[-120.14666,38.93427],[-120.16108,38.92799],[-120.16463,38.92269],[-120.16144,38.91456],[-120.15505,38.90856],[-120.15559,38.90504],[-120.15113,38.90043],[-120.15418,38.89036],[-120.15276,38.88489],[-120.14847,38.88052],[-120.14753,38.87726],[-120.14371,38.87528],[-120.14157,38.87201],[-120.13912,38.87166],[-120.13758,38.86909],[-120.13142,38.87009],[-120.12398,38.86684],[-120.12039,38.8589],[-120.11112,38.85261],[-120.10661,38.84356],[-120.10751,38.8382],[-120.10533,38.8339],[-120.10173,38.83307],[-120.09875,38.82945],[-120.07337,38.83277],[-120.0627,38.83107],[-120.05991,38.83234],[-120.04309,38.8317],[-120.03404,38.82703],[-120.02947,38.82247],[-120.03004,38.81352],[-120.02769,38.80832],[-120.02856,38.80648],[-120.03522,38.8066],[-120.03997,38.80298],[-120.04533,38.8029],[-120.05379,38.79529],[-120.05394,38.79073],[-120.04867,38.78809],[-120.04788,38.78436],[-120.05247,38.77335],[-120.04753,38.76908],[-120.04889,38.76679],[-120.04575,38.76541],[-120.04686,38.76027],[-120.05174,38.75921],[-120.05051,38.75289],[-120.05355,38.74969],[-120.05172,38.74009],[-120.03654,38.73456],[-120.03176,38.7244],[-120.02649,38.72163],[-120.02311,38.71449],[-120.01635,38.70882],[-120.01237,38.70866],[-120.00588,38.70411],[-119.9924,38.70848],[-119.99383,38.70493],[-119.99307,38.70096],[-119.98716,38.69577],[-119.98962,38.6921],[-119.9838,38.68827],[-119.98313,38.68577],[-119.98394,38.6752],[-119.98732,38.67234],[-119.98508,38.66635],[-119.9856,38.66275],[-119.97923,38.65765],[-119.97209,38.6564],[-119.96639,38.66266],[-119.96185,38.66279],[-119.95841,38.66043],[-119.95586,38.65532],[-119.95097,38.6525],[-119.95216,38.64844],[-119.9513,38.6453],[-119.94379,38.64059],[-119.9373,38.6393],[-119.93208,38.64007],[-119.92814,38.63605],[-119.9245,38.63573],[-119.92095,38.63106],[-119.92212,38.6261],[-119.91598,38.62577],[-119.91357,38.62284],[-119.91466,38.61966],[-119.9243,38.61498],[-119.92507,38.6118],[-119.92264,38.60821],[-119.91653,38.60758],[-119.91272,38.60206],[-119.9086,38.60149],[-119.90803,38.59629],[-119.89945,38.59745],[-119.89767,38.60199],[-119.89502,38.60385],[-119.88731,38.60329],[-119.88319,38.60579],[-119.87804,38.6042],[-119.87749,38.60214],[-119.87364,38.60424],[-119.8689,38.60332],[-119.86784,38.60105],[-119.85914,38.60043],[-119.85362,38.60264],[-119.85033,38.59824],[-119.84795,38.59758],[-119.84084,38.58574],[-119.84061,38.58218],[-119.83716,38.57916],[-119.83633,38.57192],[-119.83364,38.56839],[-119.83519,38.56159],[-119.83194,38.55647],[-119.83375,38.55283],[-119.82882,38.55278],[-119.82828,38.55084],[-119.82423,38.5518],[-119.81992,38.54729],[-119.8148,38.54768],[-119.81422,38.54549],[-119.80992,38.54289],[-119.80584,38.54339],[-119.79959,38.54016],[-119.79795,38.53508],[-119.78981,38.52859],[-119.78979,38.52238],[-119.78494,38.5191],[-119.77205,38.51829],[-119.76924,38.5166],[-119.77042,38.51501],[-119.7692,38.51108],[-119.77344,38.50534],[-119.77315,38.50124],[-119.75762,38.49157],[-119.768,38.48572],[-119.76679,38.47556],[-119.75539,38.47056],[-119.74174,38.47225],[-119.73472,38.4711],[-119.72741,38.46427],[-119.73012,38.46161],[-119.73279,38.44899],[-119.72985,38.44701],[-119.72924,38.44326],[-119.72424,38.44223],[-119.71777,38.44673],[-119.71733,38.44851],[-119.7141,38.44953],[-119.71355,38.45152],[-119.70661,38.45199],[-119.70491,38.45418],[-119.69962,38.45285],[-119.69991,38.45102],[-119.68882,38.44858],[-119.68811,38.44235],[-119.68025,38.44036],[-119.67833,38.43696],[-119.6791,38.43341],[-119.68683,38.43064],[-119.68119,38.42469],[-119.68086,38.42104],[-119.68388,38.41789],[-119.68242,38.41699],[-119.6807,38.40904],[-119.68114,38.40218],[-119.67852,38.40021],[-119.67577,38.39445],[-119.66835,38.3875],[-119.66719,38.38394],[-119.65998,38.38286],[-119.65323,38.37163],[-119.64288,38.3647],[-119.64232,38.36147],[-119.63813,38.3558],[-119.62797,38.34838],[-119.63185,38.34431],[-119.63174,38.33515],[-119.63491,38.32931],[-119.64481,38.32147],[-119.64507,38.31743],[-119.64224,38.31494],[-119.64206,38.30581],[-119.64429,38.29967],[-119.64237,38.29407],[-119.6515,38.28644],[-119.64369,38.27905],[-119.63719,38.27824],[-119.63018,38.26894],[-119.61297,38.26145],[-119.61304,38.25914],[-119.61984,38.25559],[-119.62179,38.25249],[-119.61573,38.24362],[-119.60535,38.2388],[-119.60466,38.23482],[-119.60994,38.23287],[-119.61497,38.23331],[-119.61952,38.23],[-119.62509,38.22906],[-119.62527,38.22128],[-119.62731,38.22021],[-119.6243,38.21642],[-119.62689,38.21144],[-119.62485,38.2098],[-119.62516,38.20651],[-119.62706,38.20449],[-119.63075,38.20432],[-119.63147,38.20272],[-119.6291,38.19602],[-119.62137,38.19188],[-119.61257,38.19079],[-119.60468,38.18783],[-119.59898,38.18348],[-119.59643,38.18312],[-119.58923,38.18646],[-119.58656,38.18509],[-119.57981,38.17792],[-119.58005,38.17278],[-119.58223,38.17161],[-119.57957,38.16774],[-119.57733,38.15781],[-119.5677,38.15733],[-119.5644,38.15406],[-119.55788,38.15525],[-119.5466,38.15422],[-119.54588,38.15132],[-119.54817,38.14677],[-119.54689,38.14372],[-119.53217,38.14492],[-119.51564,38.13753],[-119.50713,38.13703],[-119.50461,38.14097],[-119.50602,38.15095],[-119.50797,38.15273],[-119.50498,38.15454],[-119.50541,38.15681],[-119.50355,38.15927],[-119.49641,38.15751],[-119.49547,38.15445],[-119.49715,38.14988],[-119.48922,38.14449],[-119.48821,38.13273],[-119.46925,38.12799],[-119.47305,38.11807],[-119.46248,38.10982],[-119.45823,38.10962],[-119.46596,38.10229],[-119.4624,38.09746],[-119.4555,38.09625],[-119.45019,38.09981],[-119.44827,38.0986],[-119.44761,38.09369],[-119.44615,38.09306],[-119.44029,38.09669],[-119.44223,38.10002],[-119.44208,38.10484],[-119.43598,38.10736],[-119.43129,38.11333],[-119.42856,38.11412],[-119.42597,38.11363],[-119.42519,38.11],[-119.41968,38.10737],[-119.41217,38.10792],[-119.40024,38.10547],[-119.39812,38.10682],[-119.38903,38.09845],[-119.38463,38.09793],[-119.38162,38.09289],[-119.37633,38.09416],[-119.37054,38.08836],[-119.36517,38.091],[-119.35846,38.08267],[-119.35434,38.08301],[-119.35343,38.08515],[-119.3491,38.08656],[-119.34302,38.07677],[-119.33738,38.07268],[-119.33789,38.06893],[-119.33621,38.06631],[-119.32905,38.06628],[-119.3267,38.06133],[-119.32299,38.05923],[-119.32192,38.05046],[-119.31983,38.04777],[-119.31092,38.04499],[-119.31091,38.03976],[-119.31419,38.03542],[-119.30924,38.03363],[-119.30759,38.03016],[-119.30113,38.03481],[-119.29164,38.03756],[-119.28672,38.03657],[-119.28356,38.03909],[-119.27712,38.03898],[-119.2724,38.03595],[-119.26262,38.03554],[-119.25704,38.03884],[-119.24441,38.04076],[-119.23758,38.04367],[-119.23746,38.05098],[-119.23531,38.05297],[-119.21268,38.06567],[-119.18915,38.08353],[-119.18087,38.08816],[-119.17713,38.08848],[-119.17455,38.09411],[-119.17285,38.10747],[-119.16842,38.11019],[-119.16861,38.11172],[-119.16298,38.11029],[-119.15921,38.10601],[-119.15353,38.10462],[-119.15029,38.10758],[-119.144,38.10686],[-119.13921,38.10816],[-119.13981,38.1154],[-119.13023,38.12471],[-119.1302,38.12793],[-119.123,38.13882],[-119.11587,38.14566],[-119.09469,38.1513],[-119.08946,38.15162],[-119.0848,38.14916],[-119.07893,38.15151],[-119.07864,38.1599],[-119.08329,38.16612],[-119.08031,38.16776],[-119.07977,38.17405],[-119.08325,38.17754],[-119.0763,38.18084],[-119.07619,38.18649],[-119.06955,38.19298],[-119.0697,38.19699],[-119.07245,38.19992],[-119.06966,38.20208],[-119.06923,38.20486],[-119.08209,38.22027],[-119.08268,38.22461],[-119.07645,38.22667],[-119.06745,38.22657],[-119.06171,38.22368],[-119.05565,38.21723],[-119.04511,38.21771],[-119.03945,38.21511],[-119.03555,38.21261],[-119.03209,38.20768],[-119.0326,38.20499],[-119.03463,38.20392],[-119.0339,38.2018],[-119.02959,38.19977],[-119.02602,38.1922],[-119.01895,38.18955],[-119.00702,38.19504],[-118.99645,38.19334],[-118.99334,38.19134],[-118.98281,38.19357],[-118.97972,38.1924],[-118.97075,38.20085],[-118.96426,38.20091],[-118.9583,38.21076],[-118.9509,38.21167],[-118.94307,38.21565],[-118.93964,38.22231],[-118.93513,38.22467],[-118.93627,38.23325],[-118.93171,38.24392],[-118.92536,38.24643],[-118.92374,38.25056],[-118.91718,38.25087],[-118.91535,38.25347],[-118.91042,38.2558],[-118.90096,38.25144],[-118.89266,38.25132],[-118.88801,38.24915],[-118.88595,38.25045],[-118.88747,38.25661],[-118.88085,38.262],[-118.87034,38.26279],[-118.86652,38.26045],[-118.85511,38.26076],[-118.84092,38.27425],[-118.83285,38.27671],[-118.82494,38.27702],[-118.82274,38.28045],[-118.80294,38.27891],[-118.80103,38.28572],[-118.8019,38.29211],[-118.7933,38.30207],[-118.7836,38.30985],[-118.77149,38.3091],[-118.76797,38.3153],[-118.7708,38.31721],[-118.76826,38.32095],[-118.76226,38.32253],[-118.75828,38.31898],[-118.75185,38.31655],[-118.7501,38.31241],[-118.74258,38.3128],[-118.74143,38.3092],[-118.73591,38.30922],[-118.73439,38.30527],[-118.72502,38.30482],[-118.71855,38.30677],[-118.71682,38.30222],[-118.71046,38.29699],[-118.69899,38.29646],[-118.69663,38.29456],[-118.69705,38.29202],[-118.695,38.29094],[-118.69257,38.29109],[-118.6885,38.29645],[-118.68119,38.29746],[-118.67853,38.30094],[-118.67819,38.30403],[-118.67998,38.30717],[-118.68373,38.30946],[-118.68253,38.31057],[-118.67755,38.31215],[-118.66502,38.30969],[-118.6619,38.30479],[-118.65925,38.29459],[-118.6622,38.29011],[-118.66146,38.28777],[-118.67578,38.27777],[-118.67813,38.27288],[-118.67697,38.26559],[-118.68393,38.25922],[-118.68538,38.25162],[-118.68422,38.24613],[-118.68227,38.24423],[-118.68377,38.24021],[-118.68264,38.23665],[-118.68068,38.23564],[-118.6808,38.23236],[-118.68645,38.22814],[-118.69112,38.22688],[-118.69358,38.22141],[-118.69439,38.21295],[-118.69624,38.21028],[-118.70442,38.20619],[-118.70491,38.20368],[-118.70454,38.20091],[-118.7016,38.19785],[-118.68227,38.1925],[-118.67826,38.18746],[-118.68035,38.18581],[-118.6801,38.18227],[-118.67544,38.182],[-118.66925,38.17874],[-118.6668,38.17944],[-118.67177,38.17337],[-118.67067,38.16904],[-118.67319,38.16418],[-118.67844,38.1627],[-118.68643,38.15571],[-118.69405,38.15546],[-118.69914,38.15203],[-118.69463,38.14662],[-118.68384,38.14909],[-118.67793,38.14624],[-118.67453,38.13738],[-118.66287,38.13064],[-118.66258,38.12683],[-118.66624,38.12263],[-118.6622,38.11831],[-118.65689,38.11666],[-118.65917,38.11355],[-118.672,38.11117],[-118.67764,38.10775],[-118.6814,38.10891],[-118.69262,38.10726],[-118.69612,38.10367],[-118.69909,38.10348],[-118.7012,38.10008],[-118.70425,38.09921],[-118.70251,38.09741],[-118.70355,38.09571],[-118.70188,38.0926],[-118.70407,38.08865],[-118.70753,38.06961],[-118.70447,38.06487],[-118.71191,38.05808],[-118.71241,38.05446],[-118.72559,38.04669],[-118.72242,38.04447],[-118.7183,38.04617],[-118.70788,38.04281],[-118.70656,38.04056],[-118.71296,38.03132],[-118.71846,38.03254],[-118.71841,38.02978],[-118.72087,38.02684],[-118.72691,38.02449],[-118.72505,38.01782],[-118.72321,38.01515],[-118.71813,38.01432],[-118.71404,38.00996],[-118.7068,38.01],[-118.69758,38.00278],[-118.68562,38.01378],[-118.67554,38.01287],[-118.67575,38.0067],[-118.6747,38.00659],[-118.66859,38.01015],[-118.66484,38.01724],[-118.66099,38.01718],[-118.65645,38.01958],[-118.64588,38.01831],[-118.6411,38.01963],[-118.6403,38.02291],[-118.62981,38.02],[-118.62472,38.02401],[-118.61277,38.02298],[-118.61131,38.02031],[-118.60489,38.0185],[-118.59995,38.01897],[-118.59867,38.01279],[-118.59688,38.0121],[-118.58559,38.01905],[-118.57882,38.02604],[-118.56864,38.02685],[-118.56344,38.03063],[-118.55935,38.03052],[-118.55741,38.02764],[-118.55545,38.02968],[-118.55145,38.02841],[-118.54608,38.02492],[-118.543,38.02925],[-118.54241,38.02277],[-118.53708,38.02036],[-118.5299,38.03213],[-118.52308,38.03153],[-118.51878,38.03288],[-118.51798,38.0307],[-118.51064,38.02706],[-118.50762,38.01996],[-118.51683,38.01199],[-118.5154,38.00186],[-118.52175,38.00248],[-118.52784,37.99433],[-118.52774,37.98698],[-118.52507,37.98587],[-118.51979,37.98844],[-118.51796,37.98381],[-118.51101,37.98058],[-118.50326,37.98229],[-118.50288,37.97407],[-118.49819,37.96974],[-118.49753,37.96445],[-118.4947,37.96464],[-118.49157,37.96793],[-118.48785,37.9669],[-118.4848,37.97215],[-118.47781,37.97385],[-118.4747,37.97956],[-118.4697,37.98277],[-118.47218,37.98717],[-118.47024,37.98851],[-118.4714,37.99141],[-118.46891,37.99298],[-118.46122,37.98996],[-118.45864,37.98445],[-118.45485,37.98338],[-118.45048,37.97949],[-118.45068,37.97726],[-118.44845,37.97632],[-118.44435,37.97591],[-118.43913,37.97773],[-118.4354,37.98551],[-118.4297,37.99055],[-118.41423,37.99199],[-118.41158,37.98814],[-118.41292,37.98481],[-118.41143,37.98295],[-118.40654,37.98086],[-118.40524,37.97784],[-118.39338,37.97005],[-118.38857,37.9723],[-118.37326,37.97179],[-118.36624,37.9747],[-118.35723,37.97433],[-118.35508,37.97842],[-118.34966,37.98006],[-118.33805,37.97677],[-118.33206,37.97684],[-118.32573,37.96985],[-118.30535,37.96664],[-118.30348,37.96362],[-118.30104,37.96281],[-118.29897,37.95748],[-118.30046,37.95543],[-118.2981,37.95043],[-118.30381,37.94735],[-118.30544,37.9446],[-118.30391,37.94301],[-118.30397,37.93973],[-118.309,37.92972],[-118.3081,37.92361],[-118.31201,37.9214],[-118.32049,37.90707],[-118.31566,37.90373],[-118.30906,37.90225],[-118.309,37.89259],[-118.30774,37.89036],[-118.31474,37.88346],[-118.31804,37.87488],[-118.3458,37.86695],[-118.34513,37.85725],[-118.34744,37.84902],[-118.35701,37.83856],[-118.35776,37.83118],[-118.35638,37.82558],[-118.35206,37.82079],[-118.35281,37.81411],[-118.35136,37.80982],[-118.34812,37.80724],[-118.34437,37.79934],[-118.3433,37.78333],[-118.3328,37.77821],[-118.33098,37.77058],[-118.32317,37.75667],[-118.31374,37.75435],[-118.31187,37.75655],[-118.30413,37.75643],[-118.30086,37.75337],[-118.29368,37.75318],[-118.29319,37.74866],[-118.30076,37.74014],[-118.28657,37.73366],[-118.28328,37.72773],[-118.28062,37.72002],[-118.28053,37.71144],[-118.27782,37.7083],[-118.27905,37.69593],[-118.28091,37.69372],[-118.27662,37.68343],[-118.27089,37.67997],[-118.26962,37.67221],[-118.2642,37.66876],[-118.26688,37.65741],[-118.25904,37.65223],[-118.25634,37.64396],[-118.25667,37.63889],[-118.25467,37.63734],[-118.25572,37.6339],[-118.24842,37.62977],[-118.23876,37.62687],[-118.23467,37.62219],[-118.2387,37.6095],[-118.23867,37.59016],[-118.24827,37.58221],[-118.24725,37.57994],[-118.2488,37.57568],[-118.24385,37.57222],[-118.23993,37.56682],[-118.23794,37.55997],[-118.23339,37.55637],[-118.2329,37.55346],[-118.23554,37.54665],[-118.23272,37.53712],[-118.22735,37.53368],[-118.21911,37.53245],[-118.21935,37.52928],[-118.21612,37.52583],[-118.21302,37.5186],[-118.21698,37.51127],[-118.21151,37.50218],[-118.2021,37.4985],[-118.19985,37.50089],[-118.19206,37.50359],[-118.18842,37.50099],[-118.18394,37.50241],[-118.1817,37.50012],[-118.16785,37.51198],[-118.15897,37.5155],[-118.15663,37.5131],[-118.15485,37.51346],[-118.15052,37.51729],[-118.14505,37.51503],[-118.14252,37.51187],[-118.13934,37.51218],[-118.13547,37.50777],[-118.13102,37.50979],[-118.12241,37.50973],[-118.12026,37.51301],[-118.11653,37.5149],[-118.10146,37.51176],[-118.10201,37.50734],[-118.0926,37.49772],[-118.08824,37.49012],[-118.0889,37.48652],[-118.08583,37.4787],[-118.07935,37.47919],[-118.07953,37.47594],[-118.06857,37.4696],[-118.0646,37.46368],[-118.0588,37.46471],[-118.05481,37.46329],[-118.04521,37.46565],[-118.04467,37.45923],[-118.04807,37.45639],[-118.04618,37.45295],[-118.04039,37.45062],[-118.03854,37.44763],[-118.03185,37.44676],[-118.02172,37.44141],[-118.01396,37.44139],[-118.00419,37.44489],[-117.99713,37.44107],[-117.98942,37.44208],[-117.98542,37.44097],[-117.98456,37.44309],[-117.97966,37.44286],[-117.96203,37.43378],[-117.95005,37.43596],[-117.93896,37.43083],[-117.93395,37.43183],[-117.93082,37.43461],[-117.92883,37.43446],[-117.92753,37.43218],[-117.92242,37.43472],[-117.91079,37.43189],[-117.90519,37.42102],[-117.89814,37.42192],[-117.89252,37.41881],[-117.8942,37.4149],[-117.88081,37.4128],[-117.88001,37.40981],[-117.87556,37.40632],[-117.86726,37.39496],[-117.84999,37.38987],[-117.84534,37.38757],[-117.84369,37.38295],[-117.83907,37.38349],[-117.83469,37.38052],[-117.82332,37.38845],[-117.81217,37.39007],[-117.79256,37.38387],[-117.78345,37.38763],[-117.76827,37.38515],[-117.76533,37.38308],[-117.76317,37.38413],[-117.75735,37.38295],[-117.74255,37.38762],[-117.73027,37.38566],[-117.72208,37.38649],[-117.72068,37.39032],[-117.7128,37.39206],[-117.70789,37.39547],[-117.70136,37.39192],[-117.70065,37.38411],[-117.69765,37.38225],[-117.69968,37.37925],[-117.69712,37.37688],[-117.69259,37.38185],[-117.69239,37.38783],[-117.67489,37.38989],[-117.67171,37.38584],[-117.67178,37.38303],[-117.66715,37.37938],[-117.65989,37.37937],[-117.6598,37.37696],[-117.65769,37.37563],[-117.65836,37.37256],[-117.65677,37.37153],[-117.64223,37.36905],[-117.63741,37.36495],[-117.63207,37.36571],[-117.62695,37.36267],[-117.62265,37.36626],[-117.61144,37.36501],[-117.60386,37.36193],[-117.5986,37.36536],[-117.60067,37.37169],[-117.592,37.37532],[-117.59108,37.37805],[-117.59595,37.38005],[-117.5871,37.38581],[-117.58664,37.38836],[-117.58972,37.38915],[-117.58948,37.3907],[-117.58094,37.40067],[-117.58049,37.40512],[-117.57751,37.40596],[-117.57566,37.4089],[-117.56581,37.41258],[-117.55517,37.41207],[-117.54732,37.41033],[-117.54817,37.4018],[-117.5517,37.39651],[-117.54661,37.38769],[-117.53764,37.37714],[-117.5358,37.37341],[-117.53771,37.36988],[-117.53258,37.36553],[-117.52928,37.35911],[-117.50042,37.34052],[-117.49657,37.32887],[-117.49206,37.3235],[-117.493,37.32],[-117.49554,37.31817],[-117.48916,37.31443],[-117.47979,37.31727],[-117.46044,37.31125],[-117.45336,37.31433],[-117.45194,37.31264],[-117.44939,37.31325],[-117.44353,37.31033],[-117.43798,37.30607],[-117.42695,37.31008],[-117.41481,37.30814],[-117.41296,37.30367],[-117.40858,37.30262],[-117.39731,37.3021],[-117.38272,37.30685],[-117.37214,37.3044],[-117.36468,37.30503],[-117.35856,37.30218],[-117.35132,37.30331],[-117.34586,37.30141],[-117.34273,37.30234],[-117.34302,37.30411],[-117.34049,37.30604],[-117.34068,37.30892],[-117.33263,37.31213],[-117.32528,37.30969],[-117.31971,37.31407],[-117.31199,37.31679],[-117.3035,37.31627],[-117.29658,37.31861],[-117.29742,37.31707],[-117.29566,37.31347],[-117.28819,37.31063],[-117.28477,37.30587],[-117.28182,37.30414],[-117.27912,37.30493],[-117.27793,37.30263],[-117.27094,37.30321],[-117.2702,37.2994],[-117.26428,37.29828],[-117.26579,37.29424],[-117.26343,37.29099],[-117.26589,37.2881],[-117.27201,37.2872],[-117.28067,37.28249],[-117.28379,37.27837],[-117.28949,37.2757],[-117.29375,37.26595],[-117.29723,37.26465],[-117.29467,37.26143],[-117.29528,37.25526],[-117.28141,37.25624],[-117.2805,37.25309],[-117.2818,37.24812],[-117.27523,37.24735],[-117.27327,37.24467],[-117.25966,37.23877],[-117.25725,37.232],[-117.22315,37.22029],[-117.20609,37.2088],[-117.19164,37.20278],[-117.15579,37.19309],[-117.14823,37.19344],[-117.14183,37.19143],[-117.14105,37.19314],[-117.13349,37.19288],[-117.1268,37.20128],[-117.12379,37.20114],[-117.12438,37.19474],[-117.12064,37.19404],[-117.12024,37.19221],[-117.12112,37.18734],[-117.12648,37.17993],[-117.12231,37.17717],[-117.12754,37.15887],[-117.12187,37.15486],[-117.12884,37.14521],[-117.13211,37.14458],[-117.13132,37.14058],[-117.13449,37.13769],[-117.13203,37.13477],[-117.13375,37.13005],[-117.13596,37.12883],[-117.13532,37.12483],[-117.13825,37.12436],[-117.14297,37.11902],[-117.13597,37.12011],[-117.13131,37.11735],[-117.13464,37.10499],[-117.13412,37.1007],[-117.13743,37.09681],[-117.12962,37.09054],[-117.1309,37.08816],[-117.13287,37.08871],[-117.13943,37.08439],[-117.14187,37.08439],[-117.14016,37.08022],[-117.14407,37.07472],[-117.14185,37.06287],[-117.15164,37.05622],[-117.15227,37.05261],[-117.15628,37.04994],[-117.15611,37.04872],[-117.1522,37.04839],[-117.15083,37.04326],[-117.14405,37.03701],[-117.14414,37.02286],[-117.1461,37.01927],[-117.14507,37.01742],[-117.14997,37.00987],[-117.15072,37.00119],[-117.14647,36.99679],[-117.13846,36.9965],[-117.13764,36.99248],[-117.14071,36.98975],[-117.1384,36.98485],[-117.13362,36.98352],[-117.13421,36.97959],[-117.13659,36.9788],[-117.14007,36.96861],[-117.1429,36.96537],[-117.13635,36.96227],[-117.13506,36.96356],[-117.12893,36.96297],[-117.12619,36.96172],[-117.12505,36.95899],[-117.12143,36.95826],[-117.12408,36.94782],[-117.12123,36.94551],[-117.11716,36.94591],[-117.11313,36.94191],[-117.10668,36.94093],[-117.10015,36.93397],[-117.09755,36.92885],[-117.0859,36.92314],[-117.07488,36.92467],[-117.06445,36.93435],[-117.05705,36.93555],[-117.04501,36.93327],[-117.0397,36.93517],[-117.02865,36.93589],[-117.02264,36.94053],[-117.02265,36.9432],[-117.01854,36.94484],[-117.01474,36.94952],[-117.00574,36.95301],[-117.00227,36.96032],[-116.99638,36.95395],[-116.98765,36.95469],[-116.98268,36.95798],[-116.98028,36.9575],[-116.97858,36.9549],[-116.97273,36.95683],[-116.97115,36.95332],[-116.96845,36.95182],[-116.96242,36.9561],[-116.95229,36.94576],[-116.94429,36.94485],[-116.9415,36.94244],[-116.93605,36.94291],[-116.93368,36.93773],[-116.92266,36.93651],[-116.91536,36.93384],[-116.91105,36.9351],[-116.90858,36.93769],[-116.89597,36.93852],[-116.8879,36.94458],[-116.8816,36.94142],[-116.87983,36.94309],[-116.87067,36.94384],[-116.86409,36.93766],[-116.85167,36.93505],[-116.84901,36.93719],[-116.84483,36.93708],[-116.83904,36.94417],[-116.83581,36.94456],[-116.8355,36.94768],[-116.83264,36.94908],[-116.83474,36.9523],[-116.82948,36.96379],[-116.83418,36.96863],[-116.83871,36.96917],[-116.83784,36.97294],[-116.83337,36.98035],[-116.82659,36.98451],[-116.8234,36.98847],[-116.81717,36.98933],[-116.81529,36.9943],[-116.81766,37.01111],[-116.80797,37.01424],[-116.80753,37.01692],[-116.8003,37.02074],[-116.80161,37.02818],[-116.80065,37.03101],[-116.80417,37.03571],[-116.80418,37.03858],[-116.80772,37.04044],[-116.81002,37.04595],[-116.81599,37.0462],[-116.8189,37.04806],[-116.81353,37.06651],[-116.8138,37.0721],[-116.81818,37.07795],[-116.81707,37.08685],[-116.81155,37.09158],[-116.80378,37.08831],[-116.78219,37.09558],[-116.76318,37.10817],[-116.75624,37.11364],[-116.7529,37.12278],[-116.74154,37.13204],[-116.73376,37.14393],[-116.73483,37.15024],[-116.7408,37.15653],[-116.73737,37.16185],[-116.73658,37.16623],[-116.7253,37.17237],[-116.7261,37.17707],[-116.7283,37.17892],[-116.72536,37.18642],[-116.7281,37.18752],[-116.72982,37.19343],[-116.74794,37.20026],[-116.74883,37.20666],[-116.74729,37.20878],[-116.74707,37.2177],[-116.74212,37.21856],[-116.72969,37.22669],[-116.728,37.22953],[-116.73065,37.23369],[-116.73593,37.23648],[-116.73668,37.23894],[-116.74942,37.24679],[-116.74579,37.25019],[-116.74578,37.25466],[-116.74262,37.25851],[-116.74091,37.25929],[-116.7398,37.25787],[-116.73914,37.26021],[-116.73527,37.26318],[-116.73513,37.26597],[-116.73279,37.26758],[-116.73288,37.27208],[-116.72624,37.27343],[-116.72378,37.27688],[-116.72052,37.27628],[-116.71995,37.27923],[-116.71527,37.28121],[-116.71615,37.28492],[-116.71092,37.28758],[-116.71333,37.29186],[-116.71026,37.29462],[-116.7103,37.29681],[-116.70388,37.29946],[-116.70239,37.30391],[-116.68606,37.30468],[-116.67781,37.30326],[-116.6729,37.30659],[-116.66883,37.30553],[-116.66096,37.3075],[-116.65782,37.30437],[-116.65281,37.30465],[-116.64198,37.30118],[-116.63436,37.29428],[-116.62007,37.29712],[-116.61309,37.30514],[-116.61909,37.31347],[-116.62451,37.31608],[-116.6254,37.32347],[-116.62153,37.32585],[-116.61654,37.33414],[-116.60631,37.33438],[-116.60325,37.33115],[-116.59661,37.32814],[-116.59347,37.3168],[-116.5871,37.31825],[-116.57788,37.3086],[-116.57748,37.3056],[-116.57254,37.30147],[-116.57086,37.29502],[-116.56599,37.29373],[-116.55851,37.28734],[-116.55791,37.28334],[-116.55145,37.28427],[-116.54457,37.28192],[-116.5285,37.28159],[-116.52309,37.28521],[-116.51858,37.28612],[-116.51358,37.28502],[-116.50976,37.28892],[-116.50658,37.28791],[-116.49979,37.29375],[-116.49365,37.29553],[-116.49622,37.30304],[-116.48843,37.30535],[-116.48466,37.31296],[-116.48081,37.31139],[-116.46837,37.30243],[-116.46358,37.30242],[-116.4601,37.2969],[-116.4543,37.2951],[-116.44712,37.28555],[-116.43694,37.28048],[-116.43451,37.27772],[-116.43423,37.27161],[-116.42965,37.26664],[-116.42781,37.26912],[-116.42187,37.26828],[-116.41525,37.27056],[-116.41262,37.26166],[-116.41443,37.25723],[-116.41059,37.25212],[-116.40237,37.25659],[-116.39937,37.25223],[-116.40035,37.2486],[-116.39403,37.25029],[-116.3913,37.24288],[-116.39299,37.2335],[-116.38733,37.2262],[-116.3831,37.22553],[-116.37778,37.23078],[-116.37357,37.23037],[-116.37059,37.23319],[-116.36611,37.23147],[-116.36404,37.23251],[-116.36148,37.22809],[-116.35697,37.22696],[-116.35043,37.23166],[-116.34502,37.23039],[-116.34329,37.23604],[-116.34528,37.23873],[-116.34138,37.24101],[-116.33784,37.2305],[-116.33914,37.2266],[-116.33406,37.2256],[-116.33577,37.21852],[-116.3313,37.21612],[-116.3318,37.21169],[-116.32898,37.20534],[-116.32577,37.20306],[-116.32224,37.20368],[-116.3249,37.2096],[-116.32455,37.21525],[-116.31354,37.21539],[-116.30295,37.22031],[-116.30077,37.22918],[-116.29767,37.23119],[-116.29376,37.23],[-116.28921,37.22596],[-116.28293,37.2283],[-116.27386,37.2288],[-116.2718,37.23124],[-116.26423,37.22916],[-116.25733,37.2303],[-116.253,37.22856],[-116.25171,37.22598],[-116.24398,37.22835],[-116.2352,37.22272],[-116.23439,37.2152],[-116.23668,37.21045],[-116.23272,37.20752],[-116.23198,37.20344],[-116.23336,37.1994],[-116.22724,37.19486],[-116.22192,37.19473],[-116.21645,37.19109],[-116.2059,37.19029],[-116.20526,37.18045],[-116.20833,37.17623],[-116.20871,37.17149],[-116.20183,37.16362],[-116.20169,37.15905],[-116.19988,37.15608],[-116.20167,37.15356],[-116.20099,37.15204],[-116.20594,37.15029],[-116.206,37.14803],[-116.20979,37.14467],[-116.21041,37.14065],[-116.21326,37.13863],[-116.20997,37.13133],[-116.21057,37.12717],[-116.20868,37.12535],[-116.2148,37.12013],[-116.21525,37.11586],[-116.20973,37.11332],[-116.2124,37.1116],[-116.20991,37.1108],[-116.209,37.10745],[-116.21229,37.10599],[-116.21163,37.10102],[-116.21436,37.09598],[-116.21773,37.09291],[-116.2227,37.09131],[-116.2264,37.09422],[-116.23009,37.09485],[-116.24406,37.09122],[-116.24677,37.09184],[-116.24674,37.08879],[-116.25004,37.08614],[-116.24688,37.0823],[-116.24671,37.07535],[-116.24155,37.06308],[-116.22497,37.0616],[-116.21961,37.06329],[-116.21831,37.05238],[-116.22086,37.04946],[-116.22577,37.04895],[-116.22666,37.04754],[-116.22296,37.03858],[-116.22298,37.03367],[-116.22059,37.03274],[-116.2201,37.02991],[-116.21692,37.02873],[-116.21789,37.02628],[-116.21538,37.02214],[-116.223,37.01744],[-116.22464,37.01344],[-116.22245,37.00725],[-116.223,37.00007],[-116.22654,36.99476],[-116.23069,36.99272],[-116.23268,36.98419],[-116.23965,36.97535],[-116.24159,36.96519],[-116.24588,36.96012],[-116.25093,36.95829],[-116.2515,36.95248],[-116.25561,36.94599],[-116.2492,36.93983],[-116.24563,36.93959],[-116.24505,36.93639],[-116.2403,36.93193],[-116.22038,36.93837],[-116.21309,36.93728],[-116.21296,36.93464],[-116.21877,36.9302],[-116.21962,36.92564],[-116.22452,36.91959],[-116.22209,36.9147],[-116.22252,36.91174],[-116.22804,36.90839],[-116.22901,36.90473],[-116.22293,36.90508],[-116.21578,36.90101],[-116.21203,36.89596],[-116.20028,36.89184],[-116.19736,36.88858],[-116.19199,36.88854],[-116.197,36.86594],[-116.19252,36.85849],[-116.16822,36.85504],[-116.16109,36.85091],[-116.16078,36.84526],[-116.16444,36.84225],[-116.16493,36.83871],[-116.16218,36.83554],[-116.16454,36.83159],[-116.16432,36.82519],[-116.16027,36.82186],[-116.15542,36.81229],[-116.1506,36.79553],[-116.14482,36.79082],[-116.15329,36.78791],[-116.15774,36.77956],[-116.15641,36.77855],[-116.15188,36.78105],[-116.15048,36.77857],[-116.14589,36.77732],[-116.14428,36.77218],[-116.14195,36.77203],[-116.13702,36.76781],[-116.13525,36.76173],[-116.12156,36.74379],[-116.12031,36.73666],[-116.11808,36.7339],[-116.11257,36.7313],[-116.10364,36.71859],[-116.09081,36.71398],[-116.09046,36.71063],[-116.08236,36.70803],[-116.08125,36.70497],[-116.07913,36.70551],[-116.07839,36.69823],[-116.07492,36.69591],[-116.07163,36.6963],[-116.07197,36.69262],[-116.06316,36.691],[-116.05469,36.6938],[-116.04613,36.69307],[-116.04275,36.69211],[-116.04309,36.68916],[-116.03969,36.68619],[-116.0332,36.68577],[-116.02478,36.68896],[-116.01984,36.68872],[-116.01545,36.68392],[-116.00701,36.68487],[-115.99397,36.68351],[-115.99147,36.68557],[-115.98283,36.68782],[-115.9767,36.68175],[-115.97749,36.67674],[-115.97539,36.6753],[-115.9602,36.68169],[-115.95787,36.68084],[-115.95521,36.67421],[-115.94787,36.67805],[-115.94596,36.67467],[-115.93857,36.67195],[-115.92676,36.66228],[-115.91689,36.66491],[-115.91284,36.67013],[-115.9073,36.67002],[-115.90497,36.66821],[-115.90782,36.6651],[-115.90334,36.66081],[-115.90875,36.65754],[-115.91046,36.64837],[-115.9157,36.64706],[-115.92298,36.64126],[-115.92873,36.64029],[-115.93508,36.63583],[-115.94327,36.63314],[-115.94459,36.63066],[-115.94346,36.62748],[-115.93781,36.62361],[-115.93685,36.62085],[-115.9426,36.61569],[-115.9421,36.61272],[-115.94944,36.61062],[-115.95051,36.59996],[-115.94706,36.59748],[-115.95391,36.59259],[-115.95592,36.58562],[-115.96224,36.57757],[-115.96265,36.57371],[-115.9721,36.56158],[-115.97406,36.54622],[-115.97853,36.52883],[-115.97168,36.52081],[-115.96756,36.51957],[-115.96297,36.50289],[-115.95622,36.49675],[-115.9598,36.47959],[-115.9638,36.47733],[-115.96777,36.466],[-115.97171,36.46269],[-115.97643,36.46571],[-115.97648,36.46792],[-115.98055,36.47112],[-115.98646,36.47054],[-115.98795,36.4623],[-115.99183,36.45921],[-115.99596,36.45889],[-116.00202,36.46098],[-116.00704,36.46034],[-116.02314,36.44986],[-116.03747,36.44568],[-116.06595,36.43242],[-116.07452,36.43045],[-116.07511,36.42858],[-116.08294,36.42454],[-116.08409,36.4175],[-116.09138,36.41565],[-116.10171,36.40718],[-116.09887,36.40298],[-116.10239,36.39777],[-116.10272,36.39421],[-116.09873,36.39194],[-116.09725,36.3892],[-116.09158,36.38929],[-116.08636,36.38739],[-116.08691,36.37454],[-116.08534,36.37382],[-116.08491,36.37077],[-116.09324,36.36599],[-116.09174,36.36004],[-116.08732,36.35412],[-116.08884,36.35241],[-116.08792,36.35001],[-116.08333,36.34826],[-116.08134,36.34934],[-116.07683,36.34826],[-116.07646,36.34186],[-116.07861,36.33657],[-116.08399,36.33541],[-116.08098,36.32715],[-116.0848,36.32322],[-116.08613,36.31917],[-116.08858,36.31879],[-116.08945,36.31671],[-116.09301,36.31879],[-116.10341,36.31469],[-116.11039,36.31385],[-116.11302,36.31754],[-116.1162,36.31665],[-116.1149,36.32071],[-116.11671,36.32266],[-116.11623,36.32449],[-116.12516,36.32637],[-116.13235,36.31755],[-116.13138,36.31281],[-116.13474,36.30735],[-116.147,36.30938],[-116.1576,36.30356],[-116.16168,36.30895],[-116.16599,36.30949],[-116.18755,36.29956],[-116.19242,36.29867],[-116.19547,36.29983],[-116.19734,36.29782],[-116.2027,36.29854],[-116.20528,36.29691],[-116.21033,36.29753],[-116.21056,36.29524],[-116.21876,36.29784],[-116.21943,36.30145],[-116.22213,36.29947],[-116.22499,36.30002],[-116.2301,36.29161],[-116.23049,36.28755],[-116.2287,36.28606],[-116.23898,36.28233],[-116.24138,36.28044],[-116.24448,36.27287],[-116.25662,36.26691],[-116.25826,36.26314],[-116.25492,36.2599],[-116.25538,36.25108],[-116.24692,36.24205],[-116.24308,36.24202],[-116.23937,36.24414],[-116.22472,36.24072],[-116.2246,36.24337],[-116.22133,36.24117],[-116.22253,36.23957],[-116.22118,36.23635],[-116.22261,36.23467],[-116.22041,36.23326],[-116.22027,36.23102],[-116.22215,36.22768],[-116.23041,36.22147],[-116.22665,36.21531],[-116.22828,36.20672],[-116.22442,36.20391],[-116.22515,36.19869],[-116.22158,36.19769],[-116.22558,36.18655],[-116.20989,36.18627],[-116.20373,36.1903],[-116.19907,36.18628],[-116.2002,36.18162],[-116.19794,36.17614],[-116.19842,36.17201],[-116.20201,36.16906],[-116.20644,36.16895],[-116.20813,36.16642],[-116.20616,36.15958],[-116.20045,36.15561],[-116.19993,36.15252],[-116.19752,36.15133],[-116.19818,36.1436],[-116.18477,36.13163],[-116.16866,36.1272],[-116.16811,36.1241],[-116.15888,36.11736],[-116.1599,36.11243],[-116.15384,36.11168],[-116.15184,36.10859],[-116.14496,36.10655],[-116.14173,36.10049],[-116.131,36.0931],[-116.12829,36.08742],[-116.12954,36.08458],[-116.12396,36.07508],[-116.11455,36.06781],[-116.1126,36.06435],[-116.10796,36.06407],[-116.10266,36.05941],[-116.09875,36.05988],[-116.09717,36.05537],[-116.0915,36.05135],[-116.08692,36.04378],[-116.08811,36.03995],[-116.08472,36.03448],[-116.0871,36.02842],[-116.08445,36.02276],[-116.08428,36.01761],[-116.07298,36.0152],[-116.0718,36.01081],[-116.07294,36.00868],[-116.06908,36.00348],[-116.06488,36.00261],[-116.05976,35.99893],[-116.04416,35.99803],[-116.03472,35.99441],[-116.02884,35.98855],[-116.02569,35.97909],[-116.00986,35.96651],[-115.99612,35.9635],[-115.98516,35.96407],[-115.97358,35.95697],[-115.9801,35.94655],[-115.97742,35.94355],[-115.9691,35.94208],[-115.97225,35.93963],[-115.97502,35.93048],[-115.9796,35.93141],[-115.98075,35.93027],[-115.97542,35.92013],[-115.97902,35.91579],[-115.97472,35.90828],[-115.96546,35.89969],[-115.95804,35.90088],[-115.95604,35.89588],[-115.9451,35.88991],[-115.92872,35.8876],[-115.91812,35.87769],[-115.91959,35.8765],[-115.91741,35.86917],[-115.91788,35.86515],[-115.91967,35.864],[-115.91579,35.86077],[-115.91413,35.85301],[-115.90907,35.84997],[-115.90735,35.84498],[-115.89954,35.83867],[-115.88882,35.83719],[-115.88696,35.8308],[-115.88444,35.8297],[-115.88201,35.82356],[-115.87978,35.82298],[-115.87713,35.81936],[-115.87608,35.81477],[-115.8768,35.81157],[-115.88145,35.80941],[-115.879,35.80414],[-115.88094,35.80317],[-115.87966,35.80017],[-115.88296,35.79704],[-115.88047,35.79619],[-115.88212,35.7937],[-115.87892,35.78726],[-115.88156,35.78504],[-115.8813,35.77684],[-115.88622,35.77669],[-115.88756,35.7743],[-115.89407,35.77321],[-115.89573,35.7628],[-115.90031,35.76046],[-115.89899,35.75817],[-115.90053,35.75703],[-115.90058,35.74651],[-115.89404,35.74476],[-115.88916,35.74576],[-115.87976,35.73782],[-115.87988,35.73338],[-115.87459,35.73056],[-115.8604,35.73269],[-115.85269,35.73083],[-115.84928,35.72837],[-115.83817,35.73176],[-115.83621,35.72947],[-115.83191,35.72884],[-115.82826,35.7242],[-115.82551,35.72466],[-115.82287,35.72287],[-115.82015,35.71434],[-115.81095,35.71286],[-115.80982,35.71088],[-115.80417,35.71151],[-115.79564,35.70813],[-115.78754,35.71659],[-115.78361,35.71795],[-115.77816,35.71459],[-115.77675,35.71693],[-115.77405,35.71745],[-115.7594,35.70992],[-115.75406,35.71032],[-115.7444,35.70568],[-115.7379,35.70658],[-115.73214,35.70372],[-115.72513,35.70331],[-115.72538,35.69755],[-115.72245,35.69246],[-115.71885,35.69075],[-115.71604,35.69168],[-115.70808,35.68837],[-115.70174,35.69054],[-115.69766,35.69509],[-115.68654,35.69354],[-115.68408,35.69151],[-115.68187,35.69364],[-115.67357,35.69538],[-115.67079,35.68393],[-115.6638,35.68117],[-115.65887,35.67694],[-115.6539,35.67751],[-115.65161,35.67227],[-115.64655,35.67168],[-115.64622,35.66573],[-115.64352,35.66311],[-115.6388,35.66189],[-115.63541,35.65776],[-115.63342,35.65343],[-115.63632,35.64239],[-115.63213,35.64014],[-115.63126,35.63391],[-115.63305,35.63246],[-115.63373,35.62591],[-115.61878,35.61252],[-115.60714,35.59783],[-115.59521,35.59092],[-115.59578,35.58567],[-115.59065,35.58244],[-115.59076,35.5796],[-115.58828,35.57737],[-115.59008,35.57292],[-115.586,35.56973],[-115.57986,35.57284],[-115.57369,35.57012],[-115.56666,35.5712],[-115.56391,35.57325],[-115.56081,35.57324],[-115.55752,35.57033],[-115.5609,35.56661],[-115.56111,35.55782],[-115.55698,35.55147],[-115.55818,35.54942],[-115.55594,35.54488],[-115.5564,35.54223],[-115.55837,35.53861],[-115.56102,35.53895],[-115.56871,35.53535],[-115.57707,35.52959],[-115.57123,35.5255],[-115.5686,35.51834],[-115.5689,35.513],[-115.54619,35.49164],[-115.54218,35.48075],[-115.54304,35.47769],[-115.54171,35.47424],[-115.54454,35.4656],[-115.54466,35.45934],[-115.54841,35.45531],[-115.54763,35.45324],[-115.53439,35.44881],[-115.53239,35.44437],[-115.5232,35.44316],[-115.51606,35.44757],[-115.51024,35.44495],[-115.50984,35.443],[-115.50271,35.44546],[-115.50018,35.44378],[-115.49601,35.44412],[-115.48878,35.43701],[-115.4792,35.43628],[-115.47855,35.43058],[-115.48261,35.42332],[-115.48246,35.41853],[-115.48461,35.41605],[-115.48286,35.41216],[-115.48435,35.4087],[-115.48393,35.40135],[-115.49104,35.39622],[-115.49046,35.39242],[-115.49404,35.38882],[-115.50229,35.39018],[-115.50862,35.38895],[-115.50787,35.3857],[-115.50582,35.38506],[-115.50362,35.38064],[-115.50209,35.37426],[-115.50955,35.36566],[-115.50899,35.3616],[-115.51131,35.35535],[-115.50926,35.35053],[-115.51031,35.34547],[-115.51638,35.34059],[-115.51554,35.33182],[-115.52114,35.32728],[-115.52395,35.32253],[-115.52363,35.31982],[-115.52961,35.31504],[-115.53405,35.3154],[-115.55203,35.31139],[-115.55709,35.3088],[-115.56538,35.30171],[-115.56757,35.30184],[-115.58068,35.29313],[-115.58302,35.28819],[-115.5717,35.27577],[-115.56585,35.27263],[-115.56327,35.26862],[-115.55099,35.26435],[-115.5402,35.25401],[-115.52169,35.24633],[-115.50776,35.23698],[-115.50164,35.22885],[-115.49802,35.22696],[-115.48947,35.22953],[-115.48523,35.22774],[-115.4692,35.2325],[-115.46636,35.2304],[-115.44022,35.22502],[-115.41842,35.21814],[-115.41501,35.21456],[-115.41821,35.20935],[-115.41674,35.20666],[-115.41299,35.20837],[-115.40485,35.20863],[-115.39471,35.21414],[-115.39515,35.21827],[-115.37686,35.22066],[-115.37539,35.22341],[-115.37137,35.22483],[-115.37157,35.23148],[-115.37373,35.23511],[-115.3679,35.23847],[-115.37322,35.2459],[-115.37156,35.25174],[-115.36543,35.25787],[-115.35471,35.25979],[-115.35448,35.26274],[-115.34834,35.26158],[-115.33914,35.26315],[-115.31271,35.26045],[-115.30694,35.26669],[-115.30711,35.27228],[-115.29869,35.27521],[-115.29666,35.27754],[-115.29049,35.27717],[-115.28391,35.27894],[-115.27624,35.27764],[-115.26797,35.28092],[-115.26961,35.28193],[-115.26688,35.28784],[-115.26233,35.29234],[-115.26399,35.29486],[-115.26332,35.29628],[-115.25978,35.29561],[-115.25832,35.29804],[-115.24672,35.3003],[-115.2467,35.3041],[-115.2394,35.29972],[-115.23169,35.29875],[-115.22987,35.29639],[-115.22653,35.29759],[-115.21869,35.30477],[-115.22139,35.31151],[-115.2277,35.31794],[-115.22393,35.3261],[-115.21824,35.32568],[-115.22015,35.33722],[-115.19697,35.34506],[-115.18899,35.35079],[-115.19072,35.35377],[-115.18767,35.35723],[-115.18462,35.35503],[-115.18327,35.35747],[-115.17879,35.35806],[-115.17832,35.35933],[-115.17531,35.35786],[-115.17141,35.36107],[-115.16777,35.36142],[-115.16612,35.3646],[-115.16336,35.36561],[-115.15715,35.37554],[-115.15658,35.37934],[-115.16023,35.38185],[-115.15086,35.38742],[-115.14707,35.39274],[-115.14463,35.39312],[-115.14442,35.3956],[-115.14161,35.39534],[-115.13667,35.39777],[-115.13541,35.4005],[-115.13845,35.40456],[-115.13389,35.4106],[-115.12938,35.41199],[-115.12829,35.41878],[-115.12928,35.42212],[-115.13601,35.42413],[-115.13323,35.42636],[-115.13222,35.43086],[-115.12751,35.43096],[-115.12602,35.43515],[-115.12266,35.43804],[-115.12543,35.43972],[-115.12664,35.44591],[-115.12952,35.44835],[-115.12692,35.45018],[-115.12746,35.45273],[-115.12365,35.45247],[-115.12107,35.4579],[-115.11759,35.45914],[-115.11697,35.46314],[-115.11907,35.46877],[-115.12196,35.47133],[-115.12108,35.47444],[-115.12344,35.47673],[-115.12729,35.47679],[-115.12755,35.48106],[-115.12469,35.48398],[-115.12632,35.4859],[-115.12385,35.48805],[-115.12727,35.4923],[-115.12676,35.49539],[-115.12862,35.49721],[-115.12786,35.49963],[-115.13064,35.50419],[-115.13006,35.50656],[-115.13653,35.5115],[-115.14099,35.51787],[-115.14365,35.51873],[-115.14285,35.52359],[-115.14935,35.52725],[-115.15234,35.5271],[-115.15398,35.52917],[-115.16197,35.53063],[-115.16709,35.53315],[-115.16858,35.53623],[-115.17394,35.5381],[-115.1714,35.5463],[-115.17437,35.55338],[-115.17471,35.56442],[-115.17117,35.56378],[-115.16746,35.55953],[-115.16303,35.55896],[-115.1615,35.55729],[-115.15406,35.5576],[-115.15102,35.55605],[-115.14401,35.55803],[-115.12213,35.55625],[-115.09795,35.55693],[-115.07304,35.56338],[-115.06578,35.5696],[-115.06562,35.5727],[-115.05735,35.57697],[-115.05476,35.58124],[-115.05153,35.57562],[-115.05282,35.57017],[-115.04781,35.56779],[-115.04345,35.57176],[-115.04019,35.57214],[-115.03767,35.56916],[-115.0312,35.56754],[-115.02279,35.55937],[-115.01131,35.55435],[-115.00922,35.55206],[-115.00311,35.55219],[-114.99975,35.5564],[-114.99565,35.55489],[-114.99145,35.54896],[-114.98726,35.54772],[-114.98433,35.54939],[-114.98131,35.5443],[-114.9697,35.54033],[-114.96915,35.53759],[-114.97198,35.53042],[-114.97116,35.52776],[-114.96074,35.5214],[-114.96453,35.51474],[-114.96397,35.51105],[-114.95969,35.51083],[-114.95259,35.50289],[-114.94651,35.50152],[-114.94357,35.49918],[-114.93676,35.50023],[-114.93171,35.4987],[-114.92701,35.50064],[-114.91971,35.49527],[-114.91454,35.49395],[-114.91388,35.49084],[-114.90813,35.48987],[-114.89873,35.49657],[-114.8954,35.49664],[-114.89451,35.4993],[-114.88638,35.50263],[-114.86049,35.50756],[-114.85962,35.51091],[-114.85601,35.51295],[-114.85601,35.51547],[-114.85798,35.51695],[-114.85893,35.52178],[-114.86282,35.52426],[-114.86375,35.53018],[-114.86219,35.53487],[-114.85762,35.53668],[-114.85741,35.53965],[-114.85485,35.54151],[-114.84946,35.53976],[-114.84803,35.54082],[-114.84762,35.54971],[-114.84314,35.55581],[-114.84585,35.56063],[-114.84163,35.56697],[-114.84256,35.57529],[-114.8331,35.57997],[-114.82699,35.59017],[-114.83141,35.60017],[-114.83072,35.60544],[-114.83454,35.6289],[-114.83661,35.63217],[-114.83849,35.64168],[-114.84182,35.64552],[-114.83999,35.65134],[-114.83518,35.65194],[-114.83414,35.65457],[-114.84164,35.66542],[-114.84668,35.66883],[-114.84552,35.67119],[-114.84962,35.67262],[-114.84836,35.67739],[-114.84993,35.68019],[-114.84777,35.6828],[-114.8489,35.68556],[-114.85579,35.68875],[-114.8659,35.68899],[-114.86849,35.69173],[-114.87947,35.69436],[-114.88274,35.69725],[-114.88449,35.70309],[-114.87982,35.70575],[-114.86985,35.70581],[-114.86754,35.71023],[-114.86843,35.71347],[-114.86477,35.71661],[-114.86636,35.72219],[-114.86505,35.72725],[-114.86008,35.72468],[-114.8554,35.72773],[-114.84685,35.72875],[-114.84249,35.72774],[-114.83993,35.72979],[-114.83733,35.72692],[-114.83143,35.72873],[-114.82701,35.7263],[-114.82679,35.72919],[-114.82124,35.73361],[-114.82666,35.74655],[-114.8242,35.75338],[-114.82152,35.75371],[-114.82165,35.75638],[-114.81679,35.7631],[-114.8196,35.76611],[-114.81506,35.76921],[-114.81581,35.77288],[-114.80729,35.77768],[-114.80681,35.7807],[-114.803,35.78522],[-114.79271,35.78272],[-114.78799,35.7872],[-114.78766,35.79141],[-114.78571,35.79147],[-114.78736,35.79455],[-114.78609,35.79713],[-114.77916,35.79792],[-114.7766,35.80025],[-114.7776,35.80528],[-114.77493,35.80741],[-114.7704,35.81905],[-114.76527,35.81868],[-114.75946,35.82074],[-114.76278,35.82851],[-114.75887,35.83766],[-114.76372,35.85668],[-114.76073,35.86193],[-114.76183,35.8663],[-114.7591,35.86625],[-114.75504,35.86981],[-114.75856,35.8791],[-114.75767,35.8839],[-114.75268,35.88604],[-114.75241,35.89409],[-114.74778,35.89918],[-114.74622,35.90652],[-114.74885,35.91213],[-114.7529,35.91372],[-114.7534,35.92842],[-114.75605,35.93358],[-114.76287,35.93787],[-114.75988,35.94411],[-114.75722,35.94499],[-114.75636,35.95952],[-114.75836,35.96352],[-114.7632,35.96027],[-114.76282,35.95253],[-114.76497,35.95026],[-114.77732,35.94817],[-114.77997,35.94482],[-114.79095,35.94404],[-114.8073,35.95312],[-114.8111,35.95812],[-114.81296,35.96699],[-114.81214,35.97532],[-114.81381,35.979],[-114.81629,35.97959],[-114.81698,35.98281],[-114.82031,35.98317],[-114.82467,35.9795],[-114.82826,35.97907],[-114.83418,35.98128],[-114.83939,35.9812],[-114.83946,35.97959],[-114.84596,35.97765],[-114.85803,35.98275],[-114.86058,35.98685],[-114.86346,35.98821],[-114.861,35.99432],[-114.86375,35.99784],[-114.87723,35.99909],[-114.8786,35.99593],[-114.8771,35.99304],[-114.88132,35.9939],[-114.88586,35.98911],[-114.88533,35.98754],[-114.89627,35.9846],[-114.90206,35.98031],[-114.91022,35.98467],[-114.91459,35.98413],[-114.92315,35.97756],[-114.92689,35.97159],[-114.9362,35.96637],[-114.93756,35.96205],[-114.94147,35.96179],[-114.94515,35.95584],[-114.95137,35.95685],[-114.9573,35.96015],[-114.96016,35.95963],[-114.96383,35.9632],[-114.97865,35.96311],[-114.983,35.96481],[-114.98812,35.96266],[-114.9905,35.96679],[-114.99371,35.96635],[-114.99706,35.96104],[-115.00678,35.96237],[-115.0105,35.96521],[-115.01801,35.96266],[-115.02505,35.96345],[-115.03139,35.96194],[-115.03426,35.9594],[-115.03383,35.95699],[-115.03726,35.95448],[-115.03715,35.95265],[-115.0421,35.95188],[-115.04075,35.94924],[-115.04305,35.94555],[-115.04172,35.94118],[-115.04406,35.93975],[-115.04223,35.93554],[-115.04422,35.93154],[-115.04138,35.92679],[-115.0419,35.92341],[-115.04483,35.92207],[-115.04468,35.90587],[-115.04646,35.89973],[-115.044,35.88854],[-115.04047,35.88671],[-115.04162,35.88374],[-115.04002,35.88033],[-115.04392,35.87863],[-115.04368,35.87469],[-115.04729,35.86596],[-115.0503,35.86466],[-115.05584,35.86634],[-115.06184,35.8628],[-115.06387,35.85921],[-115.07087,35.85646],[-115.07182,35.85016],[-115.06933,35.84937],[-115.07226,35.84129],[-115.07535,35.84011],[-115.08181,35.8314],[-115.0865,35.82943],[-115.08933,35.83015],[-115.09833,35.8269],[-115.1025,35.83015],[-115.10483,35.83746],[-115.11041,35.84164],[-115.1143,35.84879],[-115.11719,35.85015],[-115.11742,35.85233],[-115.12228,35.85758],[-115.12183,35.85942],[-115.12647,35.86249],[-115.12737,35.8674],[-115.12589,35.87368],[-115.12811,35.87732],[-115.12381,35.88155],[-115.13203,35.88158],[-115.13398,35.88391],[-115.14846,35.88377],[-115.15337,35.88035],[-115.1604,35.88377],[-115.1648,35.88247],[-115.16864,35.88349],[-115.17204,35.87961],[-115.17636,35.87819],[-115.17465,35.87492],[-115.17889,35.87257],[-115.18001,35.8699],[-115.18576,35.86951],[-115.18879,35.86752],[-115.19461,35.8703],[-115.19994,35.8678],[-115.19896,35.86316],[-115.20293,35.85717],[-115.20621,35.85673],[-115.21249,35.85887],[-115.21805,35.8647],[-115.2289,35.8626],[-115.24331,35.87649],[-115.24664,35.87694],[-115.24924,35.87367],[-115.25195,35.87362],[-115.25948,35.8808],[-115.26525,35.88128],[-115.26496,35.88364],[-115.26921,35.89025],[-115.27489,35.88815],[-115.27495,35.8857],[-115.28011,35.88577],[-115.28236,35.88837],[-115.28834,35.89089],[-115.29262,35.88723],[-115.30029,35.88697],[-115.30331,35.8937],[-115.30879,35.89638],[-115.31242,35.89592],[-115.31521,35.89952],[-115.32493,35.90109],[-115.32728,35.90011],[-115.32782,35.89493],[-115.3308,35.89515],[-115.33362,35.89975],[-115.34239,35.89647],[-115.34369,35.8916],[-115.33873,35.88864],[-115.3386,35.88719],[-115.343,35.88699],[-115.34973,35.88396],[-115.35687,35.87727],[-115.3624,35.8683],[-115.36411,35.86798],[-115.36674,35.87422],[-115.37251,35.87963],[-115.38663,35.88396],[-115.38781,35.88712],[-115.38674,35.88865],[-115.38935,35.89031],[-115.39286,35.89875],[-115.39677,35.90124],[-115.39865,35.91052],[-115.40185,35.91571],[-115.40217,35.92079],[-115.40554,35.92233],[-115.40692,35.92689],[-115.41231,35.92913],[-115.41437,35.92612],[-115.41935,35.92557],[-115.42155,35.9282],[-115.42566,35.92849],[-115.43278,35.94278],[-115.43249,35.94453],[-115.42786,35.94591],[-115.42714,35.94756],[-115.42797,35.95162],[-115.43234,35.95659],[-115.43501,35.95633],[-115.43921,35.96048],[-115.44047,35.95689],[-115.4444,35.95701],[-115.44663,35.95386],[-115.4571,35.95196],[-115.46743,35.95533],[-115.47359,35.95921],[-115.47478,35.96264],[-115.49484,35.96217],[-115.49934,35.9632],[-115.50236,35.96743],[-115.50726,35.96658],[-115.51759,35.97095],[-115.51764,35.97719],[-115.52128,35.97813],[-115.52207,35.98209],[-115.52076,35.98415],[-115.52405,35.98529],[-115.52354,35.9875],[-115.52677,35.98914],[-115.52726,35.99116],[-115.52276,35.99394],[-115.52149,35.99772],[-115.51595,35.99604],[-115.50816,35.99905],[-115.50898,36.00559],[-115.51354,36.01085],[-115.50566,36.01215],[-115.50395,36.01525],[-115.49656,36.02082],[-115.4874,36.02145],[-115.48364,36.0252],[-115.48523,36.03315],[-115.4824,36.03605],[-115.4845,36.0411],[-115.48285,36.04475],[-115.4856,36.05003],[-115.49067,36.05058],[-115.49419,36.05665],[-115.49729,36.0686],[-115.49358,36.07319],[-115.49356,36.07537],[-115.50064,36.08272],[-115.50146,36.08816],[-115.50872,36.09348],[-115.51428,36.10301],[-115.52132,36.10822],[-115.52305,36.11126],[-115.5239,36.12054],[-115.52023,36.1275],[-115.52137,36.1313],[-115.52017,36.13388],[-115.52578,36.13291],[-115.52827,36.1307],[-115.5328,36.13077],[-115.53461,36.13293],[-115.54037,36.13487],[-115.53999,36.13638],[-115.54298,36.13963],[-115.53922,36.15111],[-115.53611,36.15279],[-115.53598,36.15573],[-115.53931,36.15825],[-115.53963,36.16209],[-115.5365,36.16712],[-115.53199,36.17034],[-115.5365,36.17358],[-115.53445,36.18076],[-115.53132,36.18218],[-115.53152,36.18434],[-115.53895,36.18938],[-115.5439,36.19598],[-115.55673,36.1946],[-115.56251,36.19752],[-115.56368,36.1998],[-115.57746,36.20234],[-115.58245,36.20998],[-115.59117,36.21317],[-115.60376,36.22535],[-115.61212,36.24154],[-115.62711,36.24007],[-115.6338,36.23638],[-115.64685,36.23238],[-115.65186,36.23776],[-115.65782,36.23822],[-115.66612,36.244],[-115.67156,36.24936],[-115.67214,36.25246],[-115.67844,36.25798],[-115.68463,36.25881],[-115.69573,36.26743],[-115.69559,36.27954],[-115.69363,36.28545],[-115.68961,36.28747],[-115.6924,36.29095],[-115.69246,36.29348],[-115.70015,36.30158],[-115.69911,36.30424],[-115.70427,36.31395],[-115.70596,36.32484],[-115.70032,36.32496],[-115.69176,36.32944],[-115.69207,36.3368],[-115.69637,36.34141],[-115.69565,36.34624],[-115.69723,36.35167],[-115.69203,36.35784],[-115.69129,36.36493],[-115.69309,36.36855],[-115.69312,36.37906],[-115.68753,36.3887],[-115.68714,36.39352],[-115.68298,36.39614],[-115.68716,36.40946],[-115.68589,36.42187],[-115.68276,36.43],[-115.67807,36.43512],[-115.67749,36.44497],[-115.67499,36.44961],[-115.67397,36.45969],[-115.67183,36.46168],[-115.67391,36.46812],[-115.66655,36.47879],[-115.6606,36.48129],[-115.66383,36.48592],[-115.65684,36.49208],[-115.65907,36.50164],[-115.66679,36.50381],[-115.65759,36.51748],[-115.64571,36.52702],[-115.63897,36.5351],[-115.6241,36.55716],[-115.61727,36.57696],[-115.61193,36.57907],[-115.61109,36.59028],[-115.61294,36.59254],[-115.61889,36.59328],[-115.61762,36.60042],[-115.61122,36.60158],[-115.60023,36.60049],[-115.59066,36.61159],[-115.58353,36.61336],[-115.57004,36.62432],[-115.57334,36.6308],[-115.57098,36.63838],[-115.57209,36.64205],[-115.56271,36.64529],[-115.56171,36.6498],[-115.56689,36.64988],[-115.57143,36.65323],[-115.56499,36.66038],[-115.55706,36.67668],[-115.54644,36.68307],[-115.54353,36.68758],[-115.54418,36.68927],[-115.54188,36.69494],[-115.54501,36.70145],[-115.54383,36.70468],[-115.54519,36.70758],[-115.54528,36.72139],[-115.54244,36.72585],[-115.53652,36.72823],[-115.53746,36.73128],[-115.53606,36.733],[-115.53196,36.73478],[-115.53741,36.73946],[-115.53815,36.74321],[-115.53339,36.74669],[-115.52642,36.74899],[-115.5223,36.74864],[-115.52042,36.75149],[-115.51668,36.75139],[-115.50786,36.7547],[-115.50598,36.75875],[-115.50345,36.76],[-115.49986,36.75872],[-115.49907,36.76093],[-115.49483,36.76358],[-115.49011,36.76272],[-115.48512,36.75814],[-115.48082,36.75962],[-115.46704,36.75649],[-115.46555,36.7544],[-115.46672,36.75191],[-115.46283,36.74547],[-115.44623,36.74209],[-115.43144,36.73213],[-115.42109,36.72929],[-115.39621,36.73448],[-115.39133,36.73892],[-115.38713,36.74042],[-115.38456,36.73957],[-115.37788,36.74231],[-115.37059,36.74073],[-115.36992,36.74397],[-115.36754,36.74483],[-115.34543,36.74761],[-115.34272,36.74348],[-115.34501,36.73906],[-115.34052,36.73379],[-115.33655,36.733],[-115.3329,36.73421],[-115.33182,36.73725],[-115.32721,36.74033],[-115.31905,36.73761],[-115.31451,36.7403],[-115.30972,36.73542],[-115.30923,36.73243],[-115.29941,36.72792],[-115.28721,36.72504],[-115.27797,36.71678],[-115.27529,36.7204],[-115.25371,36.71689],[-115.23452,36.71892],[-115.2298,36.71614],[-115.22359,36.71497],[-115.2189,36.7089],[-115.21109,36.70561],[-115.20636,36.69937],[-115.20368,36.69952],[-115.19574,36.69575],[-115.18452,36.69669],[-115.17847,36.69488],[-115.17436,36.69927],[-115.16625,36.701],[-115.15538,36.70853],[-115.15681,36.71312],[-115.15348,36.717],[-115.15426,36.71954],[-115.1353,36.73791],[-115.13398,36.74145],[-115.1306,36.7434],[-115.13261,36.74805],[-115.12828,36.75348],[-115.12404,36.75561],[-115.12811,36.76138],[-115.1242,36.76845],[-115.1244,36.77078],[-115.12186,36.7733],[-115.12287,36.77604],[-115.12075,36.7811],[-115.111,36.78758],[-115.11155,36.79239],[-115.10922,36.79444],[-115.10962,36.79723],[-115.11213,36.79819],[-115.11294,36.80109],[-115.10387,36.81918],[-115.11155,36.82637],[-115.11095,36.82854],[-115.10374,36.833],[-115.10171,36.83766],[-115.10467,36.84223],[-115.10277,36.8452],[-115.10496,36.8525],[-115.1103,36.85671],[-115.11045,36.8598],[-115.10834,36.86528],[-115.1059,36.86654],[-115.10487,36.87235],[-115.10942,36.88294],[-115.10399,36.89006],[-115.10535,36.89578],[-115.1091,36.90106],[-115.1066,36.90828],[-115.1121,36.91276],[-115.114,36.9157],[-115.11355,36.91866],[-115.11615,36.92211],[-115.11254,36.931],[-115.1131,36.93523],[-115.11142,36.93953],[-115.11584,36.94138],[-115.1147,36.94465],[-115.11968,36.95188],[-115.11971,36.95587],[-115.1233,36.9594],[-115.124,36.96323],[-115.12211,36.97328],[-115.12649,36.97808],[-115.12267,36.97997],[-115.1228,36.98222],[-115.12492,36.98256],[-115.12688,36.98568],[-115.12659,36.99065],[-115.12828,36.99403],[-115.12636,36.99689],[-115.12486,37.00885],[-115.12624,37.01057],[-115.1232,37.02107],[-115.1295,37.02416],[-115.13048,37.02919],[-115.1331,37.03188],[-115.1321,37.03676],[-115.14012,37.05219],[-115.13877,37.0538],[-115.13939,37.06062],[-115.13784,37.0619],[-115.13917,37.06638],[-115.13491,37.07176],[-115.13544,37.07645],[-115.13033,37.081],[-115.13557,37.08671],[-115.1354,37.09161],[-115.13814,37.09977],[-115.13643,37.10238],[-115.13987,37.10564],[-115.13575,37.11908],[-115.13709,37.12239],[-115.14008,37.12353],[-115.14132,37.12763],[-115.14557,37.13108],[-115.15187,37.1342],[-115.16042,37.13268],[-115.16606,37.13566],[-115.17593,37.13501],[-115.18005,37.14354],[-115.18483,37.14581],[-115.19034,37.15413],[-115.19766,37.15799],[-115.2017,37.16331],[-115.20603,37.16443],[-115.20596,37.16655],[-115.21456,37.16716],[-115.21744,37.17003],[-115.22262,37.17054],[-115.2244,37.16828],[-115.22939,37.17011],[-115.23701,37.16875],[-115.24267,37.1703],[-115.24661,37.1621],[-115.24477,37.15636],[-115.2516,37.15009],[-115.2545,37.15215],[-115.26124,37.15192],[-115.26105,37.1554],[-115.25582,37.16103],[-115.25605,37.16374],[-115.26004,37.16859],[-115.25816,37.17444],[-115.25981,37.17675],[-115.25946,37.17953],[-115.26336,37.1886],[-115.26962,37.19519],[-115.26606,37.19995],[-115.2691,37.20782],[-115.27268,37.21357],[-115.27966,37.2165],[-115.28215,37.23271],[-115.28825,37.24177],[-115.28798,37.2454],[-115.29315,37.24873],[-115.29428,37.25134],[-115.29202,37.25334],[-115.29563,37.25731],[-115.29596,37.2639],[-115.30561,37.27014],[-115.30506,37.27274],[-115.31394,37.28455],[-115.31134,37.2851],[-115.31109,37.287],[-115.31775,37.29006],[-115.31874,37.2924],[-115.32696,37.29764],[-115.32133,37.30284],[-115.32605,37.30564],[-115.32791,37.30935],[-115.33527,37.31103],[-115.33365,37.31528],[-115.33451,37.31816],[-115.34154,37.31891],[-115.34708,37.32346],[-115.34567,37.3295],[-115.35104,37.34387],[-115.34672,37.34823],[-115.34712,37.35196],[-115.343,37.35389],[-115.33866,37.35341],[-115.34102,37.35848],[-115.3365,37.35949],[-115.33846,37.36282],[-115.33578,37.36469],[-115.34002,37.3668],[-115.33466,37.38033],[-115.33577,37.3832],[-115.34183,37.38549],[-115.34197,37.38734],[-115.33908,37.38763],[-115.33695,37.39056],[-115.3398,37.39763],[-115.34525,37.39839],[-115.34673,37.4032],[-115.34884,37.40438],[-115.34934,37.41213],[-115.35508,37.41842],[-115.35649,37.42373],[-115.37295,37.43206],[-115.3779,37.43061],[-115.3839,37.43326],[-115.38381,37.43641],[-115.38776,37.44152],[-115.3949,37.44044],[-115.39872,37.44302],[-115.40299,37.43974],[-115.40696,37.44244],[-115.40832,37.44638],[-115.41797,37.45312],[-115.41685,37.45679],[-115.42372,37.45857],[-115.42443,37.46474],[-115.42781,37.46922],[-115.42581,37.47063],[-115.42208,37.47001],[-115.42034,37.47305],[-115.41947,37.48073],[-115.42314,37.4865],[-115.4218,37.48906],[-115.4218,37.49931],[-115.42338,37.50168],[-115.42712,37.50223],[-115.4296,37.50492],[-115.43073,37.51083],[-115.43524,37.51257],[-115.43002,37.51369],[-115.42666,37.52212],[-115.42358,37.52393],[-115.42453,37.53371],[-115.42138,37.53918],[-115.41871,37.54043],[-115.41879,37.54443],[-115.41717,37.54675],[-115.41742,37.54872],[-115.43225,37.55463],[-115.43095,37.55627],[-115.42765,37.55594],[-115.42812,37.56047],[-115.42507,37.56286],[-115.42445,37.56544],[-115.42035,37.56686],[-115.41444,37.57255],[-115.41401,37.57901],[-115.41738,37.58328],[-115.4174,37.59161],[-115.41593,37.59624],[-115.41336,37.59703],[-115.41316,37.59966],[-115.40945,37.60412],[-115.4132,37.61722],[-115.41241,37.62095],[-115.41452,37.62216],[-115.40943,37.62603],[-115.40871,37.63006],[-115.40249,37.63642],[-115.3994,37.64256],[-115.40163,37.64522],[-115.39571,37.65209],[-115.39146,37.6543],[-115.39196,37.65816],[-115.38651,37.66395],[-115.38135,37.66525],[-115.37797,37.67987],[-115.3705,37.67982],[-115.36897,37.68115],[-115.36928,37.68336],[-115.3631,37.68551],[-115.36,37.68316],[-115.35631,37.68383],[-115.34838,37.69311],[-115.34863,37.69587],[-115.3439,37.69714],[-115.34082,37.69681],[-115.33945,37.69493],[-115.32985,37.69975],[-115.31218,37.69516],[-115.30553,37.69857],[-115.30015,37.69967],[-115.29831,37.69813],[-115.28494,37.70322],[-115.27852,37.70285],[-115.27653,37.70707],[-115.27792,37.70978],[-115.27133,37.71317],[-115.27694,37.7183],[-115.2777,37.72542],[-115.28139,37.72596],[-115.2857,37.7334],[-115.28139,37.73604],[-115.27871,37.74019],[-115.28035,37.74544],[-115.27921,37.74946],[-115.28089,37.75314],[-115.27748,37.76144],[-115.27785,37.76553],[-115.27447,37.76774],[-115.27672,37.77424],[-115.27159,37.77968],[-115.26896,37.78675],[-115.27055,37.78919],[-115.26699,37.79118],[-115.2649,37.79499],[-115.26539,37.79815],[-115.25919,37.80098],[-115.26098,37.80865],[-115.25626,37.80988],[-115.25256,37.81328],[-115.24768,37.81318],[-115.24728,37.82075],[-115.23736,37.82454],[-115.2332,37.82952],[-115.2201,37.82807],[-115.21676,37.82433],[-115.21123,37.82256],[-115.20309,37.83018],[-115.19631,37.834],[-115.19307,37.83982],[-115.18129,37.84223],[-115.1808,37.84489],[-115.18504,37.84813],[-115.18384,37.85225],[-115.19439,37.8583],[-115.19492,37.86928],[-115.19183,37.87068],[-115.18974,37.87614],[-115.19106,37.88177],[-115.18414,37.88375],[-115.18178,37.8865],[-115.18124,37.89051],[-115.17718,37.89257],[-115.17445,37.88812],[-115.16906,37.88729],[-115.16599,37.89151],[-115.15804,37.89409],[-115.15235,37.89786],[-115.14578,37.89841],[-115.14636,37.90381],[-115.14233,37.90595],[-115.14183,37.90918],[-115.13622,37.91752],[-115.13615,37.92626],[-115.13781,37.92983],[-115.13588,37.93187],[-115.1412,37.93819],[-115.14579,37.9385],[-115.148,37.94095],[-115.1431,37.94882],[-115.13964,37.9501],[-115.139,37.95425],[-115.13641,37.95527],[-115.13618,37.96011],[-115.13226,37.96489],[-115.13251,37.97017],[-115.1246,37.97939],[-115.11354,37.98056],[-115.10821,37.97817],[-115.10316,37.97833],[-115.09591,37.9856],[-115.09688,37.99116],[-115.0929,37.99338],[-115.08876,38.00041],[-115.08517,38.00138],[-115.08282,38.00559],[-115.08926,38.01766],[-115.0967,38.01966],[-115.0953,38.03271],[-115.09695,38.03666],[-115.10265,38.0389],[-115.10166,38.04319],[-115.10513,38.04949],[-115.10149,38.05386],[-115.10277,38.05907],[-115.10562,38.06213],[-115.11455,38.06648],[-115.12741,38.07031],[-115.12928,38.073],[-115.12926,38.07718],[-115.13229,38.07785],[-115.1282,38.08234],[-115.12808,38.08456],[-115.13176,38.09268],[-115.13696,38.09759],[-115.13336,38.10025],[-115.13449,38.10315],[-115.14121,38.10566],[-115.14248,38.11039],[-115.1491,38.11285],[-115.15174,38.11596],[-115.1633,38.11754],[-115.17166,38.1154],[-115.184,38.12052],[-115.18419,38.12356],[-115.19057,38.12815],[-115.19076,38.13144],[-115.19532,38.13854],[-115.19778,38.13896],[-115.20187,38.14366],[-115.21581,38.14648],[-115.21677,38.14903],[-115.21339,38.1505],[-115.21246,38.15485],[-115.22067,38.15273],[-115.23505,38.15508],[-115.23478,38.16105],[-115.23827,38.17083],[-115.24949,38.18046],[-115.25086,38.18454],[-115.25883,38.1869],[-115.2732,38.19666],[-115.27449,38.20205],[-115.26957,38.20438],[-115.272,38.20774],[-115.28339,38.21284],[-115.29472,38.21341],[-115.30402,38.21615],[-115.30527,38.22187],[-115.30381,38.23058],[-115.30137,38.23387],[-115.30166,38.23666],[-115.29869,38.23979],[-115.30276,38.24417],[-115.30042,38.24731],[-115.29984,38.2519],[-115.30603,38.25291],[-115.31105,38.25554],[-115.31632,38.26092],[-115.32124,38.26234],[-115.32559,38.26276],[-115.32655,38.26073],[-115.33356,38.26018],[-115.34369,38.26104],[-115.35497,38.26301],[-115.36159,38.26602],[-115.3706,38.27115],[-115.37809,38.28349],[-115.38315,38.28633],[-115.39095,38.29485],[-115.39741,38.29759],[-115.4027,38.30379],[-115.41355,38.30923],[-115.42393,38.31714],[-115.44845,38.3237],[-115.4652,38.32592],[-115.47781,38.32391],[-115.49194,38.32917],[-115.48972,38.33605],[-115.49495,38.34034],[-115.50096,38.34903],[-115.50062,38.35794],[-115.49471,38.36903],[-115.49461,38.37187],[-115.49098,38.37411],[-115.48575,38.37397],[-115.47394,38.37777],[-115.47239,38.38103],[-115.46676,38.3817],[-115.464,38.38904],[-115.46523,38.39689],[-115.46209,38.39813],[-115.45472,38.40563],[-115.44866,38.40306],[-115.4219,38.41834],[-115.42271,38.42019],[-115.41981,38.4218],[-115.41524,38.42036],[-115.41256,38.42259],[-115.40258,38.42182],[-115.38234,38.43349],[-115.37465,38.43302],[-115.36557,38.44412],[-115.3588,38.44603],[-115.3565,38.44997],[-115.36181,38.45165],[-115.35999,38.45994],[-115.36275,38.46074],[-115.36397,38.46505],[-115.36667,38.46667],[-115.36544,38.46967],[-115.36337,38.47008],[-115.36459,38.47415],[-115.36033,38.47595],[-115.35964,38.47832],[-115.36812,38.47607],[-115.3747,38.47776],[-115.3766,38.4803],[-115.37571,38.48709],[-115.38676,38.49137],[-115.38905,38.49722],[-115.39705,38.50134],[-115.39653,38.50627],[-115.38222,38.50803],[-115.37847,38.5152],[-115.37844,38.52131],[-115.37633,38.52469],[-115.37293,38.52622],[-115.37114,38.53519],[-115.37393,38.54234],[-115.36992,38.54477],[-115.37007,38.55539],[-115.35831,38.55626],[-115.35118,38.56931],[-115.34434,38.57381],[-115.34262,38.57663],[-115.33506,38.57822],[-115.33016,38.58172],[-115.32751,38.58784],[-115.32782,38.59316],[-115.32538,38.59654],[-115.31701,38.60075],[-115.31852,38.60428],[-115.31613,38.60529],[-115.3128,38.61036],[-115.30782,38.60961],[-115.30552,38.61301],[-115.30861,38.62104],[-115.30442,38.63018],[-115.29372,38.63552],[-115.29732,38.64235],[-115.3024,38.64523],[-115.3019,38.65013],[-115.30391,38.6525],[-115.30372,38.65515],[-115.30131,38.65543],[-115.29725,38.66322],[-115.29833,38.66624],[-115.29658,38.67019],[-115.30043,38.67375],[-115.29988,38.67815],[-115.30767,38.68284],[-115.30834,38.68587],[-115.31264,38.68671],[-115.31477,38.6906],[-115.31199,38.69296],[-115.31252,38.69569],[-115.30959,38.70059],[-115.31091,38.70626],[-115.3066,38.70652],[-115.30813,38.71208],[-115.30666,38.71633],[-115.29922,38.72499],[-115.30529,38.73015],[-115.30386,38.73313],[-115.31078,38.74338],[-115.30568,38.74713],[-115.30538,38.75068],[-115.30164,38.75304],[-115.29904,38.7622],[-115.29269,38.76932],[-115.29697,38.77554],[-115.29732,38.78499],[-115.30165,38.7849],[-115.30524,38.79468],[-115.30989,38.7955],[-115.30417,38.80276],[-115.2871,38.81111],[-115.28241,38.81711],[-115.28933,38.82321],[-115.29105,38.83057],[-115.29538,38.83065],[-115.29915,38.83807],[-115.3071,38.84049],[-115.31062,38.84656],[-115.3139,38.84718],[-115.31664,38.85109],[-115.32143,38.85076],[-115.32224,38.85736],[-115.31601,38.86984],[-115.32469,38.87021],[-115.32693,38.87305],[-115.33302,38.8745],[-115.33694,38.88205],[-115.34227,38.88695],[-115.34728,38.88823],[-115.35421,38.89335],[-115.3547,38.89724],[-115.35972,38.89878],[-115.36487,38.90423],[-115.37082,38.90581],[-115.37435,38.91377],[-115.38338,38.90769],[-115.39105,38.9111],[-115.40303,38.9116],[-115.40854,38.90174],[-115.41281,38.90015],[-115.41993,38.90045],[-115.41995,38.90454],[-115.42473,38.90946],[-115.42369,38.91395],[-115.42637,38.92054],[-115.42351,38.92403],[-115.42742,38.93397],[-115.43338,38.94066],[-115.43521,38.95247],[-115.43091,38.95588],[-115.42914,38.96524],[-115.43,38.96794],[-115.42658,38.9747],[-115.41966,38.97824],[-115.41715,38.98152],[-115.41483,38.99347],[-115.41549,39.00017],[-115.4177,39.0048],[-115.41744,39.01261],[-115.42266,39.02041],[-115.42055,39.02267],[-115.4169,39.02252],[-115.41465,39.02636],[-115.4064,39.0272],[-115.40211,39.03129],[-115.40383,39.03327],[-115.40275,39.03781],[-115.40462,39.04015],[-115.40312,39.04303],[-115.40708,39.04767],[-115.40453,39.05242],[-115.40711,39.05708],[-115.4063,39.06465],[-115.41022,39.06869],[-115.41546,39.0694],[-115.41942,39.08657],[-115.41703,39.09079],[-115.40796,39.08902],[-115.40175,39.09134],[-115.4,39.09334],[-115.39882,39.10603],[-115.39167,39.10846],[-115.38729,39.11245],[-115.38,39.11407],[-115.3783,39.11107],[-115.37007,39.10823],[-115.3653,39.10826],[-115.36219,39.09697],[-115.3597,39.09495],[-115.35593,39.0964],[-115.35537,39.08895],[-115.35155,39.09133],[-115.34666,39.09012],[-115.34356,39.0838],[-115.33659,39.0823],[-115.33225,39.07435],[-115.32157,39.07717],[-115.31498,39.08425],[-115.31178,39.08495],[-115.30568,39.08305],[-115.30009,39.0776],[-115.28858,39.07936],[-115.28092,39.0787],[-115.27266,39.08662],[-115.26817,39.08717],[-115.26226,39.0924],[-115.25202,39.09577],[-115.24725,39.09949],[-115.23833,39.11595],[-115.23167,39.12052],[-115.21495,39.12796],[-115.20579,39.13679],[-115.19914,39.14076],[-115.19788,39.14539],[-115.19147,39.15235],[-115.18832,39.16629],[-115.17156,39.17379],[-115.16402,39.18016],[-115.16076,39.18755],[-115.15546,39.19106],[-115.15589,39.19407],[-115.1471,39.19496],[-115.14135,39.19731],[-115.13542,39.19686],[-115.13144,39.20159],[-115.12525,39.20366],[-115.12386,39.20667],[-115.1181,39.20783],[-115.11602,39.21035],[-115.11273,39.20986],[-115.10745,39.21789],[-115.10695,39.2223],[-115.11438,39.23147],[-115.11556,39.23893],[-115.1176,39.23961],[-115.11935,39.24822],[-115.11831,39.25296],[-115.11322,39.2582],[-115.11066,39.25505],[-115.10768,39.25495],[-115.10573,39.25956],[-115.10146,39.26099],[-115.10506,39.26918],[-115.10268,39.27943],[-115.0986,39.28185],[-115.09458,39.28214],[-115.09271,39.28433],[-115.09212,39.29046],[-115.08721,39.29478],[-115.0894,39.29811],[-115.08029,39.30285],[-115.07732,39.29844],[-115.06676,39.29044],[-115.06398,39.28999],[-115.05611,39.28257],[-115.05262,39.28216],[-115.03887,39.27471],[-115.03665,39.27605],[-115.03191,39.27412],[-115.03199,39.26889],[-115.03629,39.26787],[-115.04261,39.26299],[-115.04494,39.25874],[-115.04254,39.25643],[-115.04101,39.25132],[-115.03808,39.2516],[-115.03283,39.2479],[-115.02664,39.24777],[-115.02562,39.24642],[-115.02028,39.2529],[-115.01609,39.25418],[-115.01211,39.25344],[-115.00237,39.24482],[-115.00471,39.24194],[-114.99344,39.23741],[-114.99395,39.23163],[-114.98791,39.22827],[-114.98676,39.22416],[-114.9725,39.2143],[-114.96628,39.21271],[-114.96215,39.20439],[-114.95867,39.20233],[-114.95036,39.20188],[-114.94649,39.19756],[-114.94362,39.19309],[-114.94413,39.18667],[-114.94036,39.183],[-114.93827,39.17744],[-114.93495,39.17499],[-114.93835,39.16444],[-114.93328,39.15738],[-114.94194,39.15297],[-114.94459,39.14741],[-114.94285,39.13293],[-114.9411,39.1287],[-114.93598,39.12523],[-114.93144,39.11689],[-114.93074,39.11253],[-114.92054,39.10003],[-114.9146,39.09839],[-114.91158,39.0955],[-114.91095,39.08556],[-114.90465,39.07428],[-114.90117,39.0725],[-114.89934,39.06534],[-114.89366,39.05581],[-114.90599,39.05107],[-114.90711,39.04677],[-114.90144,39.04025],[-114.90512,39.03292],[-114.90236,39.03063],[-114.90038,39.02376],[-114.90396,39.01795],[-114.89798,39.0124],[-114.8997,39.00716],[-114.89835,39.00228],[-114.88995,39.00194],[-114.88712,38.9992],[-114.88259,38.9984],[-114.88123,38.99603],[-114.88094,38.98723],[-114.88335,38.98382],[-114.88258,38.97733],[-114.87779,38.96941],[-114.87841,38.96672],[-114.87652,38.9641],[-114.88001,38.96016],[-114.88324,38.95142],[-114.89102,38.95081],[-114.88895,38.94622],[-114.89195,38.94162],[-114.89455,38.94118],[-114.89631,38.93584],[-114.89181,38.92995],[-114.88393,38.92627],[-114.88253,38.92221],[-114.87936,38.91975],[-114.87852,38.91504],[-114.8729,38.90923],[-114.87129,38.90169],[-114.88075,38.89946],[-114.88327,38.89679],[-114.89007,38.89715],[-114.89535,38.88616],[-114.90923,38.88659],[-114.90835,38.88312],[-114.91026,38.87852],[-114.90714,38.86172],[-114.909,38.8553],[-114.91903,38.8478],[-114.91846,38.8427],[-114.91431,38.84004],[-114.91549,38.83397],[-114.91911,38.8291],[-114.91897,38.82347],[-114.92138,38.82064],[-114.92018,38.81143],[-114.92346,38.80866],[-114.92398,38.8023],[-114.92734,38.80044],[-114.9321,38.79216],[-114.93598,38.7901],[-114.93603,38.78766],[-114.94059,38.78177],[-114.94156,38.77683],[-114.93988,38.77323],[-114.93615,38.77443],[-114.93111,38.7728],[-114.93053,38.7671],[-114.93208,38.76501],[-114.92438,38.7563],[-114.9307,38.75139],[-114.93158,38.74751],[-114.92942,38.74207],[-114.92503,38.73688],[-114.92986,38.73021],[-114.93318,38.72987],[-114.93339,38.72321],[-114.93825,38.7201],[-114.94064,38.71323],[-114.93975,38.70724],[-114.95189,38.70056],[-114.95527,38.70135],[-114.95511,38.69755],[-114.95808,38.69483],[-114.95643,38.68837],[-114.95752,38.68528],[-114.96971,38.68185],[-114.97355,38.67719],[-114.96832,38.67313],[-114.96829,38.66946],[-114.96161,38.66649],[-114.96383,38.66003],[-114.96311,38.6572],[-114.96712,38.65225],[-114.96925,38.64459],[-114.96746,38.64107],[-114.96167,38.63868],[-114.95975,38.63585],[-114.96192,38.62337],[-114.95905,38.6202],[-114.95548,38.61922],[-114.95361,38.61313],[-114.95498,38.60779],[-114.94859,38.60656],[-114.94141,38.58921],[-114.93762,38.5906],[-114.93465,38.5897],[-114.93299,38.58371],[-114.92928,38.58286],[-114.92602,38.57786],[-114.92185,38.5771],[-114.91317,38.57883],[-114.90863,38.57343],[-114.90212,38.573],[-114.9,38.57106],[-114.90002,38.5668],[-114.90304,38.56166],[-114.90289,38.5566],[-114.89936,38.55142],[-114.89459,38.55036],[-114.89498,38.5472],[-114.89178,38.5405],[-114.89329,38.53667],[-114.89207,38.5333],[-114.8953,38.53119],[-114.89449,38.52268],[-114.89864,38.51993],[-114.90587,38.51968],[-114.90608,38.5126],[-114.90787,38.50868],[-114.92118,38.506],[-114.92251,38.50121],[-114.92704,38.49494],[-114.92857,38.48882],[-114.93497,38.48793],[-114.93786,38.48208],[-114.94195,38.47985],[-114.94229,38.47686],[-114.93827,38.46967],[-114.94759,38.45865],[-114.94879,38.4521],[-114.95167,38.44939],[-114.95195,38.44482],[-114.95466,38.44277],[-114.95757,38.43504],[-114.97142,38.4217],[-114.96173,38.41387],[-114.95582,38.41365],[-114.94632,38.41038],[-114.94331,38.40726],[-114.94564,38.40236],[-114.9451,38.39597],[-114.93823,38.39121],[-114.94171,38.38538],[-114.94589,38.3559],[-114.9487,38.35565],[-114.95071,38.35184],[-114.95354,38.35061],[-114.96238,38.35073],[-114.96628,38.34848],[-114.9636,38.34274],[-114.95742,38.33786],[-114.9632,38.33511],[-114.96596,38.32721],[-114.96835,38.32583],[-114.95968,38.32012],[-114.95999,38.31711],[-114.95628,38.30978],[-114.94802,38.31129],[-114.94534,38.31024],[-114.94587,38.30576],[-114.93346,38.29575],[-114.93501,38.28843],[-114.92755,38.28561],[-114.91892,38.27915],[-114.91683,38.27543],[-114.90842,38.27464],[-114.90477,38.27079],[-114.89857,38.26826],[-114.89935,38.2654],[-114.89613,38.26284],[-114.88393,38.25725],[-114.88567,38.25483],[-114.88503,38.25129],[-114.89064,38.24914],[-114.88818,38.236],[-114.89254,38.22636],[-114.88861,38.2206],[-114.88728,38.21365],[-114.89856,38.20701],[-114.89986,38.20298],[-114.90492,38.2019],[-114.90739,38.19927],[-114.91226,38.20058],[-114.91427,38.19622],[-114.91719,38.19526],[-114.91984,38.19642],[-114.93121,38.18791],[-114.92902,38.18537],[-114.92374,38.18349],[-114.92591,38.17726],[-114.92267,38.17269],[-114.91462,38.16823],[-114.91856,38.16798],[-114.92122,38.16507],[-114.9221,38.16098],[-114.92115,38.15701],[-114.92222,38.15591],[-114.91631,38.15055],[-114.91071,38.1497],[-114.91005,38.14538],[-114.91202,38.14094],[-114.91116,38.13774],[-114.91863,38.13814],[-114.92089,38.13489],[-114.91917,38.1286],[-114.91495,38.12593],[-114.91913,38.12248],[-114.91771,38.1184],[-114.91887,38.11555],[-114.91629,38.11386],[-114.91469,38.11015],[-114.91509,38.10335],[-114.91316,38.10059],[-114.91476,38.09696],[-114.9113,38.08971],[-114.91247,38.08486],[-114.9089,38.08189],[-114.90503,38.07124],[-114.90689,38.06505],[-114.90022,38.06232],[-114.89808,38.05791],[-114.89973,38.05279],[-114.89725,38.05009],[-114.89867,38.04327],[-114.90262,38.03803],[-114.89947,38.03464],[-114.90363,38.03141],[-114.90799,38.01897],[-114.90968,38.0182],[-114.90776,38.01172],[-114.91222,38.00608],[-114.9118,38.00236],[-114.90985,38.00036],[-114.91099,37.98993],[-114.90278,37.98414],[-114.90174,37.98139],[-114.89573,37.98015],[-114.89388,37.97769],[-114.89637,37.97477],[-114.89514,37.97046],[-114.89802,37.96705],[-114.8987,37.9604],[-114.90154,37.95587],[-114.9061,37.95426],[-114.91344,37.94732],[-114.91658,37.94755],[-114.92101,37.93997],[-114.92474,37.93912],[-114.92549,37.93249],[-114.93051,37.93316],[-114.93235,37.92921],[-114.93546,37.9271],[-114.93256,37.92419],[-114.93434,37.9215],[-114.93187,37.91927],[-114.93389,37.914],[-114.9297,37.90525],[-114.92387,37.9012],[-114.92317,37.89887],[-114.92793,37.89385],[-114.93102,37.88278],[-114.93395,37.8788],[-114.93422,37.8677],[-114.93702,37.86608],[-114.93883,37.85318],[-114.94169,37.85101],[-114.94031,37.84174],[-114.94242,37.83762],[-114.94091,37.83082],[-114.94383,37.81031],[-114.94146,37.80642],[-114.94024,37.79734],[-114.93268,37.78995],[-114.93844,37.78568],[-114.93894,37.78036],[-114.94351,37.77949],[-114.93678,37.76584],[-114.93828,37.7567],[-114.93249,37.74922],[-114.93426,37.74312],[-114.9332,37.74054],[-114.93655,37.74095],[-114.94286,37.73755],[-114.93875,37.73269],[-114.9367,37.73254],[-114.9358,37.72998],[-114.9418,37.72583],[-114.94356,37.72696],[-114.94446,37.72561],[-114.94979,37.72495],[-114.9493,37.71969],[-114.95737,37.71699],[-114.95528,37.70714],[-114.95162,37.7034],[-114.9521,37.69303],[-114.94792,37.69231],[-114.95074,37.69112],[-114.95084,37.68622],[-114.95295,37.68356],[-114.95142,37.67493],[-114.95279,37.66852],[-114.95911,37.66099],[-114.98043,37.65583],[-114.98413,37.64483],[-114.99638,37.62497],[-114.9945,37.62144],[-114.99724,37.61406],[-115.00421,37.61064],[-115.00348,37.60791],[-115.00807,37.60671],[-115.00709,37.60417],[-115.00887,37.6005],[-115.01314,37.5983],[-115.01155,37.58647],[-115.01302,37.58398],[-115.01775,37.58337],[-115.01872,37.58184],[-115.0193,37.56851],[-115.02414,37.56395],[-115.0236,37.55984],[-115.0266,37.55748],[-115.02587,37.55321],[-115.0224,37.55221],[-115.02307,37.54881],[-115.02913,37.54174],[-115.02652,37.53663],[-115.03076,37.53225],[-115.02998,37.52783],[-115.03242,37.5235],[-115.03075,37.51838],[-115.03278,37.51606],[-115.03121,37.51062],[-115.03253,37.50732],[-115.03027,37.5063],[-115.03251,37.50095],[-115.03074,37.49975],[-115.03064,37.49541],[-115.03284,37.49386],[-115.02944,37.4901],[-115.03236,37.48502],[-115.0293,37.48196],[-115.02996,37.47128],[-115.01931,37.45157],[-115.01957,37.44571],[-115.01765,37.44325],[-115.01984,37.44105],[-115.01694,37.43686],[-115.01159,37.43486],[-115.00977,37.4214],[-115.0072,37.41583],[-115.00431,37.41491],[-114.99998,37.40302],[-114.99688,37.40018],[-114.99188,37.40091],[-114.98602,37.39866],[-114.98168,37.38321],[-114.97559,37.37812],[-114.97455,37.3739],[-114.97207,37.37212],[-114.97452,37.36575],[-114.98473,37.36237],[-114.98707,37.3561],[-114.99073,37.35776],[-114.99112,37.3565],[-114.99035,37.35232],[-114.98368,37.34945],[-114.97439,37.33408],[-114.97429,37.32053],[-114.97179,37.31559],[-114.97714,37.3127],[-114.97795,37.30892],[-114.98088,37.30705],[-114.98571,37.3071],[-114.98563,37.30431],[-114.99008,37.29664],[-114.99357,37.2957],[-114.99394,37.2938],[-114.99134,37.29022],[-114.97855,37.28164],[-114.96605,37.28124],[-114.96642,37.27613],[-114.96395,37.27376],[-114.9651,37.26979],[-114.96287,37.26351],[-114.95091,37.25803],[-114.94699,37.25012],[-114.94196,37.24536],[-114.93039,37.25075],[-114.92246,37.26051],[-114.91537,37.26329],[-114.90567,37.27138],[-114.90447,37.26989],[-114.9061,37.26519],[-114.90295,37.26686],[-114.89814,37.2656],[-114.89017,37.25855],[-114.87447,37.25985],[-114.86713,37.25857],[-114.86113,37.26183],[-114.84453,37.25726],[-114.84031,37.25384],[-114.83696,37.25337],[-114.83598,37.24976],[-114.83077,37.25212],[-114.82813,37.24972],[-114.81426,37.24689],[-114.81527,37.24346],[-114.81423,37.24032],[-114.81067,37.23833],[-114.8096,37.23556],[-114.80639,37.23541],[-114.80117,37.24077],[-114.79449,37.24028],[-114.79398,37.24226],[-114.79653,37.24432],[-114.79658,37.24735],[-114.78775,37.25242],[-114.78335,37.26002],[-114.7829,37.26405],[-114.76913,37.26359],[-114.76971,37.26595],[-114.76719,37.26983],[-114.76908,37.27509],[-114.76462,37.2804],[-114.76145,37.29289],[-114.76586,37.29802],[-114.76302,37.30564],[-114.76319,37.30968],[-114.76764,37.31462],[-114.76479,37.31712],[-114.75957,37.31686],[-114.7558,37.32071],[-114.75542,37.32566],[-114.75169,37.32745],[-114.74828,37.32615],[-114.7458,37.33071],[-114.74039,37.33345],[-114.73882,37.33712],[-114.736,37.33557],[-114.72628,37.34036],[-114.72474,37.34787],[-114.7279,37.35312],[-114.72444,37.35861],[-114.72119,37.36074],[-114.72099,37.36524],[-114.72426,37.37555],[-114.72246,37.37967],[-114.71912,37.38079],[-114.72018,37.38387],[-114.71768,37.39186],[-114.71222,37.39303],[-114.71038,37.39588],[-114.70329,37.39995],[-114.70601,37.40611],[-114.7023,37.41458],[-114.69859,37.41543],[-114.69842,37.4229],[-114.69311,37.42487],[-114.68925,37.42925],[-114.69464,37.43298],[-114.68729,37.45093],[-114.6886,37.45244],[-114.68814,37.4564],[-114.6935,37.45983],[-114.6936,37.4628],[-114.69742,37.46726],[-114.70242,37.47013],[-114.70074,37.47494],[-114.70873,37.48374],[-114.70768,37.48584],[-114.70999,37.48844],[-114.70919,37.49265],[-114.71044,37.49616],[-114.71339,37.49827],[-114.71451,37.50275],[-114.71677,37.50301],[-114.71841,37.50558],[-114.7187,37.51196],[-114.71726,37.51493],[-114.72125,37.51631],[-114.72169,37.51832],[-114.72663,37.51827],[-114.72927,37.52117],[-114.72915,37.52373],[-114.73233,37.52457],[-114.73556,37.53228],[-114.73113,37.53642],[-114.7254,37.53812],[-114.72052,37.54207],[-114.71886,37.54584],[-114.71503,37.54694],[-114.71647,37.54951],[-114.71458,37.55083],[-114.71502,37.55699],[-114.71783,37.5618],[-114.71554,37.56871],[-114.71912,37.5723],[-114.71895,37.57567],[-114.71216,37.58403],[-114.7126,37.58791],[-114.70264,37.58659],[-114.69949,37.58943],[-114.69695,37.58963],[-114.69116,37.58758],[-114.68477,37.59134],[-114.68476,37.59647],[-114.6825,37.60105],[-114.68655,37.60575],[-114.68999,37.6065],[-114.67816,37.61501],[-114.67936,37.61641],[-114.67853,37.61878],[-114.68469,37.62295],[-114.68493,37.62676],[-114.68017,37.63146],[-114.68101,37.63467],[-114.67843,37.63882],[-114.68127,37.64243],[-114.68021,37.64767],[-114.68268,37.65055],[-114.67006,37.65283],[-114.66889,37.6598],[-114.67,37.66137],[-114.66463,37.66557],[-114.66438,37.66902],[-114.66177,37.67261],[-114.6628,37.67655],[-114.66051,37.68331],[-114.65601,37.68823],[-114.64888,37.69199],[-114.64733,37.6979],[-114.64099,37.7028],[-114.6396,37.70578],[-114.64046,37.71141],[-114.62645,37.71413],[-114.62192,37.71085],[-114.6171,37.71235],[-114.6123,37.7106],[-114.60639,37.71161],[-114.59964,37.70716],[-114.59462,37.706],[-114.58827,37.70786],[-114.58127,37.71279],[-114.57368,37.7135],[-114.57108,37.71585],[-114.5635,37.71581],[-114.55782,37.71289],[-114.556,37.71324],[-114.55511,37.71587],[-114.55535,37.72202],[-114.55972,37.72913],[-114.56987,37.73562],[-114.56944,37.74228],[-114.57139,37.74561],[-114.56915,37.75545],[-114.56668,37.75825],[-114.56165,37.75942],[-114.5597,37.76428],[-114.56218,37.76682],[-114.56186,37.77392],[-114.55769,37.77606],[-114.56049,37.7786],[-114.55996,37.78438],[-114.56347,37.78829],[-114.56579,37.78832],[-114.56513,37.79502],[-114.56743,37.79408],[-114.57045,37.7955],[-114.57051,37.79843],[-114.57521,37.80238],[-114.57544,37.80723],[-114.58294,37.8196],[-114.58757,37.83109],[-114.58609,37.83644],[-114.56756,37.83795],[-114.56571,37.84113],[-114.56155,37.84094],[-114.56349,37.84856],[-114.55988,37.85718],[-114.56132,37.86068],[-114.56746,37.86101],[-114.57091,37.86422],[-114.57613,37.86609],[-114.578,37.87406],[-114.578,37.89268],[-114.57947,37.89677],[-114.58249,37.89902],[-114.57745,37.90761],[-114.5771,37.91445],[-114.58075,37.91744],[-114.58265,37.92436],[-114.58081,37.92891],[-114.58538,37.93104],[-114.58908,37.93841],[-114.5897,37.94383],[-114.59343,37.95156],[-114.59318,37.95678],[-114.59491,37.95915],[-114.59303,37.96516],[-114.59411,37.96843],[-114.58152,37.97221],[-114.58067,37.9752],[-114.58544,37.98892],[-114.58776,37.99085],[-114.58906,37.99512],[-114.593,37.99785],[-114.59081,38.00418],[-114.5941,38.01303],[-114.60468,38.02237],[-114.60212,38.02843],[-114.60261,38.03358],[-114.59879,38.0367],[-114.59644,38.0532],[-114.59909,38.05597],[-114.59824,38.06002],[-114.60126,38.0704],[-114.6063,38.07437],[-114.60892,38.0796],[-114.6082,38.08947],[-114.61058,38.09352],[-114.61744,38.09419],[-114.62698,38.09954],[-114.62611,38.10563],[-114.63224,38.11319],[-114.63066,38.11579],[-114.63215,38.11934],[-114.62843,38.12053],[-114.6284,38.12294],[-114.6378,38.12745],[-114.63921,38.13334],[-114.63527,38.13528],[-114.63252,38.14256],[-114.63585,38.14679],[-114.6367,38.15119],[-114.64072,38.15675],[-114.64057,38.16012],[-114.64327,38.16357],[-114.63849,38.17029],[-114.63421,38.17259],[-114.6416,38.17667],[-114.64346,38.17866],[-114.64326,38.18105],[-114.64988,38.18417],[-114.64873,38.18708],[-114.65152,38.19101],[-114.66097,38.19197],[-114.66164,38.19525],[-114.67437,38.20268],[-114.67459,38.20559],[-114.67227,38.20813],[-114.67323,38.21065],[-114.66996,38.21224],[-114.66363,38.22248],[-114.64718,38.23194],[-114.64335,38.23667],[-114.64281,38.24018],[-114.64607,38.24819],[-114.64481,38.25024],[-114.64628,38.2528],[-114.64545,38.25542],[-114.65218,38.2606],[-114.64921,38.27332],[-114.64549,38.2727],[-114.64412,38.27424],[-114.64655,38.27656],[-114.64369,38.2799],[-114.64459,38.28343],[-114.648,38.28718],[-114.64685,38.2913],[-114.64304,38.29589],[-114.63338,38.2981],[-114.63206,38.29302],[-114.62765,38.28852],[-114.63141,38.28424],[-114.63064,38.27954],[-114.62152,38.27411],[-114.61998,38.27128],[-114.61125,38.2709],[-114.60694,38.26864],[-114.5984,38.27044],[-114.59066,38.26865],[-114.57835,38.26923],[-114.57036,38.27262],[-114.5615,38.27111],[-114.54276,38.27863],[-114.53294,38.27602],[-114.5054,38.27799],[-114.49658,38.2765],[-114.47173,38.28006],[-114.46207,38.27887],[-114.45113,38.28257],[-114.44091,38.28048],[-114.43817,38.27766],[-114.432,38.27512],[-114.41655,38.27861],[-114.40056,38.27461],[-114.39726,38.27025],[-114.39701,38.26664],[-114.39201,38.26386],[-114.39482,38.25867],[-114.39277,38.2526],[-114.39601,38.24831],[-114.39502,38.24187],[-114.38196,38.23831],[-114.37724,38.23249],[-114.37124,38.23111],[-114.3661,38.24226],[-114.35434,38.25142],[-114.35636,38.25976],[-114.35318,38.27763],[-114.3566,38.27856],[-114.35241,38.28295],[-114.35429,38.28595],[-114.34864,38.28994],[-114.34021,38.29128],[-114.3357,38.29769],[-114.33584,38.30135],[-114.33927,38.30351],[-114.33664,38.30562],[-114.34001,38.31401],[-114.34451,38.31428],[-114.34507,38.31759],[-114.34228,38.32219],[-114.34536,38.3282],[-114.3431,38.33399],[-114.33818,38.33748],[-114.33994,38.34094],[-114.33857,38.34249],[-114.34219,38.345],[-114.33652,38.34747],[-114.33757,38.35704],[-114.33269,38.36036],[-114.33337,38.36532],[-114.33122,38.36932],[-114.32394,38.37502],[-114.32077,38.37513],[-114.31486,38.38172],[-114.31364,38.3807],[-114.31526,38.37748],[-114.31433,38.37475],[-114.30169,38.37871],[-114.29593,38.38341],[-114.28981,38.38159],[-114.27676,38.36513],[-114.27227,38.35679],[-114.26485,38.35121],[-114.26198,38.34433],[-114.26276,38.33996],[-114.2577,38.33508],[-114.25644,38.32616],[-114.25173,38.31774],[-114.25259,38.31539],[-114.24828,38.31003],[-114.24327,38.31112],[-114.23818,38.30878],[-114.23807,38.30572],[-114.23311,38.30085],[-114.2287,38.3018],[-114.21965,38.29976],[-114.20319,38.30576],[-114.19852,38.3012],[-114.19147,38.29909],[-114.17804,38.30107],[-114.1726,38.29825],[-114.16177,38.29787],[-114.15542,38.29515],[-114.14515,38.2943],[-114.14229,38.29105],[-114.13233,38.29415],[-114.13117,38.29133],[-114.1339,38.2907],[-114.13362,38.28849],[-114.12108,38.28129],[-114.11926,38.27947],[-114.12003,38.27688],[-114.11195,38.27183],[-114.10895,38.26358],[-114.10321,38.25699],[-114.10332,38.24905],[-114.09405,38.24083],[-114.08693,38.23823],[-114.08496,38.23215],[-114.08189,38.22975],[-114.08477,38.22523],[-114.08269,38.22369],[-114.0806,38.21706],[-114.08242,38.21296],[-114.07939,38.2074],[-114.07863,38.1978],[-114.07505,38.19461],[-114.07787,38.18753],[-114.07335,38.18438],[-114.07476,38.18131],[-114.07377,38.17446],[-114.06611,38.17099],[-114.06164,38.15944],[-114.06703,38.1555],[-114.06845,38.14809],[-114.0646,38.14616],[-114.06355,38.14309],[-114.06112,38.1419],[-114.06225,38.13901],[-114.06036,38.13291],[-114.05552,38.12824],[-114.05466,38.12198],[-114.05205,38.12012],[-114.05268,38.11329],[-114.04974,38.10851],[-114.04644,38.10655],[-114.04739,38.10148],[-114.04616,38.09151],[-114.04783,38.08775],[-114.04692,38.0829],[-114.04973,38.08085],[-114.04911,38.07774],[-114.05221,38.07473],[-114.05346,38.07088],[-114.05814,38.06812],[-114.05593,38.06354],[-114.05689,38.0603],[-114.05583,38.05607],[-114.0485,38.05434],[-114.04565,38.04576],[-114.04302,38.04366],[-114.04793,38.04039],[-114.04581,38.03323],[-114.04634,38.02915],[-114.04917,38.02728],[-114.04993,38.02193],[-114.05676,38.02074],[-114.05603,38.01533],[-114.06206,38.00869],[-114.06173,38.00511],[-114.06412,37.99893],[-114.05936,37.9932],[-114.05884,37.9893],[-114.052,37.98634],[-114.05267,37.98304],[-114.0557,37.98074],[-114.05336,37.97623],[-114.05549,37.96768],[-114.05211,37.96703],[-114.04736,37.96871],[-114.04122,37.96296],[-114.04098,37.96025],[-114.0365,37.95701],[-114.03665,37.95553],[-114.0408,37.95442],[-114.04375,37.95106],[-114.04375,37.94756],[-114.04511,37.94704],[-114.04337,37.94421],[-114.04374,37.93815],[-114.05158,37.93555],[-114.05305,37.9327],[-114.05123,37.92848],[-114.05276,37.92285],[-114.05852,37.92253],[-114.05929,37.91926],[-114.0609,37.91851],[-114.06345,37.91833],[-114.06587,37.92043],[-114.07023,37.91898],[-114.08836,37.90589],[-114.10002,37.90353],[-114.1049,37.89104],[-114.10729,37.89103],[-114.10946,37.88892],[-114.11412,37.88885],[-114.11546,37.88628],[-114.1205,37.88609],[-114.11912,37.87894],[-114.12352,37.87046],[-114.12096,37.86809],[-114.1249,37.85988],[-114.12563,37.85382],[-114.12316,37.85239],[-114.12394,37.84654],[-114.11847,37.84259],[-114.12334,37.83847],[-114.12414,37.83306],[-114.12187,37.82876],[-114.12329,37.82612],[-114.12253,37.82169],[-114.12471,37.8206],[-114.12615,37.81391],[-114.13061,37.8148],[-114.14134,37.80688],[-114.14354,37.80014],[-114.14202,37.7983],[-114.15004,37.79006],[-114.15293,37.79111],[-114.15783,37.78821],[-114.16785,37.78629],[-114.17401,37.7902],[-114.17853,37.78784],[-114.18919,37.78607],[-114.18931,37.77939],[-114.18591,37.7709],[-114.18942,37.76837],[-114.18904,37.76691],[-114.19438,37.76556],[-114.19505,37.76091],[-114.20031,37.75872],[-114.19967,37.75471],[-114.20584,37.75324],[-114.20606,37.74848],[-114.20384,37.74631],[-114.20881,37.74329],[-114.21236,37.73669],[-114.21651,37.73568],[-114.21499,37.71747],[-114.22342,37.71375],[-114.22264,37.70565],[-114.22118,37.70347],[-114.21581,37.70204],[-114.21444,37.6985],[-114.2093,37.69814],[-114.2076,37.69262],[-114.20352,37.68985],[-114.20321,37.68376],[-114.19974,37.68012],[-114.19079,37.67803],[-114.18926,37.6745],[-114.17605,37.66958],[-114.1692,37.66083],[-114.15882,37.6598],[-114.15333,37.65238],[-114.1502,37.65105],[-114.14773,37.64551],[-114.14457,37.64376],[-114.1419,37.64393],[-114.1407,37.64981],[-114.13706,37.65581],[-114.12366,37.66334],[-114.12289,37.66656],[-114.11511,37.66591],[-114.11316,37.6677],[-114.10948,37.66437],[-114.10504,37.66394],[-114.10078,37.66622],[-114.08907,37.66729],[-114.08586,37.67119],[-114.08452,37.66785],[-114.08172,37.66688],[-114.08287,37.66344],[-114.07732,37.65913],[-114.0667,37.65732],[-114.0638,37.65182],[-114.05837,37.64945],[-114.05008,37.65195],[-114.04604,37.6506],[-114.04495,37.6417],[-114.04043,37.63747],[-114.04489,37.62789],[-114.04395,37.62502],[-114.04947,37.61698],[-114.04808,37.6143],[-114.05308,37.61211],[-114.05745,37.61358],[-114.06077,37.61211],[-114.06265,37.60755],[-114.06064,37.6067],[-114.06017,37.60378],[-114.05481,37.59935],[-114.04853,37.59967],[-114.04782,37.59306],[-114.04259,37.59086],[-114.03931,37.58736],[-114.03549,37.59131],[-114.02799,37.59068],[-114.02501,37.58716],[-114.01964,37.58714],[-114.01887,37.5897],[-114.01529,37.59011],[-114.00853,37.58858],[-114.00784,37.5845],[-114.00522,37.58306],[-114.00348,37.57836],[-114.00077,37.57759],[-114.00013,37.57569],[-113.9871,37.57248],[-113.98246,37.55998],[-113.98584,37.55612],[-113.98752,37.54832],[-113.98633,37.54028],[-113.98811,37.53584],[-113.98294,37.53209],[-113.98257,37.52931],[-113.97727,37.52915],[-113.96027,37.5149],[-113.95373,37.51371],[-113.95547,37.51159],[-113.95157,37.50912],[-113.95215,37.50748],[-113.94124,37.50606],[-113.94292,37.50341],[-113.93948,37.50076],[-113.9412,37.49682],[-113.93995,37.49473],[-113.94068,37.49103],[-113.9313,37.48813],[-113.93137,37.48539],[-113.92849,37.48143],[-113.92373,37.48035],[-113.91619,37.47557],[-113.90331,37.47354],[-113.89776,37.4674],[-113.89423,37.46649],[-113.89219,37.46772],[-113.88705,37.4667],[-113.88126,37.47293],[-113.87323,37.47461],[-113.87106,37.47304],[-113.85827,37.47172],[-113.8547,37.47188],[-113.85425,37.47495],[-113.84164,37.4751],[-113.84008,37.47616],[-113.83979,37.47934],[-113.83346,37.4819],[-113.83156,37.48511],[-113.83238,37.48667],[-113.82513,37.48622],[-113.82237,37.49567],[-113.81998,37.49718],[-113.82508,37.50589],[-113.82475,37.50917],[-113.82231,37.51174],[-113.81554,37.51304],[-113.80798,37.51379],[-113.80703,37.51196],[-113.8081,37.51049],[-113.80633,37.50923],[-113.79823,37.50925],[-113.78944,37.50458],[-113.77285,37.50398],[-113.76416,37.4989],[-113.76113,37.49969],[-113.75509,37.49745],[-113.75171,37.49162],[-113.74881,37.49096],[-113.75092,37.48759],[-113.74982,37.48184],[-113.75113,37.47775],[-113.74886,37.47332],[-113.73512,37.46793],[-113.72662,37.46849],[-113.72322,37.47246],[-113.72117,37.4727],[-113.71608,37.46946],[-113.70845,37.47148],[-113.70678,37.47497],[-113.70014,37.47396],[-113.70139,37.47887],[-113.69735,37.48169],[-113.68516,37.48827],[-113.67721,37.48875],[-113.67528,37.49372],[-113.66987,37.49828],[-113.67031,37.50264],[-113.66687,37.50475],[-113.66847,37.50748],[-113.66183,37.50776],[-113.65884,37.51111],[-113.65105,37.51312],[-113.64496,37.50273],[-113.63361,37.50066],[-113.62388,37.49575],[-113.61265,37.49697],[-113.60452,37.49452],[-113.60159,37.49695],[-113.59925,37.49566],[-113.59664,37.49704],[-113.59328,37.49551],[-113.59013,37.49163],[-113.58402,37.48879],[-113.58579,37.48671],[-113.58644,37.47899],[-113.58052,37.47687],[-113.5797,37.4725],[-113.57705,37.47051],[-113.58085,37.46671],[-113.57238,37.45843],[-113.56708,37.45965],[-113.56392,37.4567],[-113.55362,37.45696],[-113.54257,37.45373],[-113.54186,37.45758],[-113.5378,37.4598],[-113.53596,37.46333],[-113.53736,37.46451],[-113.53448,37.47046],[-113.52467,37.46772],[-113.51715,37.47133],[-113.514,37.46945],[-113.5033,37.4708],[-113.50188,37.46759],[-113.4987,37.46688],[-113.4963,37.46317],[-113.49544,37.45146],[-113.48795,37.45104],[-113.48824,37.45451],[-113.48378,37.45807],[-113.47412,37.46033],[-113.47293,37.45914],[-113.4711,37.46138],[-113.46579,37.45975],[-113.45945,37.46207],[-113.45738,37.46016],[-113.45434,37.47192],[-113.45547,37.47462],[-113.44495,37.47885],[-113.44488,37.48924],[-113.44046,37.49017],[-113.43803,37.49363],[-113.4304,37.49367],[-113.42299,37.50296],[-113.41218,37.50197],[-113.40969,37.50613],[-113.4046,37.50953],[-113.39654,37.50879],[-113.39581,37.51519],[-113.38492,37.51275],[-113.38039,37.51525],[-113.37891,37.5179],[-113.37979,37.52353],[-113.37801,37.52505],[-113.37752,37.52935],[-113.37438,37.52827],[-113.37034,37.53096],[-113.36827,37.5303],[-113.36466,37.53526],[-113.36572,37.53632],[-113.3638,37.54019],[-113.3609,37.5409],[-113.35821,37.54445],[-113.35991,37.54693],[-113.35932,37.5487],[-113.36152,37.54929],[-113.36133,37.5515],[-113.36439,37.55334],[-113.36281,37.55684],[-113.35848,37.55742],[-113.35829,37.56083],[-113.35323,37.56591],[-113.35526,37.57195],[-113.34602,37.57256],[-113.34621,37.57841],[-113.34463,37.58079],[-113.34229,37.58122],[-113.34202,37.58423],[-113.33105,37.58303],[-113.3285,37.58094],[-113.32388,37.58316],[-113.31959,37.583],[-113.30951,37.5738],[-113.31147,37.56771],[-113.30895,37.5649],[-113.30422,37.56325],[-113.29748,37.55526],[-113.29069,37.55578],[-113.29195,37.55426],[-113.29107,37.55144],[-113.28635,37.55195],[-113.27724,37.54687],[-113.27146,37.54121],[-113.27174,37.53937],[-113.26361,37.53807],[-113.25835,37.54028],[-113.25575,37.53766],[-113.25324,37.53785],[-113.24827,37.54292],[-113.24422,37.54339],[-113.23838,37.54996],[-113.22774,37.55195],[-113.22436,37.55722],[-113.21966,37.55796],[-113.21815,37.56033],[-113.21269,37.56291],[-113.1973,37.56244],[-113.18746,37.56406],[-113.17878,37.56193],[-113.17056,37.56251],[-113.15904,37.55668],[-113.15808,37.5523],[-113.15498,37.55029],[-113.15611,37.54848],[-113.14983,37.54588],[-113.14549,37.54692],[-113.14045,37.55111],[-113.13572,37.54981],[-113.12854,37.55633],[-113.12403,37.55501],[-113.11992,37.55598],[-113.11,37.5531],[-113.10101,37.54317],[-113.09337,37.5436],[-113.08643,37.53328],[-113.07804,37.52598],[-113.07018,37.53516],[-113.06823,37.54177],[-113.06429,37.54629],[-113.06456,37.5493],[-113.06134,37.55398],[-113.05569,37.55845],[-113.04869,37.56092],[-113.0397,37.55352],[-113.03469,37.5535],[-113.02211,37.54548],[-113.01146,37.54676],[-113.01003,37.55249],[-113.0041,37.55521],[-113.00587,37.56155],[-113.00044,37.56263],[-112.99875,37.56734],[-112.99355,37.57022],[-112.99277,37.57275],[-112.98885,37.57315],[-112.99183,37.57619],[-112.9849,37.58336],[-112.98669,37.58717],[-112.97733,37.58928],[-112.97108,37.59743],[-112.96444,37.59376],[-112.95815,37.59443],[-112.95623,37.59047],[-112.95736,37.58936],[-112.94581,37.58475],[-112.94312,37.57568],[-112.93873,37.56886],[-112.93116,37.57],[-112.91951,37.56836],[-112.91599,37.57003],[-112.90546,37.57077],[-112.9061,37.57414],[-112.90319,37.57814],[-112.89949,37.57866],[-112.89113,37.584],[-112.88288,37.58237],[-112.86885,37.58836],[-112.86688,37.5906],[-112.86584,37.58135],[-112.86054,37.57831],[-112.85593,37.5727],[-112.84941,37.57018],[-112.84756,37.55858],[-112.8416,37.55823],[-112.83382,37.55488],[-112.8243,37.54442],[-112.82148,37.53995],[-112.82184,37.53394],[-112.81749,37.52639],[-112.81911,37.52282],[-112.81791,37.51767],[-112.81539,37.5148],[-112.80904,37.51232],[-112.7945,37.51128],[-112.78506,37.51447],[-112.77393,37.51222],[-112.76641,37.50741],[-112.76055,37.50739],[-112.75192,37.50296],[-112.7512,37.49869],[-112.74849,37.49624],[-112.73998,37.49634],[-112.73446,37.49144],[-112.73019,37.49155],[-112.72774,37.48829],[-112.72679,37.48159],[-112.72942,37.47804],[-112.72067,37.47175],[-112.71729,37.46433],[-112.7192,37.45894],[-112.71375,37.4526],[-112.71462,37.44478],[-112.70998,37.43755],[-112.71376,37.43242],[-112.71184,37.43012],[-112.71251,37.4274],[-112.70365,37.42459],[-112.70421,37.4185],[-112.69742,37.41864],[-112.69266,37.41259],[-112.68318,37.42372],[-112.67975,37.42205],[-112.67966,37.41907],[-112.67433,37.41781],[-112.66635,37.41745],[-112.66414,37.4203],[-112.65661,37.42053],[-112.65455,37.4192],[-112.6549,37.41047],[-112.64948,37.40478],[-112.64692,37.4051],[-112.64039,37.41791],[-112.64373,37.42507],[-112.6427,37.4298],[-112.63591,37.43408],[-112.62953,37.4331],[-112.6229,37.44734],[-112.61887,37.44983],[-112.61696,37.45328],[-112.61634,37.45936],[-112.61451,37.46139],[-112.61034,37.45988],[-112.60127,37.46605],[-112.59626,37.46365],[-112.59473,37.46935],[-112.58946,37.4716],[-112.58694,37.47025],[-112.58308,37.47238],[-112.5808,37.47866],[-112.57742,37.48177],[-112.56717,37.4853],[-112.56451,37.49141],[-112.56924,37.49555],[-112.56858,37.49672],[-112.56241,37.49535],[-112.55782,37.49665],[-112.55431,37.49547],[-112.54328,37.49634],[-112.53848,37.49294],[-112.53793,37.49009],[-112.53402,37.48689],[-112.5246,37.48684],[-112.51448,37.49067],[-112.51177,37.49014],[-112.50862,37.48686],[-112.49773,37.48442],[-112.4953,37.47916],[-112.48906,37.47559],[-112.4877,37.47291],[-112.47528,37.47174],[-112.4698,37.47372],[-112.46993,37.47512],[-112.46499,37.47917],[-112.44728,37.4861],[-112.44124,37.4938],[-112.4339,37.49155],[-112.43263,37.49312],[-112.42728,37.49344],[-112.42158,37.49862],[-112.41546,37.49734],[-112.41484,37.49461],[-112.41082,37.4948],[-112.40471,37.49212],[-112.39921,37.49533],[-112.39649,37.49425],[-112.39412,37.49521],[-112.3919,37.50172],[-112.38746,37.50238],[-112.38593,37.50224],[-112.38427,37.49898],[-112.37984,37.49806],[-112.3758,37.49228],[-112.37993,37.48671],[-112.37541,37.47989],[-112.37156,37.47807],[-112.37783,37.47146],[-112.37569,37.46938],[-112.37647,37.46724],[-112.38121,37.4659],[-112.38369,37.46015],[-112.38189,37.45751],[-112.38544,37.45195],[-112.39094,37.44931],[-112.39226,37.44505],[-112.39639,37.44096],[-112.40146,37.43982],[-112.40088,37.43432],[-112.39805,37.43004],[-112.39065,37.42987],[-112.3852,37.42485],[-112.39192,37.41872],[-112.3957,37.41902],[-112.4,37.41652],[-112.39644,37.41057],[-112.3894,37.40937],[-112.38344,37.40463],[-112.37819,37.4069],[-112.37107,37.40423],[-112.36908,37.40674],[-112.35702,37.41198],[-112.34818,37.42034],[-112.34366,37.4186],[-112.3282,37.41754],[-112.3176,37.42381],[-112.31813,37.42777],[-112.31437,37.43442],[-112.31451,37.43889],[-112.31013,37.44593],[-112.29778,37.44174],[-112.29472,37.44316],[-112.28961,37.44222],[-112.28708,37.44315],[-112.28623,37.44575],[-112.27899,37.4468],[-112.27406,37.44538],[-112.27241,37.44102],[-112.26666,37.44248],[-112.26683,37.4449],[-112.26208,37.45029],[-112.26291,37.46164],[-112.25731,37.46402],[-112.25211,37.46278],[-112.25227,37.46677],[-112.25005,37.4698],[-112.24537,37.46934],[-112.24012,37.47542],[-112.25038,37.48195],[-112.25603,37.49578],[-112.26218,37.50291],[-112.26282,37.50951],[-112.26549,37.51427],[-112.26443,37.51857],[-112.25949,37.52197],[-112.26153,37.52999],[-112.25917,37.53224],[-112.25884,37.53564],[-112.25303,37.53735],[-112.24608,37.54594],[-112.24377,37.55833],[-112.23193,37.57439],[-112.2316,37.57738],[-112.23539,37.5807],[-112.23427,37.58353],[-112.23609,37.58486],[-112.2288,37.58935],[-112.20713,37.58675],[-112.20291,37.59275],[-112.19371,37.59427],[-112.19036,37.59304],[-112.18785,37.58768],[-112.18268,37.58514],[-112.17804,37.58877],[-112.1789,37.59368],[-112.17499,37.59729],[-112.16001,37.59674],[-112.15758,37.59431],[-112.15404,37.5966],[-112.15367,37.59948],[-112.15735,37.60402],[-112.15962,37.60288],[-112.16907,37.61024],[-112.17103,37.62068],[-112.16294,37.62822],[-112.16515,37.63749],[-112.16343,37.64243],[-112.16045,37.64275],[-112.1578,37.64648],[-112.14776,37.64521],[-112.14514,37.65355],[-112.13914,37.65872],[-112.14016,37.66325],[-112.13757,37.67177],[-112.13857,37.67594],[-112.14159,37.67935],[-112.13632,37.6831],[-112.13575,37.68582],[-112.12985,37.68924],[-112.12759,37.68631],[-112.12576,37.68669],[-112.1233,37.69155],[-112.11399,37.69432],[-112.11221,37.69948],[-112.10638,37.69989],[-112.10439,37.6973],[-112.09156,37.69175],[-112.09074,37.6998],[-112.08746,37.70476],[-112.0869,37.71054],[-112.08067,37.71274],[-112.07826,37.71153],[-112.07381,37.71362],[-112.0711,37.72066],[-112.06929,37.72249],[-112.0655,37.72273],[-112.06429,37.72643],[-112.05807,37.73286],[-112.04258,37.73813],[-112.0397,37.73726],[-112.03484,37.73861],[-112.03104,37.7328],[-112.02245,37.732],[-112.02201,37.72669],[-112.01964,37.72573],[-112.01866,37.72305],[-112.01431,37.72118],[-112.01311,37.71748],[-112.007,37.71709],[-112.00777,37.71276],[-112.00178,37.71047],[-111.99758,37.71431],[-111.99176,37.71278],[-111.98963,37.70426],[-111.98148,37.70871],[-111.98167,37.71116],[-111.97819,37.71584],[-111.96223,37.71199],[-111.96029,37.71771],[-111.95673,37.72082],[-111.95427,37.72047],[-111.95525,37.72237],[-111.95328,37.72335],[-111.94763,37.72172],[-111.94277,37.71764],[-111.94242,37.71544],[-111.93786,37.7149],[-111.9255,37.721],[-111.91415,37.72442],[-111.90431,37.7309],[-111.89053,37.73316],[-111.88143,37.72906],[-111.87826,37.73018],[-111.8747,37.72885],[-111.86881,37.73569],[-111.86797,37.74174],[-111.86419,37.74428],[-111.86405,37.74873],[-111.87079,37.74955],[-111.87577,37.75424],[-111.87087,37.76272],[-111.87345,37.76526],[-111.87914,37.76607],[-111.88209,37.77431],[-111.88122,37.77717],[-111.88262,37.78523],[-111.88761,37.79086],[-111.88768,37.79653],[-111.8921,37.80007],[-111.8912,37.80549],[-111.88782,37.81],[-111.88192,37.81334],[-111.88312,37.81808],[-111.88088,37.83201],[-111.88184,37.83392],[-111.87897,37.83752],[-111.87873,37.84341],[-111.88174,37.84875],[-111.87704,37.85494],[-111.87503,37.86056],[-111.87647,37.86379],[-111.87354,37.86895],[-111.87692,37.87227],[-111.87337,37.87935],[-111.87609,37.88181],[-111.87816,37.89758],[-111.88557,37.90306],[-111.89324,37.91252],[-111.89186,37.91465],[-111.87737,37.9187],[-111.87492,37.92065],[-111.87538,37.92241],[-111.87975,37.92371],[-111.88073,37.92708],[-111.87716,37.9298],[-111.86888,37.92896],[-111.86868,37.93867],[-111.86538,37.93783],[-111.86159,37.93911],[-111.86313,37.94494],[-111.84479,37.94416],[-111.84069,37.94761],[-111.83523,37.94881],[-111.83154,37.94761],[-111.82606,37.95003],[-111.81423,37.94978],[-111.80093,37.96682],[-111.79255,37.96969],[-111.78388,37.96252],[-111.7835,37.95884],[-111.78531,37.95722],[-111.78423,37.95586],[-111.77788,37.9538],[-111.77539,37.94949],[-111.76728,37.94997],[-111.76452,37.9465],[-111.75953,37.94631],[-111.75438,37.94081],[-111.74651,37.93883],[-111.74146,37.94205],[-111.73907,37.9524],[-111.73393,37.95427],[-111.72794,37.96383],[-111.72794,37.9677],[-111.73013,37.97125],[-111.72662,37.98102],[-111.73179,37.98281],[-111.72768,37.98673],[-111.72806,37.99032],[-111.72931,37.99268],[-111.73493,37.99557],[-111.73798,38.00021],[-111.73483,38.00434],[-111.72742,38.00528],[-111.72487,38.01201],[-111.7187,38.01589],[-111.71608,38.02119],[-111.71944,38.02717],[-111.71409,38.03019],[-111.71375,38.0367],[-111.71607,38.0407],[-111.72376,38.04684],[-111.71181,38.05645],[-111.72055,38.06068],[-111.71416,38.06916],[-111.71824,38.07033],[-111.72753,38.06842],[-111.73629,38.07314],[-111.73923,38.07185],[-111.74679,38.07503],[-111.75362,38.07448],[-111.76126,38.07823],[-111.77019,38.07766],[-111.7775,38.08462],[-111.7964,38.08919],[-111.80248,38.09395],[-111.80069,38.09766],[-111.80441,38.10475],[-111.8039,38.11256],[-111.80894,38.11262],[-111.81584,38.10843],[-111.82785,38.10767],[-111.82972,38.10953],[-111.82764,38.11196],[-111.82898,38.11683],[-111.83479,38.12424],[-111.83429,38.12854],[-111.83885,38.12879],[-111.84232,38.12559],[-111.84871,38.12403],[-111.85198,38.12811],[-111.86007,38.13191],[-111.86089,38.13704],[-111.86445,38.13989],[-111.86888,38.13524],[-111.8841,38.12903],[-111.88926,38.12961],[-111.89261,38.13311],[-111.89288,38.13735],[-111.89077,38.14128],[-111.89256,38.14495],[-111.88866,38.15149],[-111.88298,38.15239],[-111.88398,38.1582],[-111.88034,38.16314],[-111.88364,38.17524],[-111.87782,38.1799],[-111.87425,38.18603],[-111.86605,38.1913],[-111.8646,38.19556],[-111.862,38.19588],[-111.86027,38.1993],[-111.8562,38.19919],[-111.85196,38.20294],[-111.85,38.20719],[-111.85344,38.21342],[-111.8584,38.2357],[-111.86274,38.24098],[-111.86384,38.24528],[-111.86972,38.24895],[-111.87392,38.25403],[-111.87311,38.25698],[-111.87547,38.25945],[-111.87975,38.27115],[-111.88329,38.27415],[-111.8819,38.27731],[-111.8855,38.28552],[-111.89316,38.29061],[-111.89392,38.30529],[-111.88875,38.31175],[-111.89532,38.31315],[-111.89324,38.31961],[-111.89505,38.32322],[-111.88887,38.3257],[-111.88761,38.32814],[-111.89038,38.33171],[-111.88939,38.33699],[-111.88327,38.34171],[-111.88133,38.34589],[-111.88221,38.36033],[-111.86004,38.37955],[-111.86152,38.38491],[-111.85938,38.38704],[-111.8636,38.39281],[-111.86118,38.39964],[-111.8631,38.40344],[-111.85915,38.40763],[-111.855,38.41629],[-111.84865,38.41939],[-111.84969,38.42188],[-111.84866,38.42474],[-111.84417,38.42787],[-111.83794,38.42896],[-111.83377,38.44032],[-111.82951,38.4421],[-111.82718,38.44575],[-111.82264,38.46189],[-111.82028,38.4643],[-111.81684,38.46458],[-111.81413,38.47115],[-111.8098,38.47595],[-111.81116,38.47748],[-111.8145,38.47672],[-111.8152,38.47947],[-111.81962,38.48094],[-111.81799,38.48449],[-111.81334,38.48649],[-111.81347,38.48975],[-111.80875,38.49293],[-111.80535,38.49813],[-111.79944,38.50103],[-111.79885,38.50727],[-111.79587,38.51474],[-111.79338,38.51545],[-111.78422,38.51237],[-111.76259,38.52587],[-111.76685,38.53498],[-111.76824,38.55067],[-111.7718,38.55821],[-111.75862,38.56462],[-111.74827,38.56592],[-111.74629,38.56816],[-111.7444,38.57257],[-111.74782,38.57718],[-111.74694,38.58168],[-111.73861,38.58603],[-111.74169,38.59929],[-111.74168,38.60637],[-111.73941,38.60804],[-111.74079,38.61005],[-111.72008,38.63194],[-111.70897,38.65315],[-111.70324,38.65807],[-111.70139,38.67151],[-111.70305,38.68243],[-111.69634,38.68788],[-111.69744,38.69602],[-111.69518,38.70411],[-111.68966,38.7106],[-111.66776,38.71986],[-111.65874,38.71769],[-111.65548,38.71856],[-111.64786,38.71178],[-111.64918,38.715],[-111.64712,38.71652],[-111.64286,38.71595],[-111.6417,38.71823],[-111.64347,38.72128],[-111.63664,38.72882],[-111.6308,38.73175],[-111.62822,38.73849],[-111.62515,38.74086],[-111.62395,38.74412],[-111.62108,38.74525],[-111.61117,38.74263],[-111.60551,38.73836],[-111.59403,38.7349],[-111.5911,38.73205],[-111.58382,38.73127],[-111.57555,38.7356],[-111.57024,38.74395],[-111.56685,38.74514],[-111.56426,38.75172],[-111.55065,38.75896],[-111.54283,38.76161],[-111.5367,38.76152],[-111.53473,38.75644],[-111.52666,38.76014],[-111.52548,38.76327],[-111.52154,38.76495],[-111.51605,38.765],[-111.51263,38.76711],[-111.50113,38.765],[-111.49574,38.76793],[-111.49115,38.76847],[-111.4871,38.77659],[-111.48879,38.7803],[-111.48392,38.78523],[-111.48339,38.79015],[-111.47574,38.79362],[-111.4769,38.80005],[-111.48084,38.80393],[-111.48563,38.80516],[-111.48559,38.81212],[-111.48866,38.81393],[-111.4881,38.82048],[-111.48947,38.82522],[-111.48822,38.82918],[-111.48558,38.83061],[-111.48272,38.83604],[-111.48407,38.83821],[-111.48201,38.84637],[-111.47595,38.85397],[-111.47102,38.85475],[-111.46928,38.85819],[-111.46948,38.86045],[-111.47425,38.86394],[-111.47032,38.86994],[-111.47486,38.87695],[-111.48077,38.87808],[-111.48174,38.88177],[-111.49423,38.88266],[-111.50055,38.88972],[-111.49567,38.89792],[-111.49232,38.90049],[-111.49861,38.90911],[-111.4945,38.91668],[-111.48831,38.91988],[-111.48858,38.92507],[-111.48319,38.92837],[-111.48284,38.93081],[-111.47827,38.9302],[-111.47372,38.9333],[-111.47494,38.93856],[-111.47343,38.94282],[-111.46749,38.94527],[-111.46313,38.95069],[-111.45389,38.95052],[-111.45022,38.95573],[-111.44755,38.95697],[-111.44159,38.95595],[-111.44061,38.95978],[-111.44118,38.96285],[-111.44514,38.96416],[-111.44592,38.96634],[-111.4454,38.9742],[-111.44804,38.97904],[-111.44596,38.98239],[-111.44712,38.9855],[-111.44604,38.98989],[-111.45019,38.99687],[-111.46112,38.99823],[-111.46855,39.00202],[-111.47341,39.00161],[-111.47853,38.99778],[-111.48744,38.99904],[-111.49433,38.99807],[-111.50215,39.00164],[-111.50605,39.0099],[-111.50675,39.0187],[-111.51179,39.02946],[-111.51143,39.03977],[-111.50842,39.04723],[-111.51114,39.05311],[-111.51634,39.05667],[-111.51177,39.05748],[-111.49802,39.06692],[-111.50427,39.0724],[-111.49698,39.10557],[-111.49899,39.11065],[-111.49875,39.11905],[-111.48081,39.12453],[-111.47593,39.12456],[-111.48124,39.13051],[-111.48628,39.14252],[-111.4844,39.14908],[-111.48697,39.15214],[-111.48861,39.15809],[-111.4868,39.16774],[-111.49107,39.17855],[-111.49072,39.18298],[-111.48512,39.1878],[-111.48312,39.19794],[-111.47931,39.20242],[-111.48357,39.20829],[-111.48333,39.2148],[-111.47833,39.22306],[-111.47713,39.23042],[-111.4743,39.23584],[-111.46926,39.23969],[-111.46726,39.24418],[-111.46752,39.24843],[-111.46095,39.24469],[-111.45736,39.24028],[-111.45564,39.2459],[-111.45008,39.25236],[-111.445,39.25515],[-111.4488,39.25967],[-111.44684,39.26508],[-111.44815,39.26661],[-111.44277,39.27194],[-111.44521,39.28283],[-111.44754,39.28455],[-111.4485,39.28928],[-111.44489,39.29232],[-111.44142,39.29903],[-111.45044,39.30866],[-111.44893,39.31065],[-111.44362,39.31241],[-111.44081,39.31963],[-111.44716,39.32927],[-111.45229,39.33291],[-111.44383,39.3455],[-111.44389,39.35162],[-111.43744,39.35672],[-111.43547,39.36481],[-111.43247,39.3687],[-111.42796,39.3701],[-111.42395,39.37359],[-111.41852,39.36955],[-111.41137,39.36916],[-111.40251,39.37541],[-111.39853,39.37652],[-111.39541,39.38516],[-111.38461,39.38812],[-111.38313,39.39131],[-111.38345,39.39619],[-111.3785,39.39916],[-111.37101,39.40058],[-111.37172,39.40544],[-111.37486,39.41055],[-111.3711,39.41831],[-111.36414,39.41996],[-111.35875,39.42416],[-111.35759,39.43051],[-111.3596,39.43546],[-111.3543,39.43704],[-111.35115,39.44149],[-111.34485,39.44022],[-111.34228,39.44268],[-111.33266,39.44591],[-111.32796,39.45435],[-111.32034,39.45675],[-111.32013,39.46794],[-111.32628,39.47147],[-111.3251,39.48108],[-111.32091,39.48547],[-111.31997,39.49375],[-111.31662,39.49644],[-111.31123,39.49639],[-111.31194,39.5007],[-111.30423,39.50627],[-111.3018,39.51043],[-111.30364,39.51377],[-111.30017,39.52048],[-111.30164,39.52428],[-111.301,39.52819],[-111.29654,39.53775],[-111.30152,39.54205],[-111.30054,39.54685],[-111.30883,39.56067],[-111.30858,39.56313],[-111.30481,39.56749],[-111.31452,39.57257],[-111.31682,39.57912],[-111.31676,39.5809],[-111.31037,39.58798],[-111.30676,39.59684],[-111.30905,39.60344],[-111.31419,39.60664],[-111.31048,39.61714],[-111.31573,39.62379],[-111.32101,39.62601],[-111.32268,39.62873],[-111.32918,39.62985],[-111.32857,39.63308],[-111.33114,39.64104],[-111.33153,39.64651],[-111.3286,39.64982],[-111.33042,39.65505],[-111.32924,39.66469],[-111.32535,39.66977],[-111.32147,39.6721],[-111.31739,39.67211],[-111.31551,39.67651],[-111.31278,39.6775],[-111.31336,39.68931],[-111.32678,39.69656],[-111.33011,39.70038],[-111.32815,39.70309],[-111.32968,39.70656],[-111.32559,39.71019],[-111.32383,39.71604],[-111.33426,39.72449],[-111.3351,39.72971],[-111.33193,39.73632],[-111.33666,39.73879],[-111.33561,39.74382],[-111.33327,39.74406],[-111.33029,39.74782],[-111.32149,39.7513],[-111.32707,39.75747],[-111.32271,39.76173],[-111.32938,39.76735],[-111.3378,39.77019],[-111.33885,39.77415],[-111.35043,39.77696],[-111.35937,39.7824],[-111.35855,39.78539],[-111.35997,39.78683],[-111.35836,39.79257],[-111.36043,39.79754],[-111.35786,39.80089],[-111.35902,39.80489],[-111.35678,39.81348],[-111.35718,39.83163],[-111.35362,39.83329],[-111.35025,39.83171],[-111.34427,39.83251],[-111.34366,39.83419],[-111.33313,39.8374],[-111.33491,39.84189],[-111.33395,39.84533],[-111.33209,39.84747],[-111.32641,39.84875],[-111.32405,39.85701],[-111.31627,39.85854],[-111.31112,39.85503],[-111.30233,39.85458],[-111.29893,39.84975],[-111.29625,39.84918],[-111.29207,39.83852],[-111.28824,39.83545],[-111.28144,39.8346],[-111.27525,39.82994],[-111.26877,39.82972],[-111.25936,39.82615],[-111.24789,39.82509],[-111.24355,39.82823],[-111.23822,39.82701],[-111.23517,39.82488],[-111.23522,39.82179],[-111.22663,39.82077],[-111.22458,39.81788],[-111.22406,39.81299],[-111.21573,39.80656],[-111.20862,39.80683],[-111.20243,39.80383],[-111.19865,39.79969],[-111.18113,39.79404],[-111.17658,39.80368],[-111.17738,39.81271],[-111.1741,39.81721],[-111.1735,39.83],[-111.16564,39.83339],[-111.16019,39.84028],[-111.15692,39.84156],[-111.15702,39.84467],[-111.15473,39.84628],[-111.15504,39.85648],[-111.14814,39.86638],[-111.1477,39.8692],[-111.15127,39.87596],[-111.15004,39.89273],[-111.14622,39.89342],[-111.13129,39.8909],[-111.12812,39.8918],[-111.12745,39.89378],[-111.11887,39.89553],[-111.11785,39.89676],[-111.1192,39.90012],[-111.10763,39.90723],[-111.09907,39.91046],[-111.08997,39.92374],[-111.08306,39.92682],[-111.0827,39.9394],[-111.10519,39.94419],[-111.10783,39.94284],[-111.11787,39.94323],[-111.11948,39.94514],[-111.12623,39.94525],[-111.1293,39.9472],[-111.12957,39.95111],[-111.12019,39.95706],[-111.12075,39.95976],[-111.11803,39.9616],[-111.11889,39.96773],[-111.12415,39.97042],[-111.12947,39.97045],[-111.13012,39.97282],[-111.13458,39.97509],[-111.13403,39.97912],[-111.14133,39.98399],[-111.14306,39.98696],[-111.15173,39.98487],[-111.15978,39.99205],[-111.16413,39.99007],[-111.16773,39.99058],[-111.17008,39.99935],[-111.16867,40.00207],[-111.16936,40.00659],[-111.17167,40.0107],[-111.1749,40.01233],[-111.17686,40.01594],[-111.18736,40.02071],[-111.18967,40.02329],[-111.19137,40.0296],[-111.19804,40.03163],[-111.20093,40.03693],[-111.19877,40.04169],[-111.20123,40.0424],[-111.20386,40.04623],[-111.20414,40.05081],[-111.20515,40.04798],[-111.21339,40.04413],[-111.21622,40.04079],[-111.23163,40.03568],[-111.23745,40.03794],[-111.24065,40.04359],[-111.24579,40.0468],[-111.2465,40.05273],[-111.24914,40.05572],[-111.24175,40.06322],[-111.24084,40.06635],[-111.23586,40.06967],[-111.24125,40.07387],[-111.23807,40.08043],[-111.24255,40.08594],[-111.24161,40.09173],[-111.23531,40.09817],[-111.23545,40.10385],[-111.22976,40.10699],[-111.22577,40.11949],[-111.22151,40.12469],[-111.22413,40.13329],[-111.22487,40.14276],[-111.23131,40.1479],[-111.22688,40.15558],[-111.22569,40.15983],[-111.22735,40.16217],[-111.22525,40.16646],[-111.23488,40.17573],[-111.23508,40.1802],[-111.24815,40.19369],[-111.25822,40.19789],[-111.25659,40.20115],[-111.26402,40.20577],[-111.26509,40.20904],[-111.264,40.21133],[-111.27192,40.21907],[-111.2734,40.22221],[-111.27189,40.22811],[-111.27372,40.23595],[-111.26708,40.23742],[-111.2649,40.24239],[-111.27041,40.24952],[-111.27669,40.25308],[-111.27963,40.25928],[-111.28941,40.26604],[-111.29425,40.26548],[-111.29442,40.27077],[-111.29811,40.27304],[-111.30806,40.27489],[-111.30766,40.28339],[-111.31503,40.28755],[-111.30973,40.2902],[-111.30827,40.29761],[-111.30501,40.2991],[-111.29731,40.3103],[-111.27761,40.29788],[-111.26882,40.29963],[-111.25663,40.2995],[-111.25141,40.29783],[-111.25038,40.30401],[-111.24689,40.30442],[-111.24564,40.30764],[-111.24985,40.31021],[-111.25024,40.31401],[-111.25328,40.3167],[-111.25252,40.3215],[-111.25381,40.32413],[-111.24549,40.33207],[-111.24374,40.33564],[-111.24564,40.33944],[-111.24429,40.34144],[-111.24756,40.34479],[-111.24201,40.34807],[-111.24144,40.35061],[-111.24455,40.36414],[-111.24235,40.37181],[-111.24257,40.38556],[-111.23568,40.39889],[-111.23874,40.40193],[-111.23986,40.40598],[-111.23567,40.41121],[-111.22664,40.41434],[-111.22374,40.41869],[-111.20233,40.40758],[-111.19854,40.40877],[-111.18992,40.40811],[-111.18559,40.40583],[-111.18113,40.4082],[-111.18066,40.41219],[-111.17409,40.41442],[-111.17912,40.41965],[-111.17915,40.42823],[-111.18137,40.43381],[-111.18511,40.43551],[-111.18492,40.43847],[-111.1696,40.4501],[-111.16479,40.45058],[-111.15547,40.45466],[-111.14132,40.46282],[-111.13504,40.46012],[-111.11397,40.46789],[-111.10864,40.46797],[-111.10226,40.46666],[-111.09498,40.46239],[-111.09116,40.46479],[-111.0801,40.46451],[-111.06624,40.4669],[-111.06505,40.46937],[-111.05715,40.47223],[-111.03994,40.47325],[-111.03707,40.47533],[-111.02991,40.47661],[-111.03245,40.48003],[-111.02911,40.49041],[-111.01846,40.49163],[-111.00924,40.49704],[-110.99643,40.49989],[-110.99369,40.51509],[-110.98706,40.51564],[-110.98443,40.51351],[-110.97586,40.51772],[-110.97011,40.51737],[-110.95993,40.51044],[-110.95584,40.50538],[-110.95051,40.50393],[-110.94642,40.50515],[-110.94347,40.50812],[-110.93861,40.50771],[-110.93301,40.51027],[-110.93158,40.51377],[-110.93313,40.51896],[-110.9201,40.52082],[-110.92672,40.52496],[-110.92486,40.52693],[-110.92699,40.53259],[-110.9258,40.53701],[-110.94442,40.54531],[-110.94912,40.55051],[-110.95503,40.55103],[-110.95452,40.55738],[-110.96757,40.56195],[-110.97813,40.57207],[-110.97554,40.57507],[-110.9542,40.56805],[-110.95128,40.56951],[-110.94848,40.57591],[-110.93337,40.58628],[-110.93139,40.59376],[-110.93215,40.60506],[-110.93797,40.61628],[-110.93609,40.62286],[-110.93984,40.62567],[-110.94103,40.62877],[-110.93081,40.63293],[-110.92595,40.63868],[-110.92267,40.63769],[-110.92089,40.6395],[-110.91459,40.63986],[-110.91574,40.64773],[-110.90812,40.65625],[-110.91127,40.66528],[-110.90708,40.67476],[-110.90187,40.67878],[-110.89166,40.68052],[-110.90105,40.68461],[-110.90505,40.69399],[-110.90311,40.69934],[-110.90305,40.70675],[-110.89691,40.7126],[-110.88542,40.71578],[-110.88777,40.72005],[-110.89069,40.71977],[-110.89443,40.72343],[-110.89149,40.72841],[-110.88651,40.72697],[-110.87536,40.72836],[-110.86191,40.72158],[-110.85407,40.72229],[-110.84753,40.72536],[-110.83737,40.71901],[-110.83142,40.7178],[-110.8236,40.71047],[-110.80655,40.71163],[-110.79519,40.7177],[-110.78318,40.73098],[-110.77428,40.73145],[-110.76513,40.73714],[-110.76626,40.74141],[-110.75826,40.74215],[-110.751,40.74757],[-110.74206,40.74466],[-110.73386,40.7468],[-110.72857,40.74517],[-110.7214,40.74544],[-110.72184,40.7467],[-110.71323,40.75282],[-110.69681,40.74674],[-110.68436,40.76027],[-110.68171,40.78],[-110.68422,40.78269],[-110.68564,40.78952],[-110.68197,40.79366],[-110.6843,40.79846],[-110.68302,40.80478],[-110.68652,40.81081],[-110.68749,40.81734],[-110.69155,40.82253],[-110.69063,40.82705],[-110.69534,40.83487],[-110.70039,40.83843],[-110.70123,40.84336],[-110.70574,40.85175],[-110.69986,40.86018],[-110.69983,40.86287],[-110.70784,40.86463],[-110.7094,40.8685],[-110.6917,40.87744],[-110.69044,40.87961],[-110.69645,40.88196],[-110.69528,40.88641],[-110.69682,40.89278],[-110.69273,40.89489],[-110.69096,40.89859],[-110.68635,40.89978],[-110.6849,40.90295],[-110.68613,40.90962],[-110.6771,40.91137],[-110.67641,40.91787],[-110.6701,40.9246],[-110.66976,40.92885],[-110.66658,40.9345],[-110.67347,40.93871],[-110.67945,40.95193],[-110.689,40.95935],[-110.69181,40.9596],[-110.69159,40.96474],[-110.70087,40.9669],[-110.70239,40.96572],[-110.72194,40.97501],[-110.72759,40.97507],[-110.73056,40.9769],[-110.73321,40.98436],[-110.72458,40.99054],[-110.72303,40.99523],[-110.71908,40.99995],[-110.72,41.00203],[-110.7185,41.00606],[-110.71145,41.01176],[-110.70741,41.02321],[-110.70524,41.02459],[-110.70478,41.03502],[-110.70693,41.03934],[-110.71923,41.05206],[-110.72328,41.05239],[-110.7257,41.05508],[-110.72979,41.05564],[-110.73307,41.05822],[-110.74503,41.05886],[-110.74632,41.0619],[-110.7438,41.06364],[-110.74334,41.06759],[-110.74521,41.07258],[-110.74303,41.08223],[-110.7451,41.08881],[-110.71678,41.10247],[-110.71485,41.11029],[-110.70917,41.11799],[-110.70968,41.12013],[-110.71303,41.12047],[-110.71061,41.12686],[-110.70553,41.13128],[-110.70527,41.13501],[-110.70971,41.13953],[-110.70661,41.14141],[-110.70589,41.15313],[-110.70294,41.15565],[-110.70533,41.1615],[-110.70427,41.16362],[-110.70634,41.16468],[-110.71867,41.16247],[-110.7172,41.1675],[-110.71881,41.17263],[-110.71657,41.17817],[-110.71977,41.18317],[-110.73523,41.19057],[-110.74036,41.18981],[-110.75156,41.18374],[-110.75987,41.18162],[-110.76796,41.17528],[-110.77525,41.17309],[-110.77676,41.17952],[-110.76944,41.1856],[-110.76947,41.18975],[-110.77618,41.19411],[-110.77361,41.19515],[-110.77224,41.19875],[-110.77213,41.21147],[-110.78943,41.2137],[-110.79273,41.21171],[-110.79431,41.20774],[-110.79968,41.20426],[-110.80909,41.20318],[-110.81378,41.20435],[-110.81019,41.21099],[-110.81067,41.21472],[-110.81632,41.22092],[-110.82119,41.2217],[-110.82455,41.22427],[-110.81756,41.22812],[-110.81257,41.23334],[-110.81438,41.23874],[-110.80708,41.24399],[-110.80763,41.24827],[-110.80362,41.2535],[-110.80818,41.25725],[-110.80767,41.26477],[-110.81,41.26738],[-110.80324,41.2719],[-110.80286,41.27437],[-110.80946,41.28342],[-110.81922,41.28482],[-110.82873,41.28382],[-110.82905,41.28775],[-110.83755,41.29076],[-110.8399,41.29479],[-110.82825,41.29729],[-110.83328,41.30473],[-110.83109,41.30739],[-110.83059,41.31399],[-110.83365,41.31904],[-110.81739,41.3248],[-110.81879,41.32767],[-110.81412,41.33104],[-110.81462,41.34037],[-110.82325,41.34247],[-110.82911,41.34685],[-110.82691,41.35089],[-110.82922,41.35331],[-110.83018,41.35781],[-110.82131,41.36332],[-110.82181,41.36478],[-110.82997,41.36954],[-110.85112,41.36735],[-110.85982,41.36875],[-110.86517,41.36644],[-110.86865,41.36812],[-110.88156,41.36723],[-110.89449,41.36272],[-110.90411,41.35666],[-110.90793,41.35243],[-110.90921,41.35512],[-110.9056,41.35951],[-110.90848,41.36888],[-110.90625,41.37008],[-110.90679,41.37375],[-110.89849,41.37911],[-110.89583,41.38514],[-110.89162,41.38624],[-110.89249,41.38966],[-110.89038,41.39286],[-110.89292,41.39704],[-110.89966,41.40094],[-110.90635,41.4009],[-110.90672,41.4035],[-110.90137,41.40646],[-110.89938,41.41019],[-110.88447,41.41692],[-110.88388,41.42672],[-110.88852,41.42904],[-110.88479,41.4304],[-110.88339,41.43599],[-110.87452,41.44298],[-110.87429,41.44696],[-110.88804,41.44732],[-110.88815,41.4531],[-110.89027,41.45564],[-110.88013,41.46182],[-110.8771,41.46668],[-110.87492,41.47442],[-110.8788,41.47604],[-110.86816,41.48406],[-110.86703,41.4934],[-110.87198,41.49582],[-110.87283,41.49935],[-110.87745,41.4994],[-110.87949,41.50218],[-110.87292,41.50948],[-110.87445,41.51178],[-110.88573,41.51508],[-110.88684,41.51692],[-110.89076,41.51809],[-110.89185,41.52087],[-110.89096,41.52788],[-110.88543,41.53106],[-110.88437,41.53322],[-110.88524,41.5384],[-110.88079,41.54558],[-110.88322,41.54885],[-110.88249,41.5522],[-110.88425,41.55535],[-110.8897,41.55858],[-110.888,41.5649],[-110.89546,41.56754],[-110.90949,41.56872],[-110.91267,41.57047],[-110.91271,41.57294],[-110.91651,41.57432],[-110.91131,41.58049],[-110.91385,41.59141],[-110.91616,41.59489],[-110.92534,41.59605],[-110.92211,41.60051],[-110.92524,41.60738],[-110.9196,41.6126],[-110.9213,41.61682],[-110.91877,41.62342],[-110.92318,41.62599],[-110.92489,41.63354],[-110.92256,41.63753],[-110.91998,41.6503],[-110.91337,41.65353],[-110.90962,41.65813],[-110.90932,41.66367],[-110.91091,41.66552],[-110.90991,41.66739],[-110.90655,41.67033],[-110.89853,41.67316],[-110.89819,41.6753],[-110.90028,41.67742],[-110.89082,41.67821],[-110.88569,41.68553],[-110.87345,41.69276],[-110.86942,41.6929],[-110.8652,41.69556],[-110.86912,41.7046],[-110.86331,41.7063],[-110.85692,41.70596],[-110.85448,41.70867],[-110.84754,41.70842],[-110.84303,41.70559],[-110.83763,41.7052],[-110.83747,41.70339],[-110.81633,41.70411],[-110.81006,41.70009],[-110.79369,41.70169],[-110.79348,41.69965],[-110.78035,41.69883],[-110.77868,41.6974],[-110.77946,41.69574],[-110.77512,41.69627],[-110.77402,41.69322],[-110.77009,41.69391],[-110.76319,41.69112],[-110.75808,41.69193],[-110.75695,41.68921],[-110.74939,41.68739],[-110.73408,41.6862],[-110.72363,41.6787],[-110.7142,41.6773],[-110.69781,41.67724],[-110.68365,41.6839],[-110.68423,41.68926],[-110.67264,41.68812],[-110.67111,41.69047],[-110.67175,41.69288],[-110.67863,41.69902],[-110.67489,41.70194],[-110.67817,41.70704],[-110.66388,41.71106],[-110.65904,41.71625],[-110.65642,41.71597],[-110.65521,41.72137],[-110.65245,41.72416],[-110.65299,41.72762],[-110.64627,41.73467],[-110.63511,41.73432],[-110.62165,41.73748],[-110.62036,41.74498],[-110.62161,41.7485],[-110.61972,41.75408],[-110.6234,41.7635],[-110.62227,41.76516],[-110.63274,41.76563],[-110.63225,41.77386],[-110.62652,41.77586],[-110.62481,41.78015],[-110.61733,41.78269],[-110.61764,41.78667],[-110.6087,41.79315],[-110.6078,41.80003],[-110.60536,41.80083],[-110.60337,41.8057],[-110.59849,41.82325],[-110.59977,41.8287],[-110.5986,41.8327],[-110.61234,41.83672],[-110.61302,41.841],[-110.60979,41.85624],[-110.62192,41.85891],[-110.6245,41.8619],[-110.63766,41.86778],[-110.63893,41.87029],[-110.63775,41.87355],[-110.64057,41.87733],[-110.64758,41.87823],[-110.65345,41.88163],[-110.66224,41.88226],[-110.66491,41.88563],[-110.67315,41.88943],[-110.67296,41.89335],[-110.66668,41.89646],[-110.66411,41.90002],[-110.67123,41.91008],[-110.68842,41.91991],[-110.6967,41.92235],[-110.72618,41.92651],[-110.72853,41.92432],[-110.73364,41.92401],[-110.7449,41.93483],[-110.74903,41.9369],[-110.77788,41.93542],[-110.77931,41.93848],[-110.7747,41.95149],[-110.77983,41.95758],[-110.7966,41.96308],[-110.8064,41.96096],[-110.79697,41.96919],[-110.8003,41.98071],[-110.79529,41.98615],[-110.79513,41.99663],[-110.78824,42.00231],[-110.78891,42.00839],[-110.79559,42.01133],[-110.79657,42.01478],[-110.80046,42.01596],[-110.7964,42.01906],[-110.80076,42.02281],[-110.80105,42.0256],[-110.79716,42.02808],[-110.79984,42.03352],[-110.79759,42.036],[-110.799,42.03854],[-110.79367,42.0434],[-110.79916,42.05158],[-110.79683,42.0558],[-110.79559,42.06747],[-110.79993,42.07137],[-110.80296,42.08583],[-110.80173,42.08968],[-110.79605,42.09337],[-110.79196,42.09939],[-110.79523,42.10301],[-110.79519,42.10759],[-110.79746,42.11147],[-110.79461,42.11807],[-110.7951,42.12278],[-110.7936,42.12591],[-110.79735,42.1324],[-110.79557,42.13355],[-110.79849,42.13691],[-110.79739,42.14007],[-110.7937,42.14238],[-110.79174,42.14588],[-110.78406,42.15173],[-110.78643,42.15456],[-110.79069,42.15382],[-110.80264,42.15589],[-110.80691,42.16273],[-110.80481,42.16732],[-110.80642,42.17071],[-110.80505,42.17507],[-110.80781,42.17736],[-110.8123,42.17727],[-110.81033,42.18542],[-110.80337,42.18835],[-110.80201,42.19068],[-110.80528,42.19596],[-110.81092,42.20079],[-110.80613,42.2073],[-110.80878,42.22959],[-110.80452,42.23747],[-110.80718,42.24019],[-110.80676,42.24448],[-110.80859,42.24717],[-110.80619,42.24957],[-110.80833,42.25246],[-110.80746,42.25758],[-110.81025,42.26182],[-110.80454,42.27948],[-110.79629,42.29597],[-110.79654,42.30044],[-110.79915,42.30231],[-110.79913,42.30449],[-110.79608,42.3078],[-110.79615,42.31099],[-110.79798,42.31241],[-110.79414,42.32221],[-110.78946,42.32786],[-110.78922,42.33037],[-110.78301,42.3329],[-110.7644,42.34956],[-110.75935,42.34794],[-110.75652,42.34467],[-110.75662,42.33991],[-110.75241,42.33779],[-110.74733,42.33217],[-110.74233,42.33168],[-110.73943,42.3342],[-110.73557,42.33189],[-110.71568,42.33934],[-110.69747,42.35458],[-110.68538,42.35487],[-110.67222,42.36094],[-110.6622,42.35822],[-110.64936,42.36982],[-110.64758,42.36957],[-110.64258,42.36327],[-110.6354,42.36313],[-110.63408,42.36826],[-110.63683,42.37322],[-110.63451,42.37716],[-110.63844,42.38141],[-110.63846,42.38659],[-110.64161,42.38964],[-110.64486,42.40936],[-110.65217,42.42395],[-110.66125,42.4266],[-110.66359,42.43208],[-110.67282,42.44062],[-110.67432,42.44498],[-110.67347,42.45001],[-110.68562,42.46201],[-110.68809,42.46758],[-110.68743,42.47735],[-110.68939,42.48068],[-110.69527,42.48311],[-110.70313,42.48214],[-110.70617,42.49085],[-110.70498,42.51132],[-110.71157,42.51632],[-110.71374,42.52242],[-110.7131,42.52603],[-110.72053,42.53341],[-110.72561,42.54246],[-110.72898,42.56939],[-110.73591,42.58855],[-110.75063,42.60489],[-110.76224,42.60236],[-110.76293,42.60087],[-110.76177,42.59382],[-110.7552,42.58516],[-110.75457,42.57462],[-110.77552,42.56988],[-110.77785,42.56698],[-110.78113,42.56774],[-110.78793,42.56436],[-110.79052,42.55551],[-110.79819,42.54758],[-110.79342,42.54156],[-110.80204,42.53783],[-110.81344,42.53832],[-110.81773,42.53711],[-110.8191,42.533],[-110.8246,42.53367],[-110.82826,42.52789],[-110.82931,42.51917],[-110.83632,42.51646],[-110.83763,42.51384],[-110.84167,42.51217],[-110.84185,42.50637],[-110.84806,42.50006],[-110.85777,42.49681],[-110.85855,42.48814],[-110.86019,42.48666],[-110.8713,42.48577],[-110.87326,42.48415],[-110.8769,42.48722],[-110.88382,42.48582],[-110.88765,42.48858],[-110.89296,42.48792],[-110.89803,42.49213],[-110.90578,42.49282],[-110.90797,42.50508],[-110.91491,42.50846],[-110.92094,42.51594],[-110.92727,42.51596],[-110.92486,42.52033],[-110.92822,42.52286],[-110.92582,42.53292],[-110.93309,42.536],[-110.93908,42.53282],[-110.94386,42.53331],[-110.94524,42.53746],[-110.95737,42.54073],[-110.95919,42.54296],[-110.96316,42.54219],[-110.96464,42.53594],[-110.97687,42.53732],[-110.98285,42.53361],[-110.9812,42.51884],[-110.98334,42.51646],[-110.98151,42.5115],[-110.98558,42.50708],[-110.9946,42.50315],[-111.00543,42.50313],[-111.01544,42.49902],[-111.02258,42.505],[-111.02949,42.50562],[-111.03304,42.50961],[-111.0353,42.50893],[-111.04133,42.51376],[-111.04617,42.51419],[-111.0489,42.51149],[-111.06675,42.50894],[-111.06316,42.50571],[-111.06287,42.50082],[-111.06638,42.49795],[-111.07277,42.49676],[-111.07207,42.4921],[-111.08103,42.49351],[-111.0942,42.48922],[-111.09607,42.49113],[-111.10255,42.48995],[-111.10471,42.49167],[-111.10954,42.49156],[-111.12062,42.48681],[-111.12337,42.48323],[-111.12942,42.48139],[-111.1382,42.4877],[-111.14391,42.48618],[-111.14876,42.49074],[-111.15501,42.4883],[-111.15653,42.49081],[-111.15908,42.49078],[-111.16283,42.47737],[-111.16757,42.47779],[-111.17138,42.47334],[-111.17151,42.47676],[-111.17386,42.47773],[-111.177,42.47806],[-111.18214,42.47586],[-111.18919,42.47938],[-111.19457,42.47871],[-111.19717,42.48025],[-111.19918,42.47814],[-111.20276,42.48061],[-111.22137,42.47936],[-111.22965,42.47729],[-111.23247,42.47908],[-111.2349,42.4783],[-111.23716,42.48278],[-111.24322,42.48712],[-111.245,42.4919],[-111.24882,42.49514],[-111.24909,42.50076],[-111.23684,42.50902],[-111.23607,42.51746],[-111.23186,42.5255],[-111.23203,42.52896],[-111.22807,42.53845],[-111.22775,42.55216],[-111.22591,42.5628],[-111.22225,42.57217],[-111.23108,42.57521],[-111.23075,42.58014],[-111.23609,42.5811],[-111.24077,42.58502],[-111.23865,42.58947],[-111.24224,42.59222],[-111.24124,42.60248],[-111.2458,42.60334],[-111.24793,42.6018],[-111.25302,42.58858],[-111.25961,42.58401],[-111.26383,42.57864],[-111.26126,42.57462],[-111.26884,42.56791],[-111.27334,42.56135],[-111.27751,42.55901],[-111.27937,42.55292],[-111.29258,42.55656],[-111.29622,42.55939],[-111.31343,42.56115],[-111.31669,42.56008],[-111.32698,42.56336],[-111.33104,42.56713],[-111.33585,42.56671],[-111.33843,42.57026],[-111.34188,42.57118],[-111.33849,42.58234],[-111.34028,42.58617],[-111.34919,42.58572],[-111.3549,42.58642],[-111.35683,42.58837],[-111.35936,42.58731],[-111.36348,42.58862],[-111.36782,42.59387],[-111.36794,42.59859],[-111.37592,42.60323],[-111.37583,42.60568],[-111.379,42.60711],[-111.37976,42.60985],[-111.384,42.61178],[-111.39268,42.61117],[-111.39294,42.62084],[-111.39922,42.61937],[-111.40433,42.62116],[-111.40786,42.62984],[-111.41066,42.63145],[-111.41239,42.63526],[-111.41815,42.63518],[-111.4229,42.6419],[-111.42787,42.64056],[-111.4342,42.64451],[-111.44647,42.64597],[-111.45541,42.65492],[-111.45398,42.65653],[-111.45631,42.66297],[-111.46134,42.66548],[-111.46546,42.67271],[-111.45768,42.67675],[-111.45301,42.67652],[-111.4539,42.68259],[-111.45166,42.68809],[-111.45661,42.69109],[-111.46539,42.69132],[-111.47293,42.69431],[-111.47421,42.69574],[-111.47269,42.6986],[-111.47488,42.70014],[-111.47672,42.70764],[-111.48194,42.71115],[-111.48739,42.71237],[-111.48845,42.71503],[-111.498,42.71775],[-111.50523,42.72786],[-111.50779,42.7283],[-111.51004,42.73734],[-111.51446,42.73974],[-111.51357,42.74236],[-111.5168,42.74544],[-111.5151,42.74806],[-111.51935,42.7511],[-111.51918,42.7567],[-111.52186,42.76475],[-111.52049,42.76608],[-111.52041,42.7708],[-111.52339,42.77288],[-111.52205,42.77465],[-111.52421,42.77878],[-111.52285,42.78115],[-111.52419,42.78513],[-111.53577,42.78781],[-111.55161,42.78193],[-111.56052,42.78373],[-111.56399,42.78175],[-111.5841,42.77771],[-111.59193,42.7787],[-111.59949,42.79222],[-111.60384,42.79488],[-111.60503,42.80211],[-111.60392,42.80768],[-111.60766,42.8029],[-111.6132,42.80132],[-111.618,42.80147],[-111.62791,42.80493],[-111.62653,42.80692],[-111.63251,42.81326],[-111.63232,42.81765],[-111.63491,42.82186],[-111.63351,42.82613],[-111.63955,42.83146],[-111.64023,42.83784],[-111.63397,42.84317],[-111.63202,42.84808],[-111.64093,42.84899],[-111.64287,42.85158],[-111.64625,42.85187]]]}},{"type":"Feature","properties":{"huc2":"17","name":"Pacific Northwest Region","states":"CA,CN,ID,MT,NV,OR,UT,WA,WY"},"geometry":{"type":"Polygon","coordinates":[[[-118.98122,52.87766],[-118.98787,52.88066],[-118.99235,52.87764],[-119.00386,52.87581],[-119.01759,52.86545],[-119.02898,52.87168],[-119.04116,52.87119],[-119.04376,52.86859],[-119.04409,52.86573],[-119.04768,52.8643],[-119.04759,52.86044],[-119.06896,52.85075],[-119.08692,52.85111],[-119.10261,52.84237],[-119.1105,52.84027],[-119.13328,52.84338],[-119.1506,52.85513],[-119.16233,52.85593],[-119.17247,52.85369],[-119.17913,52.8582],[-119.18623,52.8523],[-119.18615,52.84797],[-119.18839,52.84417],[-119.19609,52.83794],[-119.19772,52.8284],[-119.19972,52.82523],[-119.20958,52.81762],[-119.22295,52.81588],[-119.22454,52.81202],[-119.22369,52.81023],[-119.22777,52.80254],[-119.22532,52.79749],[-119.2324,52.79833],[-119.23348,52.79683],[-119.23941,52.79657],[-119.24733,52.80016],[-119.25114,52.79837],[-119.25677,52.79969],[-119.25937,52.79902],[-119.25866,52.79534],[-119.26547,52.79387],[-119.26704,52.79095],[-119.26544,52.78891],[-119.26688,52.78599],[-119.26577,52.78192],[-119.26399,52.78109],[-119.26499,52.77726],[-119.26346,52.77648],[-119.267,52.77415],[-119.30086,52.77218],[-119.30336,52.77349],[-119.30265,52.77709],[-119.30406,52.77873],[-119.31124,52.77943],[-119.31422,52.78667],[-119.32264,52.78694],[-119.32827,52.78834],[-119.33007,52.79084],[-119.33466,52.79067],[-119.33608,52.78873],[-119.33386,52.78655],[-119.33951,52.7834],[-119.34238,52.77896],[-119.33937,52.77509],[-119.34081,52.77341],[-119.36236,52.7711],[-119.37797,52.77298],[-119.38783,52.77627],[-119.38726,52.77316],[-119.38915,52.77027],[-119.39813,52.76513],[-119.39927,52.76182],[-119.40492,52.76026],[-119.41338,52.76288],[-119.42071,52.75819],[-119.42781,52.7593],[-119.43544,52.76287],[-119.44125,52.76315],[-119.4498,52.76935],[-119.45598,52.77123],[-119.45391,52.77424],[-119.45604,52.781],[-119.45532,52.78342],[-119.46077,52.78565],[-119.47044,52.78286],[-119.48316,52.78505],[-119.49073,52.78851],[-119.50007,52.78569],[-119.50339,52.78755],[-119.51523,52.78857],[-119.52367,52.78569],[-119.53095,52.78693],[-119.53745,52.78532],[-119.54709,52.77883],[-119.54779,52.7832],[-119.55175,52.78497],[-119.55104,52.78785],[-119.55382,52.79194],[-119.56118,52.79732],[-119.56893,52.79397],[-119.57365,52.79455],[-119.58417,52.8002],[-119.59333,52.79443],[-119.62752,52.80115],[-119.63205,52.80382],[-119.63258,52.80569],[-119.64658,52.80235],[-119.64681,52.79892],[-119.64291,52.79568],[-119.64497,52.79194],[-119.64952,52.79067],[-119.64879,52.78814],[-119.66109,52.78963],[-119.67101,52.78787],[-119.67892,52.78846],[-119.68263,52.78197],[-119.71401,52.7868],[-119.7168,52.78889],[-119.72479,52.78554],[-119.72414,52.7754],[-119.73583,52.7745],[-119.73885,52.77271],[-119.72127,52.76207],[-119.7226,52.75902],[-119.71842,52.75519],[-119.72036,52.74072],[-119.70924,52.73477],[-119.70026,52.72296],[-119.69483,52.71875],[-119.68422,52.71826],[-119.68315,52.71724],[-119.68479,52.71333],[-119.68174,52.71179],[-119.68057,52.70728],[-119.67796,52.7053],[-119.66978,52.70359],[-119.66515,52.69916],[-119.65264,52.69899],[-119.63946,52.70256],[-119.61742,52.70513],[-119.61357,52.7],[-119.61826,52.68991],[-119.61258,52.68067],[-119.60637,52.67819],[-119.60284,52.6701],[-119.60041,52.66994],[-119.58635,52.65904],[-119.57891,52.65744],[-119.57757,52.65167],[-119.56025,52.66106],[-119.54732,52.66468],[-119.54259,52.66442],[-119.54253,52.65439],[-119.53581,52.64718],[-119.53449,52.64394],[-119.53609,52.64163],[-119.53239,52.63723],[-119.53201,52.63204],[-119.5292,52.62889],[-119.51529,52.62906],[-119.51341,52.63067],[-119.50347,52.63209],[-119.49902,52.63865],[-119.48963,52.63835],[-119.48557,52.64213],[-119.47826,52.64424],[-119.47297,52.64783],[-119.46776,52.64802],[-119.46406,52.65123],[-119.45979,52.65023],[-119.45616,52.64557],[-119.45085,52.64561],[-119.4483,52.63952],[-119.44335,52.63695],[-119.42661,52.63653],[-119.41761,52.6412],[-119.41527,52.64723],[-119.40975,52.64744],[-119.40019,52.65107],[-119.38348,52.65022],[-119.37811,52.65425],[-119.37365,52.65431],[-119.3703,52.6563],[-119.36435,52.65552],[-119.3598,52.65132],[-119.36357,52.64866],[-119.36166,52.63943],[-119.36513,52.637],[-119.36711,52.62205],[-119.37181,52.61731],[-119.37771,52.61575],[-119.37629,52.61267],[-119.3659,52.60298],[-119.36543,52.59918],[-119.36094,52.59207],[-119.354,52.58636],[-119.34324,52.58856],[-119.33977,52.59152],[-119.32719,52.59465],[-119.30558,52.59701],[-119.29691,52.60348],[-119.27621,52.59714],[-119.26818,52.59943],[-119.2479,52.59849],[-119.2254,52.60517],[-119.21771,52.60517],[-119.21382,52.60444],[-119.20707,52.5993],[-119.19979,52.5979],[-119.19367,52.59902],[-119.1889,52.60212],[-119.19438,52.60647],[-119.19508,52.60965],[-119.18972,52.6179],[-119.18366,52.6397],[-119.17727,52.6447],[-119.15431,52.65573],[-119.14963,52.66059],[-119.13982,52.66674],[-119.10619,52.6731],[-119.10241,52.66651],[-119.09175,52.66468],[-119.09024,52.66361],[-119.09121,52.66053],[-119.08296,52.65746],[-119.07738,52.64455],[-119.07005,52.64174],[-119.06762,52.63977],[-119.06779,52.63762],[-119.06449,52.6358],[-119.05907,52.63576],[-119.05394,52.63313],[-119.05327,52.62961],[-119.05494,52.62521],[-119.04396,52.61652],[-119.04479,52.61319],[-119.0386,52.60717],[-119.04034,52.60271],[-119.03981,52.59943],[-119.04141,52.59872],[-119.03463,52.59428],[-119.01954,52.59153],[-119.01567,52.59314],[-119.01514,52.59813],[-119.00703,52.60129],[-119.00388,52.60108],[-118.99915,52.59878],[-118.99954,52.59496],[-118.99454,52.59157],[-118.99519,52.58773],[-118.99022,52.58438],[-118.9735,52.58043],[-118.9691,52.58103],[-118.95948,52.57566],[-118.95152,52.57707],[-118.9414,52.57166],[-118.92728,52.56817],[-118.92649,52.56417],[-118.92801,52.56052],[-118.93323,52.56008],[-118.93625,52.55811],[-118.9355,52.55196],[-118.93875,52.54955],[-118.93821,52.54791],[-118.92626,52.54021],[-118.91578,52.53779],[-118.91541,52.53333],[-118.91406,52.53082],[-118.91043,52.52986],[-118.90678,52.51876],[-118.90964,52.51282],[-118.90744,52.5087],[-118.91077,52.50622],[-118.90945,52.50264],[-118.9071,52.49891],[-118.90108,52.49761],[-118.89646,52.49231],[-118.88964,52.49186],[-118.88753,52.48565],[-118.88915,52.48224],[-118.88508,52.47882],[-118.88668,52.47463],[-118.89147,52.47235],[-118.89754,52.47246],[-118.90179,52.46944],[-118.91016,52.46943],[-118.91349,52.46478],[-118.92363,52.46379],[-118.93098,52.4578],[-118.93278,52.4539],[-118.93729,52.45329],[-118.93515,52.44699],[-118.94073,52.4416],[-118.94214,52.43642],[-118.94517,52.43376],[-118.93421,52.43007],[-118.93355,52.42346],[-118.92694,52.42318],[-118.92393,52.41927],[-118.92816,52.4159],[-118.92784,52.41444],[-118.9318,52.41229],[-118.92967,52.41056],[-118.9307,52.4052],[-118.93264,52.40313],[-118.93262,52.39863],[-118.93993,52.39075],[-118.94,52.38527],[-118.93649,52.38082],[-118.9376,52.37359],[-118.92812,52.36538],[-118.92666,52.35442],[-118.91921,52.3488],[-118.90301,52.34316],[-118.86901,52.34261],[-118.85651,52.33508],[-118.84295,52.33455],[-118.83644,52.32955],[-118.80414,52.31984],[-118.79068,52.31136],[-118.79004,52.30772],[-118.78772,52.30583],[-118.80049,52.30371],[-118.80658,52.30047],[-118.8141,52.29916],[-118.81988,52.29626],[-118.82039,52.29229],[-118.82387,52.29044],[-118.83922,52.28849],[-118.84566,52.28212],[-118.84497,52.27571],[-118.86135,52.2717],[-118.86607,52.26744],[-118.86959,52.26755],[-118.8716,52.26512],[-118.8836,52.2612],[-118.88635,52.25634],[-118.88569,52.25317],[-118.89054,52.24476],[-118.89382,52.2443],[-118.89762,52.23902],[-118.89116,52.23795],[-118.87784,52.24008],[-118.86539,52.23672],[-118.85169,52.23609],[-118.83884,52.23328],[-118.84123,52.22546],[-118.83582,52.22073],[-118.83941,52.21871],[-118.84993,52.21788],[-118.85192,52.21005],[-118.84183,52.20249],[-118.82757,52.19946],[-118.80692,52.17952],[-118.79912,52.1766],[-118.81148,52.17392],[-118.82167,52.16694],[-118.83622,52.16334],[-118.8329,52.15767],[-118.83523,52.15467],[-118.8356,52.14321],[-118.84124,52.14241],[-118.85217,52.13319],[-118.85301,52.12917],[-118.85079,52.12405],[-118.86195,52.11254],[-118.86352,52.10597],[-118.86739,52.10198],[-118.85948,52.0913],[-118.85262,52.08896],[-118.86216,52.08141],[-118.87136,52.07765],[-118.87227,52.07241],[-118.87415,52.07116],[-118.87024,52.06813],[-118.87038,52.06601],[-118.85981,52.06514],[-118.85022,52.06007],[-118.84846,52.05745],[-118.84842,52.04941],[-118.85296,52.04804],[-118.85486,52.04494],[-118.86522,52.04515],[-118.87482,52.04184],[-118.88331,52.04202],[-118.89973,52.038],[-118.90604,52.03911],[-118.91117,52.04371],[-118.91501,52.04284],[-118.9184,52.03924],[-118.93322,52.03513],[-118.94074,52.03112],[-118.93992,52.02919],[-118.9478,52.02246],[-118.94834,52.01796],[-118.94638,52.01529],[-118.94924,52.01385],[-118.94933,52.00887],[-118.94666,52.00576],[-118.94774,52.00205],[-118.95158,51.99868],[-118.96207,51.99818],[-118.9654,51.99208],[-118.97108,51.98772],[-118.96924,51.9843],[-118.97218,51.98122],[-118.97457,51.97646],[-118.97364,51.97553],[-118.96144,51.97218],[-118.95385,51.97238],[-118.95256,51.97048],[-118.93305,51.96542],[-118.91987,51.96681],[-118.91619,51.96384],[-118.90735,51.96161],[-118.90444,51.95803],[-118.89685,51.95771],[-118.89075,51.95137],[-118.89844,51.94589],[-118.89916,51.94135],[-118.90507,51.9348],[-118.90414,51.9319],[-118.90675,51.92829],[-118.91449,51.92481],[-118.92479,51.92519],[-118.93527,51.92772],[-118.94355,51.92481],[-118.9505,51.92969],[-118.96672,51.93391],[-118.97345,51.93279],[-118.98269,51.93508],[-118.98827,51.9313],[-118.98909,51.92529],[-118.99239,51.92106],[-118.99092,51.91823],[-118.98682,51.91819],[-118.97452,51.90977],[-118.97634,51.90039],[-118.96891,51.89338],[-118.96943,51.88977],[-118.96671,51.88439],[-118.9694,51.88346],[-118.96775,51.881],[-118.97013,51.87818],[-118.98345,51.87514],[-118.98385,51.86931],[-118.99212,51.86755],[-118.99205,51.86352],[-118.98296,51.86101],[-118.97688,51.86152],[-118.97275,51.85713],[-118.96565,51.85642],[-118.96308,51.85244],[-118.95354,51.85103],[-118.95071,51.84383],[-118.95267,51.83819],[-118.94785,51.83222],[-118.96954,51.82435],[-118.96155,51.82149],[-118.96199,51.81938],[-118.95716,51.81493],[-118.96052,51.80692],[-118.95192,51.80395],[-118.94497,51.79389],[-118.94503,51.79132],[-118.93487,51.79233],[-118.9252,51.7967],[-118.92172,51.79541],[-118.91736,51.78996],[-118.91,51.78654],[-118.89313,51.78618],[-118.89601,51.78368],[-118.89629,51.77868],[-118.89112,51.77214],[-118.89767,51.76798],[-118.89745,51.76327],[-118.89685,51.76014],[-118.89375,51.75877],[-118.89226,51.75441],[-118.89034,51.74511],[-118.89255,51.74322],[-118.88946,51.74245],[-118.88993,51.73241],[-118.89796,51.72844],[-118.9026,51.72425],[-118.92033,51.71916],[-118.91942,51.71354],[-118.9145,51.70832],[-118.91792,51.70139],[-118.9255,51.70028],[-118.9276,51.69771],[-118.92469,51.6812],[-118.91904,51.67996],[-118.91428,51.67684],[-118.90899,51.67073],[-118.90862,51.66684],[-118.90606,51.66488],[-118.90633,51.65905],[-118.90431,51.65757],[-118.90429,51.65493],[-118.89623,51.65465],[-118.89166,51.64798],[-118.87671,51.64414],[-118.87149,51.63955],[-118.86691,51.64163],[-118.86551,51.64634],[-118.85268,51.64469],[-118.84195,51.63534],[-118.8311,51.63397],[-118.82257,51.63597],[-118.82134,51.63224],[-118.81835,51.63131],[-118.81385,51.626],[-118.8127,51.62068],[-118.82094,51.61909],[-118.81862,51.6167],[-118.82065,51.61313],[-118.81616,51.60974],[-118.81665,51.60791],[-118.8147,51.60555],[-118.81688,51.60305],[-118.81759,51.59555],[-118.81964,51.59352],[-118.81725,51.58885],[-118.8284,51.58691],[-118.82959,51.58442],[-118.8286,51.57962],[-118.83079,51.57885],[-118.82875,51.57755],[-118.82973,51.57547],[-118.82777,51.57009],[-118.82986,51.5688],[-118.8302,51.5655],[-118.82774,51.56469],[-118.82999,51.56133],[-118.82899,51.55803],[-118.82684,51.55732],[-118.82902,51.55662],[-118.828,51.55125],[-118.83237,51.54854],[-118.83287,51.54203],[-118.83877,51.53684],[-118.84042,51.53186],[-118.84388,51.52857],[-118.8328,51.52685],[-118.83089,51.52351],[-118.8269,51.52613],[-118.8153,51.52704],[-118.81032,51.52538],[-118.81194,51.52433],[-118.80942,51.52114],[-118.80404,51.52392],[-118.80262,51.52171],[-118.79293,51.52511],[-118.78305,51.5355],[-118.77776,51.53628],[-118.77637,51.53381],[-118.77203,51.53226],[-118.76942,51.52626],[-118.76457,51.52108],[-118.76334,51.52247],[-118.75679,51.52192],[-118.74817,51.52637],[-118.74604,51.52937],[-118.73761,51.52842],[-118.72274,51.51912],[-118.71701,51.512],[-118.70951,51.51109],[-118.70639,51.50866],[-118.69992,51.50861],[-118.69269,51.50312],[-118.69338,51.5001],[-118.70254,51.49764],[-118.70518,51.4944],[-118.71706,51.49314],[-118.71826,51.48998],[-118.71561,51.48236],[-118.71233,51.47986],[-118.71344,51.47804],[-118.71245,51.47611],[-118.69696,51.47391],[-118.68753,51.46935],[-118.68736,51.4661],[-118.68299,51.46473],[-118.68305,51.4629],[-118.67982,51.46112],[-118.67325,51.46143],[-118.67119,51.45878],[-118.66545,51.45882],[-118.65458,51.46211],[-118.65052,51.46073],[-118.63527,51.4641],[-118.63088,51.46183],[-118.63183,51.46027],[-118.63073,51.45827],[-118.63336,51.453],[-118.63133,51.44889],[-118.6337,51.44552],[-118.62719,51.44272],[-118.61761,51.44227],[-118.61405,51.44048],[-118.61113,51.43394],[-118.61224,51.43045],[-118.61021,51.42628],[-118.61363,51.42505],[-118.6072,51.42093],[-118.61748,51.41343],[-118.6207,51.41369],[-118.61899,51.40994],[-118.60577,51.4037],[-118.59879,51.40252],[-118.59806,51.39799],[-118.58618,51.39412],[-118.58411,51.3906],[-118.58016,51.39036],[-118.59045,51.38456],[-118.59108,51.38045],[-118.58944,51.37699],[-118.59089,51.37543],[-118.59047,51.37159],[-118.60469,51.37129],[-118.6081,51.36746],[-118.61726,51.36517],[-118.61547,51.35882],[-118.61653,51.35616],[-118.61536,51.35598],[-118.6155,51.35347],[-118.61336,51.35268],[-118.61565,51.35078],[-118.61322,51.34916],[-118.61411,51.34724],[-118.61274,51.34401],[-118.61391,51.34256],[-118.61071,51.33991],[-118.61567,51.33686],[-118.61598,51.32999],[-118.60822,51.32225],[-118.60716,51.31791],[-118.60431,51.31694],[-118.60395,51.31077],[-118.59636,51.30862],[-118.59096,51.30391],[-118.58877,51.29956],[-118.58323,51.297],[-118.57737,51.297],[-118.56728,51.3012],[-118.56536,51.30027],[-118.55785,51.3018],[-118.54612,51.30652],[-118.54033,51.30249],[-118.54461,51.2947],[-118.55473,51.28881],[-118.54959,51.28062],[-118.5512,51.27681],[-118.55801,51.26968],[-118.55787,51.26607],[-118.57058,51.25921],[-118.57168,51.256],[-118.57805,51.25302],[-118.57209,51.24375],[-118.5766,51.23995],[-118.57081,51.23719],[-118.56868,51.23245],[-118.56537,51.23108],[-118.56153,51.22645],[-118.54497,51.21689],[-118.54405,51.21435],[-118.54491,51.20822],[-118.55069,51.20507],[-118.56661,51.20315],[-118.56501,51.19376],[-118.5542,51.1877],[-118.55332,51.18506],[-118.53686,51.17784],[-118.50186,51.17867],[-118.49241,51.17631],[-118.48511,51.17649],[-118.47105,51.1714],[-118.475,51.16583],[-118.47339,51.15513],[-118.48894,51.15008],[-118.49226,51.14627],[-118.49003,51.14455],[-118.49156,51.13884],[-118.48982,51.13547],[-118.4834,51.13383],[-118.47997,51.13055],[-118.48011,51.12868],[-118.47578,51.1282],[-118.47399,51.12613],[-118.47886,51.12],[-118.47517,51.11306],[-118.48231,51.10868],[-118.48101,51.10632],[-118.48205,51.10357],[-118.47435,51.09626],[-118.47687,51.09381],[-118.47121,51.09145],[-118.46545,51.09122],[-118.46583,51.08666],[-118.46292,51.08621],[-118.46335,51.07952],[-118.45925,51.07651],[-118.45171,51.07743],[-118.44449,51.07535],[-118.43978,51.07035],[-118.4305,51.07414],[-118.43122,51.07114],[-118.42805,51.06556],[-118.42068,51.06082],[-118.42399,51.05615],[-118.435,51.05601],[-118.43418,51.04999],[-118.43643,51.04766],[-118.4314,51.04233],[-118.43023,51.0386],[-118.43507,51.03323],[-118.42604,51.03006],[-118.41898,51.02153],[-118.42216,51.01778],[-118.42512,51.01872],[-118.42856,51.01727],[-118.42548,51.01626],[-118.42591,51.01495],[-118.42177,51.01144],[-118.42601,51.00846],[-118.42847,51.00308],[-118.42371,51.00217],[-118.42142,50.99837],[-118.41507,50.9974],[-118.39275,51.00365],[-118.38714,50.99825],[-118.38241,50.99719],[-118.37882,50.98935],[-118.37123,50.98357],[-118.36396,50.96818],[-118.35639,50.96562],[-118.35895,50.95754],[-118.35739,50.95584],[-118.35301,50.95463],[-118.35231,50.95244],[-118.3384,50.95364],[-118.34071,50.95131],[-118.33895,50.95076],[-118.34073,50.94893],[-118.32899,50.94546],[-118.32876,50.93963],[-118.32548,50.9351],[-118.32584,50.93059],[-118.32407,50.92988],[-118.32546,50.92621],[-118.32374,50.92335],[-118.32369,50.91848],[-118.31672,50.91369],[-118.31526,50.90944],[-118.31555,50.9046],[-118.31983,50.90293],[-118.3201,50.90128],[-118.31451,50.89514],[-118.31498,50.88809],[-118.3091,50.88674],[-118.2926,50.8901],[-118.28517,50.89007],[-118.28353,50.89121],[-118.28322,50.8946],[-118.28035,50.89614],[-118.27445,50.8987],[-118.2701,50.89681],[-118.26966,50.89307],[-118.27119,50.89056],[-118.26533,50.8862],[-118.26693,50.88304],[-118.27706,50.87915],[-118.28152,50.88019],[-118.28398,50.87874],[-118.28383,50.87519],[-118.28684,50.87564],[-118.29242,50.87178],[-118.29477,50.86198],[-118.28951,50.85676],[-118.28786,50.85052],[-118.284,50.84762],[-118.2778,50.84735],[-118.26801,50.83936],[-118.27446,50.83172],[-118.27403,50.83],[-118.26767,50.82319],[-118.2585,50.81809],[-118.26252,50.8151],[-118.26954,50.81355],[-118.26889,50.81111],[-118.25985,50.80441],[-118.25461,50.79747],[-118.2615,50.79447],[-118.25764,50.79283],[-118.25868,50.78841],[-118.25717,50.78336],[-118.25279,50.78171],[-118.25382,50.78114],[-118.24971,50.77859],[-118.24797,50.77491],[-118.25155,50.76935],[-118.24313,50.76162],[-118.244,50.75517],[-118.23563,50.75274],[-118.23576,50.75092],[-118.2278,50.74366],[-118.20677,50.73645],[-118.21121,50.72941],[-118.20756,50.72388],[-118.20947,50.72261],[-118.20736,50.7199],[-118.20983,50.71629],[-118.20976,50.71284],[-118.2072,50.70904],[-118.20813,50.70519],[-118.21327,50.70286],[-118.20879,50.70137],[-118.20276,50.70196],[-118.20425,50.69932],[-118.20278,50.69742],[-118.20672,50.69331],[-118.20808,50.68918],[-118.21417,50.6835],[-118.21434,50.68011],[-118.20026,50.67418],[-118.18042,50.67238],[-118.17343,50.66654],[-118.18538,50.66213],[-118.18616,50.6604],[-118.2065,50.65482],[-118.19977,50.64621],[-118.20192,50.64204],[-118.20097,50.64002],[-118.20318,50.63966],[-118.19925,50.63803],[-118.19949,50.63504],[-118.1936,50.63383],[-118.18604,50.63588],[-118.18106,50.63529],[-118.18023,50.62559],[-118.17447,50.62087],[-118.17336,50.61798],[-118.16871,50.61659],[-118.16314,50.61228],[-118.16961,50.60662],[-118.16724,50.60401],[-118.16872,50.5936],[-118.16254,50.58969],[-118.16851,50.58745],[-118.1698,50.58361],[-118.17859,50.57915],[-118.17656,50.57397],[-118.17705,50.57086],[-118.18367,50.5689],[-118.18044,50.56623],[-118.18129,50.56116],[-118.17877,50.55806],[-118.18119,50.552],[-118.18965,50.54939],[-118.19945,50.55279],[-118.2042,50.55151],[-118.20488,50.54919],[-118.21074,50.54724],[-118.21034,50.54358],[-118.21314,50.5429],[-118.21626,50.53896],[-118.2037,50.53119],[-118.20609,50.52362],[-118.20485,50.5215],[-118.21176,50.5161],[-118.20976,50.51158],[-118.20463,50.51128],[-118.19619,50.50804],[-118.18876,50.5033],[-118.18892,50.50133],[-118.18732,50.50037],[-118.18122,50.50067],[-118.18107,50.49937],[-118.17477,50.49877],[-118.17157,50.49542],[-118.1762,50.49312],[-118.1764,50.49102],[-118.1808,50.49128],[-118.18664,50.48827],[-118.1863,50.48458],[-118.19107,50.47657],[-118.19588,50.47549],[-118.19672,50.47688],[-118.2058,50.47833],[-118.21103,50.48091],[-118.22108,50.47545],[-118.22198,50.47244],[-118.22026,50.47078],[-118.21398,50.46734],[-118.2076,50.46627],[-118.20546,50.46238],[-118.2073,50.46114],[-118.20284,50.45598],[-118.2019,50.45078],[-118.20773,50.44865],[-118.2098,50.44521],[-118.20836,50.43878],[-118.21875,50.43559],[-118.23534,50.4353],[-118.23918,50.43737],[-118.27077,50.43673],[-118.2693,50.42623],[-118.27164,50.42418],[-118.27112,50.41775],[-118.27452,50.41091],[-118.27526,50.40296],[-118.26471,50.40197],[-118.25989,50.39939],[-118.25371,50.3998],[-118.25742,50.39737],[-118.25632,50.39686],[-118.26422,50.39621],[-118.26747,50.39396],[-118.28027,50.3944],[-118.28338,50.39034],[-118.2947,50.38528],[-118.29896,50.37953],[-118.29507,50.37747],[-118.29138,50.3709],[-118.29983,50.35656],[-118.29923,50.35047],[-118.30445,50.34476],[-118.3041,50.3428],[-118.30614,50.3426],[-118.30558,50.34131],[-118.30264,50.33931],[-118.29296,50.33844],[-118.2796,50.34139],[-118.27718,50.33979],[-118.26769,50.34009],[-118.25742,50.33511],[-118.26252,50.32901],[-118.25626,50.32644],[-118.26119,50.31982],[-118.26102,50.31304],[-118.25875,50.30846],[-118.25232,50.30548],[-118.24845,50.30174],[-118.25349,50.30027],[-118.25388,50.29746],[-118.26286,50.29895],[-118.26762,50.29618],[-118.26714,50.29167],[-118.26984,50.28993],[-118.26857,50.28896],[-118.27133,50.28785],[-118.27123,50.2846],[-118.27482,50.28184],[-118.27366,50.27597],[-118.27457,50.27074],[-118.27154,50.26508],[-118.27282,50.26197],[-118.26949,50.26033],[-118.26884,50.25806],[-118.26993,50.25157],[-118.26262,50.24833],[-118.26611,50.24277],[-118.26348,50.23841],[-118.26462,50.23811],[-118.26178,50.23557],[-118.2608,50.22818],[-118.25738,50.22403],[-118.24958,50.22164],[-118.24949,50.21727],[-118.24422,50.21482],[-118.23751,50.20805],[-118.244,50.19989],[-118.24048,50.19762],[-118.24232,50.19511],[-118.24866,50.19175],[-118.25323,50.19133],[-118.25373,50.18763],[-118.2616,50.18268],[-118.25188,50.16975],[-118.27876,50.15637],[-118.27628,50.15147],[-118.28057,50.14699],[-118.28031,50.14315],[-118.29669,50.13488],[-118.30631,50.14128],[-118.32185,50.14429],[-118.32371,50.15138],[-118.33151,50.15622],[-118.33945,50.15635],[-118.34017,50.15808],[-118.33786,50.1608],[-118.34148,50.16475],[-118.34779,50.16486],[-118.35405,50.16826],[-118.36106,50.16429],[-118.37015,50.16412],[-118.37073,50.1654],[-118.37649,50.16374],[-118.37556,50.15515],[-118.38989,50.15218],[-118.3974,50.14784],[-118.40054,50.14382],[-118.40445,50.14193],[-118.40666,50.13546],[-118.41677,50.13387],[-118.41871,50.13731],[-118.43713,50.13418],[-118.44231,50.13622],[-118.44488,50.13291],[-118.44888,50.1314],[-118.4625,50.12994],[-118.46796,50.12559],[-118.47664,50.12494],[-118.47892,50.11773],[-118.49008,50.11432],[-118.49329,50.10822],[-118.49801,50.10719],[-118.50448,50.09892],[-118.50769,50.09759],[-118.52046,50.10482],[-118.52342,50.10773],[-118.52264,50.11219],[-118.52501,50.11314],[-118.53147,50.11258],[-118.53519,50.10858],[-118.53923,50.11082],[-118.54651,50.11191],[-118.55686,50.10942],[-118.56639,50.10515],[-118.56787,50.103],[-118.57054,50.10301],[-118.57262,50.10014],[-118.57204,50.09799],[-118.57401,50.09735],[-118.57761,50.09729],[-118.57835,50.10089],[-118.58226,50.10347],[-118.58785,50.10382],[-118.59239,50.10599],[-118.60244,50.09964],[-118.61156,50.09027],[-118.62411,50.0872],[-118.6244,50.08914],[-118.633,50.08958],[-118.6472,50.09521],[-118.65819,50.09216],[-118.65667,50.08994],[-118.65819,50.08785],[-118.66671,50.0937],[-118.6713,50.09494],[-118.67472,50.0908],[-118.68384,50.09053],[-118.68783,50.0871],[-118.69341,50.09026],[-118.70178,50.09139],[-118.70105,50.08849],[-118.69801,50.08692],[-118.69904,50.08439],[-118.70297,50.08283],[-118.70045,50.08002],[-118.70318,50.07297],[-118.7017,50.07218],[-118.71363,50.06677],[-118.71496,50.06419],[-118.71324,50.06196],[-118.71378,50.05985],[-118.7094,50.05673],[-118.71036,50.05322],[-118.71402,50.05196],[-118.71611,50.05422],[-118.723,50.0562],[-118.72307,50.0577],[-118.7293,50.05834],[-118.73552,50.05631],[-118.73597,50.05222],[-118.73942,50.05015],[-118.73918,50.04575],[-118.74296,50.04518],[-118.74551,50.04742],[-118.74937,50.04534],[-118.75546,50.05002],[-118.76267,50.05294],[-118.76647,50.05158],[-118.76898,50.05421],[-118.77384,50.05006],[-118.78036,50.04802],[-118.78241,50.04477],[-118.78733,50.0449],[-118.78855,50.04204],[-118.78697,50.03764],[-118.78888,50.03262],[-118.79173,50.03052],[-118.7914,50.02836],[-118.79685,50.02568],[-118.79979,50.02589],[-118.80272,50.02151],[-118.80905,50.02185],[-118.81397,50.02635],[-118.81872,50.02308],[-118.82206,50.02469],[-118.8271,50.03019],[-118.82982,50.03113],[-118.82885,50.0352],[-118.83073,50.03645],[-118.83672,50.03761],[-118.84269,50.03552],[-118.85814,50.03708],[-118.86266,50.04156],[-118.86121,50.04561],[-118.87997,50.05422],[-118.88423,50.0538],[-118.88972,50.05065],[-118.90105,50.05505],[-118.90774,50.05464],[-118.91729,50.05153],[-118.9262,50.04389],[-118.93726,50.04542],[-118.94636,50.05093],[-118.9455,50.05169],[-118.95018,50.05549],[-118.95327,50.05169],[-118.96252,50.04935],[-118.96891,50.0447],[-118.9726,50.04624],[-118.97287,50.0447],[-118.98749,50.04653],[-118.98967,50.0452],[-118.99268,50.04718],[-119.00304,50.04501],[-119.0096,50.04844],[-119.03409,50.04698],[-119.03739,50.0439],[-119.0413,50.04341],[-119.04416,50.04527],[-119.06258,50.04537],[-119.06885,50.04761],[-119.07099,50.0474],[-119.07288,50.0449],[-119.0814,50.04518],[-119.09553,50.04903],[-119.09637,50.05063],[-119.09824,50.04952],[-119.10906,50.05079],[-119.11044,50.04466],[-119.10925,50.04038],[-119.12175,50.03915],[-119.12479,50.03617],[-119.12715,50.03786],[-119.13146,50.03678],[-119.13557,50.04122],[-119.14472,50.03724],[-119.14985,50.04101],[-119.15798,50.04177],[-119.16044,50.04463],[-119.16055,50.04764],[-119.15502,50.05053],[-119.15858,50.05283],[-119.16953,50.05085],[-119.17935,50.05209],[-119.17951,50.05837],[-119.17791,50.06035],[-119.17519,50.06271],[-119.17015,50.06311],[-119.16562,50.06558],[-119.16496,50.07319],[-119.1672,50.07557],[-119.17344,50.07745],[-119.17098,50.08513],[-119.16807,50.08729],[-119.1692,50.0919],[-119.16082,50.09611],[-119.16234,50.09799],[-119.16132,50.10054],[-119.15821,50.10066],[-119.15695,50.09821],[-119.15492,50.10209],[-119.15068,50.10423],[-119.15071,50.10983],[-119.14875,50.11309],[-119.14365,50.11716],[-119.14314,50.1194],[-119.13979,50.12098],[-119.14315,50.12262],[-119.14234,50.12379],[-119.14388,50.12471],[-119.14082,50.13049],[-119.14303,50.13237],[-119.14213,50.13446],[-119.14366,50.13501],[-119.14198,50.1427],[-119.13726,50.14416],[-119.13385,50.14905],[-119.13012,50.14838],[-119.12953,50.14637],[-119.12472,50.15107],[-119.10416,50.15528],[-119.10171,50.1631],[-119.09301,50.16268],[-119.07727,50.17248],[-119.0745,50.17086],[-119.06945,50.17276],[-119.06976,50.17399],[-119.06285,50.1729],[-119.05683,50.17413],[-119.06059,50.176],[-119.06312,50.18206],[-119.06005,50.18559],[-119.06084,50.19007],[-119.05711,50.19286],[-119.05969,50.19472],[-119.07177,50.1959],[-119.07443,50.2042],[-119.08114,50.20933],[-119.0709,50.21778],[-119.07232,50.21857],[-119.07144,50.22055],[-119.06631,50.22278],[-119.06472,50.22943],[-119.07577,50.23435],[-119.07384,50.23829],[-119.07714,50.24407],[-119.07012,50.24539],[-119.06081,50.25],[-119.05152,50.26139],[-119.05145,50.26756],[-119.04278,50.27159],[-119.05082,50.27385],[-119.05121,50.28879],[-119.04884,50.29212],[-119.046,50.29343],[-119.04132,50.29288],[-119.03441,50.2903],[-119.03139,50.29372],[-119.02861,50.2912],[-119.02438,50.29384],[-119.02134,50.29978],[-119.01225,50.29997],[-119.01344,50.30296],[-119.01655,50.3044],[-119.01233,50.30567],[-119.01304,50.30762],[-119.0112,50.30949],[-119.01269,50.31641],[-119.00818,50.32213],[-119.01171,50.32736],[-119.01268,50.33315],[-119.01115,50.34052],[-119.01611,50.3396],[-119.01933,50.33651],[-119.02241,50.33644],[-119.02536,50.33858],[-119.03107,50.33567],[-119.03548,50.33873],[-119.04273,50.33864],[-119.04861,50.34222],[-119.05171,50.34213],[-119.05896,50.3459],[-119.06055,50.34919],[-119.06341,50.35032],[-119.05838,50.35824],[-119.06503,50.36795],[-119.07216,50.36886],[-119.07221,50.37099],[-119.07418,50.3714],[-119.08128,50.36982],[-119.08262,50.36679],[-119.08887,50.36416],[-119.09202,50.36568],[-119.10656,50.36619],[-119.11214,50.36128],[-119.11614,50.36073],[-119.11768,50.3557],[-119.1199,50.35511],[-119.12392,50.35493],[-119.12535,50.35838],[-119.13122,50.35976],[-119.13438,50.3625],[-119.13463,50.36772],[-119.13959,50.3735],[-119.14147,50.37975],[-119.13868,50.38436],[-119.14344,50.38515],[-119.14287,50.38708],[-119.14501,50.38843],[-119.14053,50.39141],[-119.13991,50.39893],[-119.13392,50.40681],[-119.13537,50.408],[-119.13824,50.42056],[-119.14704,50.42177],[-119.15027,50.42816],[-119.15676,50.43189],[-119.1556,50.43473],[-119.15697,50.43777],[-119.1645,50.44156],[-119.1632,50.44304],[-119.16977,50.45165],[-119.17568,50.45397],[-119.17678,50.45751],[-119.17529,50.46337],[-119.17041,50.46421],[-119.17051,50.46738],[-119.17423,50.46833],[-119.17582,50.47435],[-119.17849,50.47592],[-119.18464,50.47493],[-119.19053,50.47739],[-119.20169,50.47863],[-119.2005,50.48046],[-119.20295,50.48066],[-119.20303,50.48367],[-119.19951,50.48801],[-119.1998,50.4961],[-119.20219,50.49699],[-119.19992,50.50781],[-119.20325,50.51076],[-119.20432,50.51474],[-119.2016,50.51611],[-119.2054,50.5188],[-119.20796,50.52366],[-119.21405,50.52604],[-119.21206,50.53434],[-119.20646,50.53682],[-119.21243,50.55064],[-119.20465,50.55316],[-119.20826,50.55587],[-119.19979,50.56252],[-119.19869,50.56567],[-119.19455,50.56794],[-119.18582,50.56755],[-119.18368,50.5719],[-119.18409,50.57854],[-119.18679,50.5816],[-119.18378,50.58515],[-119.18988,50.58989],[-119.19621,50.58826],[-119.20207,50.58904],[-119.20324,50.58704],[-119.21043,50.58558],[-119.21505,50.5886],[-119.21355,50.59137],[-119.21437,50.59744],[-119.21137,50.60358],[-119.21115,50.60768],[-119.20827,50.60898],[-119.2065,50.61242],[-119.2083,50.61652],[-119.21787,50.61918],[-119.22395,50.62467],[-119.22692,50.62398],[-119.25679,50.62957],[-119.26769,50.62894],[-119.27637,50.62611],[-119.28062,50.63013],[-119.28079,50.63243],[-119.29088,50.63234],[-119.29739,50.63472],[-119.29679,50.63017],[-119.29447,50.62765],[-119.29788,50.62533],[-119.29805,50.62358],[-119.29242,50.62301],[-119.29208,50.62005],[-119.29722,50.61235],[-119.29862,50.60474],[-119.30643,50.59403],[-119.28755,50.58873],[-119.28687,50.58551],[-119.28841,50.58343],[-119.28559,50.57798],[-119.27799,50.57413],[-119.28064,50.56645],[-119.28372,50.56629],[-119.28548,50.56219],[-119.29176,50.56395],[-119.29396,50.56306],[-119.29357,50.55723],[-119.29623,50.55476],[-119.29651,50.54774],[-119.29381,50.54695],[-119.29256,50.54327],[-119.28732,50.54346],[-119.28532,50.53552],[-119.28117,50.53303],[-119.27868,50.52759],[-119.26412,50.52858],[-119.25595,50.52705],[-119.25102,50.52922],[-119.24322,50.5294],[-119.23828,50.52785],[-119.23702,50.52358],[-119.22483,50.51693],[-119.22642,50.50801],[-119.23153,50.50718],[-119.22647,50.5017],[-119.22512,50.49705],[-119.23274,50.49638],[-119.23909,50.49187],[-119.24642,50.49415],[-119.25312,50.49336],[-119.25857,50.48808],[-119.25967,50.48482],[-119.26499,50.4819],[-119.26031,50.47922],[-119.26312,50.47687],[-119.26105,50.46543],[-119.28503,50.45453],[-119.28306,50.45073],[-119.28735,50.44902],[-119.28649,50.44603],[-119.28963,50.43867],[-119.28853,50.43724],[-119.29199,50.43701],[-119.29445,50.4283],[-119.29901,50.42708],[-119.29953,50.42239],[-119.30108,50.42131],[-119.2992,50.41939],[-119.30252,50.41431],[-119.3074,50.41726],[-119.32075,50.41801],[-119.32336,50.42139],[-119.32582,50.42092],[-119.32479,50.41711],[-119.32706,50.41549],[-119.32809,50.41712],[-119.34043,50.41399],[-119.35343,50.41428],[-119.37564,50.42144],[-119.388,50.42314],[-119.3915,50.42121],[-119.39099,50.41716],[-119.38838,50.41351],[-119.39712,50.41067],[-119.40173,50.4117],[-119.4094,50.41034],[-119.41077,50.40632],[-119.41304,50.40574],[-119.42795,50.40836],[-119.42692,50.40665],[-119.42916,50.40399],[-119.43406,50.40456],[-119.43867,50.4009],[-119.44108,50.40184],[-119.44414,50.41038],[-119.45066,50.41072],[-119.45241,50.4161],[-119.45195,50.42034],[-119.46466,50.41889],[-119.46555,50.41656],[-119.46764,50.41789],[-119.46739,50.41951],[-119.47062,50.42091],[-119.47494,50.41975],[-119.48237,50.42175],[-119.4903,50.42057],[-119.49506,50.42218],[-119.49655,50.42111],[-119.50173,50.42329],[-119.51105,50.42353],[-119.51541,50.4267],[-119.5267,50.42714],[-119.53389,50.43016],[-119.53692,50.42647],[-119.54151,50.4273],[-119.54542,50.43038],[-119.54521,50.43241],[-119.5475,50.43363],[-119.5485,50.43649],[-119.55861,50.43605],[-119.56481,50.44631],[-119.56501,50.44967],[-119.56135,50.45282],[-119.56164,50.45422],[-119.56756,50.45803],[-119.5666,50.46126],[-119.56799,50.46454],[-119.56987,50.46521],[-119.58129,50.46437],[-119.58515,50.46017],[-119.58542,50.45552],[-119.58908,50.45395],[-119.58887,50.4527],[-119.59463,50.45138],[-119.59677,50.45317],[-119.60092,50.45332],[-119.60362,50.45049],[-119.60996,50.44856],[-119.60975,50.44649],[-119.61348,50.44369],[-119.61283,50.44285],[-119.62189,50.44123],[-119.6236,50.43867],[-119.63361,50.4398],[-119.64091,50.44281],[-119.64866,50.43749],[-119.66161,50.44018],[-119.66627,50.43794],[-119.6676,50.43112],[-119.66071,50.42735],[-119.65906,50.42447],[-119.66609,50.42105],[-119.6697,50.41746],[-119.67064,50.41414],[-119.66613,50.41401],[-119.65829,50.40929],[-119.64291,50.40993],[-119.64342,50.40487],[-119.6412,50.40241],[-119.64116,50.39355],[-119.64151,50.3895],[-119.64332,50.38811],[-119.6399,50.38187],[-119.63652,50.38072],[-119.63383,50.37514],[-119.63626,50.37151],[-119.6392,50.37052],[-119.64834,50.37042],[-119.64837,50.36631],[-119.64582,50.36365],[-119.64702,50.36133],[-119.65561,50.36041],[-119.66185,50.36371],[-119.66283,50.36151],[-119.6583,50.35629],[-119.66301,50.35317],[-119.66063,50.35131],[-119.66353,50.34754],[-119.67446,50.34821],[-119.682,50.34472],[-119.66914,50.33562],[-119.67912,50.33555],[-119.68199,50.33337],[-119.68141,50.32833],[-119.68931,50.32795],[-119.69316,50.32393],[-119.69881,50.32525],[-119.70951,50.32096],[-119.71236,50.32115],[-119.71038,50.31517],[-119.70104,50.31091],[-119.69836,50.30876],[-119.6989,50.3066],[-119.69374,50.30592],[-119.69002,50.3073],[-119.68169,50.30524],[-119.68092,50.30422],[-119.68516,50.29964],[-119.68358,50.29545],[-119.68752,50.29185],[-119.68766,50.28943],[-119.69233,50.2891],[-119.69489,50.28718],[-119.70141,50.28803],[-119.70329,50.28247],[-119.71506,50.27442],[-119.71471,50.27255],[-119.71932,50.26994],[-119.72508,50.26098],[-119.74586,50.26233],[-119.75305,50.2596],[-119.75437,50.25678],[-119.75227,50.25144],[-119.75645,50.24803],[-119.7579,50.24265],[-119.76252,50.24062],[-119.76405,50.2379],[-119.76091,50.23624],[-119.75892,50.23203],[-119.75532,50.23231],[-119.75335,50.22805],[-119.75553,50.2274],[-119.7551,50.22602],[-119.75195,50.22471],[-119.7498,50.22113],[-119.7505,50.21772],[-119.74712,50.21577],[-119.74586,50.20939],[-119.74677,50.20526],[-119.75446,50.20392],[-119.75774,50.20124],[-119.76494,50.20225],[-119.77482,50.19951],[-119.7838,50.20357],[-119.79002,50.20314],[-119.79157,50.2056],[-119.79509,50.20534],[-119.79621,50.20365],[-119.80353,50.20396],[-119.80613,50.19654],[-119.81315,50.19354],[-119.82135,50.18717],[-119.82648,50.18535],[-119.82831,50.18636],[-119.83103,50.18404],[-119.82948,50.18152],[-119.81802,50.18256],[-119.81541,50.18015],[-119.81271,50.17993],[-119.81409,50.17739],[-119.81025,50.17697],[-119.80934,50.17553],[-119.81005,50.16964],[-119.80211,50.16615],[-119.80228,50.16328],[-119.79882,50.15648],[-119.80739,50.1501],[-119.8042,50.15028],[-119.80022,50.14788],[-119.79216,50.15041],[-119.77753,50.14764],[-119.7805,50.13598],[-119.77895,50.13284],[-119.78101,50.1317],[-119.77762,50.12049],[-119.76481,50.12496],[-119.76291,50.12257],[-119.75391,50.12176],[-119.75146,50.1257],[-119.74882,50.12566],[-119.74473,50.12393],[-119.74463,50.12151],[-119.74685,50.11883],[-119.74041,50.11788],[-119.74138,50.11555],[-119.73844,50.10966],[-119.73485,50.10699],[-119.72971,50.10617],[-119.73285,50.10367],[-119.73531,50.09864],[-119.74305,50.09861],[-119.74331,50.09705],[-119.74588,50.09645],[-119.74241,50.09388],[-119.74289,50.09216],[-119.74137,50.09075],[-119.74579,50.08979],[-119.74397,50.08702],[-119.76138,50.08624],[-119.76174,50.0826],[-119.75954,50.08122],[-119.7526,50.08359],[-119.74452,50.07825],[-119.75624,50.07291],[-119.75529,50.07002],[-119.75957,50.07003],[-119.76802,50.06519],[-119.76077,50.06091],[-119.75932,50.05756],[-119.76253,50.04623],[-119.7668,50.04673],[-119.76845,50.04496],[-119.77263,50.04532],[-119.77735,50.04325],[-119.78329,50.04406],[-119.78445,50.04053],[-119.79469,50.03981],[-119.80166,50.03663],[-119.80676,50.03072],[-119.80377,50.02296],[-119.80118,50.02117],[-119.79675,50.02243],[-119.78712,50.0174],[-119.77252,50.01449],[-119.77288,50.01258],[-119.78403,50.00229],[-119.81353,50.00289],[-119.81862,49.99783],[-119.82337,49.99891],[-119.82679,49.99673],[-119.82843,49.99223],[-119.82409,49.99043],[-119.82414,49.9876],[-119.82626,49.98687],[-119.82635,49.98414],[-119.82882,49.98341],[-119.82933,49.98119],[-119.84212,49.98086],[-119.84336,49.97657],[-119.84755,49.97325],[-119.85179,49.9721],[-119.85372,49.97555],[-119.85553,49.97555],[-119.8586,49.97396],[-119.86107,49.96908],[-119.86812,49.96902],[-119.87276,49.9658],[-119.88379,49.96767],[-119.89155,49.96504],[-119.89394,49.96365],[-119.89479,49.95886],[-119.9063,49.95641],[-119.91198,49.95392],[-119.91538,49.95005],[-119.91949,49.94901],[-119.91876,49.94683],[-119.92082,49.94192],[-119.93109,49.9341],[-119.93648,49.93475],[-119.93773,49.93552],[-119.93662,49.93661],[-119.93937,49.93799],[-119.94309,49.9373],[-119.9436,49.94013],[-119.9536,49.94639],[-119.96157,49.94134],[-119.97716,49.94176],[-119.98388,49.9363],[-119.99053,49.93668],[-119.99568,49.93396],[-119.99954,49.92243],[-120.00808,49.91999],[-120.01449,49.92042],[-120.01741,49.91644],[-120.01613,49.91406],[-120.02408,49.91191],[-120.03003,49.91247],[-120.03875,49.90722],[-120.03146,49.90172],[-120.02752,49.90215],[-120.02813,49.89832],[-120.02452,49.89543],[-120.03205,49.89406],[-120.03629,49.8907],[-120.03387,49.88774],[-120.03377,49.88496],[-120.02843,49.88371],[-120.02786,49.87796],[-120.02878,49.87657],[-120.03609,49.87814],[-120.04626,49.87569],[-120.05473,49.87744],[-120.05865,49.87572],[-120.05945,49.86775],[-120.05208,49.86327],[-120.05112,49.86097],[-120.05399,49.85962],[-120.05731,49.851],[-120.06081,49.84985],[-120.05758,49.84735],[-120.05773,49.84547],[-120.06564,49.84342],[-120.05972,49.84052],[-120.07581,49.83444],[-120.08087,49.83482],[-120.08156,49.83873],[-120.08709,49.84343],[-120.0924,49.84348],[-120.0942,49.84506],[-120.10086,49.84267],[-120.1195,49.84414],[-120.12263,49.84905],[-120.13298,49.84766],[-120.14105,49.85032],[-120.14229,49.85391],[-120.14589,49.85455],[-120.14577,49.85656],[-120.1425,49.85926],[-120.14325,49.86016],[-120.15119,49.85899],[-120.15835,49.86016],[-120.1615,49.85831],[-120.16969,49.86206],[-120.17411,49.85555],[-120.18671,49.85654],[-120.18825,49.85538],[-120.19012,49.85636],[-120.19026,49.85922],[-120.19934,49.86242],[-120.20462,49.8566],[-120.20832,49.85793],[-120.20835,49.85642],[-120.21265,49.85674],[-120.21424,49.8521],[-120.2247,49.84612],[-120.23654,49.84454],[-120.24789,49.84602],[-120.24543,49.85223],[-120.24743,49.85391],[-120.24731,49.8573],[-120.2508,49.86324],[-120.24779,49.86645],[-120.24921,49.87113],[-120.246,49.87415],[-120.24915,49.87981],[-120.25474,49.88065],[-120.25546,49.88293],[-120.26117,49.88487],[-120.2669,49.88177],[-120.27076,49.89032],[-120.27313,49.89216],[-120.27309,49.89487],[-120.27619,49.8938],[-120.27796,49.89694],[-120.28481,49.8938],[-120.28571,49.8883],[-120.28872,49.88864],[-120.28948,49.89209],[-120.28742,49.89654],[-120.29022,49.90067],[-120.29295,49.90166],[-120.30857,49.89771],[-120.30946,49.8995],[-120.31719,49.90127],[-120.31712,49.90516],[-120.31913,49.90585],[-120.32048,49.91],[-120.31948,49.91093],[-120.32687,49.91364],[-120.33084,49.91199],[-120.33199,49.91339],[-120.33898,49.91241],[-120.33937,49.9098],[-120.3468,49.90722],[-120.35193,49.90948],[-120.35348,49.90489],[-120.35898,49.90671],[-120.36328,49.90341],[-120.36827,49.90272],[-120.37226,49.90267],[-120.37322,49.90456],[-120.37547,49.90487],[-120.37886,49.90435],[-120.37843,49.9018],[-120.37934,49.90293],[-120.39518,49.90077],[-120.40715,49.90429],[-120.42075,49.89475],[-120.43512,49.8955],[-120.43768,49.89471],[-120.4373,49.89314],[-120.4442,49.89253],[-120.44606,49.88937],[-120.45372,49.88506],[-120.4548,49.88249],[-120.46153,49.88302],[-120.46497,49.88559],[-120.47191,49.88551],[-120.47121,49.88001],[-120.47429,49.87936],[-120.4861,49.88007],[-120.48502,49.88443],[-120.4922,49.88818],[-120.49926,49.8889],[-120.50839,49.88705],[-120.51117,49.88343],[-120.51112,49.87571],[-120.51599,49.87032],[-120.51849,49.86908],[-120.52221,49.87055],[-120.52781,49.86879],[-120.53409,49.86914],[-120.5361,49.86971],[-120.53491,49.87134],[-120.53764,49.87674],[-120.54407,49.87824],[-120.5458,49.88171],[-120.55034,49.88375],[-120.56117,49.88385],[-120.5714,49.88709],[-120.57199,49.889],[-120.56863,49.89015],[-120.57151,49.89379],[-120.56867,49.8977],[-120.5707,49.90108],[-120.5768,49.90663],[-120.58158,49.90763],[-120.58211,49.91076],[-120.58576,49.91494],[-120.5837,49.91556],[-120.58462,49.91741],[-120.5928,49.92152],[-120.59076,49.92359],[-120.59104,49.92684],[-120.59881,49.92892],[-120.59937,49.9317],[-120.60317,49.93449],[-120.59846,49.9342],[-120.59595,49.93721],[-120.59398,49.94994],[-120.58987,49.95296],[-120.58975,49.95534],[-120.59499,49.95822],[-120.59231,49.96106],[-120.59648,49.96366],[-120.61059,49.9644],[-120.61232,49.96316],[-120.62333,49.96627],[-120.62742,49.96499],[-120.63875,49.96773],[-120.63712,49.97305],[-120.63035,49.97799],[-120.6313,49.97892],[-120.62997,49.97956],[-120.63005,49.98294],[-120.63732,49.98096],[-120.63999,49.98216],[-120.63989,49.984],[-120.64459,49.98526],[-120.64567,49.98461],[-120.64377,49.98052],[-120.64766,49.97898],[-120.64966,49.97245],[-120.65763,49.97053],[-120.66211,49.96275],[-120.65527,49.95916],[-120.65237,49.95438],[-120.65159,49.94897],[-120.65782,49.9449],[-120.6619,49.93029],[-120.66627,49.92633],[-120.66683,49.92026],[-120.66986,49.91696],[-120.67508,49.91601],[-120.69387,49.91744],[-120.68789,49.91387],[-120.68595,49.90912],[-120.68616,49.90379],[-120.68958,49.90027],[-120.68797,49.89815],[-120.68892,49.89299],[-120.69583,49.89364],[-120.6973,49.8908],[-120.70927,49.8905],[-120.71048,49.88979],[-120.70818,49.8855],[-120.70906,49.88231],[-120.71628,49.87934],[-120.72248,49.87909],[-120.72245,49.88095],[-120.72535,49.88322],[-120.72531,49.88613],[-120.73293,49.88749],[-120.73675,49.89251],[-120.7507,49.9009],[-120.74978,49.90264],[-120.75638,49.90459],[-120.76001,49.91064],[-120.76467,49.91159],[-120.77057,49.90814],[-120.78208,49.90769],[-120.7808,49.9021],[-120.79584,49.89904],[-120.79475,49.89647],[-120.79732,49.8942],[-120.79154,49.88969],[-120.78865,49.89428],[-120.78617,49.89292],[-120.78637,49.89134],[-120.78092,49.88672],[-120.77367,49.88354],[-120.77759,49.87977],[-120.77549,49.8782],[-120.79402,49.86826],[-120.80389,49.86582],[-120.80645,49.86271],[-120.81243,49.86415],[-120.81628,49.86305],[-120.82217,49.86627],[-120.82574,49.86496],[-120.8309,49.86615],[-120.83499,49.86935],[-120.84225,49.86839],[-120.84477,49.86538],[-120.85132,49.86349],[-120.86664,49.85323],[-120.87302,49.85083],[-120.87457,49.84819],[-120.87271,49.84683],[-120.87469,49.84605],[-120.87474,49.8436],[-120.86986,49.83907],[-120.86801,49.83343],[-120.86601,49.8336],[-120.86311,49.8279],[-120.87084,49.82205],[-120.8773,49.81222],[-120.88427,49.80817],[-120.88399,49.8055],[-120.88046,49.80251],[-120.88075,49.7978],[-120.87664,49.79364],[-120.87885,49.79184],[-120.87784,49.78614],[-120.8869,49.78259],[-120.88984,49.78365],[-120.89375,49.78214],[-120.89173,49.78074],[-120.89446,49.77702],[-120.89301,49.77504],[-120.8942,49.77082],[-120.89258,49.76889],[-120.91642,49.76034],[-120.92529,49.75442],[-120.92624,49.75331],[-120.92175,49.75261],[-120.92085,49.74959],[-120.91475,49.74813],[-120.91669,49.73941],[-120.9152,49.73366],[-120.91699,49.7301],[-120.93142,49.72693],[-120.93366,49.72076],[-120.93116,49.71831],[-120.93334,49.71596],[-120.94852,49.71589],[-120.95924,49.70461],[-120.95867,49.70074],[-120.96276,49.69684],[-120.96291,49.69158],[-120.97254,49.68845],[-120.97079,49.68634],[-120.97178,49.68508],[-120.96819,49.68113],[-120.95759,49.67775],[-120.95667,49.67601],[-120.96056,49.66864],[-120.95837,49.66605],[-120.96134,49.66277],[-120.95905,49.65795],[-120.95966,49.6544],[-120.96348,49.65102],[-120.95744,49.6418],[-120.96737,49.63587],[-120.96554,49.63418],[-120.96951,49.62801],[-120.96167,49.62028],[-120.96049,49.61399],[-120.96993,49.60694],[-120.97501,49.61052],[-120.98265,49.61142],[-120.98296,49.60965],[-120.99267,49.60303],[-120.99312,49.60118],[-120.98961,49.59756],[-121.00405,49.59405],[-121.0164,49.5871],[-121.02593,49.58999],[-121.03709,49.587],[-121.03848,49.58382],[-121.04125,49.58348],[-121.04008,49.57981],[-121.0427,49.57815],[-121.03941,49.57469],[-121.03913,49.57102],[-121.03704,49.56971],[-121.039,49.56878],[-121.03324,49.56778],[-121.03297,49.56485],[-121.03716,49.55569],[-121.03497,49.55167],[-121.03559,49.54971],[-121.04482,49.54732],[-121.0487,49.54267],[-121.04748,49.53982],[-121.04867,49.53948],[-121.04837,49.53593],[-121.04529,49.52932],[-121.04994,49.52828],[-121.05318,49.52556],[-121.0676,49.52529],[-121.07803,49.52015],[-121.0779,49.51818],[-121.08062,49.51535],[-121.07363,49.50768],[-121.07333,49.50488],[-121.07133,49.5041],[-121.0737,49.49599],[-121.06808,49.49323],[-121.06578,49.49001],[-121.06297,49.4897],[-121.05911,49.47972],[-121.05498,49.4756],[-121.04932,49.47472],[-121.04897,49.47348],[-121.06058,49.46908],[-121.06872,49.46925],[-121.07284,49.47112],[-121.074,49.47365],[-121.0801,49.47158],[-121.09011,49.47181],[-121.08698,49.46647],[-121.08039,49.46511],[-121.07886,49.4621],[-121.07868,49.45728],[-121.08559,49.45387],[-121.08521,49.44995],[-121.08947,49.44457],[-121.08941,49.44161],[-121.09447,49.43885],[-121.09362,49.43763],[-121.09542,49.43417],[-121.09183,49.43387],[-121.09021,49.4307],[-121.09039,49.4262],[-121.08764,49.42441],[-121.09213,49.41421],[-121.09961,49.41101],[-121.09986,49.40786],[-121.09631,49.4028],[-121.09698,49.39599],[-121.10224,49.39242],[-121.1107,49.39338],[-121.11636,49.38959],[-121.11384,49.38399],[-121.10345,49.37619],[-121.09339,49.37295],[-121.08681,49.37292],[-121.08578,49.37076],[-121.08023,49.36965],[-121.08051,49.36833],[-121.06029,49.36771],[-121.05963,49.36143],[-121.06183,49.36081],[-121.06294,49.35844],[-121.06923,49.35775],[-121.07302,49.35573],[-121.07596,49.35177],[-121.08567,49.34774],[-121.09592,49.3512],[-121.09812,49.34724],[-121.09438,49.34537],[-121.09486,49.34254],[-121.0926,49.34195],[-121.09163,49.33836],[-121.08927,49.3378],[-121.0801,49.32796],[-121.07611,49.3276],[-121.0659,49.33169],[-121.05473,49.3337],[-121.04215,49.32892],[-121.03998,49.32248],[-121.04312,49.32007],[-121.04151,49.31813],[-121.03808,49.31762],[-121.0335,49.31023],[-121.02598,49.30461],[-121.02416,49.3],[-121.02741,49.29633],[-121.02515,49.29195],[-121.03608,49.2862],[-121.04074,49.28612],[-121.04593,49.28229],[-121.04845,49.27766],[-121.05317,49.27809],[-121.05567,49.27571],[-121.05963,49.2769],[-121.0654,49.27518],[-121.07513,49.27605],[-121.07883,49.27422],[-121.08893,49.27904],[-121.1016,49.27636],[-121.10631,49.27833],[-121.11731,49.27878],[-121.13263,49.29174],[-121.1414,49.29517],[-121.14756,49.29505],[-121.15152,49.29154],[-121.16276,49.29053],[-121.17177,49.29852],[-121.17014,49.30062],[-121.17502,49.30634],[-121.17863,49.30676],[-121.19687,49.2978],[-121.20302,49.29659],[-121.20645,49.29703],[-121.20961,49.30075],[-121.21466,49.30226],[-121.21902,49.30134],[-121.22117,49.30422],[-121.22977,49.30678],[-121.24548,49.30232],[-121.24979,49.30419],[-121.26084,49.30467],[-121.26329,49.29932],[-121.27644,49.29319],[-121.28875,49.29218],[-121.29797,49.28592],[-121.30521,49.28623],[-121.31233,49.27851],[-121.32702,49.27547],[-121.32944,49.27272],[-121.33048,49.26671],[-121.33648,49.26158],[-121.3219,49.2542],[-121.32018,49.25163],[-121.32174,49.24145],[-121.32863,49.23739],[-121.3246,49.23416],[-121.32355,49.22458],[-121.32187,49.22119],[-121.31986,49.22074],[-121.32189,49.2186],[-121.31803,49.21234],[-121.32106,49.20883],[-121.31222,49.20581],[-121.30394,49.20591],[-121.29919,49.20846],[-121.28981,49.20179],[-121.28691,49.2019],[-121.28391,49.19578],[-121.28677,49.19126],[-121.28537,49.18593],[-121.27089,49.17715],[-121.27554,49.16888],[-121.29615,49.16709],[-121.29736,49.16449],[-121.30302,49.16159],[-121.30345,49.15721],[-121.30606,49.15454],[-121.30683,49.1459],[-121.31406,49.14551],[-121.31555,49.1425],[-121.32466,49.14012],[-121.33262,49.13536],[-121.33533,49.13121],[-121.33239,49.12877],[-121.33274,49.12728],[-121.33774,49.12216],[-121.33737,49.11597],[-121.34708,49.10426],[-121.34786,49.10125],[-121.34514,49.09746],[-121.34975,49.09556],[-121.35242,49.09105],[-121.35325,49.08558],[-121.36237,49.07927],[-121.36978,49.0791],[-121.38712,49.07437],[-121.3916,49.07643],[-121.39282,49.07983],[-121.39187,49.08566],[-121.38971,49.08743],[-121.39278,49.08977],[-121.39347,49.09244],[-121.40119,49.09248],[-121.40727,49.0953],[-121.41026,49.09943],[-121.40455,49.11058],[-121.4052,49.11665],[-121.40276,49.12264],[-121.40301,49.12569],[-121.40734,49.12751],[-121.40909,49.13159],[-121.40674,49.13532],[-121.40846,49.13851],[-121.43256,49.15231],[-121.43763,49.15254],[-121.44152,49.15468],[-121.45614,49.15141],[-121.45736,49.14717],[-121.46429,49.14613],[-121.47185,49.14057],[-121.48158,49.13768],[-121.48256,49.14034],[-121.48782,49.14346],[-121.49974,49.14781],[-121.50037,49.14872],[-121.49665,49.14902],[-121.4913,49.15397],[-121.48467,49.15465],[-121.48193,49.16061],[-121.4829,49.16221],[-121.49077,49.16355],[-121.48928,49.16869],[-121.49062,49.17052],[-121.50171,49.17143],[-121.50413,49.17501],[-121.51111,49.1771],[-121.51522,49.18288],[-121.52142,49.18715],[-121.5226,49.19069],[-121.51481,49.1948],[-121.51176,49.20078],[-121.51319,49.20611],[-121.51945,49.20727],[-121.5311,49.20638],[-121.54283,49.20329],[-121.54913,49.20388],[-121.55239,49.20183],[-121.55707,49.19237],[-121.55771,49.18171],[-121.56145,49.17955],[-121.56359,49.17488],[-121.5712,49.17132],[-121.57881,49.16353],[-121.58875,49.15773],[-121.61873,49.16539],[-121.61853,49.17034],[-121.62833,49.16804],[-121.63608,49.17011],[-121.64206,49.16726],[-121.65192,49.16832],[-121.65708,49.1722],[-121.66427,49.17242],[-121.66563,49.17393],[-121.66565,49.1787],[-121.67434,49.1802],[-121.68311,49.18563],[-121.68788,49.18424],[-121.69425,49.18069],[-121.70505,49.16703],[-121.70561,49.16127],[-121.70691,49.16052],[-121.74155,49.15813],[-121.74893,49.15062],[-121.74551,49.14454],[-121.74746,49.1431],[-121.74818,49.13964],[-121.75082,49.13686],[-121.76551,49.1299],[-121.76289,49.12529],[-121.76232,49.11914],[-121.7602,49.11734],[-121.75979,49.11293],[-121.76775,49.10687],[-121.77881,49.10439],[-121.78515,49.106],[-121.79093,49.11091],[-121.79848,49.11152],[-121.81185,49.11585],[-121.82445,49.11488],[-121.83411,49.11147],[-121.84176,49.11196],[-121.84778,49.10977],[-121.85234,49.11122],[-121.85778,49.10821],[-121.86713,49.10967],[-121.87379,49.11238],[-121.87481,49.11471],[-121.87949,49.11554],[-121.88531,49.11251],[-121.89106,49.11256],[-121.89354,49.10614],[-121.89278,49.10319],[-121.90275,49.09688],[-121.90343,49.09831],[-121.90981,49.09836],[-121.91473,49.09745],[-121.92236,49.09302],[-121.9338,49.09459],[-121.93777,49.09316],[-121.951,49.10201],[-121.95524,49.09841],[-121.95854,49.0988],[-121.96225,49.10148],[-121.97458,49.10159],[-121.97653,49.10378],[-121.99106,49.10689],[-121.99301,49.11067],[-121.99589,49.11135],[-121.997,49.11687],[-122.00181,49.11854],[-122.00435,49.11787],[-122.00728,49.11409],[-122.01004,49.11311],[-122.01104,49.11503],[-122.01417,49.11201],[-122.01682,49.11575],[-122.02116,49.11495],[-122.0231,49.12228],[-122.03144,49.12415],[-122.03246,49.12281],[-122.03523,49.12467],[-122.03047,49.13042],[-122.03158,49.13184],[-122.03822,49.13155],[-122.04116,49.13406],[-122.03928,49.13659],[-122.04125,49.13879],[-122.04028,49.14076],[-122.06898,49.13707],[-122.06899,49.13847],[-122.067,49.13847],[-122.0691,49.14347],[-122.0772,49.14234],[-122.07675,49.14087],[-122.08069,49.1386],[-122.09294,49.13827],[-122.09387,49.14046],[-122.09778,49.14112],[-122.09966,49.14444],[-122.10351,49.14269],[-122.11211,49.14379],[-122.11526,49.1414],[-122.11854,49.14232],[-122.12918,49.14067],[-122.13388,49.12837],[-122.12554,49.12435],[-122.13049,49.11988],[-122.13582,49.11786],[-122.138,49.11393],[-122.1428,49.11128],[-122.14398,49.10943],[-122.14176,49.10557],[-122.15112,49.10254],[-122.15904,49.09706],[-122.17532,49.10325],[-122.17827,49.10289],[-122.18016,49.10471],[-122.19077,49.10179],[-122.19105,49.09875],[-122.19606,49.09185],[-122.19262,49.08749],[-122.19797,49.08524],[-122.19709,49.08142],[-122.20647,49.08132],[-122.2051,49.07389],[-122.20885,49.07103],[-122.21027,49.06853],[-122.20931,49.06591],[-122.21229,49.06353],[-122.23568,49.05432],[-122.23478,49.05349],[-122.23726,49.05062],[-122.24646,49.05206],[-122.24924,49.05668],[-122.25537,49.05853],[-122.26379,49.05415],[-122.27306,49.05475],[-122.27082,49.05025],[-122.27209,49.04907],[-122.2761,49.04714],[-122.27828,49.04944],[-122.28389,49.0482],[-122.2884,49.04496],[-122.28749,49.04312],[-122.29336,49.04191],[-122.29299,49.03876],[-122.29644,49.03512],[-122.30749,49.03213],[-122.31128,49.03446],[-122.32046,49.03361],[-122.32544,49.03054],[-122.32815,49.03571],[-122.32531,49.04291],[-122.33137,49.0439],[-122.33661,49.04194],[-122.337,49.04379],[-122.34112,49.04553],[-122.34326,49.04516],[-122.34336,49.04377],[-122.34917,49.0432],[-122.3527,49.04582],[-122.34856,49.04874],[-122.34937,49.05179],[-122.3471,49.05375],[-122.33987,49.05147],[-122.33922,49.05376],[-122.33693,49.05024],[-122.33294,49.04983],[-122.33125,49.05185],[-122.33405,49.05503],[-122.3339,49.05779],[-122.33702,49.05949],[-122.33915,49.06332],[-122.3496,49.06646],[-122.35512,49.06453],[-122.36314,49.06843],[-122.37362,49.06968],[-122.37472,49.06816],[-122.37368,49.06743],[-122.38012,49.06254],[-122.38637,49.06407],[-122.39467,49.07025],[-122.399,49.06975],[-122.40127,49.07135],[-122.40306,49.06977],[-122.40219,49.06775],[-122.40954,49.06565],[-122.41089,49.06207],[-122.40963,49.06153],[-122.40882,49.05598],[-122.41402,49.05121],[-122.4187,49.05479],[-122.43048,49.05798],[-122.44896,49.06033],[-122.45153,49.06304],[-122.45891,49.065],[-122.4672,49.07305],[-122.47256,49.07176],[-122.47574,49.07261],[-122.48834,49.07891],[-122.49227,49.07665],[-122.49057,49.07267],[-122.50302,49.07435],[-122.50742,49.07009],[-122.51963,49.06713],[-122.52073,49.06512],[-122.52363,49.06569],[-122.52835,49.06237],[-122.53157,49.06262],[-122.53573,49.06681],[-122.53476,49.07339],[-122.53901,49.07425],[-122.54225,49.07341],[-122.54386,49.07077],[-122.54771,49.07007],[-122.54983,49.07364],[-122.55419,49.07608],[-122.55011,49.07903],[-122.5498,49.08598],[-122.55342,49.09006],[-122.55998,49.09106],[-122.55755,49.10172],[-122.5593,49.1043],[-122.56253,49.10512],[-122.56144,49.10775],[-122.56409,49.11157],[-122.57184,49.11287],[-122.57586,49.11519],[-122.57599,49.11801],[-122.58747,49.11866],[-122.58924,49.12155],[-122.59665,49.12532],[-122.59692,49.12805],[-122.60743,49.12862],[-122.60912,49.13165],[-122.61076,49.13124],[-122.61092,49.12909],[-122.61635,49.1296],[-122.62178,49.13326],[-122.62289,49.1304],[-122.62729,49.13003],[-122.62775,49.13266],[-122.64007,49.1414],[-122.65573,49.13677],[-122.65974,49.1433],[-122.65964,49.15057],[-122.65633,49.15347],[-122.65566,49.16163],[-122.65805,49.16636],[-122.6566,49.16817],[-122.65721,49.17032],[-122.66161,49.16852],[-122.66372,49.16996],[-122.66602,49.16938],[-122.66605,49.16804],[-122.67372,49.16986],[-122.67494,49.16791],[-122.68162,49.16704],[-122.68423,49.16977],[-122.68799,49.16928],[-122.68848,49.17084],[-122.69251,49.17225],[-122.70329,49.16992],[-122.71739,49.17101],[-122.71948,49.1741],[-122.72273,49.17332],[-122.72591,49.17587],[-122.73141,49.17644],[-122.7324,49.17843],[-122.75188,49.18658],[-122.75179,49.18839],[-122.75988,49.19309],[-122.76496,49.19382],[-122.76592,49.19628],[-122.76967,49.19636],[-122.77192,49.20093],[-122.77551,49.20176],[-122.7783,49.20484],[-122.77923,49.20349],[-122.7919,49.20685],[-122.79273,49.20217],[-122.79788,49.20217],[-122.79878,49.20007],[-122.8019,49.20091],[-122.8097,49.19564],[-122.81449,49.19526],[-122.8157,49.19432],[-122.81474,49.19306],[-122.81697,49.19247],[-122.8193,49.18811],[-122.82535,49.18773],[-122.82661,49.18577],[-122.82982,49.18555],[-122.83271,49.18849],[-122.8303,49.19328],[-122.82973,49.2008],[-122.83378,49.20165],[-122.83662,49.19733],[-122.83924,49.19668],[-122.8411,49.19238],[-122.85466,49.1885],[-122.85454,49.18612],[-122.86082,49.18257],[-122.85985,49.18154],[-122.8631,49.18051],[-122.86457,49.17774],[-122.87711,49.17346],[-122.88122,49.17373],[-122.8824,49.1716],[-122.88635,49.17155],[-122.88596,49.16819],[-122.89334,49.16537],[-122.89388,49.16289],[-122.8966,49.16084],[-122.8992,49.16102],[-122.89913,49.16253],[-122.90219,49.16119],[-122.89909,49.1528],[-122.88439,49.14971],[-122.88145,49.14491],[-122.87216,49.14256],[-122.8683,49.1382],[-122.87097,49.13123],[-122.86823,49.1272],[-122.8692,49.12479],[-122.86636,49.12146],[-122.86922,49.11989],[-122.86988,49.11709],[-122.87203,49.11706],[-122.87667,49.12432],[-122.87907,49.12511],[-122.88128,49.1228],[-122.90686,49.12455],[-122.91325,49.13045],[-122.91881,49.13155],[-122.921,49.13398],[-122.92873,49.13445],[-122.93115,49.13681],[-122.92905,49.13742],[-122.9311,49.13802],[-122.93427,49.13564],[-122.93277,49.12375],[-122.93479,49.12374],[-122.93575,49.12625],[-122.93462,49.12738],[-122.93823,49.12782],[-122.94201,49.12454],[-122.94101,49.12178],[-122.94436,49.1208],[-122.95092,49.12837],[-122.95264,49.12167],[-122.95689,49.11857],[-122.96126,49.1196],[-122.96464,49.11746],[-122.96643,49.11906],[-122.96769,49.11731],[-122.97387,49.11753],[-122.97385,49.11969],[-122.97677,49.12052],[-122.97855,49.12575],[-122.98406,49.1236],[-122.98435,49.11904],[-122.98227,49.11585],[-122.98182,49.09902],[-122.9806,49.09688],[-122.97751,49.09591],[-122.97479,49.08847],[-122.97935,49.0875],[-122.98052,49.08492],[-122.97775,49.07534],[-122.98339,49.07578],[-122.98564,49.07198],[-122.98801,49.07194],[-122.98697,49.06931],[-122.98942,49.06675],[-123.00162,49.06417],[-123.01581,49.06271],[-123.02003,49.06651],[-123.02516,49.06496],[-123.03315,49.06628],[-123.03845,49.06272],[-123.04163,49.0655],[-123.04584,49.05904],[-123.05546,49.05724],[-123.05842,49.05375],[-123.0624,49.05351],[-123.06289,49.05034],[-123.06786,49.0461],[-123.06657,49.04417],[-123.07108,49.04457],[-123.07266,49.04967],[-123.07678,49.05038],[-123.0824,49.04729],[-123.08249,49.04362],[-123.08649,49.04187],[-123.08624,49.05327],[-123.08778,49.05528],[-123.09759,49.04786],[-123.09989,49.04876],[-123.09943,49.05128],[-123.105,49.05077],[-123.10756,49.05206],[-123.10813,49.05467],[-123.11063,49.05401],[-123.11214,49.05605],[-123.11662,49.05309],[-123.11855,49.05599],[-123.11994,49.05529],[-123.12225,49.05767],[-123.12576,49.05732],[-123.13548,49.06098],[-123.13629,49.0635],[-123.13946,49.06427],[-123.14035,49.06216],[-123.14269,49.06187],[-123.14258,49.06641],[-123.14713,49.06878],[-123.15154,49.06767],[-123.1536,49.06543],[-123.15673,49.06757],[-123.41051,49.10094],[-123.58082,49.02172],[-123.59986,49.00117],[-123.58465,48.97439],[-123.54849,48.95259],[-123.5232,48.93468],[-123.51965,48.92366],[-123.53747,48.92589],[-123.60229,48.95381],[-123.60885,48.90653],[-123.60336,48.87905],[-123.58281,48.86308],[-123.57895,48.81784],[-123.55702,48.80275],[-123.5574,48.79546],[-123.55465,48.78217],[-123.55557,48.77763],[-123.57054,48.76748],[-123.56007,48.74398],[-123.52004,48.71007],[-123.54619,48.69976],[-123.54753,48.69454],[-123.5403,48.69266],[-123.54673,48.68754],[-123.5606,48.68696],[-123.56577,48.69067],[-123.5744,48.69372],[-123.5782,48.6923],[-123.58323,48.69444],[-123.59102,48.69135],[-123.60046,48.69509],[-123.61628,48.69003],[-123.62101,48.68484],[-123.62934,48.68162],[-123.63118,48.67662],[-123.63915,48.67538],[-123.63765,48.67331],[-123.63843,48.67226],[-123.64289,48.67131],[-123.65056,48.67478],[-123.65557,48.67477],[-123.6709,48.67166],[-123.67166,48.66996],[-123.67892,48.66696],[-123.69561,48.6641],[-123.70137,48.65766],[-123.70664,48.65484],[-123.7065,48.65013],[-123.70433,48.64908],[-123.70658,48.64665],[-123.70678,48.63763],[-123.71787,48.6285],[-123.72006,48.62851],[-123.72361,48.62339],[-123.73416,48.62303],[-123.73544,48.62329],[-123.73432,48.62487],[-123.73865,48.62588],[-123.74768,48.62137],[-123.74557,48.62024],[-123.74612,48.61872],[-123.74045,48.60987],[-123.74005,48.60656],[-123.75467,48.59362],[-123.76006,48.59267],[-123.76293,48.59543],[-123.76502,48.59972],[-123.76382,48.60196],[-123.76657,48.60469],[-123.77397,48.60479],[-123.77507,48.60796],[-123.78849,48.60892],[-123.79865,48.61479],[-123.80356,48.61187],[-123.81207,48.61378],[-123.82064,48.6114],[-123.82211,48.60643],[-123.82572,48.60427],[-123.83232,48.60568],[-123.83305,48.60843],[-123.84089,48.61011],[-123.84833,48.60712],[-123.8531,48.60751],[-123.84935,48.60508],[-123.85038,48.60312],[-123.85611,48.60343],[-123.85571,48.5998],[-123.85837,48.59987],[-123.86323,48.59646],[-123.86924,48.59574],[-123.8778,48.58905],[-123.88416,48.5879],[-123.88726,48.58813],[-123.8908,48.59182],[-123.90188,48.59518],[-123.90415,48.60167],[-123.91167,48.6022],[-123.91321,48.60667],[-123.91662,48.60882],[-123.91451,48.612],[-123.91652,48.6166],[-123.93494,48.61766],[-123.94668,48.62387],[-123.9446,48.62785],[-123.93802,48.62747],[-123.93244,48.63437],[-123.93768,48.63746],[-123.94178,48.63766],[-123.94579,48.64089],[-123.94896,48.63969],[-123.95562,48.64114],[-123.95362,48.64298],[-123.95722,48.64658],[-123.95536,48.64996],[-123.9598,48.651],[-123.96218,48.6531],[-123.96141,48.65654],[-123.9729,48.66274],[-123.96845,48.67374],[-123.97203,48.67683],[-123.97234,48.68029],[-123.96619,48.68465],[-123.96748,48.68659],[-123.96531,48.68828],[-123.95229,48.68766],[-123.9536,48.69011],[-123.95251,48.69391],[-123.94859,48.699],[-123.94789,48.70268],[-123.95285,48.71035],[-123.95188,48.71498],[-123.95299,48.71678],[-123.94813,48.71935],[-123.9498,48.72207],[-123.96191,48.72499],[-123.97308,48.72422],[-123.97425,48.72648],[-123.97643,48.72645],[-123.97756,48.73],[-123.98192,48.72783],[-123.98474,48.72959],[-123.99271,48.72831],[-123.99389,48.72735],[-123.99265,48.72393],[-123.99367,48.72162],[-124.00558,48.72357],[-124.00684,48.71877],[-124.01426,48.71921],[-124.01808,48.73182],[-124.02655,48.73467],[-124.02887,48.73698],[-124.032,48.7371],[-124.03542,48.72888],[-124.03327,48.72743],[-124.0344,48.72625],[-124.03336,48.72196],[-124.03121,48.72059],[-124.03234,48.71722],[-124.03131,48.71465],[-124.03596,48.71072],[-124.04446,48.70957],[-124.04562,48.7063],[-124.05226,48.69948],[-124.04904,48.69589],[-124.05161,48.69107],[-124.06776,48.68429],[-124.07183,48.68564],[-124.07228,48.69018],[-124.07574,48.69235],[-124.07363,48.69292],[-124.06964,48.70456],[-124.07115,48.70587],[-124.07096,48.70878],[-124.09456,48.72438],[-124.09958,48.7318],[-124.10164,48.73851],[-124.10827,48.73787],[-124.11032,48.73501],[-124.11321,48.73716],[-124.11075,48.73895],[-124.11172,48.74078],[-124.11829,48.74141],[-124.12435,48.73777],[-124.13312,48.73837],[-124.15237,48.73474],[-124.16231,48.74072],[-124.17894,48.74296],[-124.17673,48.74944],[-124.17322,48.75129],[-124.17416,48.75487],[-124.17132,48.7559],[-124.17775,48.76402],[-124.18962,48.76223],[-124.19326,48.75595],[-124.20264,48.75546],[-124.20941,48.75923],[-124.22613,48.76299],[-124.2363,48.77159],[-124.23528,48.77807],[-124.24089,48.78238],[-124.24249,48.78251],[-124.24316,48.77862],[-124.24945,48.77782],[-124.25666,48.78241],[-124.26418,48.78314],[-124.27397,48.78739],[-124.27787,48.78721],[-124.28325,48.79408],[-124.2999,48.79528],[-124.3008,48.7996],[-124.29966,48.80163],[-124.30302,48.80555],[-124.30178,48.80792],[-124.31,48.81027],[-124.30689,48.81691],[-124.30638,48.82458],[-124.30755,48.82695],[-124.30491,48.82945],[-124.30617,48.83459],[-124.30459,48.84002],[-124.30866,48.84427],[-124.31607,48.84815],[-124.31682,48.85151],[-124.32522,48.85331],[-124.33334,48.86035],[-124.34127,48.86315],[-124.34532,48.8677],[-124.35903,48.86297],[-124.36647,48.86208],[-124.36814,48.8701],[-124.3763,48.87533],[-124.38342,48.87174],[-124.38525,48.86845],[-124.38912,48.86868],[-124.39884,48.86358],[-124.40673,48.86312],[-124.40739,48.8612],[-124.41583,48.85512],[-124.41422,48.85312],[-124.41145,48.85178],[-124.40603,48.85226],[-124.40328,48.84685],[-124.38981,48.84334],[-124.38878,48.84175],[-124.39016,48.83635],[-124.39242,48.83568],[-124.39907,48.8273],[-124.40512,48.82464],[-124.41678,48.82964],[-124.42841,48.83034],[-124.43521,48.83185],[-124.43776,48.83427],[-124.44059,48.83365],[-124.45061,48.84199],[-124.46655,48.84508],[-124.4735,48.84122],[-124.48475,48.8498],[-124.49084,48.84818],[-124.49938,48.85036],[-124.49961,48.85425],[-124.50793,48.86079],[-124.51018,48.86705],[-124.51577,48.87221],[-124.51674,48.87716],[-124.51452,48.87997],[-124.50521,48.88153],[-124.4963,48.87998],[-124.48968,48.88128],[-124.48447,48.87898],[-124.47986,48.87935],[-124.47515,48.89173],[-124.46672,48.89527],[-124.46267,48.89932],[-124.46619,48.9021],[-124.47188,48.90185],[-124.47698,48.90749],[-124.47885,48.91233],[-124.47787,48.91648],[-124.47438,48.91908],[-124.47394,48.92334],[-124.47859,48.9247],[-124.48285,48.932],[-124.47956,48.93956],[-124.4716,48.94],[-124.46702,48.93832],[-124.45904,48.94398],[-124.45876,48.94679],[-124.46698,48.95078],[-124.4629,48.95672],[-124.46499,48.95646],[-124.46972,48.95967],[-124.47191,48.96404],[-124.47081,48.9666],[-124.47335,48.97777],[-124.46967,48.98032],[-124.4698,48.98429],[-124.47482,48.98818],[-124.47631,48.99192],[-124.4851,48.99701],[-124.48731,49.00346],[-124.49582,49.00686],[-124.49511,49.01306],[-124.50064,49.01666],[-124.50698,49.01599],[-124.50939,49.01835],[-124.5097,49.02451],[-124.51197,49.02894],[-124.51468,49.02917],[-124.51611,49.03196],[-124.51318,49.03615],[-124.50935,49.03577],[-124.50298,49.038],[-124.50042,49.04296],[-124.50114,49.04431],[-124.51038,49.04633],[-124.51947,49.0548],[-124.51968,49.05708],[-124.51722,49.05831],[-124.51906,49.06459],[-124.5176,49.0656],[-124.52162,49.07219],[-124.52795,49.07681],[-124.52731,49.08508],[-124.52431,49.08681],[-124.52565,49.09286],[-124.52297,49.09661],[-124.52276,49.10149],[-124.52771,49.10483],[-124.53131,49.11347],[-124.53108,49.11583],[-124.52688,49.1198],[-124.53076,49.12332],[-124.53553,49.12406],[-124.54389,49.12884],[-124.5511,49.12935],[-124.55208,49.13979],[-124.55511,49.14297],[-124.56765,49.14397],[-124.56883,49.14775],[-124.58134,49.15387],[-124.58838,49.14811],[-124.58716,49.14391],[-124.58295,49.14068],[-124.58053,49.13414],[-124.57789,49.13139],[-124.5784,49.12706],[-124.57619,49.12128],[-124.57865,49.11945],[-124.57908,49.11308],[-124.57703,49.11193],[-124.57579,49.10844],[-124.58352,49.10459],[-124.58807,49.10654],[-124.59839,49.10682],[-124.60278,49.10916],[-124.61628,49.11208],[-124.62294,49.10988],[-124.62416,49.10679],[-124.631,49.10532],[-124.63456,49.09948],[-124.64068,49.09481],[-124.6389,49.09374],[-124.63932,49.08862],[-124.63783,49.08593],[-124.63825,49.0768],[-124.6429,49.07385],[-124.6481,49.06577],[-124.64563,49.05493],[-124.64955,49.05122],[-124.64362,49.04523],[-124.63103,49.04105],[-124.62261,49.02672],[-124.6292,49.02392],[-124.63289,49.02472],[-124.64352,49.02193],[-124.6361,49.01721],[-124.63702,49.01212],[-124.63265,49.00647],[-124.63394,49.00426],[-124.63679,49.00242],[-124.64866,49.0043],[-124.6563,49.00234],[-124.66535,49.00646],[-124.67056,49.00375],[-124.67264,48.99806],[-124.68318,49.00276],[-124.6902,49.00023],[-124.69564,49.0001],[-124.6979,48.99843],[-124.69774,48.9957],[-124.70123,48.99477],[-124.69984,48.98872],[-124.70739,48.98735],[-124.71502,48.98192],[-124.73765,48.97803],[-124.74,48.97663],[-124.74023,48.9742],[-124.7438,48.97235],[-124.74009,48.96537],[-124.74379,48.96067],[-124.74403,48.9572],[-124.73508,48.95369],[-124.72842,48.95336],[-124.72395,48.94463],[-124.71531,48.94361],[-124.71624,48.93745],[-124.71975,48.93541],[-124.74048,48.93219],[-124.74091,48.92815],[-124.72946,48.92274],[-124.73536,48.9203],[-124.73475,48.91553],[-124.74285,48.90455],[-124.73878,48.9013],[-124.73573,48.89474],[-124.73639,48.89304],[-124.73963,48.8919],[-124.7407,48.88752],[-124.74954,48.87936],[-124.74689,48.87729],[-124.74634,48.87366],[-124.74786,48.87162],[-124.74444,48.87025],[-124.74523,48.86218],[-124.74079,48.85817],[-124.73204,48.85847],[-124.72765,48.85517],[-124.7232,48.85433],[-124.70394,48.86151],[-124.69724,48.86057],[-124.69717,48.85853],[-124.70069,48.8547],[-124.69927,48.84851],[-124.70488,48.84375],[-124.70529,48.83872],[-124.70958,48.83489],[-124.71614,48.83475],[-124.72052,48.83236],[-124.72147,48.83011],[-124.72914,48.82779],[-124.73002,48.82583],[-124.74511,48.82088],[-124.73541,48.8151],[-124.73405,48.81237],[-124.73903,48.80969],[-124.73994,48.8071],[-124.74901,48.80622],[-124.75187,48.80486],[-124.75323,48.80187],[-124.75944,48.80413],[-124.76389,48.8039],[-124.7887,48.79081],[-124.78776,48.78509],[-124.79799,48.78179],[-124.80006,48.77691],[-124.80637,48.77443],[-124.81714,48.77384],[-124.81896,48.76922],[-124.82671,48.76563],[-124.84376,48.76518],[-124.8504,48.75853],[-124.86051,48.75439],[-124.86288,48.74941],[-124.87386,48.7471],[-124.87742,48.74368],[-124.87278,48.73752],[-124.85897,48.73614],[-124.85674,48.73823],[-124.85212,48.7376],[-124.84982,48.7392],[-124.83721,48.74114],[-124.83464,48.73757],[-124.83058,48.73679],[-124.81399,48.74669],[-124.80711,48.74653],[-124.79216,48.7515],[-124.78304,48.75025],[-124.77913,48.74707],[-124.78004,48.74495],[-124.79127,48.73978],[-124.79333,48.7359],[-124.79944,48.73409],[-124.80671,48.72925],[-124.81135,48.72451],[-124.80971,48.7187],[-124.82089,48.71337],[-124.82238,48.70996],[-124.82338,48.71167],[-124.82557,48.7115],[-124.83081,48.70605],[-124.83522,48.70916],[-124.84377,48.70697],[-124.84785,48.70389],[-124.85012,48.69815],[-124.86036,48.6932],[-124.86223,48.69083],[-124.85923,48.68945],[-124.85924,48.68742],[-124.86388,48.68626],[-124.86618,48.68388],[-124.86854,48.68412],[-124.87088,48.6786],[-124.86391,48.67792],[-124.86112,48.67245],[-124.85212,48.6706],[-124.8517,48.66835],[-124.90222,48.61956],[-124.79901,48.50279],[-124.79754,48.47709],[-124.7983,48.4598],[-124.81604,48.41815],[-124.8212,48.39698],[-124.82118,48.38634],[-124.8183,48.37695],[-124.81103,48.36603],[-124.80868,48.35687],[-124.8042,48.34869],[-124.79516,48.33887],[-124.78092,48.32865],[-124.77532,48.32071],[-124.77422,48.30656],[-124.76698,48.29285],[-124.78458,48.28163],[-124.79597,48.26699],[-124.7987,48.25936],[-124.7996,48.25067],[-124.79822,48.24201],[-124.79507,48.23445],[-124.82034,48.22902],[-124.84166,48.21767],[-124.85501,48.20279],[-124.85859,48.19442],[-124.85995,48.18488],[-124.858,48.1735],[-124.85176,48.16206],[-124.84324,48.1533],[-124.83225,48.14595],[-124.82914,48.13769],[-124.82383,48.12974],[-124.80704,48.11599],[-124.80755,48.10564],[-124.80518,48.0962],[-124.79898,48.08567],[-124.78895,48.07601],[-124.78756,48.067],[-124.78362,48.05802],[-124.79262,48.04321],[-124.79441,48.03458],[-124.79393,48.02507],[-124.8039,48.00026],[-124.80501,47.99038],[-124.80338,47.98086],[-124.7984,47.97049],[-124.78984,47.96074],[-124.77805,47.95242],[-124.76408,47.94621],[-124.76142,47.93748],[-124.76043,47.92472],[-124.75512,47.91307],[-124.7423,47.89984],[-124.72308,47.88956],[-124.71809,47.88302],[-124.71157,47.86632],[-124.7038,47.85628],[-124.68896,47.8454],[-124.66265,47.83404],[-124.65252,47.82709],[-124.64074,47.82165],[-124.63204,47.80914],[-124.60889,47.78891],[-124.59864,47.77369],[-124.58867,47.76569],[-124.57642,47.75925],[-124.56315,47.74423],[-124.55519,47.73252],[-124.54283,47.72243],[-124.55748,47.70645],[-124.565,47.69453],[-124.5683,47.68521],[-124.56896,47.67651],[-124.56738,47.66787],[-124.5636,47.65954],[-124.55704,47.65105],[-124.53813,47.63762],[-124.51303,47.62927],[-124.48755,47.62715],[-124.46204,47.6312],[-124.45851,47.61731],[-124.45436,47.60879],[-124.45486,47.59958],[-124.45305,47.59096],[-124.44855,47.58187],[-124.4421,47.57406],[-124.44053,47.56485],[-124.43682,47.55622],[-124.42325,47.49928],[-124.43662,47.49607],[-124.44983,47.49068],[-124.46024,47.48421],[-124.46929,47.47575],[-124.47544,47.46663],[-124.47889,47.45645],[-124.47925,47.44687],[-124.47656,47.43659],[-124.47114,47.42715],[-124.46274,47.41839],[-124.45284,47.41156],[-124.44049,47.40587],[-124.44129,47.39648],[-124.43972,47.38784],[-124.43596,47.37951],[-124.43013,47.37175],[-124.41378,47.35927],[-124.40537,47.34855],[-124.39343,47.33954],[-124.38812,47.33031],[-124.38054,47.32223],[-124.37083,47.31529],[-124.35945,47.30976],[-124.36102,47.29945],[-124.35966,47.28991],[-124.35543,47.27998],[-124.34892,47.27149],[-124.33784,47.26195],[-124.32625,47.2551],[-124.31283,47.25004],[-124.29733,47.24688],[-124.2807,47.20346],[-124.26946,47.1649],[-124.27375,47.15185],[-124.27266,47.13796],[-124.26713,47.12638],[-124.25707,47.11556],[-124.25226,47.09708],[-124.24823,47.07214],[-124.24516,47.04125],[-124.24429,46.99499],[-124.24604,46.97794],[-124.25055,46.95711],[-124.25078,46.94188],[-124.25378,46.93141],[-124.25314,46.91898],[-124.24872,46.90808],[-124.24083,46.89814],[-124.21332,46.87338],[-124.19682,46.86374],[-124.18429,46.83366],[-124.17423,46.79299],[-124.17107,46.76588],[-124.17276,46.75147],[-124.17209,46.74277],[-124.16882,46.73346],[-124.16293,46.72462],[-124.16549,46.71565],[-124.16583,46.70701],[-124.16386,46.69761],[-124.15992,46.6889],[-124.16385,46.66541],[-124.16347,46.65584],[-124.15823,46.6424],[-124.14716,46.62994],[-124.14582,46.61562],[-124.14217,46.60171],[-124.14181,46.58617],[-124.13517,46.54182],[-124.13374,46.49166],[-124.12992,46.43552],[-124.13077,46.39951],[-124.13578,46.34804],[-124.14203,46.33426],[-124.14411,46.3222],[-124.15969,46.28408],[-124.16088,46.26332],[-124.15976,46.25459],[-124.15512,46.24375],[-124.13302,46.21151],[-124.12095,46.19934],[-124.10851,46.19197],[-124.09507,46.18701],[-124.08061,46.18413],[-124.0621,46.18312],[-124.05026,46.1592],[-124.03746,46.14055],[-124.01406,46.09522],[-124.00406,46.05805],[-124.00194,46.0387],[-124.00182,46.03197],[-124.00637,46.01501],[-124.02877,46.00123],[-124.04153,45.98642],[-124.06336,45.97653],[-124.07571,45.96791],[-124.08613,45.95504],[-124.0907,45.94062],[-124.08929,45.92674],[-124.08186,45.9129],[-124.06985,45.90179],[-124.05339,45.89322],[-124.05574,45.88285],[-124.05498,45.87256],[-124.0579,45.8638],[-124.05849,45.85422],[-124.05544,45.84223],[-124.04842,45.83119],[-124.05653,45.82119],[-124.06111,45.81034],[-124.06217,45.80078],[-124.06037,45.79049],[-124.06685,45.78044],[-124.07006,45.76935],[-124.06848,45.75303],[-124.06307,45.74236],[-124.05358,45.73215],[-124.04085,45.72384],[-124.02626,45.71812],[-124.01182,45.7055],[-124.01046,45.69109],[-124.01067,45.67954],[-124.01582,45.66298],[-124.0151,45.63963],[-124.01638,45.6309],[-124.02918,45.61009],[-124.03152,45.59949],[-124.03082,45.58945],[-124.0359,45.57404],[-124.03424,45.55918],[-124.02541,45.54109],[-124.02653,45.53676],[-124.04191,45.52619],[-124.05234,45.51237],[-124.05606,45.49947],[-124.05473,45.48579],[-124.06099,45.47552],[-124.06406,45.46402],[-124.06337,45.45238],[-124.05859,45.44067],[-124.04992,45.43012],[-124.03774,45.42127],[-124.04268,45.39219],[-124.04462,45.38429],[-124.06175,45.37486],[-124.07334,45.3636],[-124.07921,45.35306],[-124.08197,45.34089],[-124.07971,45.32526],[-124.07103,45.31087],[-124.05674,45.29905],[-124.0382,45.29085],[-124.0401,45.26733],[-124.04479,45.24297],[-124.05593,45.22934],[-124.06057,45.21317],[-124.0599,45.20391],[-124.05711,45.19542],[-124.05229,45.1874],[-124.04483,45.17935],[-124.04545,45.17013],[-124.05731,45.12031],[-124.07381,45.10448],[-124.08002,45.09648],[-124.08402,45.08823],[-124.08957,45.06854],[-124.09058,45.05811],[-124.08849,45.04425],[-124.09204,45.03412],[-124.09258,45.02364],[-124.09027,45.01332],[-124.08517,45.00383],[-124.09217,44.97055],[-124.09763,44.95705],[-124.09871,44.93164],[-124.10393,44.90706],[-124.11263,44.87694],[-124.12865,44.85847],[-124.13796,44.83975],[-124.14163,44.82123],[-124.14152,44.81177],[-124.14418,44.8018],[-124.14513,44.78369],[-124.14885,44.77203],[-124.14774,44.74586],[-124.14089,44.72967],[-124.13885,44.71574],[-124.14595,44.70155],[-124.15032,44.68329],[-124.15067,44.6735],[-124.14657,44.65721],[-124.13645,44.64312],[-124.1463,44.63172],[-124.15165,44.61834],[-124.15103,44.60184],[-124.1475,44.59231],[-124.1421,44.58381],[-124.1431,44.57123],[-124.14785,44.53904],[-124.15885,44.52452],[-124.16459,44.50417],[-124.16083,44.46672],[-124.1531,44.45049],[-124.15371,44.42554],[-124.15804,44.40279],[-124.16312,44.39039],[-124.16457,44.37408],[-124.16871,44.35361],[-124.17873,44.33012],[-124.18498,44.29973],[-124.1873,44.27587],[-124.1857,44.26435],[-124.18851,44.25024],[-124.18758,44.2408],[-124.18477,44.23263],[-124.18862,44.21001],[-124.18889,44.17189],[-124.19836,44.15182],[-124.20094,44.14066],[-124.19708,44.10253],[-124.20498,44.0483],[-124.21324,44.03714],[-124.21745,44.02445],[-124.21714,44.00929],[-124.21132,43.99572],[-124.21304,43.97464],[-124.22282,43.92553],[-124.23009,43.87679],[-124.23463,43.86002],[-124.23929,43.82808],[-124.24483,43.8074],[-124.24782,43.77801],[-124.26598,43.70663],[-124.2792,43.69357],[-124.2876,43.67607],[-124.28847,43.6613],[-124.28375,43.64766],[-124.30212,43.57333],[-124.30991,43.55225],[-124.32083,43.53187],[-124.32429,43.51743],[-124.34355,43.47592],[-124.3468,43.46588],[-124.35738,43.44568],[-124.38415,43.40218],[-124.39298,43.39749],[-124.41419,43.39166],[-124.43005,43.38245],[-124.4399,43.37255],[-124.44615,43.36124],[-124.45746,43.35457],[-124.46647,43.34644],[-124.47636,43.32989],[-124.47934,43.3075],[-124.47762,43.29451],[-124.46994,43.28029],[-124.45728,43.26869],[-124.4662,43.25719],[-124.47092,43.24398],[-124.47176,43.21823],[-124.46805,43.2042],[-124.48495,43.15919],[-124.49819,43.15325],[-124.50921,43.14531],[-124.51751,43.13576],[-124.52266,43.12508],[-124.52439,43.1147],[-124.52289,43.10343],[-124.51798,43.0927],[-124.50968,43.08285],[-124.50797,43.07362],[-124.51807,43.0339],[-124.52821,43.01448],[-124.53253,43.0015],[-124.55436,42.95741],[-124.57584,42.92245],[-124.59738,42.91348],[-124.61225,42.9011],[-124.61863,42.89152],[-124.62201,42.88162],[-124.63479,42.87322],[-124.64405,42.86311],[-124.65294,42.84321],[-124.66422,42.83558],[-124.67293,42.82625],[-124.67824,42.81655],[-124.68074,42.80612],[-124.69091,42.7979],[-124.69847,42.78804],[-124.70368,42.77199],[-124.70259,42.75881],[-124.69643,42.74565],[-124.68549,42.73418],[-124.67081,42.72543],[-124.65683,42.72073],[-124.64179,42.71848],[-124.62465,42.71898],[-124.60375,42.71712],[-124.58457,42.71968],[-124.56318,42.69622],[-124.54369,42.68483],[-124.5428,42.68301],[-124.54535,42.66939],[-124.54357,42.65656],[-124.53832,42.64474],[-124.53001,42.63482],[-124.51833,42.6262],[-124.50493,42.62016],[-124.48974,42.61646],[-124.47256,42.615],[-124.47248,42.61085],[-124.47915,42.59268],[-124.47981,42.58136],[-124.4762,42.56837],[-124.46534,42.55366],[-124.46615,42.55159],[-124.48212,42.54733],[-124.49673,42.53991],[-124.51065,42.52695],[-124.51824,42.51094],[-124.53727,42.50459],[-124.55311,42.49403],[-124.55977,42.48672],[-124.56492,42.47793],[-124.56772,42.46857],[-124.56804,42.45893],[-124.56412,42.44532],[-124.55552,42.42857],[-124.54914,42.42023],[-124.5176,42.39702],[-124.50072,42.38906],[-124.49973,42.37456],[-124.4937,42.36153],[-124.49499,42.35028],[-124.50084,42.32929],[-124.50053,42.31664],[-124.49493,42.30217],[-124.48632,42.28899],[-124.47924,42.2813],[-124.48392,42.27206],[-124.48611,42.26173],[-124.48615,42.2447],[-124.4827,42.22238],[-124.47899,42.21311],[-124.47238,42.20388],[-124.46407,42.19641],[-124.45361,42.18997],[-124.44925,42.17761],[-124.43928,42.165],[-124.43393,42.15315],[-124.43077,42.13548],[-124.4345,42.12214],[-124.43353,42.10157],[-124.43003,42.09124],[-124.41926,42.0727],[-124.4045,42.05993],[-124.39454,42.04804],[-124.38225,42.03954],[-124.37003,42.02769],[-124.35893,42.0208],[-124.34653,42.00863],[-124.33245,42.00087],[-124.30794,41.99251],[-124.30102,41.97879],[-124.28759,41.96526],[-124.28426,41.95677],[-124.28764,41.94876],[-124.20872,41.94936],[-124.1974,41.95461],[-124.18447,41.94975],[-124.18011,41.95215],[-124.1686,41.94995],[-124.15649,41.95422],[-124.15652,41.96254],[-124.15482,41.96345],[-124.15558,41.96668],[-124.15359,41.96871],[-124.14816,41.96757],[-124.14409,41.9692],[-124.13427,41.96852],[-124.10069,41.96242],[-124.09193,41.97136],[-124.06911,41.97458],[-124.06041,41.9819],[-124.06024,41.98503],[-124.05142,41.99524],[-124.05145,42.00269],[-124.04448,42.01221],[-124.03644,42.01178],[-124.03332,42.01436],[-124.03,42.01449],[-124.02769,42.01851],[-124.02814,42.02216],[-124.01989,42.02992],[-124.02003,42.03458],[-124.02307,42.03992],[-124.02357,42.04833],[-124.01852,42.05271],[-124.02329,42.05742],[-124.02371,42.06289],[-124.02854,42.0678],[-124.02857,42.07375],[-124.02434,42.08017],[-124.02427,42.08338],[-124.01894,42.08478],[-124.01562,42.08751],[-124.01531,42.09568],[-124.02055,42.10564],[-124.0239,42.10687],[-124.02819,42.11402],[-124.03298,42.11832],[-124.02943,42.12262],[-124.02473,42.12248],[-124.02283,42.12079],[-124.01822,42.12216],[-124.00848,42.11907],[-124.00324,42.11302],[-123.9957,42.115],[-123.99056,42.11404],[-123.98708,42.11535],[-123.97901,42.12713],[-123.96143,42.14129],[-123.95111,42.14405],[-123.94668,42.14177],[-123.94207,42.13574],[-123.92459,42.13263],[-123.91894,42.12814],[-123.9062,42.13192],[-123.90323,42.12935],[-123.88987,42.12636],[-123.88281,42.127],[-123.87706,42.12335],[-123.87441,42.1239],[-123.87291,42.12909],[-123.86935,42.13197],[-123.8636,42.13513],[-123.8601,42.13529],[-123.85609,42.13323],[-123.85019,42.12695],[-123.83926,42.12468],[-123.84017,42.11678],[-123.8367,42.10962],[-123.83217,42.10792],[-123.82954,42.09729],[-123.82201,42.0872],[-123.82489,42.08445],[-123.82813,42.07368],[-123.82739,42.07208],[-123.82979,42.06847],[-123.83419,42.06601],[-123.83415,42.06258],[-123.84138,42.05968],[-123.83859,42.05762],[-123.8407,42.05183],[-123.84317,42.04897],[-123.84851,42.04665],[-123.84916,42.04434],[-123.84449,42.03337],[-123.83611,42.0292],[-123.83759,42.02735],[-123.83654,42.02401],[-123.83756,42.02031],[-123.83998,42.01759],[-123.83861,42.01531],[-123.82663,42.00915],[-123.82931,42.00496],[-123.82873,42.00235],[-123.81797,41.99875],[-123.8061,41.99787],[-123.79791,42.00179],[-123.79125,42.00061],[-123.78837,41.99627],[-123.79108,41.99157],[-123.78998,41.98734],[-123.78816,41.98651],[-123.78981,41.98429],[-123.78897,41.97992],[-123.78195,41.97416],[-123.77577,41.97793],[-123.77211,41.97819],[-123.76747,41.97427],[-123.74704,41.97093],[-123.74269,41.96791],[-123.74053,41.96373],[-123.72723,41.95442],[-123.71993,41.95622],[-123.71255,41.95441],[-123.70709,41.95592],[-123.69745,41.94992],[-123.69288,41.94986],[-123.6868,41.94719],[-123.6842,41.94537],[-123.68353,41.94219],[-123.67434,41.9391],[-123.6528,41.93937],[-123.65064,41.9362],[-123.6522,41.9315],[-123.65074,41.92311],[-123.65233,41.92023],[-123.64903,41.9158],[-123.64852,41.90713],[-123.63981,41.90358],[-123.63583,41.89884],[-123.63596,41.8941],[-123.63951,41.89039],[-123.63802,41.88845],[-123.62444,41.88844],[-123.61729,41.88196],[-123.60705,41.88063],[-123.6045,41.88411],[-123.60483,41.88802],[-123.59736,41.89431],[-123.59964,41.89894],[-123.59361,41.90629],[-123.57816,41.90308],[-123.57373,41.90425],[-123.56523,41.9032],[-123.55954,41.90598],[-123.55699,41.91134],[-123.55384,41.91397],[-123.55442,41.93019],[-123.54879,41.93349],[-123.54783,41.93838],[-123.5444,41.9399],[-123.54466,41.94232],[-123.53308,41.95511],[-123.53376,41.96498],[-123.53735,41.96979],[-123.53578,41.97398],[-123.53659,41.97813],[-123.54096,41.98526],[-123.53902,41.98816],[-123.51968,41.99546],[-123.52052,41.99829],[-123.51826,42.00047],[-123.50449,42.00049],[-123.49494,42.00673],[-123.4863,42.00774],[-123.48274,42.01038],[-123.47924,42.00927],[-123.46981,42.01077],[-123.45745,42.01011],[-123.45939,42.01617],[-123.45455,42.018],[-123.44582,42.01581],[-123.44169,42.01772],[-123.43588,42.01767],[-123.42854,42.01155],[-123.42333,42.01055],[-123.42155,42.00604],[-123.41633,42.00412],[-123.40803,42.00624],[-123.40106,42.00565],[-123.39591,42.00315],[-123.38593,42.0057],[-123.37808,42.00968],[-123.37436,42.0074],[-123.37133,42.00236],[-123.36264,42.00425],[-123.35579,42.00026],[-123.35209,42.00022],[-123.34839,41.99782],[-123.34622,41.99205],[-123.34301,41.99031],[-123.34183,41.98432],[-123.34313,41.98174],[-123.33722,41.97383],[-123.33167,41.97249],[-123.32524,41.97346],[-123.32143,41.96962],[-123.31014,41.96777],[-123.30276,41.96189],[-123.30369,41.94591],[-123.29273,41.94996],[-123.28669,41.94749],[-123.27663,41.94848],[-123.27454,41.94561],[-123.2686,41.9435],[-123.2609,41.93561],[-123.2528,41.93302],[-123.24867,41.92806],[-123.24176,41.92406],[-123.22675,41.92087],[-123.22286,41.92216],[-123.21466,41.91907],[-123.20281,41.91719],[-123.19937,41.92068],[-123.18934,41.92015],[-123.1855,41.92612],[-123.18599,41.92912],[-123.1793,41.93393],[-123.17099,41.93428],[-123.16442,41.93965],[-123.15737,41.93685],[-123.15172,41.94097],[-123.13864,41.94204],[-123.11452,41.93714],[-123.10094,41.94688],[-123.07878,41.95129],[-123.07885,41.95387],[-123.07279,41.95581],[-123.06758,41.95379],[-123.05676,41.95425],[-123.05085,41.95227],[-123.02995,41.95048],[-123.02307,41.94706],[-123.0164,41.94911],[-123.01172,41.94854],[-123.01084,41.94459],[-123.00635,41.93897],[-123.00559,41.93398],[-123.00031,41.93133],[-122.99152,41.9305],[-122.97927,41.93752],[-122.9721,41.93283],[-122.96506,41.93203],[-122.96082,41.9361],[-122.96035,41.9447],[-122.95657,41.94958],[-122.95756,41.95447],[-122.94684,41.96192],[-122.94469,41.96525],[-122.94118,41.96636],[-122.93861,41.97114],[-122.93097,41.97448],[-122.91361,41.98737],[-122.89936,41.99477],[-122.89744,41.99737],[-122.89584,42.00634],[-122.88855,42.00939],[-122.88965,42.0145],[-122.88722,42.01775],[-122.87551,42.0232],[-122.87745,42.03319],[-122.86264,42.03708],[-122.86191,42.04229],[-122.85937,42.04548],[-122.84163,42.05262],[-122.82453,42.04922],[-122.81748,42.05192],[-122.79737,42.04999],[-122.79604,42.05108],[-122.79499,42.06176],[-122.78599,42.06307],[-122.77782,42.06744],[-122.7726,42.06823],[-122.76488,42.06664],[-122.75885,42.06854],[-122.75039,42.07729],[-122.73629,42.08311],[-122.73301,42.08611],[-122.72574,42.08474],[-122.72036,42.08127],[-122.71463,42.07996],[-122.70112,42.08167],[-122.70113,42.07781],[-122.6966,42.07213],[-122.68234,42.06897],[-122.67711,42.07027],[-122.66833,42.06673],[-122.6597,42.07023],[-122.65631,42.07415],[-122.64413,42.07739],[-122.63141,42.08311],[-122.62131,42.08342],[-122.61654,42.08098],[-122.61729,42.07627],[-122.6152,42.06869],[-122.6112,42.06585],[-122.61101,42.06206],[-122.60608,42.05919],[-122.60549,42.05524],[-122.59542,42.04991],[-122.58535,42.05103],[-122.58377,42.04676],[-122.57976,42.04287],[-122.57951,42.03995],[-122.57392,42.03348],[-122.57555,42.03013],[-122.56082,42.03065],[-122.5598,42.03418],[-122.55475,42.03636],[-122.5531,42.04032],[-122.54353,42.04304],[-122.53442,42.04069],[-122.52749,42.04322],[-122.52126,42.0422],[-122.51333,42.0548],[-122.50031,42.0577],[-122.49579,42.06341],[-122.49333,42.06306],[-122.49005,42.06525],[-122.47974,42.06427],[-122.47638,42.07555],[-122.47974,42.07741],[-122.48248,42.08191],[-122.4824,42.08841],[-122.47458,42.09647],[-122.476,42.09912],[-122.47559,42.10714],[-122.47946,42.11303],[-122.47735,42.11646],[-122.47835,42.12353],[-122.48208,42.126],[-122.48293,42.13245],[-122.48869,42.13784],[-122.49364,42.13982],[-122.50375,42.13957],[-122.50748,42.14285],[-122.50661,42.14791],[-122.50811,42.14991],[-122.50482,42.15585],[-122.49835,42.156],[-122.49638,42.15853],[-122.50061,42.16263],[-122.50357,42.16893],[-122.49988,42.18222],[-122.50592,42.18821],[-122.50487,42.19709],[-122.50124,42.20175],[-122.5042,42.20521],[-122.50274,42.21085],[-122.49526,42.21764],[-122.49072,42.21812],[-122.48469,42.22177],[-122.45709,42.22525],[-122.45363,42.2313],[-122.44635,42.23025],[-122.44315,42.23579],[-122.43848,42.23597],[-122.43487,42.23799],[-122.43756,42.24146],[-122.43535,42.24518],[-122.43811,42.24803],[-122.45052,42.2485],[-122.45294,42.25825],[-122.45704,42.26278],[-122.44091,42.26908],[-122.44721,42.27091],[-122.44427,42.27461],[-122.43286,42.27745],[-122.42658,42.2818],[-122.42198,42.28264],[-122.42193,42.29063],[-122.41893,42.29308],[-122.41257,42.29478],[-122.41181,42.29331],[-122.4081,42.29367],[-122.40302,42.29926],[-122.40302,42.30253],[-122.39944,42.30359],[-122.39862,42.29621],[-122.39661,42.29547],[-122.39791,42.29173],[-122.39395,42.29137],[-122.38967,42.28804],[-122.38804,42.28463],[-122.38866,42.28218],[-122.38483,42.27704],[-122.38674,42.27582],[-122.38507,42.27224],[-122.3764,42.27178],[-122.37597,42.27335],[-122.37336,42.27368],[-122.35345,42.26985],[-122.34337,42.27116],[-122.33457,42.26595],[-122.33251,42.26215],[-122.32313,42.25834],[-122.31975,42.25125],[-122.32051,42.24737],[-122.31723,42.24582],[-122.31199,42.24718],[-122.30576,42.24499],[-122.29429,42.24828],[-122.28869,42.2478],[-122.28038,42.25196],[-122.27342,42.25114],[-122.27065,42.25342],[-122.27091,42.25615],[-122.27292,42.25774],[-122.27024,42.26371],[-122.26564,42.26596],[-122.2607,42.27454],[-122.25628,42.27562],[-122.25661,42.27699],[-122.24827,42.28192],[-122.25865,42.28688],[-122.26066,42.29093],[-122.2667,42.29295],[-122.26862,42.29929],[-122.26691,42.30279],[-122.26374,42.30389],[-122.26371,42.30816],[-122.23445,42.32675],[-122.23383,42.33586],[-122.23636,42.33791],[-122.23444,42.3398],[-122.23406,42.34833],[-122.23083,42.35148],[-122.23104,42.35365],[-122.23287,42.35588],[-122.24225,42.3585],[-122.25035,42.35814],[-122.27051,42.36401],[-122.2669,42.37929],[-122.26832,42.38562],[-122.27168,42.3892],[-122.26706,42.39077],[-122.26959,42.4036],[-122.26746,42.40576],[-122.27229,42.40824],[-122.27144,42.41152],[-122.27723,42.41762],[-122.27701,42.42149],[-122.28135,42.4241],[-122.28328,42.42913],[-122.28243,42.43049],[-122.28748,42.43317],[-122.28755,42.43482],[-122.30395,42.44208],[-122.30858,42.44194],[-122.31536,42.44453],[-122.29917,42.45547],[-122.28617,42.46916],[-122.27936,42.47369],[-122.28011,42.48856],[-122.28184,42.49364],[-122.28601,42.49838],[-122.26925,42.49869],[-122.25126,42.50369],[-122.24644,42.50355],[-122.24555,42.50145],[-122.23594,42.50252],[-122.23493,42.50612],[-122.23112,42.50804],[-122.23139,42.51148],[-122.2279,42.51644],[-122.22849,42.52545],[-122.22657,42.52784],[-122.22985,42.53434],[-122.22938,42.54518],[-122.21399,42.54429],[-122.21221,42.55599],[-122.21485,42.55957],[-122.21654,42.56615],[-122.22004,42.57269],[-122.22926,42.57767],[-122.22447,42.58926],[-122.21613,42.5963],[-122.21484,42.60012],[-122.21666,42.60316],[-122.21776,42.61199],[-122.21435,42.6218],[-122.21479,42.62582],[-122.21741,42.6297],[-122.22239,42.63254],[-122.22477,42.637],[-122.21426,42.64305],[-122.20609,42.64138],[-122.19883,42.64893],[-122.17803,42.65463],[-122.16825,42.65475],[-122.16901,42.65711],[-122.16621,42.66219],[-122.17309,42.675],[-122.17494,42.68649],[-122.17717,42.68797],[-122.18185,42.69653],[-122.19474,42.70397],[-122.18895,42.7069],[-122.18908,42.71148],[-122.18514,42.7153],[-122.18644,42.72218],[-122.18331,42.72599],[-122.18428,42.72947],[-122.18301,42.73486],[-122.18503,42.73982],[-122.1831,42.7441],[-122.18414,42.74655],[-122.17895,42.75074],[-122.18049,42.75498],[-122.18484,42.75809],[-122.18616,42.7664],[-122.17466,42.7839],[-122.17588,42.79592],[-122.1734,42.80504],[-122.17981,42.81816],[-122.18307,42.82113],[-122.17931,42.82669],[-122.17998,42.83007],[-122.17872,42.83126],[-122.18939,42.83414],[-122.19229,42.83877],[-122.18638,42.8411],[-122.18887,42.85103],[-122.18443,42.84981],[-122.17882,42.85287],[-122.18,42.86115],[-122.18943,42.86453],[-122.18308,42.86856],[-122.18373,42.87258],[-122.18049,42.87499],[-122.17948,42.88027],[-122.16352,42.87834],[-122.15899,42.87944],[-122.14861,42.88915],[-122.14652,42.89824],[-122.14416,42.90189],[-122.14344,42.90947],[-122.15971,42.91738],[-122.16453,42.9218],[-122.16953,42.93157],[-122.16968,42.94052],[-122.17223,42.9429],[-122.16879,42.94577],[-122.16923,42.95181],[-122.16013,42.96008],[-122.15037,42.96501],[-122.14577,42.97046],[-122.13421,42.97278],[-122.13272,42.97599],[-122.12349,42.97862],[-122.12173,42.99259],[-122.11793,43.00028],[-122.10665,43.00707],[-122.10412,43.01424],[-122.09651,43.01649],[-122.09307,43.02256],[-122.09647,43.02913],[-122.09257,43.03204],[-122.09014,43.03911],[-122.08087,43.04384],[-122.06573,43.04455],[-122.06431,43.04731],[-122.06427,43.04945],[-122.06806,43.05136],[-122.0707,43.06436],[-122.07878,43.06916],[-122.08971,43.07284],[-122.09397,43.07745],[-122.09215,43.08684],[-122.08697,43.09149],[-122.08869,43.09483],[-122.0864,43.09684],[-122.0868,43.10023],[-122.08297,43.10339],[-122.08346,43.10864],[-122.0799,43.11592],[-122.07717,43.11795],[-122.07568,43.12592],[-122.0682,43.13147],[-122.06519,43.13571],[-122.06417,43.14256],[-122.06716,43.14961],[-122.0663,43.15276],[-122.05363,43.15782],[-122.05432,43.16209],[-122.05224,43.16531],[-122.05466,43.16876],[-122.0539,43.17291],[-122.04808,43.1789],[-122.0446,43.18676],[-122.03899,43.19131],[-122.04094,43.19791],[-122.03363,43.20697],[-122.03966,43.21411],[-122.04076,43.21802],[-122.03735,43.2175],[-122.02788,43.22001],[-122.02324,43.22459],[-122.01589,43.22691],[-122.0116,43.23431],[-122.00226,43.23453],[-121.9967,43.24012],[-121.99253,43.24894],[-121.99294,43.25096],[-121.98519,43.25735],[-121.97421,43.2617],[-121.96929,43.25755],[-121.95482,43.2569],[-121.94457,43.26147],[-121.94347,43.26646],[-121.93881,43.27267],[-121.92554,43.27642],[-121.92076,43.27588],[-121.91695,43.27217],[-121.88411,43.26474],[-121.8803,43.26062],[-121.87157,43.25555],[-121.85285,43.24595],[-121.84862,43.24568],[-121.84571,43.24123],[-121.83622,43.24011],[-121.82782,43.24162],[-121.82293,43.24025],[-121.82035,43.23647],[-121.81583,43.23552],[-121.81648,43.23248],[-121.80642,43.2297],[-121.80501,43.22679],[-121.79696,43.22152],[-121.79333,43.22997],[-121.78782,43.23501],[-121.78316,43.23628],[-121.7797,43.24155],[-121.77376,43.23964],[-121.76798,43.24267],[-121.76652,43.24721],[-121.76041,43.24787],[-121.75443,43.24633],[-121.75414,43.24426],[-121.75645,43.23559],[-121.76297,43.22459],[-121.75309,43.22286],[-121.74265,43.22792],[-121.74024,43.22546],[-121.7288,43.2254],[-121.72675,43.22918],[-121.71939,43.23099],[-121.72051,43.23515],[-121.71755,43.24257],[-121.72185,43.2468],[-121.71481,43.24948],[-121.71073,43.25447],[-121.71118,43.26129],[-121.70594,43.27752],[-121.70576,43.2873],[-121.71126,43.29378],[-121.71628,43.29699],[-121.71705,43.30497],[-121.69645,43.30497],[-121.68876,43.30673],[-121.6832,43.31047],[-121.67844,43.31095],[-121.67507,43.31614],[-121.65799,43.32439],[-121.65807,43.33255],[-121.65044,43.33967],[-121.63784,43.34273],[-121.6366,43.34112],[-121.64353,43.32347],[-121.642,43.32142],[-121.64661,43.31896],[-121.64955,43.31348],[-121.64762,43.30942],[-121.63919,43.30548],[-121.63443,43.3067],[-121.63068,43.30917],[-121.63022,43.31398],[-121.62687,43.3153],[-121.62175,43.31449],[-121.61867,43.3192],[-121.61003,43.32182],[-121.60732,43.3264],[-121.6085,43.32998],[-121.60172,43.33237],[-121.59586,43.32935],[-121.59413,43.32613],[-121.59082,43.32504],[-121.58896,43.32251],[-121.58524,43.32222],[-121.58203,43.31937],[-121.57997,43.31422],[-121.57486,43.31205],[-121.57284,43.30688],[-121.56731,43.30503],[-121.56152,43.29777],[-121.56168,43.29402],[-121.55621,43.28523],[-121.55906,43.27444],[-121.56808,43.27152],[-121.56995,43.26936],[-121.57033,43.26394],[-121.57791,43.26053],[-121.57495,43.25472],[-121.57655,43.24849],[-121.572,43.24349],[-121.57461,43.23928],[-121.57391,43.23689],[-121.56379,43.22856],[-121.54164,43.22635],[-121.53419,43.22722],[-121.52244,43.22461],[-121.51849,43.21685],[-121.51895,43.21421],[-121.51401,43.21259],[-121.5145,43.20741],[-121.51305,43.20574],[-121.50681,43.20069],[-121.49513,43.19673],[-121.48777,43.18988],[-121.47671,43.18425],[-121.47116,43.176],[-121.4667,43.17516],[-121.46458,43.16694],[-121.4592,43.15705],[-121.46419,43.15185],[-121.46691,43.14636],[-121.46451,43.13755],[-121.45926,43.13147],[-121.45986,43.12769],[-121.46187,43.12611],[-121.45978,43.12114],[-121.46249,43.11959],[-121.46356,43.11333],[-121.46711,43.1108],[-121.46644,43.10668],[-121.46445,43.10493],[-121.45911,43.10548],[-121.45253,43.10359],[-121.44653,43.10445],[-121.44226,43.09879],[-121.43541,43.09786],[-121.43465,43.09263],[-121.43233,43.09046],[-121.4286,43.08993],[-121.42412,43.08474],[-121.42348,43.08266],[-121.42569,43.07848],[-121.42294,43.07536],[-121.41544,43.07344],[-121.40459,43.07525],[-121.39435,43.06561],[-121.38868,43.06452],[-121.3895,43.05884],[-121.38497,43.05156],[-121.36624,43.03745],[-121.3547,43.01027],[-121.35711,43.00234],[-121.34844,42.99242],[-121.34522,42.99087],[-121.34226,42.98575],[-121.33439,42.98441],[-121.34701,42.98071],[-121.34508,42.97139],[-121.35218,42.96907],[-121.34752,42.96486],[-121.34791,42.96265],[-121.35277,42.95837],[-121.35209,42.95345],[-121.34917,42.95033],[-121.3483,42.93544],[-121.33524,42.93755],[-121.32925,42.93984],[-121.32819,42.94229],[-121.32222,42.94207],[-121.31673,42.94601],[-121.30807,42.9448],[-121.30387,42.94571],[-121.29836,42.94413],[-121.29674,42.94281],[-121.29877,42.93943],[-121.29743,42.93058],[-121.27408,42.92147],[-121.26146,42.9115],[-121.25136,42.90997],[-121.25024,42.90753],[-121.24337,42.90557],[-121.23636,42.90618],[-121.22865,42.89895],[-121.22008,42.89489],[-121.20631,42.89448],[-121.20012,42.89587],[-121.18833,42.89473],[-121.18336,42.89174],[-121.1758,42.88127],[-121.17058,42.87939],[-121.16702,42.88068],[-121.16241,42.88614],[-121.15858,42.88739],[-121.13368,42.88777],[-121.11465,42.89191],[-121.11105,42.89188],[-121.10761,42.88707],[-121.09907,42.88295],[-121.09209,42.87227],[-121.08449,42.87241],[-121.08694,42.87656],[-121.08613,42.87867],[-121.07185,42.88374],[-121.06081,42.88337],[-121.0584,42.88061],[-121.04001,42.88379],[-121.02286,42.88221],[-121.01884,42.87946],[-121.02105,42.87701],[-121.02138,42.87029],[-121.01406,42.86635],[-121.00951,42.85986],[-121.00098,42.85554],[-120.9855,42.852],[-120.97359,42.84534],[-120.9679,42.84411],[-120.96232,42.84517],[-120.95586,42.8399],[-120.95048,42.84131],[-120.94573,42.84582],[-120.94227,42.84672],[-120.9318,42.84268],[-120.91559,42.84254],[-120.91127,42.83929],[-120.89447,42.84246],[-120.88219,42.83822],[-120.87449,42.83744],[-120.85765,42.83744],[-120.85089,42.83561],[-120.83582,42.83677],[-120.84028,42.83198],[-120.84093,42.82811],[-120.83932,42.82315],[-120.84064,42.82094],[-120.83573,42.81429],[-120.83659,42.80755],[-120.8331,42.80586],[-120.83263,42.7999],[-120.82926,42.79477],[-120.83342,42.78857],[-120.83731,42.78572],[-120.84146,42.7771],[-120.84179,42.77439],[-120.8379,42.76633],[-120.83415,42.76246],[-120.82745,42.75912],[-120.81206,42.75657],[-120.81755,42.73671],[-120.81171,42.72793],[-120.80457,42.72459],[-120.80392,42.71835],[-120.79899,42.71112],[-120.79682,42.69903],[-120.78456,42.69157],[-120.77586,42.69068],[-120.77146,42.68413],[-120.76529,42.6794],[-120.76242,42.6797],[-120.74753,42.6736],[-120.73143,42.65818],[-120.72509,42.64524],[-120.73495,42.64034],[-120.74093,42.6449],[-120.74626,42.64479],[-120.75142,42.64788],[-120.75446,42.64726],[-120.75957,42.64915],[-120.76512,42.64126],[-120.76623,42.63675],[-120.7735,42.63537],[-120.77844,42.63193],[-120.78416,42.63332],[-120.78774,42.62615],[-120.79699,42.62268],[-120.80543,42.61527],[-120.80134,42.6127],[-120.79662,42.61272],[-120.79249,42.60819],[-120.79143,42.60562],[-120.79627,42.6015],[-120.78935,42.5936],[-120.79183,42.59018],[-120.78526,42.58555],[-120.78467,42.58091],[-120.77546,42.57444],[-120.78119,42.56701],[-120.77678,42.56123],[-120.76693,42.55531],[-120.76581,42.55154],[-120.77435,42.54873],[-120.783,42.55],[-120.78804,42.54817],[-120.79045,42.54559],[-120.79108,42.53704],[-120.80782,42.5257],[-120.82017,42.52239],[-120.83422,42.52569],[-120.84141,42.52285],[-120.84155,42.51979],[-120.84689,42.51455],[-120.85684,42.51356],[-120.85734,42.51174],[-120.86139,42.51051],[-120.86452,42.50397],[-120.87068,42.50036],[-120.87479,42.50016],[-120.87732,42.49703],[-120.87763,42.49362],[-120.87013,42.48261],[-120.86074,42.48308],[-120.85258,42.47928],[-120.84697,42.47907],[-120.84036,42.48417],[-120.82324,42.49037],[-120.81589,42.48814],[-120.8041,42.48752],[-120.78808,42.48864],[-120.76819,42.48301],[-120.76517,42.48056],[-120.76648,42.47724],[-120.76599,42.47151],[-120.76155,42.46368],[-120.76588,42.45724],[-120.7658,42.4529],[-120.77596,42.44662],[-120.7595,42.43712],[-120.75469,42.42927],[-120.74587,42.42538],[-120.73693,42.42488],[-120.72238,42.41795],[-120.72606,42.4133],[-120.71667,42.40436],[-120.71757,42.40165],[-120.71521,42.39845],[-120.71385,42.3915],[-120.70464,42.38722],[-120.70113,42.38309],[-120.69488,42.36809],[-120.68698,42.35919],[-120.681,42.35565],[-120.6735,42.34807],[-120.67092,42.34904],[-120.66443,42.34721],[-120.66174,42.35145],[-120.65292,42.35008],[-120.65223,42.35511],[-120.64545,42.35761],[-120.64248,42.3624],[-120.6361,42.36187],[-120.633,42.36387],[-120.63204,42.37181],[-120.62653,42.37042],[-120.62128,42.36655],[-120.61574,42.36824],[-120.61389,42.36699],[-120.60578,42.36731],[-120.59936,42.36941],[-120.59595,42.37275],[-120.59694,42.37765],[-120.59514,42.38132],[-120.59341,42.37547],[-120.58824,42.36932],[-120.58061,42.36824],[-120.57461,42.36347],[-120.55616,42.36271],[-120.55122,42.36646],[-120.54455,42.36435],[-120.53806,42.36995],[-120.54134,42.37488],[-120.53778,42.3795],[-120.53083,42.38312],[-120.53219,42.38605],[-120.52339,42.39045],[-120.51221,42.39011],[-120.50866,42.39201],[-120.50527,42.39109],[-120.49706,42.39443],[-120.49818,42.3988],[-120.50382,42.40157],[-120.50005,42.40904],[-120.48425,42.41177],[-120.47548,42.40734],[-120.47023,42.409],[-120.46375,42.41535],[-120.46778,42.42202],[-120.46951,42.4285],[-120.4621,42.43039],[-120.46007,42.43249],[-120.45665,42.43194],[-120.45421,42.42905],[-120.44684,42.42974],[-120.44461,42.42636],[-120.4336,42.43062],[-120.43179,42.42467],[-120.42329,42.42303],[-120.42061,42.41884],[-120.41786,42.41765],[-120.41449,42.41078],[-120.40866,42.40882],[-120.40452,42.40378],[-120.3955,42.39988],[-120.38879,42.39077],[-120.38158,42.38786],[-120.36902,42.391],[-120.35953,42.38492],[-120.35846,42.38232],[-120.35418,42.38184],[-120.34721,42.37788],[-120.34825,42.373],[-120.33824,42.36383],[-120.33833,42.35886],[-120.33399,42.35585],[-120.32509,42.34373],[-120.31826,42.33924],[-120.31677,42.33436],[-120.31409,42.33264],[-120.32525,42.32536],[-120.32796,42.32153],[-120.32635,42.31775],[-120.32754,42.3157],[-120.32179,42.31149],[-120.32281,42.30937],[-120.31907,42.30821],[-120.31188,42.31089],[-120.31308,42.30943],[-120.30959,42.30447],[-120.31122,42.29801],[-120.29339,42.27671],[-120.28569,42.27558],[-120.26046,42.2762],[-120.26132,42.27313],[-120.2644,42.27146],[-120.26465,42.26887],[-120.26674,42.26733],[-120.26597,42.26319],[-120.26844,42.25994],[-120.27668,42.25714],[-120.28212,42.26083],[-120.28925,42.26017],[-120.29729,42.25593],[-120.29678,42.25208],[-120.29839,42.24908],[-120.28946,42.24503],[-120.28884,42.24186],[-120.28469,42.23649],[-120.28543,42.2347],[-120.29505,42.23349],[-120.30124,42.23073],[-120.29799,42.22201],[-120.29892,42.21905],[-120.29478,42.21579],[-120.2932,42.21226],[-120.28416,42.20606],[-120.28101,42.20047],[-120.28358,42.19818],[-120.28441,42.19213],[-120.28078,42.1872],[-120.28024,42.18092],[-120.2777,42.17592],[-120.27844,42.17304],[-120.27494,42.17045],[-120.27492,42.1647],[-120.27235,42.16197],[-120.26961,42.16159],[-120.26741,42.15465],[-120.25971,42.15234],[-120.25171,42.1422],[-120.24501,42.13866],[-120.24062,42.13036],[-120.23629,42.1045],[-120.24029,42.10149],[-120.23793,42.0969],[-120.23943,42.08808],[-120.23836,42.08471],[-120.242,42.08276],[-120.24134,42.07861],[-120.24399,42.07444],[-120.23964,42.06773],[-120.24038,42.06111],[-120.23764,42.05595],[-120.2388,42.05127],[-120.22921,42.04319],[-120.22973,42.04061],[-120.22565,42.03857],[-120.21989,42.02982],[-120.21995,42.02528],[-120.21635,42.02158],[-120.22206,42.0165],[-120.22253,42.01046],[-120.21858,42.00849],[-120.20862,42.01078],[-120.20085,42.00756],[-120.20881,42.00421],[-120.2074,41.99613],[-120.20948,41.99223],[-120.20174,41.99018],[-120.19308,41.98548],[-120.19226,41.98379],[-120.19435,41.98001],[-120.18398,41.97437],[-120.17535,41.97471],[-120.17353,41.97205],[-120.16589,41.97136],[-120.1651,41.96877],[-120.16671,41.96567],[-120.16239,41.96244],[-120.15894,41.95634],[-120.15469,41.95345],[-120.15104,41.95304],[-120.14752,41.94846],[-120.1359,41.94755],[-120.13575,41.95035],[-120.12528,41.95611],[-120.12452,41.95899],[-120.12067,41.9626],[-120.1184,41.96367],[-120.11352,41.96187],[-120.11404,41.95787],[-120.11172,41.95359],[-120.10611,41.95229],[-120.0923,41.94427],[-120.08853,41.9345],[-120.08389,41.93236],[-120.08164,41.92918],[-120.07433,41.92786],[-120.06994,41.92392],[-120.06833,41.92083],[-120.07169,41.91964],[-120.07219,41.91793],[-120.06751,41.91356],[-120.06761,41.90945],[-120.06471,41.90359],[-120.06069,41.90108],[-120.04912,41.89925],[-120.03576,41.88554],[-120.03143,41.88916],[-120.02136,41.88837],[-120.01717,41.89039],[-120.01896,41.89524],[-120.02222,41.89574],[-120.01892,41.89731],[-120.01673,41.90101],[-120.01513,41.89635],[-120.00954,41.88953],[-119.9988,41.88491],[-119.99395,41.88532],[-119.99387,41.88263],[-119.98364,41.88118],[-119.97753,41.87635],[-119.9716,41.8678],[-119.95697,41.86761],[-119.95426,41.85421],[-119.95626,41.84515],[-119.95437,41.83914],[-119.94925,41.83838],[-119.94409,41.83976],[-119.94355,41.83215],[-119.94957,41.82914],[-119.94997,41.82732],[-119.94337,41.81742],[-119.93717,41.81313],[-119.92596,41.82417],[-119.92078,41.82285],[-119.91648,41.81914],[-119.90914,41.81752],[-119.90493,41.81833],[-119.89653,41.82335],[-119.89249,41.8221],[-119.8906,41.81965],[-119.88474,41.82498],[-119.87064,41.822],[-119.86533,41.8279],[-119.8686,41.83446],[-119.86338,41.84182],[-119.86953,41.85062],[-119.86893,41.857],[-119.8631,41.85679],[-119.86227,41.86243],[-119.85781,41.86538],[-119.85434,41.86444],[-119.85373,41.86928],[-119.84953,41.87734],[-119.84996,41.88286],[-119.84717,41.88597],[-119.84316,41.88736],[-119.84409,41.8894],[-119.84006,41.89422],[-119.83222,41.89487],[-119.82661,41.88887],[-119.82348,41.88846],[-119.82176,41.88597],[-119.82393,41.87891],[-119.8227,41.87653],[-119.80826,41.86754],[-119.80716,41.86502],[-119.80124,41.8686],[-119.79738,41.86555],[-119.79641,41.86877],[-119.79143,41.87089],[-119.79288,41.87659],[-119.78626,41.87641],[-119.7801,41.88022],[-119.77745,41.87919],[-119.77614,41.87335],[-119.77077,41.8722],[-119.75801,41.87411],[-119.75583,41.87749],[-119.73941,41.87543],[-119.73244,41.87773],[-119.73736,41.88296],[-119.7388,41.88705],[-119.7354,41.89181],[-119.73525,41.89662],[-119.73319,41.90055],[-119.72761,41.90308],[-119.72463,41.90783],[-119.72576,41.92196],[-119.72884,41.92656],[-119.72604,41.92878],[-119.72598,41.93196],[-119.71713,41.93617],[-119.71821,41.9411],[-119.72992,41.95294],[-119.73191,41.9589],[-119.73627,41.96294],[-119.73638,41.96476],[-119.7306,41.96577],[-119.72401,41.96439],[-119.7193,41.96802],[-119.71393,41.9694],[-119.71104,41.96506],[-119.70621,41.96723],[-119.70767,41.96117],[-119.70406,41.95747],[-119.70719,41.95122],[-119.71111,41.94945],[-119.71331,41.94371],[-119.70252,41.93485],[-119.69578,41.9339],[-119.68213,41.91318],[-119.67205,41.90976],[-119.67264,41.90202],[-119.6669,41.89438],[-119.66347,41.88655],[-119.65882,41.88534],[-119.65639,41.88936],[-119.65319,41.89042],[-119.65059,41.88783],[-119.65049,41.88365],[-119.65467,41.87798],[-119.65301,41.87411],[-119.65415,41.87266],[-119.65302,41.86613],[-119.6543,41.86422],[-119.64982,41.86145],[-119.65709,41.85887],[-119.65751,41.85388],[-119.63921,41.84398],[-119.63508,41.83713],[-119.62481,41.83592],[-119.62711,41.8306],[-119.62421,41.8231],[-119.62763,41.82221],[-119.62848,41.81898],[-119.63356,41.81845],[-119.63908,41.81481],[-119.64189,41.81597],[-119.64499,41.81291],[-119.63638,41.80437],[-119.63713,41.7965],[-119.62731,41.79401],[-119.61347,41.79863],[-119.60862,41.79352],[-119.60319,41.79051],[-119.58797,41.78719],[-119.58205,41.79089],[-119.58054,41.79818],[-119.57886,41.7992],[-119.56136,41.78693],[-119.55764,41.77915],[-119.54721,41.77142],[-119.53684,41.77366],[-119.52854,41.76904],[-119.52771,41.76609],[-119.52329,41.76402],[-119.52292,41.76264],[-119.52828,41.75937],[-119.52425,41.75214],[-119.53115,41.74516],[-119.52839,41.7414],[-119.52943,41.73817],[-119.52443,41.73603],[-119.52833,41.73242],[-119.52619,41.72966],[-119.51941,41.72846],[-119.52265,41.71846],[-119.52123,41.71539],[-119.50657,41.70259],[-119.50205,41.69398],[-119.50677,41.69135],[-119.51099,41.694],[-119.50987,41.68523],[-119.52114,41.68598],[-119.52346,41.68474],[-119.52401,41.68235],[-119.5193,41.67194],[-119.52432,41.66885],[-119.52908,41.66821],[-119.5295,41.66347],[-119.52777,41.6594],[-119.51882,41.65129],[-119.50586,41.64837],[-119.4939,41.64207],[-119.49176,41.63588],[-119.48734,41.63308],[-119.48697,41.62999],[-119.4806,41.62398],[-119.48,41.62096],[-119.47377,41.61589],[-119.46578,41.6058],[-119.46027,41.60325],[-119.45842,41.59807],[-119.4589,41.59225],[-119.45637,41.59071],[-119.45311,41.58496],[-119.44638,41.58995],[-119.44471,41.59325],[-119.44298,41.5976],[-119.44469,41.60116],[-119.44342,41.60544],[-119.4275,41.60771],[-119.42615,41.61319],[-119.4298,41.61764],[-119.42728,41.62496],[-119.41985,41.62837],[-119.41932,41.63057],[-119.41347,41.63005],[-119.41143,41.63907],[-119.40293,41.64081],[-119.40112,41.64352],[-119.39584,41.64395],[-119.39331,41.64652],[-119.39017,41.64635],[-119.38773,41.64814],[-119.38073,41.64836],[-119.37449,41.64068],[-119.36994,41.63888],[-119.36605,41.64248],[-119.35997,41.64142],[-119.35353,41.63297],[-119.34462,41.62879],[-119.34244,41.62456],[-119.33517,41.61866],[-119.33094,41.61279],[-119.32574,41.60966],[-119.32405,41.61292],[-119.3202,41.61478],[-119.31857,41.62427],[-119.31647,41.62711],[-119.31146,41.6293],[-119.30524,41.62957],[-119.29521,41.63388],[-119.29562,41.63845],[-119.29396,41.64152],[-119.28312,41.64627],[-119.28142,41.65145],[-119.27598,41.65442],[-119.2728,41.65418],[-119.27358,41.65696],[-119.26881,41.65981],[-119.27608,41.66282],[-119.28149,41.66914],[-119.27429,41.67514],[-119.27613,41.67815],[-119.2746,41.67985],[-119.27569,41.68661],[-119.28279,41.69311],[-119.27594,41.69475],[-119.27217,41.69924],[-119.26229,41.69985],[-119.25227,41.70484],[-119.24763,41.70562],[-119.24016,41.70387],[-119.23311,41.70801],[-119.23372,41.71363],[-119.22986,41.71865],[-119.24233,41.71994],[-119.24414,41.72252],[-119.24916,41.72399],[-119.25724,41.72351],[-119.26633,41.72883],[-119.26671,41.73251],[-119.2735,41.73681],[-119.27502,41.73944],[-119.2708,41.74601],[-119.28003,41.75746],[-119.28518,41.75342],[-119.29621,41.75568],[-119.30301,41.75507],[-119.30064,41.7647],[-119.306,41.77296],[-119.30818,41.78115],[-119.30421,41.78494],[-119.30825,41.78874],[-119.30575,41.79262],[-119.29471,41.79418],[-119.28572,41.80459],[-119.28744,41.80831],[-119.29237,41.81191],[-119.29482,41.81753],[-119.28832,41.81953],[-119.27362,41.83122],[-119.28128,41.83456],[-119.30144,41.83355],[-119.31741,41.83954],[-119.31991,41.84277],[-119.32969,41.84247],[-119.33763,41.84545],[-119.34825,41.84346],[-119.34977,41.85371],[-119.35386,41.855],[-119.34673,41.86469],[-119.34852,41.87269],[-119.33397,41.87559],[-119.33094,41.88418],[-119.33329,41.88667],[-119.33923,41.88794],[-119.33543,41.89506],[-119.34082,41.896],[-119.34571,41.90022],[-119.34992,41.90109],[-119.35557,41.90835],[-119.36045,41.91189],[-119.3569,41.91398],[-119.33309,41.91404],[-119.32962,41.91284],[-119.32595,41.91435],[-119.32109,41.91391],[-119.32217,41.91885],[-119.33039,41.93137],[-119.32807,41.95205],[-119.32612,41.95444],[-119.3203,41.95582],[-119.31779,41.95878],[-119.31279,41.96067],[-119.306,41.95446],[-119.29572,41.95611],[-119.29463,41.95747],[-119.29538,41.96397],[-119.28616,41.96704],[-119.27955,41.97243],[-119.28602,41.98509],[-119.28426,41.98579],[-119.27251,41.98328],[-119.26811,41.97728],[-119.24277,41.9893],[-119.23471,41.98598],[-119.23342,41.97371],[-119.22108,41.97272],[-119.2195,41.97718],[-119.21643,41.97761],[-119.20946,41.97459],[-119.19745,41.97309],[-119.1951,41.97025],[-119.19023,41.97544],[-119.18573,41.96817],[-119.17259,41.95556],[-119.16558,41.95183],[-119.15249,41.94902],[-119.13294,41.93951],[-119.12683,41.94194],[-119.10885,41.94162],[-119.10193,41.93796],[-119.09489,41.93959],[-119.08626,41.9361],[-119.08087,41.93917],[-119.08006,41.9418],[-119.08708,41.94755],[-119.08717,41.95207],[-119.10531,41.95703],[-119.11394,41.96212],[-119.11129,41.9671],[-119.11318,41.97258],[-119.11199,41.97836],[-119.10498,41.98399],[-119.10255,41.98852],[-119.09283,41.99043],[-119.0896,41.99669],[-119.08753,41.99633],[-119.08563,41.99326],[-119.07865,41.99309],[-119.07908,41.99682],[-119.08135,41.99947],[-119.0821,42.00652],[-119.08542,42.00943],[-119.08715,42.01716],[-119.08055,42.02232],[-119.07686,42.02748],[-119.07225,42.02871],[-119.07155,42.03365],[-119.06574,42.0388],[-119.06398,42.04425],[-119.06003,42.04696],[-119.05574,42.04714],[-119.0528,42.05029],[-119.05355,42.05248],[-119.05109,42.05936],[-119.04802,42.06179],[-119.04867,42.06398],[-119.04648,42.06705],[-119.05125,42.07023],[-119.04819,42.07466],[-119.05099,42.08135],[-119.04692,42.09589],[-119.04224,42.09834],[-119.04436,42.10463],[-119.03984,42.10633],[-119.03729,42.1056],[-119.03382,42.11194],[-119.03439,42.11428],[-119.03272,42.11542],[-119.02184,42.11828],[-119.01668,42.11807],[-119.00881,42.12231],[-119.00392,42.12016],[-119.00306,42.12531],[-118.99891,42.12695],[-119.00147,42.13245],[-119.00111,42.13794],[-118.99059,42.14445],[-118.99203,42.14898],[-118.99625,42.15163],[-118.99754,42.16407],[-118.99534,42.16778],[-118.99076,42.1702],[-118.98806,42.17959],[-118.98186,42.18223],[-118.9797,42.18643],[-118.97073,42.18774],[-118.97003,42.19117],[-118.97293,42.19362],[-118.97331,42.1973],[-118.96741,42.20316],[-118.9662,42.20947],[-118.95156,42.21851],[-118.94051,42.22135],[-118.938,42.22535],[-118.9381,42.22958],[-118.93474,42.23138],[-118.92987,42.23776],[-118.9177,42.24379],[-118.91339,42.24132],[-118.90967,42.24445],[-118.90263,42.24194],[-118.89766,42.24563],[-118.89763,42.24793],[-118.90065,42.25023],[-118.89884,42.25312],[-118.90191,42.25615],[-118.89379,42.25983],[-118.89249,42.26457],[-118.89421,42.26773],[-118.89887,42.27061],[-118.8942,42.27698],[-118.88879,42.28086],[-118.88417,42.29365],[-118.882,42.29548],[-118.86261,42.2881],[-118.85132,42.29413],[-118.84394,42.29461],[-118.8244,42.28328],[-118.82275,42.27954],[-118.80672,42.27389],[-118.80329,42.26908],[-118.7915,42.26153],[-118.78691,42.25591],[-118.78476,42.24602],[-118.77959,42.24409],[-118.77818,42.24156],[-118.77764,42.23391],[-118.77235,42.23182],[-118.76706,42.22591],[-118.76813,42.21672],[-118.76642,42.21424],[-118.76853,42.20803],[-118.76816,42.20327],[-118.76046,42.19474],[-118.76081,42.19118],[-118.75814,42.18526],[-118.75293,42.18372],[-118.75208,42.17709],[-118.74883,42.17286],[-118.74936,42.16971],[-118.73933,42.15817],[-118.73946,42.14676],[-118.73548,42.14011],[-118.738,42.13725],[-118.73874,42.1328],[-118.73095,42.12594],[-118.72819,42.11889],[-118.71821,42.11628],[-118.71631,42.11046],[-118.70448,42.1008],[-118.70515,42.09649],[-118.70312,42.09187],[-118.7048,42.09012],[-118.70374,42.08558],[-118.70489,42.08155],[-118.70106,42.07623],[-118.70276,42.06748],[-118.69946,42.06198],[-118.70273,42.05704],[-118.71046,42.05355],[-118.707,42.04657],[-118.71164,42.04162],[-118.70705,42.03716],[-118.70611,42.0327],[-118.7087,42.0226],[-118.71182,42.02052],[-118.71321,42.01609],[-118.71041,42.0082],[-118.71928,41.99997],[-118.7212,41.99608],[-118.72039,41.99191],[-118.72694,41.98279],[-118.72435,41.97193],[-118.72978,41.9591],[-118.72621,41.95536],[-118.72875,41.95374],[-118.7259,41.94361],[-118.72931,41.93984],[-118.72874,41.93574],[-118.73276,41.93153],[-118.72389,41.92872],[-118.72233,41.9253],[-118.71689,41.92099],[-118.71183,41.91167],[-118.70786,41.91065],[-118.70274,41.91249],[-118.69949,41.91131],[-118.69877,41.90588],[-118.69334,41.90236],[-118.69398,41.89988],[-118.69179,41.89472],[-118.68945,41.89278],[-118.68165,41.89188],[-118.67733,41.88703],[-118.6807,41.87591],[-118.67669,41.87252],[-118.67893,41.86496],[-118.67633,41.86185],[-118.68234,41.8572],[-118.68651,41.84987],[-118.68306,41.848],[-118.67913,41.83767],[-118.68169,41.83048],[-118.67852,41.82876],[-118.67386,41.8191],[-118.66577,41.81039],[-118.65074,41.8127],[-118.6479,41.81711],[-118.64068,41.82143],[-118.61067,41.82751],[-118.60875,41.83299],[-118.60245,41.83617],[-118.60205,41.84171],[-118.59868,41.84736],[-118.59144,41.84817],[-118.59609,41.85282],[-118.59396,41.85725],[-118.59547,41.85913],[-118.59396,41.8618],[-118.59739,41.86862],[-118.5966,41.87102],[-118.58691,41.8756],[-118.58754,41.88345],[-118.58537,41.88532],[-118.58444,41.88948],[-118.57913,41.89102],[-118.57393,41.89679],[-118.56859,41.89987],[-118.56739,41.90608],[-118.56236,41.91001],[-118.56055,41.91677],[-118.54597,41.90965],[-118.53874,41.90284],[-118.53952,41.90089],[-118.53289,41.89906],[-118.52919,41.894],[-118.51765,41.89159],[-118.5116,41.88862],[-118.50474,41.89025],[-118.49751,41.88569],[-118.48561,41.88616],[-118.48054,41.88418],[-118.4806,41.88151],[-118.47815,41.87937],[-118.47329,41.87904],[-118.46649,41.87493],[-118.46244,41.87541],[-118.45594,41.87014],[-118.44963,41.86951],[-118.44225,41.87136],[-118.43046,41.87738],[-118.4231,41.88581],[-118.40989,41.88557],[-118.41127,41.89122],[-118.41431,41.89315],[-118.41549,41.90088],[-118.4191,41.90419],[-118.42188,41.91639],[-118.40827,41.92221],[-118.40665,41.9251],[-118.39124,41.93136],[-118.39014,41.93614],[-118.38284,41.93919],[-118.38127,41.94163],[-118.37299,41.94346],[-118.37154,41.94218],[-118.3659,41.9424],[-118.35566,41.95319],[-118.35478,41.95601],[-118.34523,41.95839],[-118.3442,41.96252],[-118.33637,41.96142],[-118.33108,41.96555],[-118.32499,41.964],[-118.31946,41.9671],[-118.30841,41.98032],[-118.30709,41.98667],[-118.29744,41.99183],[-118.29545,41.99506],[-118.29526,41.99731],[-118.29885,42.00321],[-118.29873,42.00618],[-118.29679,42.00809],[-118.29802,42.01253],[-118.29161,42.01932],[-118.28408,42.01515],[-118.27633,42.01558],[-118.27076,42.01198],[-118.25124,42.00506],[-118.24688,41.99683],[-118.24065,42.00043],[-118.23298,42.00024],[-118.23218,42.00345],[-118.22467,42.01202],[-118.22753,42.02666],[-118.23392,42.03041],[-118.23661,42.03462],[-118.2368,42.03922],[-118.24151,42.04172],[-118.24318,42.04478],[-118.25079,42.04874],[-118.25081,42.05122],[-118.25347,42.05441],[-118.2425,42.0636],[-118.22485,42.07224],[-118.19927,42.07543],[-118.19373,42.0809],[-118.18627,42.08294],[-118.17587,42.07989],[-118.16561,42.08194],[-118.16021,42.07224],[-118.14625,42.08446],[-118.14405,42.08859],[-118.14417,42.09206],[-118.13976,42.09341],[-118.13768,42.09639],[-118.12228,42.09728],[-118.10845,42.10197],[-118.10166,42.11287],[-118.092,42.11511],[-118.0792,42.11312],[-118.07429,42.11582],[-118.06949,42.11613],[-118.06517,42.11518],[-118.06403,42.11258],[-118.05431,42.11511],[-118.04772,42.11292],[-118.03822,42.11384],[-118.0374,42.11565],[-118.03253,42.11671],[-118.02491,42.1113],[-118.01706,42.1133],[-118.00305,42.11011],[-117.98664,42.11229],[-117.98525,42.11539],[-117.98806,42.12005],[-117.98882,42.12908],[-117.99201,42.13284],[-117.9933,42.13797],[-117.99242,42.14496],[-117.99466,42.15334],[-117.99844,42.15763],[-117.9991,42.16274],[-118.00253,42.16468],[-118.00177,42.16731],[-118.00491,42.17001],[-118.01142,42.19607],[-118.01587,42.20138],[-118.01446,42.20471],[-118.01818,42.20851],[-118.01668,42.2177],[-118.0142,42.21989],[-118.01643,42.22249],[-118.01715,42.23507],[-118.01465,42.23843],[-118.01175,42.23863],[-118.00813,42.24138],[-118.00908,42.24507],[-118.01408,42.24857],[-118.01594,42.25557],[-118.0204,42.25892],[-118.02026,42.26312],[-118.01697,42.26598],[-118.00769,42.26694],[-118.00896,42.27107],[-118.00772,42.27736],[-118.00144,42.28084],[-117.9986,42.29743],[-118.00116,42.30809],[-118.00037,42.30997],[-117.98222,42.31656],[-117.97805,42.31643],[-117.97889,42.32267],[-117.97587,42.33113],[-117.97645,42.33689],[-117.97257,42.3448],[-117.96294,42.34221],[-117.95718,42.33733],[-117.95454,42.33082],[-117.94969,42.33032],[-117.94075,42.32524],[-117.92662,42.31339],[-117.92077,42.312],[-117.9181,42.30833],[-117.90926,42.30863],[-117.87543,42.3183],[-117.87254,42.31253],[-117.86693,42.30878],[-117.8613,42.29711],[-117.86063,42.29073],[-117.85681,42.28934],[-117.85643,42.28374],[-117.85437,42.2818],[-117.85102,42.28403],[-117.84602,42.28317],[-117.84008,42.29531],[-117.8319,42.29607],[-117.82706,42.29874],[-117.79962,42.30227],[-117.79274,42.30478],[-117.73341,42.30914],[-117.73072,42.31246],[-117.72389,42.31474],[-117.71974,42.32747],[-117.71277,42.32357],[-117.69816,42.32146],[-117.69665,42.32151],[-117.69173,42.32784],[-117.682,42.32205],[-117.67853,42.31787],[-117.67054,42.31863],[-117.66335,42.31585],[-117.66462,42.31011],[-117.66125,42.30952],[-117.65942,42.30613],[-117.66105,42.30385],[-117.66766,42.30267],[-117.66414,42.29332],[-117.66866,42.28403],[-117.66897,42.27728],[-117.66455,42.27036],[-117.6647,42.26512],[-117.66786,42.26183],[-117.66377,42.25495],[-117.66506,42.25084],[-117.66426,42.24187],[-117.66046,42.23826],[-117.66348,42.23559],[-117.6613,42.2341],[-117.66207,42.23209],[-117.65589,42.2292],[-117.65159,42.22286],[-117.64716,42.2284],[-117.64281,42.22829],[-117.64027,42.21945],[-117.62869,42.20947],[-117.62788,42.20185],[-117.61547,42.19256],[-117.60977,42.19068],[-117.60734,42.18362],[-117.60953,42.17731],[-117.62021,42.168],[-117.62038,42.1664],[-117.61811,42.16195],[-117.61123,42.15694],[-117.61016,42.14821],[-117.61231,42.14582],[-117.60154,42.13327],[-117.60037,42.13],[-117.60502,42.1205],[-117.59934,42.10749],[-117.60316,42.10353],[-117.59779,42.09922],[-117.59232,42.08975],[-117.58323,42.09061],[-117.57137,42.08057],[-117.55161,42.07392],[-117.54877,42.0743],[-117.54701,42.07995],[-117.53648,42.08199],[-117.52797,42.06995],[-117.51411,42.06249],[-117.51345,42.06029],[-117.51652,42.05573],[-117.50497,42.03982],[-117.49216,42.03308],[-117.48225,42.0344],[-117.47267,42.02858],[-117.45999,42.01568],[-117.45361,42.0125],[-117.44178,42.00026],[-117.44455,41.99676],[-117.44319,41.99413],[-117.43511,41.99478],[-117.41071,41.98084],[-117.37663,41.98587],[-117.37058,41.98343],[-117.36204,41.98696],[-117.35899,41.98657],[-117.35536,41.98113],[-117.35082,41.9795],[-117.34524,41.97402],[-117.34122,41.96754],[-117.34137,41.96362],[-117.33777,41.96458],[-117.33485,41.96317],[-117.33809,41.95916],[-117.33701,41.95577],[-117.34129,41.9516],[-117.3383,41.94853],[-117.34884,41.94062],[-117.34981,41.93791],[-117.33927,41.92754],[-117.33892,41.92127],[-117.33106,41.91957],[-117.33337,41.91134],[-117.3276,41.90247],[-117.32851,41.89479],[-117.3217,41.89252],[-117.31694,41.88329],[-117.31821,41.86722],[-117.31549,41.85916],[-117.30891,41.85286],[-117.31188,41.84661],[-117.30868,41.83895],[-117.31119,41.83423],[-117.3189,41.82957],[-117.3204,41.82534],[-117.31741,41.819],[-117.31222,41.81469],[-117.3057,41.80447],[-117.30098,41.80094],[-117.30021,41.79847],[-117.30223,41.79414],[-117.29759,41.79211],[-117.29571,41.78948],[-117.29758,41.784],[-117.29453,41.77638],[-117.29617,41.77354],[-117.295,41.76836],[-117.29343,41.76719],[-117.27781,41.76821],[-117.26914,41.76585],[-117.25958,41.7585],[-117.2458,41.75448],[-117.23656,41.7367],[-117.22364,41.73204],[-117.21639,41.72061],[-117.20939,41.72166],[-117.2072,41.71904],[-117.20418,41.72323],[-117.19984,41.72492],[-117.17108,41.72829],[-117.16634,41.72783],[-117.16263,41.72405],[-117.15962,41.72398],[-117.1561,41.7152],[-117.15156,41.71076],[-117.14751,41.70937],[-117.15028,41.70619],[-117.1495,41.70037],[-117.14195,41.69647],[-117.13735,41.69963],[-117.13194,41.69576],[-117.13609,41.68931],[-117.14073,41.68797],[-117.14312,41.68425],[-117.14083,41.67871],[-117.133,41.67548],[-117.13332,41.66715],[-117.12242,41.66459],[-117.12162,41.66],[-117.1169,41.65376],[-117.10224,41.6444],[-117.10348,41.63671],[-117.09764,41.63112],[-117.07896,41.62728],[-117.07476,41.62258],[-117.06827,41.62044],[-117.06077,41.62099],[-117.05087,41.6182],[-117.04273,41.6193],[-117.01986,41.61856],[-116.99951,41.62214],[-116.99092,41.62705],[-116.98244,41.62771],[-116.96929,41.63295],[-116.96214,41.63368],[-116.95642,41.62426],[-116.95757,41.61648],[-116.94009,41.61383],[-116.93312,41.61542],[-116.9212,41.62506],[-116.9072,41.62352],[-116.89658,41.62545],[-116.88392,41.63747],[-116.87657,41.64085],[-116.86421,41.63642],[-116.8617,41.63378],[-116.86296,41.62959],[-116.86195,41.62871],[-116.85248,41.63442],[-116.8471,41.63605],[-116.84124,41.63534],[-116.83578,41.63831],[-116.83231,41.63718],[-116.82742,41.64052],[-116.80281,41.6308],[-116.79563,41.6324],[-116.79721,41.62914],[-116.7959,41.62696],[-116.7868,41.62227],[-116.78617,41.61037],[-116.77159,41.6074],[-116.76762,41.60933],[-116.76288,41.60907],[-116.76331,41.60609],[-116.75732,41.5976],[-116.75312,41.59517],[-116.74391,41.59468],[-116.74584,41.59107],[-116.74552,41.58461],[-116.74337,41.58184],[-116.7351,41.57761],[-116.73535,41.57581],[-116.74046,41.57391],[-116.74189,41.57041],[-116.73806,41.56829],[-116.73851,41.55919],[-116.73618,41.55513],[-116.73902,41.53842],[-116.74157,41.5332],[-116.74017,41.52617],[-116.74108,41.51719],[-116.74028,41.51411],[-116.73651,41.51152],[-116.73475,41.5081],[-116.73915,41.50062],[-116.73972,41.49644],[-116.73782,41.4926],[-116.74124,41.48615],[-116.74115,41.48253],[-116.73665,41.48128],[-116.7309,41.48568],[-116.72693,41.48671],[-116.72374,41.48458],[-116.7162,41.48392],[-116.70625,41.47631],[-116.69966,41.46872],[-116.69431,41.46883],[-116.68439,41.46314],[-116.66877,41.45719],[-116.66691,41.45371],[-116.66956,41.44343],[-116.66609,41.43975],[-116.66425,41.43457],[-116.66486,41.42062],[-116.66079,41.41254],[-116.65837,41.41117],[-116.65876,41.40905],[-116.65441,41.40553],[-116.65008,41.40606],[-116.64891,41.40301],[-116.64215,41.40153],[-116.63912,41.39626],[-116.63518,41.39497],[-116.63433,41.3929],[-116.62683,41.39224],[-116.62537,41.38157],[-116.622,41.38046],[-116.61957,41.37716],[-116.61375,41.37714],[-116.60769,41.3795],[-116.60536,41.38532],[-116.59299,41.38291],[-116.58795,41.38877],[-116.58718,41.3941],[-116.59032,41.39864],[-116.5887,41.40271],[-116.58132,41.40447],[-116.57767,41.40263],[-116.57179,41.40698],[-116.56861,41.40647],[-116.5611,41.40976],[-116.55723,41.40894],[-116.55448,41.41096],[-116.53761,41.41242],[-116.53449,41.41738],[-116.52741,41.42148],[-116.52606,41.42432],[-116.51937,41.424],[-116.51157,41.43045],[-116.51001,41.42801],[-116.51493,41.41916],[-116.50283,41.4065],[-116.48976,41.40683],[-116.48182,41.40471],[-116.47925,41.40589],[-116.46645,41.40205],[-116.46283,41.40281],[-116.46018,41.40539],[-116.45888,41.4028],[-116.45128,41.39903],[-116.44518,41.39973],[-116.44376,41.40129],[-116.44439,41.40373],[-116.43935,41.40345],[-116.43391,41.40579],[-116.42805,41.405],[-116.42305,41.39827],[-116.41014,41.3996],[-116.41114,41.38841],[-116.40423,41.38942],[-116.39704,41.3808],[-116.38971,41.37924],[-116.38324,41.38062],[-116.37926,41.37923],[-116.37047,41.38438],[-116.36139,41.38511],[-116.35697,41.3879],[-116.3549,41.38441],[-116.35724,41.37151],[-116.36056,41.36868],[-116.35949,41.36716],[-116.35087,41.36911],[-116.34183,41.36795],[-116.33728,41.36925],[-116.32725,41.35899],[-116.32541,41.35523],[-116.32626,41.35228],[-116.32225,41.35133],[-116.32599,41.3411],[-116.33139,41.33627],[-116.33746,41.33439],[-116.33532,41.33017],[-116.33633,41.31635],[-116.33834,41.31144],[-116.34182,41.30914],[-116.34089,41.30667],[-116.34256,41.30541],[-116.3382,41.29695],[-116.33453,41.29427],[-116.33427,41.28947],[-116.33613,41.28739],[-116.3331,41.28384],[-116.33584,41.27539],[-116.33257,41.27541],[-116.33049,41.27298],[-116.32907,41.26863],[-116.33238,41.26675],[-116.33094,41.26476],[-116.32088,41.26156],[-116.31494,41.2619],[-116.31073,41.26439],[-116.30883,41.26185],[-116.30361,41.26139],[-116.30343,41.25818],[-116.30637,41.25255],[-116.30515,41.24527],[-116.31037,41.2409],[-116.31434,41.23264],[-116.30585,41.2288],[-116.30191,41.21804],[-116.29732,41.21591],[-116.30216,41.20229],[-116.29992,41.19824],[-116.30145,41.19504],[-116.29932,41.1873],[-116.30455,41.18095],[-116.3039,41.17827],[-116.29877,41.17572],[-116.29427,41.16756],[-116.28884,41.16495],[-116.28897,41.158],[-116.2796,41.15579],[-116.2786,41.1539],[-116.27018,41.1525],[-116.25663,41.14508],[-116.25095,41.14791],[-116.24416,41.14498],[-116.23007,41.14717],[-116.22936,41.14357],[-116.22327,41.14051],[-116.21752,41.14052],[-116.21939,41.13526],[-116.21879,41.13103],[-116.21101,41.1304],[-116.20694,41.12783],[-116.20377,41.1312],[-116.20354,41.13508],[-116.20098,41.13696],[-116.19286,41.13727],[-116.19155,41.14088],[-116.18589,41.13997],[-116.17948,41.1435],[-116.18174,41.14781],[-116.17909,41.15001],[-116.17795,41.15362],[-116.18076,41.1608],[-116.17801,41.16967],[-116.17386,41.17376],[-116.16839,41.17492],[-116.16582,41.18072],[-116.16354,41.18138],[-116.15954,41.18663],[-116.15055,41.18907],[-116.15179,41.19089],[-116.14658,41.1955],[-116.14803,41.19809],[-116.14478,41.20556],[-116.13471,41.20711],[-116.13082,41.20612],[-116.12978,41.2081],[-116.12574,41.20707],[-116.1216,41.20897],[-116.12031,41.21248],[-116.11804,41.21242],[-116.11493,41.21972],[-116.11181,41.22224],[-116.09761,41.22125],[-116.09558,41.22276],[-116.09031,41.22005],[-116.08291,41.22686],[-116.08325,41.22895],[-116.07475,41.2302],[-116.0685,41.23362],[-116.05988,41.23534],[-116.04823,41.22626],[-116.03345,41.22558],[-116.03146,41.22076],[-116.02137,41.22474],[-116.01797,41.22418],[-116.01139,41.22142],[-116.01008,41.21667],[-116.00809,41.21604],[-116.00554,41.22181],[-116.00611,41.22586],[-115.99125,41.23427],[-115.98877,41.24025],[-115.99038,41.24576],[-115.99272,41.24739],[-115.99227,41.25062],[-116.00024,41.25745],[-116.00474,41.25915],[-116.00358,41.26339],[-116.00657,41.26429],[-116.00769,41.26683],[-116.00183,41.2692],[-116.00093,41.27282],[-115.99852,41.27453],[-115.99936,41.27907],[-116.00174,41.28107],[-116.0014,41.29189],[-116.00506,41.29395],[-116.00617,41.29746],[-116.00517,41.29959],[-116.00709,41.30299],[-116.01534,41.3043],[-116.01455,41.3097],[-116.00858,41.31753],[-115.99412,41.32378],[-115.99151,41.33208],[-115.98392,41.33548],[-115.97817,41.34119],[-115.97652,41.34998],[-115.97381,41.35287],[-115.97296,41.35704],[-115.97333,41.3589],[-115.97847,41.3622],[-115.97493,41.37139],[-115.967,41.37547],[-115.96428,41.38223],[-115.95849,41.38563],[-115.9652,41.38877],[-115.97245,41.38984],[-115.97126,41.39742],[-115.97335,41.40152],[-115.96862,41.40796],[-115.96849,41.4112],[-115.97343,41.41378],[-115.98168,41.412],[-115.98465,41.41373],[-115.98366,41.41888],[-115.98755,41.42195],[-115.98782,41.42538],[-115.98387,41.43229],[-115.98755,41.43824],[-115.98769,41.44349],[-115.99065,41.44746],[-115.98681,41.45128],[-115.98597,41.45555],[-115.98834,41.45785],[-115.98806,41.46173],[-116.00169,41.47219],[-116.00459,41.47224],[-116.00453,41.47852],[-116.00656,41.48257],[-116.00667,41.48603],[-116.00444,41.48768],[-116.0024,41.49443],[-116.00219,41.50316],[-115.99704,41.50695],[-115.98897,41.50836],[-115.98549,41.51334],[-115.97902,41.51588],[-115.9727,41.52231],[-115.9743,41.52924],[-115.97265,41.53519],[-115.96701,41.53821],[-115.96734,41.54343],[-115.97941,41.54574],[-115.98317,41.5479],[-115.98485,41.55185],[-115.99413,41.55061],[-115.99923,41.55691],[-115.99826,41.56103],[-116.00173,41.56513],[-116.00283,41.57144],[-116.00897,41.57829],[-116.00728,41.58383],[-116.00435,41.58516],[-116.00115,41.59124],[-116.00141,41.59514],[-115.98451,41.60439],[-115.97689,41.60022],[-115.97281,41.59437],[-115.96535,41.59176],[-115.9613,41.59381],[-115.9578,41.59259],[-115.95103,41.5937],[-115.94468,41.59112],[-115.93236,41.59801],[-115.93005,41.59547],[-115.92656,41.59483],[-115.923,41.59083],[-115.9232,41.58726],[-115.91839,41.58334],[-115.91089,41.58501],[-115.89999,41.58268],[-115.89716,41.58007],[-115.89657,41.57206],[-115.88148,41.5631],[-115.84767,41.55666],[-115.82096,41.5549],[-115.8205,41.55259],[-115.81697,41.55028],[-115.81747,41.54544],[-115.81385,41.54205],[-115.80099,41.54078],[-115.80174,41.53669],[-115.79828,41.52915],[-115.79218,41.52647],[-115.79069,41.52279],[-115.786,41.51949],[-115.78565,41.51268],[-115.78803,41.51019],[-115.77877,41.5045],[-115.77369,41.50421],[-115.7735,41.50013],[-115.76425,41.49756],[-115.75704,41.50257],[-115.74948,41.50065],[-115.7454,41.50255],[-115.73863,41.50072],[-115.7354,41.50154],[-115.73092,41.50613],[-115.72841,41.50496],[-115.72052,41.50794],[-115.72341,41.51648],[-115.72166,41.52388],[-115.72264,41.52774],[-115.72608,41.53223],[-115.73452,41.53818],[-115.73488,41.54377],[-115.73744,41.5462],[-115.72868,41.54716],[-115.72132,41.55073],[-115.72602,41.55653],[-115.71857,41.56024],[-115.71537,41.56449],[-115.71675,41.56754],[-115.71108,41.57399],[-115.71239,41.57571],[-115.70696,41.57932],[-115.70338,41.58538],[-115.7091,41.59373],[-115.70445,41.59421],[-115.69795,41.60323],[-115.69308,41.6068],[-115.68903,41.61518],[-115.68365,41.61532],[-115.67825,41.61316],[-115.67192,41.61775],[-115.66854,41.61602],[-115.66239,41.62176],[-115.65961,41.61706],[-115.65053,41.61279],[-115.62601,41.62721],[-115.61958,41.62518],[-115.62363,41.62258],[-115.62387,41.62039],[-115.61979,41.61552],[-115.62007,41.61247],[-115.61144,41.60103],[-115.60932,41.59334],[-115.60415,41.58646],[-115.61144,41.57752],[-115.60331,41.57458],[-115.61289,41.56237],[-115.61185,41.56095],[-115.60541,41.56094],[-115.60346,41.55868],[-115.60103,41.55847],[-115.60007,41.54733],[-115.5963,41.54174],[-115.5851,41.54134],[-115.57234,41.54862],[-115.56881,41.5479],[-115.56779,41.54615],[-115.57328,41.54364],[-115.57323,41.54067],[-115.57565,41.53975],[-115.57266,41.53223],[-115.56486,41.52818],[-115.56468,41.52304],[-115.56165,41.52281],[-115.55651,41.51855],[-115.55221,41.521],[-115.54742,41.52132],[-115.53565,41.51619],[-115.53522,41.51266],[-115.5262,41.50398],[-115.52461,41.4967],[-115.52254,41.4955],[-115.51976,41.48945],[-115.51429,41.48521],[-115.51461,41.48069],[-115.51206,41.47856],[-115.51292,41.47617],[-115.51014,41.47286],[-115.51096,41.46941],[-115.50631,41.46757],[-115.49947,41.46099],[-115.49816,41.45829],[-115.49989,41.45599],[-115.49885,41.4541],[-115.49015,41.45291],[-115.48559,41.44348],[-115.47939,41.44632],[-115.47431,41.44506],[-115.47075,41.43645],[-115.46427,41.43075],[-115.464,41.42898],[-115.46602,41.42731],[-115.46507,41.4252],[-115.46106,41.42213],[-115.45354,41.42037],[-115.45445,41.4168],[-115.4528,41.3997],[-115.44613,41.39734],[-115.43549,41.40236],[-115.43463,41.40524],[-115.42737,41.41122],[-115.42012,41.40655],[-115.40928,41.40581],[-115.40886,41.40821],[-115.4127,41.41174],[-115.41403,41.41728],[-115.4192,41.42168],[-115.41731,41.42431],[-115.41379,41.42504],[-115.41331,41.42783],[-115.40769,41.43205],[-115.40304,41.44172],[-115.39354,41.44247],[-115.38118,41.45146],[-115.36908,41.45216],[-115.36847,41.45604],[-115.37003,41.45777],[-115.36866,41.46409],[-115.37047,41.46554],[-115.37173,41.47334],[-115.36909,41.47703],[-115.37244,41.48213],[-115.37327,41.49313],[-115.3684,41.49764],[-115.36646,41.50308],[-115.36225,41.50659],[-115.35822,41.50749],[-115.35973,41.51169],[-115.35791,41.51466],[-115.36175,41.51601],[-115.3616,41.51971],[-115.35662,41.52568],[-115.36187,41.5301],[-115.36385,41.5355],[-115.36358,41.54364],[-115.36127,41.54824],[-115.37229,41.55043],[-115.37523,41.55253],[-115.38084,41.54911],[-115.38734,41.55035],[-115.39197,41.54328],[-115.40174,41.54211],[-115.40348,41.54333],[-115.40162,41.54602],[-115.40307,41.54895],[-115.40897,41.55442],[-115.41061,41.55871],[-115.4107,41.5737],[-115.41212,41.57521],[-115.4126,41.58312],[-115.41547,41.58563],[-115.41347,41.58848],[-115.41631,41.59411],[-115.41952,41.59614],[-115.41712,41.59715],[-115.41798,41.60107],[-115.41228,41.60987],[-115.41274,41.62121],[-115.41517,41.62797],[-115.41356,41.63465],[-115.41768,41.63819],[-115.42127,41.65075],[-115.42511,41.65023],[-115.4256,41.65499],[-115.42418,41.65815],[-115.42696,41.66557],[-115.42463,41.66967],[-115.4265,41.67346],[-115.42689,41.68175],[-115.42533,41.69126],[-115.42315,41.69243],[-115.423,41.69827],[-115.42539,41.70006],[-115.41898,41.7027],[-115.41773,41.7058],[-115.41921,41.70864],[-115.4174,41.71195],[-115.42414,41.71462],[-115.43622,41.72399],[-115.43371,41.73336],[-115.43614,41.73555],[-115.44121,41.74642],[-115.43372,41.75351],[-115.42912,41.75578],[-115.42618,41.76404],[-115.43913,41.77366],[-115.42884,41.77921],[-115.42626,41.78164],[-115.42617,41.78464],[-115.41882,41.78525],[-115.414,41.78349],[-115.41234,41.78034],[-115.40285,41.78004],[-115.39446,41.77315],[-115.37438,41.77206],[-115.36912,41.77386],[-115.36054,41.75997],[-115.34769,41.7595],[-115.34241,41.75169],[-115.34351,41.74695],[-115.33993,41.7408],[-115.3398,41.73574],[-115.33708,41.73114],[-115.32336,41.72523],[-115.32574,41.72083],[-115.32866,41.70117],[-115.33302,41.69963],[-115.33511,41.69671],[-115.32947,41.69147],[-115.31243,41.68777],[-115.30606,41.68861],[-115.3025,41.69126],[-115.29407,41.68696],[-115.28843,41.68644],[-115.2829,41.68872],[-115.27014,41.67599],[-115.26477,41.67476],[-115.26262,41.6724],[-115.25979,41.67328],[-115.25376,41.6798],[-115.24386,41.68317],[-115.22238,41.67506],[-115.20619,41.67431],[-115.19516,41.66882],[-115.19117,41.66308],[-115.18692,41.66044],[-115.18882,41.65727],[-115.18718,41.65322],[-115.18875,41.65196],[-115.18551,41.64781],[-115.18648,41.64444],[-115.17522,41.64482],[-115.17612,41.63517],[-115.17407,41.63395],[-115.17383,41.62684],[-115.17678,41.62341],[-115.17142,41.62108],[-115.16437,41.62137],[-115.1583,41.61465],[-115.15245,41.61634],[-115.14854,41.61398],[-115.13904,41.61333],[-115.13893,41.60918],[-115.1309,41.60453],[-115.13027,41.60054],[-115.12504,41.59878],[-115.1257,41.59344],[-115.12389,41.59089],[-115.12636,41.58298],[-115.12545,41.58181],[-115.11742,41.5829],[-115.10759,41.58033],[-115.10127,41.57398],[-115.09689,41.57874],[-115.08532,41.57151],[-115.07278,41.57482],[-115.06685,41.57406],[-115.06434,41.57302],[-115.05509,41.56233],[-115.04713,41.56069],[-115.0473,41.55587],[-115.03957,41.55055],[-115.03606,41.5436],[-115.03074,41.54216],[-115.03207,41.53833],[-115.03898,41.5356],[-115.03726,41.52709],[-115.04014,41.5206],[-115.03299,41.51771],[-115.03024,41.52166],[-115.02498,41.51861],[-115.02009,41.51794],[-115.02156,41.51261],[-115.01182,41.50761],[-115.01081,41.50255],[-115.01483,41.50253],[-115.01799,41.50054],[-115.01583,41.49805],[-115.01489,41.48878],[-115.01243,41.48623],[-115.01724,41.47872],[-115.01408,41.47754],[-115.00914,41.47909],[-115.00488,41.47665],[-115.00178,41.47244],[-114.99643,41.46891],[-114.99565,41.45981],[-114.98423,41.46396],[-114.97383,41.46071],[-114.96218,41.46103],[-114.9587,41.45799],[-114.9556,41.4535],[-114.95532,41.44972],[-114.94855,41.44193],[-114.94358,41.44291],[-114.92591,41.43574],[-114.91716,41.43381],[-114.88699,41.44022],[-114.86232,41.44924],[-114.83109,41.46937],[-114.82438,41.47087],[-114.81331,41.47947],[-114.80589,41.47923],[-114.79984,41.48333],[-114.78801,41.48648],[-114.77438,41.49767],[-114.76533,41.49487],[-114.74405,41.49819],[-114.7187,41.50554],[-114.71465,41.50383],[-114.711,41.50547],[-114.70287,41.50386],[-114.69564,41.50025],[-114.68664,41.4992],[-114.68381,41.49714],[-114.68243,41.50359],[-114.67932,41.50677],[-114.67768,41.51259],[-114.67349,41.5133],[-114.67387,41.51705],[-114.67118,41.52302],[-114.67335,41.52671],[-114.67202,41.52907],[-114.67291,41.53047],[-114.66346,41.54412],[-114.66488,41.5479],[-114.66244,41.54999],[-114.66238,41.55344],[-114.6606,41.5541],[-114.65816,41.56057],[-114.65503,41.5618],[-114.65163,41.56641],[-114.6519,41.5704],[-114.6496,41.57291],[-114.6492,41.57744],[-114.64152,41.5835],[-114.64351,41.58485],[-114.64497,41.58939],[-114.63831,41.59386],[-114.6384,41.60153],[-114.63228,41.61979],[-114.63403,41.6277],[-114.62798,41.6315],[-114.62882,41.63399],[-114.6248,41.63931],[-114.6261,41.64142],[-114.62403,41.64348],[-114.62527,41.64762],[-114.6227,41.6528],[-114.62512,41.65661],[-114.62337,41.66009],[-114.61523,41.66331],[-114.60633,41.66273],[-114.59857,41.66503],[-114.58788,41.6748],[-114.58736,41.67852],[-114.58297,41.68078],[-114.57703,41.69036],[-114.56905,41.69326],[-114.56271,41.69328],[-114.55931,41.69689],[-114.55057,41.69968],[-114.54925,41.70195],[-114.55047,41.7083],[-114.55287,41.71139],[-114.54645,41.7112],[-114.54066,41.7083],[-114.53123,41.71062],[-114.5294,41.70703],[-114.52404,41.70506],[-114.52366,41.70851],[-114.51375,41.71633],[-114.51026,41.72434],[-114.51076,41.72713],[-114.50604,41.73675],[-114.49892,41.73528],[-114.49295,41.73765],[-114.49205,41.74428],[-114.48967,41.7459],[-114.48979,41.74838],[-114.48322,41.75385],[-114.48389,41.75801],[-114.48253,41.76108],[-114.48437,41.76494],[-114.48305,41.76791],[-114.48518,41.76933],[-114.47878,41.77444],[-114.47894,41.77768],[-114.48158,41.77852],[-114.48247,41.78618],[-114.48102,41.78849],[-114.47415,41.79106],[-114.4732,41.79452],[-114.47631,41.80862],[-114.47506,41.8125],[-114.47786,41.81324],[-114.47956,41.81771],[-114.48471,41.82128],[-114.48549,41.82765],[-114.48039,41.83054],[-114.47428,41.83872],[-114.4641,41.83762],[-114.45998,41.84407],[-114.45025,41.84664],[-114.44656,41.85079],[-114.44,41.84496],[-114.44052,41.83434],[-114.42394,41.82356],[-114.42049,41.81949],[-114.41085,41.81507],[-114.38953,41.79454],[-114.36275,41.77973],[-114.35209,41.7713],[-114.3216,41.76729],[-114.31284,41.75375],[-114.30933,41.75097],[-114.30785,41.7417],[-114.29839,41.73191],[-114.29496,41.73175],[-114.29446,41.73003],[-114.29749,41.72682],[-114.29562,41.72561],[-114.29503,41.71844],[-114.29225,41.71303],[-114.29351,41.7096],[-114.27562,41.70542],[-114.26721,41.70659],[-114.2671,41.70096],[-114.26512,41.69831],[-114.26607,41.69703],[-114.26306,41.69052],[-114.26351,41.68815],[-114.26072,41.68486],[-114.2622,41.67985],[-114.25682,41.6809],[-114.25101,41.6772],[-114.24319,41.679],[-114.23631,41.68785],[-114.21852,41.69817],[-114.21261,41.70759],[-114.2005,41.70989],[-114.19512,41.71588],[-114.18979,41.71318],[-114.17901,41.71212],[-114.15475,41.71581],[-114.14702,41.70951],[-114.1375,41.70854],[-114.12766,41.71045],[-114.11672,41.70201],[-114.10909,41.70004],[-114.1025,41.69066],[-114.09499,41.6873],[-114.08736,41.68896],[-114.08142,41.69254],[-114.07816,41.69152],[-114.07321,41.69293],[-114.07091,41.69932],[-114.07534,41.69978],[-114.07771,41.70279],[-114.07653,41.70719],[-114.07362,41.71011],[-114.07623,41.71394],[-114.07646,41.72],[-114.07173,41.7239],[-114.07426,41.72942],[-114.07189,41.73279],[-114.06961,41.74475],[-114.0645,41.74752],[-114.05579,41.75796],[-114.05548,41.76828],[-114.05075,41.77094],[-114.0505,41.77481],[-114.04778,41.777],[-114.04442,41.79334],[-114.03644,41.78964],[-114.02948,41.78904],[-114.02615,41.78336],[-114.02227,41.78257],[-114.02019,41.7863],[-114.01599,41.78863],[-114.00365,41.79241],[-114.00159,41.80134],[-113.99553,41.80125],[-113.98545,41.79318],[-113.97784,41.79641],[-113.97183,41.79411],[-113.96841,41.79593],[-113.96494,41.79398],[-113.96295,41.79037],[-113.9547,41.79024],[-113.95429,41.79555],[-113.9563,41.79853],[-113.94634,41.79874],[-113.9417,41.80151],[-113.94031,41.80884],[-113.94206,41.82148],[-113.94128,41.82419],[-113.93789,41.82393],[-113.93499,41.82707],[-113.93525,41.83332],[-113.944,41.83693],[-113.94299,41.83982],[-113.94445,41.84234],[-113.93342,41.84274],[-113.93365,41.84469],[-113.92951,41.84766],[-113.9263,41.84787],[-113.92303,41.85088],[-113.92348,41.85203],[-113.90826,41.85784],[-113.90348,41.86306],[-113.89347,41.86506],[-113.89011,41.86338],[-113.88634,41.86831],[-113.88769,41.87119],[-113.88503,41.87975],[-113.88287,41.88254],[-113.87514,41.8845],[-113.87564,41.88809],[-113.87224,41.89221],[-113.86423,41.89043],[-113.86177,41.88283],[-113.85366,41.87849],[-113.84933,41.8782],[-113.84718,41.87273],[-113.84271,41.86841],[-113.83168,41.86923],[-113.82695,41.86605],[-113.82135,41.86584],[-113.8134,41.86247],[-113.80441,41.85503],[-113.79532,41.85398],[-113.79362,41.85157],[-113.78518,41.85565],[-113.78015,41.85617],[-113.77449,41.83813],[-113.76803,41.83018],[-113.7711,41.82762],[-113.77195,41.82356],[-113.76231,41.81541],[-113.75924,41.80891],[-113.75999,41.80733],[-113.75261,41.79514],[-113.75176,41.7893],[-113.74545,41.78686],[-113.73702,41.77958],[-113.73783,41.77473],[-113.7363,41.7726],[-113.73198,41.77151],[-113.73234,41.76662],[-113.73093,41.76438],[-113.72766,41.76374],[-113.72681,41.75787],[-113.71926,41.7562],[-113.71644,41.75288],[-113.70954,41.74985],[-113.70511,41.75376],[-113.69928,41.76444],[-113.69279,41.76784],[-113.69099,41.7705],[-113.6764,41.77256],[-113.67649,41.78001],[-113.67305,41.78875],[-113.68297,41.79642],[-113.66867,41.805],[-113.66821,41.8109],[-113.67208,41.81388],[-113.67084,41.81557],[-113.67519,41.81991],[-113.67122,41.82795],[-113.6716,41.83135],[-113.67482,41.83558],[-113.6715,41.83825],[-113.67077,41.84448],[-113.66857,41.84754],[-113.67121,41.85083],[-113.67013,41.85363],[-113.66823,41.85555],[-113.6573,41.85795],[-113.65468,41.85608],[-113.65019,41.86025],[-113.63987,41.86112],[-113.64008,41.86807],[-113.6356,41.87253],[-113.62749,41.87337],[-113.62025,41.87125],[-113.59369,41.87437],[-113.58057,41.86898],[-113.56987,41.86802],[-113.56599,41.86561],[-113.56586,41.86328],[-113.56182,41.86143],[-113.55217,41.86209],[-113.54389,41.86453],[-113.5391,41.86409],[-113.52941,41.86899],[-113.52471,41.8681],[-113.51423,41.8736],[-113.51036,41.87334],[-113.50016,41.87713],[-113.49595,41.87615],[-113.48653,41.87924],[-113.48276,41.88485],[-113.47989,41.88416],[-113.47919,41.88915],[-113.47329,41.89218],[-113.4467,41.89536],[-113.43876,41.90007],[-113.42698,41.89989],[-113.42331,41.90306],[-113.41091,41.90605],[-113.40455,41.90708],[-113.40073,41.90482],[-113.39175,41.90351],[-113.38898,41.90445],[-113.38724,41.90791],[-113.37626,41.91305],[-113.37058,41.90927],[-113.36593,41.90996],[-113.36473,41.90323],[-113.36111,41.90153],[-113.35414,41.90317],[-113.34488,41.90137],[-113.33879,41.90507],[-113.32319,41.9071],[-113.31986,41.90944],[-113.30906,41.91016],[-113.306,41.9121],[-113.30176,41.91152],[-113.29271,41.91548],[-113.27201,41.91941],[-113.26126,41.92316],[-113.25944,41.93102],[-113.25311,41.93158],[-113.23985,41.93844],[-113.23676,41.94457],[-113.23735,41.95318],[-113.22716,41.95514],[-113.22502,41.9605],[-113.21687,41.95993],[-113.21098,41.96817],[-113.20297,41.97108],[-113.19262,41.98294],[-113.1889,41.99012],[-113.16993,42.00749],[-113.1669,42.01402],[-113.15075,42.02003],[-113.14906,42.0258],[-113.13885,42.02984],[-113.1395,42.03427],[-113.13821,42.03656],[-113.14006,42.04388],[-113.13773,42.04585],[-113.14007,42.05219],[-113.139,42.05405],[-113.14008,42.0583],[-113.14336,42.06557],[-113.14341,42.07164],[-113.14072,42.07378],[-113.13188,42.07404],[-113.12688,42.07809],[-113.11537,42.0776],[-113.11486,42.0804],[-113.10763,42.08836],[-113.10651,42.10413],[-113.10298,42.10864],[-113.10503,42.11167],[-113.11927,42.11571],[-113.12328,42.12466],[-113.12293,42.12871],[-113.12552,42.13232],[-113.12571,42.13941],[-113.1218,42.14469],[-113.12466,42.15325],[-113.1113,42.15383],[-113.09808,42.15902],[-113.08127,42.17826],[-113.06192,42.18542],[-113.05395,42.19088],[-113.0437,42.1939],[-113.04586,42.19812],[-113.04514,42.20355],[-113.04082,42.20499],[-113.03128,42.2146],[-113.02213,42.21633],[-113.02047,42.21999],[-113.01625,42.22172],[-113.00351,42.22351],[-112.99999,42.2208],[-112.99084,42.22019],[-112.9895,42.21864],[-112.98666,42.22072],[-112.97965,42.21508],[-112.97793,42.21685],[-112.96976,42.21717],[-112.96901,42.22085],[-112.96542,42.22242],[-112.96289,42.22083],[-112.94973,42.21981],[-112.93956,42.22717],[-112.92933,42.22827],[-112.91648,42.23445],[-112.91857,42.23875],[-112.9164,42.2444],[-112.9181,42.24744],[-112.91647,42.25048],[-112.91795,42.25612],[-112.91048,42.25532],[-112.89882,42.25767],[-112.89746,42.26039],[-112.89238,42.26286],[-112.89029,42.25907],[-112.88577,42.25635],[-112.8724,42.25421],[-112.87002,42.25112],[-112.86702,42.25084],[-112.86208,42.25577],[-112.85359,42.2581],[-112.84115,42.25753],[-112.82661,42.26209],[-112.81724,42.26811],[-112.8153,42.26981],[-112.81675,42.273],[-112.81623,42.27733],[-112.8189,42.28048],[-112.81089,42.28135],[-112.81162,42.28556],[-112.81028,42.28867],[-112.80552,42.28966],[-112.80634,42.29855],[-112.80398,42.30687],[-112.80624,42.30908],[-112.80586,42.31386],[-112.7979,42.32387],[-112.80037,42.33065],[-112.79926,42.34101],[-112.78926,42.34666],[-112.7855,42.34595],[-112.77838,42.34803],[-112.77302,42.34616],[-112.76853,42.34914],[-112.76074,42.3511],[-112.74834,42.35241],[-112.74314,42.35103],[-112.73918,42.35258],[-112.73779,42.35547],[-112.72344,42.36023],[-112.72612,42.3705],[-112.72188,42.38087],[-112.72458,42.3858],[-112.72145,42.3911],[-112.72325,42.39359],[-112.71831,42.3953],[-112.7125,42.40421],[-112.71337,42.40817],[-112.71819,42.41438],[-112.71532,42.41749],[-112.71628,42.42143],[-112.71439,42.42431],[-112.71636,42.42912],[-112.71392,42.43565],[-112.71647,42.44264],[-112.70966,42.44934],[-112.70007,42.45135],[-112.69907,42.45969],[-112.69691,42.46189],[-112.68107,42.46708],[-112.67757,42.46637],[-112.66725,42.47178],[-112.65605,42.47114],[-112.65533,42.46617],[-112.65049,42.45653],[-112.65162,42.4548],[-112.64852,42.44128],[-112.64902,42.43706],[-112.64634,42.43253],[-112.64982,42.42891],[-112.64889,42.41862],[-112.65504,42.41509],[-112.65893,42.3999],[-112.65716,42.39278],[-112.65818,42.38906],[-112.65487,42.38427],[-112.62885,42.37121],[-112.61708,42.36958],[-112.6112,42.36548],[-112.60481,42.36511],[-112.59819,42.36227],[-112.5789,42.35972],[-112.57218,42.35691],[-112.56749,42.35262],[-112.55101,42.35245],[-112.53894,42.35623],[-112.5354,42.36059],[-112.53062,42.36225],[-112.52988,42.36708],[-112.5247,42.36981],[-112.52663,42.37417],[-112.52173,42.38266],[-112.51792,42.38311],[-112.51979,42.39244],[-112.51391,42.39617],[-112.51214,42.39922],[-112.51534,42.40402],[-112.50526,42.41003],[-112.50798,42.41419],[-112.50496,42.41773],[-112.50526,42.42099],[-112.50206,42.42596],[-112.49744,42.42639],[-112.49866,42.4324],[-112.49489,42.43452],[-112.49994,42.44717],[-112.49897,42.45153],[-112.50017,42.45556],[-112.50477,42.45668],[-112.50333,42.46777],[-112.49865,42.4667],[-112.49273,42.46843],[-112.49323,42.47372],[-112.48179,42.4801],[-112.48616,42.48521],[-112.48795,42.49181],[-112.48302,42.4992],[-112.48277,42.50248],[-112.47924,42.50272],[-112.48145,42.50571],[-112.4815,42.50931],[-112.48481,42.51182],[-112.48236,42.52463],[-112.48364,42.5291],[-112.47385,42.52889],[-112.4685,42.53039],[-112.45946,42.54058],[-112.46084,42.54353],[-112.46406,42.54537],[-112.46458,42.54957],[-112.46175,42.54995],[-112.45715,42.55573],[-112.45375,42.55705],[-112.4459,42.55061],[-112.4418,42.54418],[-112.44256,42.54247],[-112.44059,42.53871],[-112.44457,42.53556],[-112.43958,42.53142],[-112.44177,42.5278],[-112.43479,42.52862],[-112.43453,42.52689],[-112.42879,42.52298],[-112.4208,42.52179],[-112.41953,42.51514],[-112.41142,42.51407],[-112.40428,42.51725],[-112.40122,42.51455],[-112.4018,42.50958],[-112.39916,42.50695],[-112.4002,42.50286],[-112.39898,42.49863],[-112.39451,42.49354],[-112.38217,42.487],[-112.38391,42.48364],[-112.37853,42.482],[-112.37631,42.47894],[-112.37373,42.48146],[-112.36734,42.48363],[-112.36588,42.48252],[-112.36719,42.46603],[-112.37167,42.46406],[-112.3725,42.46183],[-112.37246,42.45787],[-112.36767,42.45427],[-112.34995,42.45232],[-112.34272,42.44782],[-112.32447,42.451],[-112.31982,42.44933],[-112.31805,42.45149],[-112.31202,42.45298],[-112.3108,42.45692],[-112.29739,42.45417],[-112.29712,42.44977],[-112.29455,42.44631],[-112.29527,42.43715],[-112.29084,42.42708],[-112.2937,42.42259],[-112.2939,42.41917],[-112.29226,42.41637],[-112.29389,42.40814],[-112.29089,42.39709],[-112.29418,42.39477],[-112.29404,42.38631],[-112.305,42.37942],[-112.30552,42.37671],[-112.31028,42.37122],[-112.30998,42.36587],[-112.31342,42.36459],[-112.31884,42.35664],[-112.32407,42.35348],[-112.32404,42.35159],[-112.32893,42.34719],[-112.33066,42.3411],[-112.32833,42.33738],[-112.32871,42.32908],[-112.32692,42.32372],[-112.31522,42.32201],[-112.30886,42.32615],[-112.30567,42.32655],[-112.29116,42.31662],[-112.27944,42.3167],[-112.27586,42.31855],[-112.27409,42.32434],[-112.26391,42.33433],[-112.26106,42.34012],[-112.25718,42.34254],[-112.23776,42.34522],[-112.22599,42.34507],[-112.21482,42.35047],[-112.20704,42.35073],[-112.20581,42.34658],[-112.20192,42.34727],[-112.19586,42.34501],[-112.19078,42.34778],[-112.18698,42.34229],[-112.1858,42.33724],[-112.17743,42.32865],[-112.1766,42.32416],[-112.1691,42.31722],[-112.16844,42.31486],[-112.16452,42.31349],[-112.16117,42.30867],[-112.16019,42.30554],[-112.16145,42.2999],[-112.15616,42.29704],[-112.156,42.29441],[-112.14421,42.29322],[-112.1369,42.29538],[-112.1293,42.29045],[-112.12587,42.28468],[-112.11895,42.28118],[-112.11333,42.26926],[-112.10404,42.26808],[-112.09791,42.26954],[-112.09548,42.27381],[-112.10222,42.28324],[-112.09684,42.28906],[-112.097,42.29133],[-112.0935,42.29213],[-112.09188,42.29577],[-112.08094,42.30203],[-112.08079,42.30551],[-112.0877,42.3118],[-112.0832,42.31668],[-112.08328,42.32016],[-112.08622,42.3248],[-112.08161,42.32671],[-112.07984,42.33105],[-112.07644,42.33199],[-112.07832,42.33313],[-112.08026,42.34078],[-112.07435,42.34418],[-112.07526,42.34625],[-112.07307,42.34831],[-112.07299,42.35173],[-112.0685,42.35187],[-112.06336,42.35534],[-112.04864,42.35438],[-112.04354,42.3556],[-112.03979,42.36171],[-112.02817,42.36953],[-112.02466,42.36945],[-112.02124,42.36636],[-112.01858,42.36875],[-112.01348,42.36942],[-112.01252,42.3736],[-112.00403,42.38119],[-112.00165,42.37871],[-111.99738,42.37819],[-111.99413,42.37525],[-111.98732,42.37318],[-111.9837,42.3817],[-111.97946,42.38426],[-111.97953,42.38749],[-111.97619,42.39027],[-111.97562,42.39834],[-111.97109,42.39981],[-111.97,42.40471],[-111.97152,42.4076],[-111.96591,42.41023],[-111.96185,42.41427],[-111.95823,42.42454],[-111.95966,42.42799],[-111.9547,42.43295],[-111.95454,42.43621],[-111.96066,42.44436],[-111.97532,42.45111],[-111.97426,42.45496],[-111.96981,42.45809],[-111.97468,42.46928],[-111.97459,42.47212],[-111.97985,42.47611],[-111.97537,42.4785],[-111.97078,42.48386],[-111.96429,42.48391],[-111.96252,42.48656],[-111.95431,42.49137],[-111.95424,42.49727],[-111.95689,42.50172],[-111.95707,42.5071],[-111.95399,42.51084],[-111.95412,42.51396],[-111.95596,42.51579],[-111.95148,42.52102],[-111.94192,42.51921],[-111.93054,42.52234],[-111.93841,42.53406],[-111.93787,42.54397],[-111.93378,42.54529],[-111.92444,42.54487],[-111.92594,42.54887],[-111.91648,42.54951],[-111.90758,42.54426],[-111.89923,42.54379],[-111.8999,42.54692],[-111.89609,42.55054],[-111.89485,42.55645],[-111.89802,42.56047],[-111.89699,42.56449],[-111.89968,42.56962],[-111.9,42.57383],[-111.89762,42.57882],[-111.8945,42.5796],[-111.89399,42.57781],[-111.89016,42.57638],[-111.8791,42.57664],[-111.87227,42.58079],[-111.86375,42.58297],[-111.86409,42.58626],[-111.86205,42.58942],[-111.85689,42.59101],[-111.84606,42.59893],[-111.84044,42.59931],[-111.83891,42.60081],[-111.83276,42.60027],[-111.82992,42.60288],[-111.82312,42.60518],[-111.82061,42.60759],[-111.81999,42.61255],[-111.81763,42.61421],[-111.81379,42.61559],[-111.80512,42.61468],[-111.7923,42.61756],[-111.78232,42.6164],[-111.77771,42.62257],[-111.77253,42.6263],[-111.76408,42.62988],[-111.75144,42.63116],[-111.74565,42.63384],[-111.74611,42.63577],[-111.74065,42.64033],[-111.72674,42.6452],[-111.72369,42.64526],[-111.72252,42.64322],[-111.7164,42.64805],[-111.71595,42.65021],[-111.7197,42.65175],[-111.71625,42.66069],[-111.71289,42.66434],[-111.70413,42.66741],[-111.70219,42.67167],[-111.69932,42.67271],[-111.69139,42.67242],[-111.68352,42.6758],[-111.67829,42.67607],[-111.67628,42.67838],[-111.67015,42.68031],[-111.65669,42.69121],[-111.66252,42.70721],[-111.66772,42.7142],[-111.6728,42.71681],[-111.67462,42.71898],[-111.67405,42.72071],[-111.67704,42.72334],[-111.68312,42.72415],[-111.68633,42.72803],[-111.69237,42.73021],[-111.69367,42.73339],[-111.6998,42.73824],[-111.70671,42.73809],[-111.70843,42.74059],[-111.71484,42.74208],[-111.71415,42.74559],[-111.71788,42.75231],[-111.71623,42.75485],[-111.72019,42.75825],[-111.71996,42.761],[-111.71573,42.76453],[-111.71515,42.76687],[-111.70947,42.77036],[-111.71038,42.77916],[-111.70213,42.78449],[-111.70354,42.78732],[-111.70127,42.78853],[-111.69687,42.79899],[-111.69101,42.80326],[-111.68629,42.80181],[-111.68344,42.80443],[-111.67332,42.80443],[-111.6703,42.80669],[-111.67385,42.81625],[-111.66979,42.82471],[-111.66717,42.82593],[-111.66855,42.82794],[-111.66651,42.83898],[-111.66957,42.84312],[-111.66179,42.84791],[-111.6632,42.85139],[-111.65863,42.85577],[-111.64328,42.85174],[-111.64093,42.84899],[-111.63206,42.84815],[-111.63353,42.84373],[-111.64023,42.83784],[-111.63955,42.83146],[-111.63351,42.82613],[-111.63491,42.82186],[-111.63232,42.81765],[-111.63251,42.81326],[-111.62653,42.80692],[-111.62791,42.80493],[-111.618,42.80147],[-111.6132,42.80132],[-111.60766,42.8029],[-111.60392,42.80768],[-111.60503,42.80211],[-111.60384,42.79488],[-111.59949,42.79222],[-111.59193,42.7787],[-111.5841,42.77771],[-111.56399,42.78175],[-111.56052,42.78373],[-111.55161,42.78193],[-111.53577,42.78781],[-111.52419,42.78513],[-111.52285,42.78115],[-111.52421,42.77878],[-111.52205,42.77465],[-111.52339,42.77288],[-111.52041,42.7708],[-111.52049,42.76608],[-111.52186,42.76475],[-111.51918,42.7567],[-111.51935,42.7511],[-111.5151,42.74806],[-111.5168,42.74544],[-111.51357,42.74236],[-111.51446,42.73974],[-111.51004,42.73734],[-111.50779,42.7283],[-111.50523,42.72786],[-111.498,42.71775],[-111.48845,42.71503],[-111.48739,42.71237],[-111.48194,42.71115],[-111.47672,42.70764],[-111.47488,42.70014],[-111.47269,42.6986],[-111.47421,42.69574],[-111.47293,42.69431],[-111.46539,42.69132],[-111.45661,42.69109],[-111.45166,42.68809],[-111.4539,42.68259],[-111.45301,42.67652],[-111.45768,42.67675],[-111.46546,42.67271],[-111.46134,42.66548],[-111.45631,42.66297],[-111.45398,42.65653],[-111.45541,42.65492],[-111.44647,42.64597],[-111.4342,42.64451],[-111.42787,42.64056],[-111.4229,42.6419],[-111.41815,42.63518],[-111.41239,42.63526],[-111.41066,42.63145],[-111.40786,42.62984],[-111.40433,42.62116],[-111.39922,42.61937],[-111.39294,42.62084],[-111.39268,42.61117],[-111.384,42.61178],[-111.37976,42.60985],[-111.379,42.60711],[-111.37583,42.60568],[-111.37592,42.60323],[-111.36794,42.59859],[-111.36782,42.59387],[-111.36348,42.58862],[-111.35936,42.58731],[-111.35683,42.58837],[-111.3549,42.58642],[-111.34919,42.58572],[-111.34028,42.58617],[-111.33849,42.58234],[-111.34188,42.57118],[-111.33843,42.57026],[-111.33585,42.56671],[-111.33104,42.56713],[-111.32698,42.56336],[-111.31669,42.56008],[-111.31343,42.56115],[-111.29622,42.55939],[-111.29258,42.55656],[-111.27937,42.55292],[-111.27751,42.55901],[-111.27334,42.56135],[-111.26884,42.56791],[-111.26126,42.57462],[-111.26383,42.57864],[-111.25961,42.58401],[-111.25302,42.58858],[-111.24793,42.6018],[-111.2458,42.60334],[-111.24124,42.60248],[-111.24224,42.59222],[-111.23865,42.58947],[-111.24077,42.58502],[-111.23609,42.5811],[-111.23075,42.58014],[-111.23108,42.57521],[-111.22225,42.57217],[-111.22591,42.5628],[-111.22775,42.55216],[-111.22807,42.53845],[-111.23203,42.52896],[-111.23186,42.5255],[-111.23607,42.51746],[-111.23684,42.50902],[-111.24909,42.50076],[-111.24882,42.49514],[-111.245,42.4919],[-111.24322,42.48712],[-111.23716,42.48278],[-111.2349,42.4783],[-111.23247,42.47908],[-111.22965,42.47729],[-111.22137,42.47936],[-111.20276,42.48061],[-111.19918,42.47814],[-111.19717,42.48025],[-111.19457,42.47871],[-111.18919,42.47938],[-111.18214,42.47586],[-111.177,42.47806],[-111.17386,42.47773],[-111.17151,42.47676],[-111.17138,42.47334],[-111.16757,42.47779],[-111.16283,42.47737],[-111.15908,42.49078],[-111.15653,42.49081],[-111.15501,42.4883],[-111.14876,42.49074],[-111.14391,42.48618],[-111.1382,42.4877],[-111.12942,42.48139],[-111.12337,42.48323],[-111.12062,42.48681],[-111.10954,42.49156],[-111.10471,42.49167],[-111.10255,42.48995],[-111.09607,42.49113],[-111.0942,42.48922],[-111.08103,42.49351],[-111.07207,42.4921],[-111.07277,42.49676],[-111.06638,42.49795],[-111.06287,42.50082],[-111.06316,42.50571],[-111.06675,42.50894],[-111.0489,42.51149],[-111.04617,42.51419],[-111.04133,42.51376],[-111.0353,42.50893],[-111.03304,42.50961],[-111.02949,42.50562],[-111.02258,42.505],[-111.01544,42.49902],[-111.00543,42.50313],[-110.9946,42.50315],[-110.98558,42.50708],[-110.98151,42.5115],[-110.98334,42.51646],[-110.9812,42.51884],[-110.98285,42.53361],[-110.97687,42.53732],[-110.96464,42.53594],[-110.96316,42.54219],[-110.95919,42.54296],[-110.95737,42.54073],[-110.94524,42.53746],[-110.94386,42.53331],[-110.93908,42.53282],[-110.93309,42.536],[-110.92582,42.53292],[-110.92822,42.52286],[-110.92486,42.52033],[-110.92727,42.51596],[-110.92094,42.51594],[-110.91491,42.50846],[-110.90797,42.50508],[-110.90578,42.49282],[-110.89803,42.49213],[-110.89296,42.48792],[-110.88765,42.48858],[-110.88382,42.48582],[-110.8769,42.48722],[-110.87326,42.48415],[-110.8713,42.48577],[-110.86019,42.48666],[-110.85855,42.48814],[-110.85777,42.49681],[-110.84806,42.50006],[-110.84185,42.50637],[-110.84167,42.51217],[-110.83763,42.51384],[-110.83632,42.51646],[-110.82931,42.51917],[-110.82826,42.52789],[-110.8246,42.53367],[-110.8191,42.533],[-110.81773,42.53711],[-110.81344,42.53832],[-110.80204,42.53783],[-110.79342,42.54156],[-110.79819,42.54758],[-110.79052,42.55551],[-110.78793,42.56436],[-110.78113,42.56774],[-110.77785,42.56698],[-110.77552,42.56988],[-110.75457,42.57462],[-110.7552,42.58516],[-110.76177,42.59382],[-110.76293,42.60087],[-110.76224,42.60236],[-110.75512,42.60329],[-110.75196,42.60545],[-110.73606,42.58885],[-110.73078,42.59099],[-110.72368,42.59123],[-110.7212,42.58388],[-110.72304,42.57852],[-110.72134,42.57556],[-110.71771,42.57429],[-110.71892,42.57092],[-110.71699,42.56725],[-110.71494,42.54934],[-110.71096,42.54143],[-110.69608,42.52517],[-110.68239,42.52809],[-110.68119,42.52558],[-110.67384,42.53108],[-110.67337,42.53538],[-110.67092,42.53661],[-110.66739,42.53084],[-110.65553,42.535],[-110.65321,42.53042],[-110.63537,42.53445],[-110.6312,42.53336],[-110.62693,42.53836],[-110.61552,42.54128],[-110.61787,42.54512],[-110.61526,42.5537],[-110.61741,42.55701],[-110.61624,42.56135],[-110.61947,42.56984],[-110.61771,42.57753],[-110.63004,42.58094],[-110.63216,42.5854],[-110.62668,42.59717],[-110.62692,42.60053],[-110.62379,42.60426],[-110.6281,42.61037],[-110.62746,42.61529],[-110.6309,42.62309],[-110.62973,42.62827],[-110.63417,42.62954],[-110.63578,42.63626],[-110.63003,42.63997],[-110.62294,42.64177],[-110.61697,42.64603],[-110.61621,42.65461],[-110.61831,42.65855],[-110.61794,42.66119],[-110.62133,42.66484],[-110.61346,42.67767],[-110.61376,42.6808],[-110.62696,42.67859],[-110.63882,42.67942],[-110.64258,42.67837],[-110.64247,42.69009],[-110.64512,42.69907],[-110.64369,42.70585],[-110.64528,42.70915],[-110.64267,42.71262],[-110.62685,42.71161],[-110.62366,42.71764],[-110.61742,42.72237],[-110.61632,42.72742],[-110.61796,42.73086],[-110.62843,42.7363],[-110.63082,42.74045],[-110.63649,42.74325],[-110.6371,42.74712],[-110.63566,42.75115],[-110.63746,42.75664],[-110.63424,42.76166],[-110.63251,42.76904],[-110.63879,42.77513],[-110.64053,42.79586],[-110.6387,42.79855],[-110.64116,42.80302],[-110.63991,42.80425],[-110.63317,42.8024],[-110.62913,42.80296],[-110.62288,42.79778],[-110.61414,42.79573],[-110.59949,42.79457],[-110.59611,42.7928],[-110.58888,42.79397],[-110.58239,42.79752],[-110.5813,42.80621],[-110.58265,42.80862],[-110.57753,42.81331],[-110.57694,42.81865],[-110.5812,42.82503],[-110.57973,42.83283],[-110.58365,42.83743],[-110.58405,42.85143],[-110.59152,42.85857],[-110.59123,42.86528],[-110.5966,42.87181],[-110.59638,42.8771],[-110.59904,42.88046],[-110.59743,42.88768],[-110.60521,42.88974],[-110.60763,42.90112],[-110.61202,42.90541],[-110.61544,42.90577],[-110.61971,42.91107],[-110.61443,42.91258],[-110.60977,42.91629],[-110.60754,42.92117],[-110.6017,42.92608],[-110.6023,42.93001],[-110.60009,42.93725],[-110.6029,42.9393],[-110.61006,42.95415],[-110.615,42.94987],[-110.62329,42.95137],[-110.6192,42.95371],[-110.62101,42.95864],[-110.62954,42.96133],[-110.62993,42.96628],[-110.63361,42.9706],[-110.63348,42.97245],[-110.6362,42.97345],[-110.63583,42.9809],[-110.63853,42.98269],[-110.63844,42.98589],[-110.6418,42.99076],[-110.64105,42.99543],[-110.64483,42.99983],[-110.63207,42.99712],[-110.62276,42.99861],[-110.60918,43.00351],[-110.60033,42.99661],[-110.59441,43.00036],[-110.58553,42.99792],[-110.5734,42.99922],[-110.57027,42.99695],[-110.57318,42.98814],[-110.56899,42.97857],[-110.563,42.96969],[-110.55547,42.96833],[-110.54636,42.97081],[-110.54294,42.97493],[-110.53827,42.97441],[-110.53088,42.97695],[-110.52627,42.98158],[-110.51957,42.98385],[-110.51726,42.98759],[-110.51865,42.99529],[-110.49987,43.0002],[-110.48768,43.00515],[-110.4874,43.00851],[-110.48013,43.01365],[-110.46737,43.03378],[-110.46951,43.04027],[-110.46758,43.04401],[-110.46895,43.04756],[-110.44811,43.05086],[-110.44251,43.05011],[-110.43608,43.04419],[-110.4245,43.04523],[-110.41077,43.05217],[-110.40208,43.05318],[-110.38663,43.05925],[-110.3827,43.0587],[-110.36614,43.0629],[-110.35349,43.06888],[-110.31955,43.06986],[-110.29961,43.06626],[-110.28962,43.06997],[-110.28331,43.07419],[-110.28485,43.08176],[-110.27873,43.08371],[-110.27246,43.08355],[-110.27432,43.09028],[-110.27239,43.09666],[-110.26989,43.09916],[-110.26526,43.10079],[-110.25802,43.09935],[-110.25504,43.10129],[-110.23521,43.1033],[-110.23101,43.10593],[-110.21228,43.108],[-110.21328,43.11186],[-110.21179,43.12129],[-110.20365,43.12585],[-110.20263,43.12692],[-110.20406,43.12974],[-110.19969,43.13201],[-110.20388,43.13373],[-110.20499,43.13991],[-110.19267,43.14514],[-110.19976,43.15671],[-110.19963,43.16325],[-110.20176,43.16724],[-110.1996,43.17083],[-110.19973,43.17942],[-110.1957,43.18784],[-110.19661,43.19387],[-110.20246,43.20043],[-110.2029,43.2044],[-110.20087,43.21141],[-110.19536,43.2159],[-110.19075,43.22344],[-110.17986,43.22353],[-110.1666,43.2187],[-110.15908,43.22424],[-110.15917,43.22659],[-110.15736,43.22771],[-110.15833,43.23586],[-110.16227,43.23921],[-110.16954,43.24196],[-110.17169,43.24866],[-110.16992,43.25413],[-110.17098,43.25986],[-110.1782,43.26803],[-110.17768,43.2704],[-110.17577,43.27114],[-110.24901,43.28514],[-110.25205,43.28976],[-110.25247,43.29763],[-110.25537,43.30434],[-110.26173,43.31042],[-110.26216,43.31573],[-110.26497,43.31827],[-110.26216,43.32711],[-110.2659,43.32981],[-110.25679,43.33567],[-110.23887,43.351],[-110.22578,43.35531],[-110.21342,43.35112],[-110.20651,43.35487],[-110.19741,43.35655],[-110.19161,43.36151],[-110.19391,43.3645],[-110.1933,43.36881],[-110.18435,43.37294],[-110.18392,43.37607],[-110.17491,43.37628],[-110.16833,43.38177],[-110.15691,43.38068],[-110.1556,43.37838],[-110.14829,43.37662],[-110.14572,43.37474],[-110.14216,43.36797],[-110.12966,43.36773],[-110.11633,43.36457],[-110.11169,43.36997],[-110.11464,43.37181],[-110.11344,43.37528],[-110.10205,43.38381],[-110.10755,43.38777],[-110.11372,43.3975],[-110.11222,43.4032],[-110.10777,43.40569],[-110.10725,43.40765],[-110.10295,43.40608],[-110.08855,43.40601],[-110.08584,43.4084],[-110.09573,43.4206],[-110.09803,43.42571],[-110.09805,43.43037],[-110.09537,43.43248],[-110.09868,43.43549],[-110.09721,43.43701],[-110.0942,43.43661],[-110.0946,43.43925],[-110.09112,43.44213],[-110.08314,43.44362],[-110.07999,43.44597],[-110.07726,43.44362],[-110.07477,43.44358],[-110.07062,43.44659],[-110.06311,43.44729],[-110.0617,43.45081],[-110.04559,43.45069],[-110.04161,43.45219],[-110.0315,43.44945],[-110.02193,43.4409],[-110.01795,43.44254],[-110.01498,43.44189],[-110.01064,43.44527],[-110.0047,43.4465],[-110.00132,43.4442],[-109.99711,43.44454],[-109.98971,43.42957],[-109.97051,43.42334],[-109.9689,43.42038],[-109.95447,43.42],[-109.94731,43.42179],[-109.94378,43.41648],[-109.93611,43.41488],[-109.9349,43.40922],[-109.92341,43.39798],[-109.89997,43.38485],[-109.87739,43.37835],[-109.87308,43.38038],[-109.86377,43.38126],[-109.85404,43.38519],[-109.83958,43.38105],[-109.836,43.38291],[-109.8286,43.3811],[-109.82024,43.3825],[-109.81624,43.38589],[-109.80881,43.38668],[-109.79895,43.39044],[-109.78377,43.38771],[-109.78635,43.39048],[-109.78552,43.39359],[-109.78855,43.39841],[-109.78802,43.40417],[-109.78238,43.40259],[-109.77881,43.399],[-109.76536,43.40675],[-109.7649,43.41326],[-109.7666,43.41559],[-109.7625,43.41857],[-109.7721,43.42352],[-109.76302,43.42844],[-109.76297,43.43552],[-109.77214,43.44607],[-109.78026,43.44636],[-109.7886,43.45613],[-109.80034,43.46543],[-109.80677,43.46437],[-109.81111,43.4661],[-109.82266,43.46079],[-109.82962,43.46536],[-109.83347,43.46443],[-109.83915,43.46866],[-109.84729,43.46927],[-109.85132,43.47195],[-109.86455,43.47257],[-109.87518,43.48123],[-109.88736,43.48259],[-109.88587,43.48652],[-109.88953,43.48919],[-109.89873,43.4908],[-109.90121,43.48521],[-109.91092,43.48281],[-109.90957,43.47744],[-109.91323,43.4736],[-109.9166,43.47227],[-109.92424,43.47348],[-109.93741,43.47243],[-109.94552,43.46886],[-109.94877,43.47279],[-109.94749,43.47474],[-109.94974,43.47859],[-109.94805,43.48408],[-109.94886,43.48624],[-109.95211,43.48778],[-109.95659,43.4938],[-109.95458,43.49773],[-109.94916,43.4997],[-109.94895,43.50645],[-109.94476,43.51206],[-109.94437,43.51652],[-109.94022,43.51968],[-109.93923,43.52548],[-109.95254,43.53684],[-109.95132,43.54063],[-109.95401,43.54426],[-109.96795,43.55145],[-109.98648,43.55216],[-109.9946,43.55467],[-110.00574,43.56075],[-110.01102,43.56597],[-110.01507,43.56716],[-110.01594,43.56558],[-110.02272,43.56856],[-110.02698,43.57626],[-110.03009,43.57874],[-110.04222,43.57939],[-110.05035,43.58801],[-110.05639,43.58808],[-110.06196,43.58543],[-110.06303,43.58914],[-110.06082,43.5947],[-110.064,43.59751],[-110.06346,43.59942],[-110.05577,43.60111],[-110.05137,43.60577],[-110.04643,43.60825],[-110.03945,43.60849],[-110.03073,43.61401],[-110.03051,43.61746],[-110.02881,43.61849],[-110.04476,43.62794],[-110.05095,43.62497],[-110.05764,43.62862],[-110.0592,43.63117],[-110.05725,43.63566],[-110.05863,43.64078],[-110.06323,43.64576],[-110.06108,43.64961],[-110.0654,43.65851],[-110.06325,43.6607],[-110.05931,43.66071],[-110.04844,43.66604],[-110.03676,43.66866],[-110.02918,43.67651],[-110.02575,43.67504],[-110.02409,43.67744],[-110.02965,43.68084],[-110.03471,43.67648],[-110.04082,43.67696],[-110.04157,43.68106],[-110.03986,43.68766],[-110.0494,43.69233],[-110.05011,43.69607],[-110.04877,43.69968],[-110.05207,43.70367],[-110.04975,43.70533],[-110.04599,43.71349],[-110.05065,43.71556],[-110.05158,43.71896],[-110.05576,43.7201],[-110.05821,43.72794],[-110.06307,43.73158],[-110.07411,43.73328],[-110.08122,43.73784],[-110.08368,43.74165],[-110.08403,43.74804],[-110.0802,43.74974],[-110.08023,43.75358],[-110.07666,43.75207],[-110.07096,43.75459],[-110.06746,43.75257],[-110.05776,43.75819],[-110.04384,43.75492],[-110.04074,43.76414],[-110.04068,43.76917],[-110.03743,43.77392],[-110.03481,43.77507],[-110.03644,43.78276],[-110.03336,43.78347],[-110.02592,43.78974],[-110.02851,43.79835],[-110.02043,43.79853],[-110.01808,43.79489],[-110.01298,43.79712],[-110.01145,43.79507],[-110.00596,43.79794],[-110.00072,43.79341],[-109.98945,43.79356],[-109.98252,43.79143],[-109.97853,43.79276],[-109.97634,43.79131],[-109.96959,43.79167],[-109.96257,43.78875],[-109.96097,43.7916],[-109.9579,43.79219],[-109.9549,43.79644],[-109.9525,43.79676],[-109.94752,43.80106],[-109.94244,43.8019],[-109.93383,43.79847],[-109.93197,43.80059],[-109.93004,43.8004],[-109.92865,43.80473],[-109.92318,43.80702],[-109.90557,43.80833],[-109.90477,43.80691],[-109.90601,43.80563],[-109.90419,43.80313],[-109.9022,43.80437],[-109.89637,43.80377],[-109.88994,43.80618],[-109.88202,43.80488],[-109.88154,43.80669],[-109.88739,43.81298],[-109.88788,43.82549],[-109.88206,43.82346],[-109.86825,43.82786],[-109.85748,43.8278],[-109.85487,43.83562],[-109.85003,43.83706],[-109.85633,43.84146],[-109.8566,43.84532],[-109.85478,43.8484],[-109.85144,43.84943],[-109.84866,43.85279],[-109.82633,43.85526],[-109.81404,43.86142],[-109.82088,43.86701],[-109.82876,43.86695],[-109.83165,43.87132],[-109.83019,43.87468],[-109.82577,43.8753],[-109.82489,43.87704],[-109.81711,43.88045],[-109.81746,43.88318],[-109.82277,43.88708],[-109.82689,43.88708],[-109.83021,43.88941],[-109.8326,43.89502],[-109.83715,43.89472],[-109.84759,43.90023],[-109.85946,43.90085],[-109.84765,43.90842],[-109.85008,43.91249],[-109.84865,43.91732],[-109.84941,43.92071],[-109.85432,43.92387],[-109.85198,43.92648],[-109.857,43.92495],[-109.8729,43.92882],[-109.87418,43.93351],[-109.8662,43.93961],[-109.85827,43.94238],[-109.85825,43.94833],[-109.85504,43.9504],[-109.85878,43.95796],[-109.88395,43.94853],[-109.92172,43.94572],[-109.92828,43.95036],[-109.93296,43.95075],[-109.93979,43.95846],[-109.94392,43.95768],[-109.9575,43.96432],[-109.967,43.96119],[-109.97254,43.95518],[-109.98192,43.95447],[-109.98912,43.94936],[-109.99394,43.94952],[-109.99968,43.95217],[-110.00158,43.95512],[-110.00039,43.96122],[-110.00159,43.96662],[-110.01804,43.96746],[-110.01897,43.97967],[-110.02375,43.98289],[-110.02362,43.98559],[-110.03292,43.99665],[-110.03122,44.0006],[-110.03527,44.00308],[-110.04285,44.00427],[-110.04921,44.00869],[-110.05698,44.0067],[-110.06142,44.00259],[-110.07208,44.00126],[-110.07923,43.99698],[-110.08598,43.99815],[-110.09128,43.99614],[-110.10835,43.9966],[-110.10943,43.99793],[-110.11288,43.99759],[-110.11396,43.99935],[-110.12767,44.00105],[-110.13536,44.01038],[-110.14712,44.01095],[-110.15356,44.01379],[-110.15852,44.01803],[-110.16087,44.02239],[-110.16176,44.03262],[-110.17547,44.04293],[-110.17636,44.05119],[-110.18051,44.0619],[-110.17901,44.06994],[-110.18053,44.07294],[-110.17732,44.07943],[-110.18018,44.08236],[-110.18978,44.07797],[-110.19889,44.08447],[-110.19616,44.08905],[-110.19521,44.09611],[-110.2041,44.10798],[-110.2021,44.11307],[-110.19358,44.11707],[-110.19142,44.12936],[-110.18556,44.13147],[-110.18435,44.13787],[-110.18809,44.14064],[-110.19369,44.13538],[-110.20042,44.13352],[-110.20598,44.13393],[-110.20559,44.13672],[-110.20869,44.1398],[-110.20511,44.14501],[-110.20829,44.14816],[-110.21305,44.1488],[-110.21638,44.15496],[-110.2003,44.17748],[-110.19311,44.18054],[-110.18173,44.18028],[-110.17981,44.18135],[-110.18063,44.18346],[-110.18756,44.18481],[-110.20282,44.18104],[-110.20579,44.18429],[-110.20702,44.18288],[-110.21341,44.18336],[-110.22701,44.17867],[-110.23483,44.17373],[-110.23689,44.17765],[-110.23635,44.1804],[-110.22964,44.18652],[-110.23638,44.18613],[-110.25423,44.18016],[-110.25614,44.18201],[-110.25579,44.18562],[-110.259,44.18947],[-110.26923,44.18658],[-110.27478,44.18937],[-110.28003,44.18652],[-110.28431,44.18984],[-110.28488,44.19356],[-110.29463,44.20331],[-110.29827,44.20181],[-110.30187,44.20408],[-110.31664,44.20272],[-110.31373,44.20607],[-110.31439,44.20995],[-110.3221,44.2138],[-110.32229,44.22168],[-110.33036,44.23203],[-110.33563,44.22924],[-110.33396,44.22555],[-110.34096,44.22233],[-110.34443,44.21716],[-110.34722,44.21576],[-110.36358,44.21621],[-110.37543,44.22012],[-110.38609,44.21921],[-110.39073,44.21698],[-110.38615,44.2214],[-110.38739,44.23084],[-110.37947,44.23386],[-110.37504,44.24003],[-110.37713,44.24505],[-110.38023,44.24614],[-110.37975,44.24792],[-110.38242,44.25106],[-110.37986,44.25575],[-110.3802,44.25851],[-110.39059,44.25797],[-110.38569,44.26374],[-110.38835,44.26902],[-110.38211,44.27438],[-110.37403,44.2769],[-110.37375,44.28121],[-110.36761,44.28875],[-110.36059,44.28996],[-110.35561,44.29337],[-110.35657,44.29709],[-110.35985,44.29889],[-110.35939,44.30107],[-110.36198,44.3038],[-110.35936,44.3081],[-110.36404,44.30892],[-110.3774,44.32008],[-110.38376,44.32213],[-110.39232,44.33606],[-110.40388,44.34094],[-110.40818,44.34509],[-110.42228,44.34875],[-110.4344,44.3492],[-110.43697,44.34186],[-110.4536,44.33007],[-110.46023,44.33372],[-110.46347,44.3375],[-110.47049,44.33746],[-110.47483,44.34335],[-110.48327,44.34846],[-110.48592,44.34507],[-110.49028,44.34299],[-110.48929,44.34067],[-110.49143,44.33865],[-110.49709,44.33824],[-110.50833,44.33303],[-110.51297,44.33345],[-110.51875,44.33753],[-110.52207,44.33211],[-110.53478,44.32706],[-110.55456,44.33358],[-110.55611,44.33555],[-110.55611,44.34185],[-110.56728,44.33986],[-110.5742,44.35391],[-110.5788,44.3532],[-110.58009,44.35607],[-110.58784,44.35954],[-110.58621,44.3617],[-110.58837,44.3637],[-110.59754,44.36595],[-110.59874,44.36885],[-110.5975,44.37171],[-110.60068,44.37277],[-110.60634,44.37181],[-110.60537,44.3738],[-110.60727,44.37638],[-110.60498,44.37887],[-110.6128,44.38005],[-110.61238,44.38248],[-110.61031,44.38334],[-110.6128,44.38734],[-110.61563,44.38811],[-110.61919,44.38468],[-110.62494,44.38575],[-110.62624,44.38818],[-110.63082,44.39018],[-110.62654,44.39542],[-110.63051,44.39881],[-110.63299,44.39881],[-110.6328,44.40088],[-110.64483,44.40414],[-110.65348,44.41163],[-110.66111,44.41209],[-110.66666,44.41543],[-110.66379,44.41999],[-110.6658,44.42545],[-110.66181,44.42238],[-110.65289,44.42547],[-110.64994,44.42904],[-110.64413,44.42747],[-110.64142,44.43329],[-110.64348,44.43533],[-110.63926,44.43919],[-110.63883,44.44256],[-110.62632,44.44621],[-110.62351,44.4437],[-110.61633,44.4431],[-110.61873,44.44774],[-110.61548,44.44991],[-110.61571,44.45328],[-110.62572,44.45342],[-110.62646,44.45632],[-110.61828,44.46241],[-110.61826,44.46423],[-110.6235,44.46779],[-110.62226,44.47145],[-110.61564,44.47074],[-110.61002,44.47231],[-110.61005,44.47753],[-110.61383,44.48044],[-110.62086,44.48179],[-110.63356,44.48116],[-110.63331,44.48293],[-110.6401,44.48417],[-110.63916,44.48551],[-110.64829,44.4907],[-110.65394,44.48825],[-110.65742,44.48949],[-110.66306,44.4853],[-110.66908,44.48554],[-110.66961,44.48228],[-110.67661,44.47871],[-110.68611,44.48004],[-110.68585,44.48204],[-110.69035,44.48347],[-110.70703,44.48691],[-110.7079,44.48488],[-110.71114,44.48493],[-110.71578,44.48706],[-110.7247,44.48329],[-110.72391,44.48097],[-110.72603,44.4808],[-110.72721,44.47848],[-110.73019,44.47929],[-110.731,44.47766],[-110.73824,44.47713],[-110.73811,44.47283],[-110.74002,44.47266],[-110.74549,44.46705],[-110.73931,44.46032],[-110.7326,44.4588],[-110.73232,44.45433],[-110.72017,44.44636],[-110.72401,44.44381],[-110.71849,44.44057],[-110.721,44.43819],[-110.7192,44.43492],[-110.72444,44.43341],[-110.72484,44.43152],[-110.71953,44.42232],[-110.72823,44.42125],[-110.73426,44.41731],[-110.74275,44.41759],[-110.74018,44.41584],[-110.74045,44.41338],[-110.74297,44.41425],[-110.74749,44.4084],[-110.75178,44.40586],[-110.76611,44.40391],[-110.76674,44.40172],[-110.77369,44.40052],[-110.77503,44.40352],[-110.77765,44.403],[-110.77721,44.40099],[-110.78211,44.4038],[-110.78927,44.40387],[-110.78881,44.40186],[-110.79354,44.40173],[-110.79526,44.39915],[-110.80264,44.39562],[-110.8013,44.39419],[-110.80231,44.39232],[-110.80721,44.38858],[-110.81773,44.39158],[-110.81948,44.38837],[-110.81841,44.38457],[-110.82642,44.37862],[-110.83342,44.37878],[-110.83934,44.37566],[-110.84429,44.37729],[-110.84727,44.37556],[-110.84857,44.36974],[-110.84659,44.36687],[-110.85317,44.36417],[-110.85036,44.35847],[-110.83655,44.35103],[-110.83213,44.34291],[-110.83945,44.34219],[-110.84247,44.3451],[-110.8493,44.34544],[-110.86136,44.34309],[-110.86781,44.34363],[-110.87641,44.33925],[-110.88468,44.34781],[-110.88781,44.35292],[-110.88721,44.35479],[-110.89094,44.35533],[-110.89687,44.36058],[-110.89897,44.36651],[-110.90519,44.36755],[-110.90761,44.37494],[-110.91234,44.37916],[-110.91499,44.38447],[-110.92514,44.38784],[-110.92409,44.39493],[-110.92781,44.39461],[-110.93482,44.40013],[-110.94217,44.40259],[-110.94788,44.41257],[-110.9536,44.41583],[-110.95825,44.42384],[-110.96365,44.42676],[-110.95995,44.43271],[-110.96267,44.43538],[-110.961,44.44134],[-110.9626,44.44448],[-110.96525,44.44537],[-110.97045,44.44285],[-110.97838,44.44912],[-110.98467,44.44808],[-110.99708,44.45278],[-110.99835,44.45722],[-110.99377,44.46142],[-110.99905,44.46314],[-111.02136,44.46573],[-111.02483,44.46336],[-111.03223,44.46615],[-111.04607,44.47742],[-111.04884,44.47654],[-111.04898,44.47331],[-111.05966,44.47898],[-111.06301,44.47922],[-111.06535,44.47708],[-111.07241,44.48099],[-111.08044,44.48142],[-111.09416,44.48506],[-111.09665,44.48727],[-111.10706,44.48871],[-111.10832,44.49095],[-111.11283,44.49199],[-111.11599,44.49504],[-111.12604,44.49648],[-111.13377,44.50816],[-111.13271,44.51111],[-111.13443,44.5123],[-111.13449,44.51553],[-111.14271,44.51785],[-111.14727,44.52197],[-111.15652,44.52428],[-111.14915,44.53025],[-111.14971,44.53616],[-111.15985,44.53837],[-111.16096,44.53993],[-111.15962,44.54299],[-111.16869,44.54782],[-111.17661,44.55126],[-111.1818,44.55069],[-111.18711,44.55539],[-111.18488,44.55707],[-111.18681,44.55938],[-111.18472,44.56079],[-111.18771,44.56259],[-111.19161,44.57082],[-111.20473,44.57673],[-111.21038,44.57519],[-111.2268,44.5768],[-111.22992,44.58112],[-111.23092,44.58775],[-111.23478,44.59135],[-111.23182,44.59382],[-111.23273,44.59928],[-111.23613,44.60147],[-111.23497,44.60474],[-111.24113,44.61453],[-111.22444,44.61898],[-111.21933,44.62253],[-111.22602,44.62601],[-111.2279,44.62995],[-111.24293,44.64353],[-111.25002,44.64544],[-111.25268,44.65112],[-111.26272,44.64971],[-111.2699,44.64684],[-111.27827,44.65102],[-111.2804,44.65505],[-111.27595,44.65654],[-111.27213,44.66227],[-111.26737,44.66431],[-111.26656,44.6672],[-111.27487,44.67314],[-111.27914,44.68211],[-111.29115,44.68623],[-111.297,44.69145],[-111.29486,44.69899],[-111.29601,44.70204],[-111.31809,44.71448],[-111.32229,44.71832],[-111.32398,44.72932],[-111.33748,44.73315],[-111.34805,44.72537],[-111.35284,44.72611],[-111.36647,44.73809],[-111.36639,44.74251],[-111.37473,44.74793],[-111.37448,44.75028],[-111.38492,44.75502],[-111.3931,44.7523],[-111.39795,44.74638],[-111.39449,44.74448],[-111.39525,44.73921],[-111.39944,44.7342],[-111.39703,44.72822],[-111.39819,44.72346],[-111.40448,44.72103],[-111.41455,44.71078],[-111.42452,44.71437],[-111.42614,44.71793],[-111.43023,44.72069],[-111.44053,44.72056],[-111.44723,44.7173],[-111.46549,44.71376],[-111.47903,44.70698],[-111.4857,44.70782],[-111.48864,44.7058],[-111.48985,44.69992],[-111.48267,44.69254],[-111.48335,44.68933],[-111.48572,44.68736],[-111.47689,44.68152],[-111.46842,44.67909],[-111.47154,44.67505],[-111.4766,44.67388],[-111.4754,44.66423],[-111.47866,44.66184],[-111.47764,44.66023],[-111.47906,44.65866],[-111.48265,44.6555],[-111.48639,44.65461],[-111.48818,44.65095],[-111.49074,44.64952],[-111.49166,44.64421],[-111.49012,44.64245],[-111.4953,44.64432],[-111.50098,44.64967],[-111.50477,44.64437],[-111.50781,44.64557],[-111.51641,44.64401],[-111.51649,44.64086],[-111.51167,44.63894],[-111.50961,44.6339],[-111.5037,44.6297],[-111.50251,44.62649],[-111.51677,44.62011],[-111.51882,44.61614],[-111.52262,44.61406],[-111.5215,44.61013],[-111.52563,44.60458],[-111.52073,44.602],[-111.5245,44.59768],[-111.5236,44.59217],[-111.51967,44.58902],[-111.5192,44.58378],[-111.51758,44.5819],[-111.50626,44.57667],[-111.50115,44.57213],[-111.50246,44.56882],[-111.50754,44.56804],[-111.50974,44.56602],[-111.50771,44.5622],[-111.49198,44.56082],[-111.48054,44.55566],[-111.47862,44.5534],[-111.4759,44.55447],[-111.47523,44.55645],[-111.46934,44.55761],[-111.4681,44.55503],[-111.46917,44.55215],[-111.46698,44.54707],[-111.46777,44.54463],[-111.46352,44.54142],[-111.46758,44.54043],[-111.46788,44.53891],[-111.47977,44.54211],[-111.49277,44.54057],[-111.49966,44.54203],[-111.50743,44.5364],[-111.51234,44.53592],[-111.51669,44.53812],[-111.51841,44.54317],[-111.52386,44.54798],[-111.53905,44.55125],[-111.54728,44.5573],[-111.55655,44.55467],[-111.5623,44.55513],[-111.5663,44.55759],[-111.58211,44.56007],[-111.58585,44.56267],[-111.59045,44.56171],[-111.59247,44.55852],[-111.61403,44.54864],[-111.63271,44.55328],[-111.63803,44.55249],[-111.64717,44.55485],[-111.65142,44.55515],[-111.65907,44.55268],[-111.66346,44.5558],[-111.67456,44.55708],[-111.68307,44.56154],[-111.68976,44.55622],[-111.70289,44.56019],[-111.7078,44.55186],[-111.71264,44.54852],[-111.71594,44.54323],[-111.72691,44.54411],[-111.73193,44.54212],[-111.73752,44.54306],[-111.74147,44.54085],[-111.74615,44.54089],[-111.75929,44.53308],[-111.7628,44.52577],[-111.77149,44.53087],[-111.77979,44.52376],[-111.78544,44.52357],[-111.79437,44.52649],[-111.80046,44.52615],[-111.80822,44.51977],[-111.80607,44.5163],[-111.80941,44.51273],[-111.80811,44.51],[-111.81074,44.51145],[-111.82155,44.50899],[-111.83099,44.51687],[-111.82985,44.51994],[-111.84231,44.52616],[-111.84919,44.53993],[-111.85657,44.54609],[-111.85707,44.54928],[-111.86394,44.55134],[-111.86494,44.55729],[-111.86752,44.55942],[-111.8664,44.56302],[-111.86932,44.56666],[-111.87063,44.56329],[-111.87974,44.56036],[-111.88937,44.56461],[-111.89226,44.56399],[-111.89526,44.55943],[-111.90327,44.5566],[-111.93413,44.55804],[-111.94118,44.55611],[-111.94786,44.55701],[-111.95214,44.54918],[-111.96099,44.54931],[-111.96262,44.54424],[-111.9677,44.54491],[-111.97139,44.53771],[-111.9778,44.53572],[-111.99173,44.53757],[-111.99545,44.53501],[-111.99975,44.53779],[-112.0046,44.5378],[-112.01146,44.54348],[-112.01772,44.54216],[-112.02348,44.54512],[-112.03283,44.54669],[-112.03508,44.54192],[-112.0328,44.53528],[-112.03283,44.52843],[-112.03623,44.52972],[-112.03853,44.53285],[-112.04374,44.53231],[-112.05551,44.53668],[-112.06498,44.53588],[-112.06879,44.53717],[-112.07525,44.5334],[-112.08088,44.53379],[-112.09293,44.53006],[-112.09614,44.52321],[-112.10653,44.52057],[-112.10905,44.52404],[-112.12708,44.52888],[-112.12913,44.53611],[-112.13122,44.53774],[-112.13554,44.53724],[-112.13662,44.53992],[-112.1458,44.53923],[-112.14885,44.53675],[-112.1647,44.54152],[-112.18005,44.53277],[-112.18363,44.53295],[-112.19681,44.53777],[-112.22189,44.54363],[-112.22975,44.55],[-112.22706,44.55493],[-112.22731,44.55755],[-112.23099,44.55923],[-112.2288,44.564],[-112.24337,44.56825],[-112.25137,44.56769],[-112.25682,44.57168],[-112.25917,44.5683],[-112.2672,44.56552],[-112.27588,44.56578],[-112.28633,44.56856],[-112.29143,44.56528],[-112.29276,44.56164],[-112.29604,44.56138],[-112.29832,44.55886],[-112.3045,44.55909],[-112.31369,44.55313],[-112.31558,44.54695],[-112.31521,44.54139],[-112.31941,44.53889],[-112.34125,44.53729],[-112.34805,44.53876],[-112.35367,44.53631],[-112.35892,44.52882],[-112.35668,44.52483],[-112.35831,44.51974],[-112.35841,44.50869],[-112.35645,44.50503],[-112.35682,44.49774],[-112.35841,44.49668],[-112.35665,44.4928],[-112.35846,44.48512],[-112.3616,44.48491],[-112.3645,44.48027],[-112.36602,44.46716],[-112.36956,44.46615],[-112.38651,44.44734],[-112.3913,44.4508],[-112.39887,44.45303],[-112.40121,44.45565],[-112.40823,44.4574],[-112.416,44.45304],[-112.42286,44.45458],[-112.43413,44.45431],[-112.43366,44.45986],[-112.44226,44.46529],[-112.44132,44.46664],[-112.44787,44.46792],[-112.4553,44.46628],[-112.45539,44.47092],[-112.46033,44.47515],[-112.46437,44.47489],[-112.47298,44.47938],[-112.48012,44.47464],[-112.48361,44.47432],[-112.48503,44.47083],[-112.4915,44.47024],[-112.49458,44.46764],[-112.49698,44.46814],[-112.49718,44.46596],[-112.50054,44.46263],[-112.51147,44.46642],[-112.51084,44.46874],[-112.51403,44.47513],[-112.53616,44.47839],[-112.53908,44.4823],[-112.54257,44.48392],[-112.54766,44.48311],[-112.55057,44.48478],[-112.56058,44.48256],[-112.56974,44.48265],[-112.57778,44.48005],[-112.58225,44.4821],[-112.58522,44.48114],[-112.60193,44.4907],[-112.61755,44.48747],[-112.62476,44.48309],[-112.62905,44.48282],[-112.62969,44.48848],[-112.63291,44.49102],[-112.66201,44.48596],[-112.6728,44.49159],[-112.68524,44.49294],[-112.68879,44.49833],[-112.69238,44.5],[-112.69864,44.49992],[-112.70733,44.50296],[-112.719,44.50436],[-112.73079,44.50087],[-112.73403,44.49947],[-112.73769,44.4928],[-112.74224,44.48857],[-112.74965,44.49009],[-112.7607,44.48804],[-112.77037,44.48397],[-112.77735,44.48361],[-112.78346,44.48053],[-112.78821,44.47331],[-112.79804,44.46633],[-112.79689,44.46434],[-112.79807,44.46085],[-112.80818,44.45293],[-112.8114,44.45492],[-112.81472,44.45344],[-112.81833,44.44693],[-112.82754,44.44254],[-112.82841,44.43651],[-112.82691,44.43209],[-112.83993,44.42432],[-112.83552,44.4218],[-112.8232,44.4088],[-112.82,44.4002],[-112.81561,44.39986],[-112.81402,44.39825],[-112.81515,44.39481],[-112.81269,44.39294],[-112.81194,44.38809],[-112.81413,44.38322],[-112.81215,44.37714],[-112.8237,44.36858],[-112.83719,44.36205],[-112.84064,44.36191],[-112.84455,44.35805],[-112.85446,44.35967],[-112.86375,44.3696],[-112.87286,44.37208],[-112.8733,44.37486],[-112.87601,44.37745],[-112.88162,44.37923],[-112.88166,44.38539],[-112.88554,44.39593],[-112.88343,44.40026],[-112.88956,44.40598],[-112.89626,44.40081],[-112.90155,44.39882],[-112.91472,44.40278],[-112.921,44.41087],[-112.92607,44.41049],[-112.93193,44.41356],[-112.93884,44.41234],[-112.9453,44.41464],[-112.95113,44.4175],[-112.95334,44.42222],[-112.95207,44.42516],[-112.96306,44.42326],[-112.97156,44.42755],[-112.98066,44.43385],[-112.98891,44.44329],[-113.00227,44.44996],[-113.0052,44.45384],[-113.0088,44.46513],[-113.00605,44.47085],[-113.01977,44.48349],[-113.02676,44.49572],[-113.0158,44.50615],[-113.01592,44.51602],[-113.00555,44.51986],[-113.00647,44.52548],[-113.01938,44.5318],[-113.02639,44.53857],[-113.02961,44.53686],[-113.03291,44.53723],[-113.04597,44.54467],[-113.0479,44.54825],[-113.04664,44.55411],[-113.03714,44.56005],[-113.03633,44.56205],[-113.03772,44.56531],[-113.06708,44.57891],[-113.0668,44.58132],[-113.0623,44.5863],[-113.07278,44.59341],[-113.08827,44.59965],[-113.07704,44.60971],[-113.07424,44.61449],[-113.0649,44.61807],[-113.05737,44.61839],[-113.05197,44.62318],[-113.04946,44.63267],[-113.0538,44.63915],[-113.06563,44.64927],[-113.06484,44.65365],[-113.068,44.6577],[-113.06972,44.66849],[-113.06718,44.674],[-113.06775,44.67883],[-113.07687,44.68074],[-113.08179,44.68361],[-113.07956,44.68772],[-113.08201,44.69155],[-113.09514,44.69591],[-113.09786,44.6988],[-113.09706,44.70147],[-113.10259,44.70586],[-113.10122,44.70933],[-113.10159,44.71586],[-113.0994,44.71782],[-113.10203,44.72278],[-113.10151,44.72922],[-113.11222,44.73314],[-113.11719,44.73266],[-113.11654,44.73997],[-113.1196,44.7424],[-113.12078,44.74665],[-113.12501,44.7495],[-113.13078,44.74993],[-113.13499,44.75311],[-113.13778,44.7602],[-113.13133,44.76481],[-113.13253,44.76917],[-113.13128,44.77266],[-113.13843,44.77607],[-113.14604,44.77662],[-113.15024,44.77929],[-113.15774,44.7808],[-113.16366,44.77876],[-113.17913,44.78689],[-113.18348,44.79358],[-113.19322,44.80165],[-113.20369,44.80408],[-113.2094,44.80916],[-113.22208,44.81064],[-113.23191,44.81431],[-113.23898,44.81421],[-113.24027,44.81735],[-113.2471,44.82296],[-113.25859,44.81983],[-113.26469,44.81593],[-113.27962,44.81228],[-113.28474,44.80847],[-113.29905,44.80295],[-113.30186,44.7989],[-113.31748,44.79533],[-113.32805,44.78901],[-113.3413,44.78468],[-113.35423,44.79208],[-113.35472,44.79542],[-113.34635,44.79896],[-113.34609,44.80055],[-113.35667,44.82036],[-113.37597,44.82879],[-113.37787,44.83052],[-113.37726,44.83481],[-113.38425,44.83741],[-113.39416,44.83689],[-113.40941,44.84071],[-113.42226,44.83773],[-113.42236,44.84254],[-113.42908,44.85489],[-113.43871,44.85539],[-113.44395,44.86188],[-113.45517,44.8655],[-113.45719,44.87541],[-113.46251,44.88183],[-113.46117,44.88676],[-113.46615,44.89052],[-113.47853,44.89544],[-113.47579,44.89829],[-113.47179,44.90982],[-113.4781,44.9124],[-113.48378,44.91977],[-113.48958,44.92143],[-113.49157,44.92457],[-113.49198,44.93043],[-113.49504,44.93144],[-113.49562,44.93675],[-113.49881,44.94206],[-113.49457,44.94848],[-113.48646,44.94686],[-113.48064,44.95025],[-113.46541,44.94782],[-113.46078,44.95221],[-113.45348,44.95208],[-113.44885,44.95364],[-113.44389,44.95975],[-113.44965,44.97056],[-113.44489,44.97325],[-113.44713,44.98484],[-113.44509,44.9918],[-113.44688,44.99845],[-113.43793,45.00766],[-113.44235,45.01446],[-113.44883,45.02044],[-113.44633,45.03386],[-113.45588,45.03967],[-113.44926,45.04634],[-113.45104,45.04846],[-113.45198,45.05904],[-113.46031,45.06487],[-113.4732,45.06184],[-113.48549,45.06365],[-113.48622,45.06899],[-113.48897,45.0716],[-113.48704,45.07444],[-113.49215,45.07857],[-113.49647,45.08106],[-113.50164,45.08099],[-113.51427,45.0849],[-113.52223,45.09142],[-113.52119,45.09394],[-113.51189,45.09966],[-113.50625,45.10741],[-113.50646,45.11057],[-113.5114,45.1162],[-113.52004,45.115],[-113.5297,45.11635],[-113.53748,45.11227],[-113.54955,45.11278],[-113.55404,45.1185],[-113.56547,45.12396],[-113.56938,45.12421],[-113.57654,45.13078],[-113.57476,45.13522],[-113.56721,45.14288],[-113.56572,45.14972],[-113.57034,45.14804],[-113.57992,45.14835],[-113.58231,45.14987],[-113.58326,45.1537],[-113.59073,45.15593],[-113.59048,45.16106],[-113.59433,45.16685],[-113.59391,45.17011],[-113.58948,45.17686],[-113.59224,45.1814],[-113.592,45.18476],[-113.5974,45.18657],[-113.5997,45.19216],[-113.60491,45.19235],[-113.60945,45.19724],[-113.6141,45.19783],[-113.61812,45.20256],[-113.63657,45.21199],[-113.63691,45.21673],[-113.6466,45.22482],[-113.64926,45.23419],[-113.65557,45.24016],[-113.66371,45.24389],[-113.66663,45.24694],[-113.67948,45.24968],[-113.68483,45.2532],[-113.68637,45.25709],[-113.69291,45.26418],[-113.69076,45.26803],[-113.69203,45.27248],[-113.68082,45.27427],[-113.67926,45.27595],[-113.68034,45.27886],[-113.68742,45.28607],[-113.70057,45.29244],[-113.70394,45.29922],[-113.71007,45.30103],[-113.7132,45.30445],[-113.71591,45.31142],[-113.71844,45.31319],[-113.71863,45.31692],[-113.72283,45.31763],[-113.72388,45.31961],[-113.72856,45.31999],[-113.7376,45.32772],[-113.73996,45.3361],[-113.73868,45.33885],[-113.74021,45.34071],[-113.74027,45.3456],[-113.73476,45.34817],[-113.73451,45.35286],[-113.72888,45.35608],[-113.73114,45.35745],[-113.73357,45.36426],[-113.73886,45.36773],[-113.7329,45.37308],[-113.7344,45.37652],[-113.73253,45.38434],[-113.73309,45.38993],[-113.73439,45.39228],[-113.74407,45.39675],[-113.74924,45.40296],[-113.75341,45.40294],[-113.76135,45.4065],[-113.77383,45.40649],[-113.776,45.40777],[-113.77738,45.41662],[-113.77275,45.41995],[-113.76352,45.42277],[-113.75982,45.42716],[-113.76469,45.43095],[-113.77398,45.43185],[-113.77627,45.43399],[-113.7771,45.43596],[-113.77465,45.44662],[-113.78342,45.45174],[-113.78445,45.45502],[-113.77453,45.46339],[-113.77638,45.47095],[-113.76821,45.47379],[-113.75998,45.48058],[-113.76022,45.48621],[-113.76326,45.49096],[-113.76491,45.49945],[-113.77058,45.50606],[-113.77012,45.51204],[-113.77305,45.51351],[-113.76607,45.52069],[-113.77686,45.52327],[-113.7824,45.52192],[-113.79302,45.52208],[-113.79691,45.52352],[-113.80397,45.5229],[-113.8096,45.51989],[-113.81643,45.52092],[-113.82008,45.52318],[-113.82406,45.52142],[-113.83483,45.52067],[-113.83079,45.52711],[-113.83044,45.53035],[-113.82755,45.53331],[-113.8294,45.53667],[-113.82875,45.5388],[-113.82594,45.54386],[-113.82139,45.54733],[-113.81746,45.55688],[-113.81824,45.56282],[-113.82165,45.56591],[-113.81748,45.56753],[-113.80729,45.57802],[-113.79672,45.58151],[-113.79871,45.58708],[-113.80418,45.59343],[-113.80738,45.60282],[-113.81218,45.60628],[-113.81824,45.60783],[-113.82404,45.6128],[-113.82874,45.6127],[-113.83417,45.61013],[-113.83899,45.6107],[-113.84396,45.61314],[-113.84851,45.61999],[-113.85454,45.62229],[-113.85858,45.62155],[-113.86178,45.62384],[-113.88665,45.61735],[-113.89785,45.62182],[-113.90519,45.62238],[-113.90452,45.62484],[-113.89945,45.62849],[-113.90157,45.63065],[-113.9025,45.63746],[-113.89522,45.64367],[-113.90295,45.65082],[-113.90725,45.65322],[-113.91179,45.65335],[-113.9146,45.6566],[-113.91988,45.65798],[-113.92055,45.66398],[-113.93135,45.67273],[-113.93084,45.67824],[-113.93445,45.68247],[-113.93283,45.68707],[-113.93569,45.68932],[-113.93417,45.69005],[-113.93411,45.69243],[-113.93815,45.69581],[-113.92253,45.70396],[-113.91178,45.69885],[-113.90675,45.70378],[-113.90717,45.70982],[-113.91138,45.71059],[-113.91075,45.71386],[-113.90305,45.72161],[-113.90935,45.72672],[-113.9044,45.73113],[-113.90722,45.73329],[-113.90995,45.7418],[-113.91628,45.74601],[-113.89873,45.76359],[-113.89607,45.76807],[-113.89641,45.77012],[-113.88947,45.77038],[-113.88415,45.7738],[-113.87724,45.77517],[-113.86915,45.78148],[-113.86299,45.77926],[-113.85503,45.77339],[-113.85345,45.76589],[-113.84825,45.75741],[-113.84918,45.75253],[-113.83001,45.75069],[-113.82611,45.75396],[-113.82048,45.75554],[-113.81663,45.75491],[-113.81138,45.75752],[-113.81052,45.76003],[-113.80432,45.76308],[-113.80081,45.7725],[-113.79408,45.77404],[-113.78705,45.77851],[-113.79231,45.78349],[-113.79175,45.78591],[-113.79378,45.78773],[-113.79197,45.79227],[-113.77872,45.79193],[-113.77189,45.79767],[-113.77103,45.80091],[-113.76821,45.80058],[-113.76424,45.80275],[-113.76217,45.80109],[-113.75811,45.80224],[-113.74929,45.80806],[-113.74404,45.81512],[-113.73466,45.8165],[-113.73292,45.81874],[-113.72948,45.81938],[-113.72941,45.82558],[-113.72386,45.8291],[-113.7153,45.83082],[-113.71295,45.83822],[-113.7062,45.83819],[-113.70162,45.84315],[-113.6971,45.84343],[-113.68637,45.83867],[-113.67429,45.84074],[-113.6677,45.83523],[-113.66135,45.83622],[-113.65439,45.84044],[-113.64633,45.83832],[-113.63906,45.84061],[-113.62691,45.83997],[-113.62244,45.84137],[-113.60971,45.85079],[-113.59216,45.85021],[-113.59486,45.85493],[-113.59164,45.85901],[-113.59109,45.86341],[-113.57922,45.87302],[-113.56755,45.87197],[-113.5593,45.87623],[-113.54996,45.87531],[-113.54012,45.87683],[-113.53295,45.87817],[-113.52857,45.88116],[-113.53312,45.88443],[-113.53239,45.89222],[-113.53682,45.89435],[-113.5374,45.9007],[-113.53514,45.90616],[-113.53502,45.9134],[-113.52896,45.91996],[-113.5287,45.92343],[-113.52322,45.93038],[-113.51565,45.93588],[-113.517,45.94182],[-113.51399,45.94517],[-113.50877,45.94442],[-113.50449,45.94842],[-113.50025,45.94849],[-113.48009,45.93963],[-113.4732,45.9484],[-113.47214,45.95253],[-113.46344,45.95597],[-113.45933,45.96231],[-113.46816,45.96812],[-113.46815,45.9713],[-113.46265,45.97428],[-113.46262,45.97789],[-113.45973,45.98025],[-113.45824,45.98443],[-113.4416,45.98107],[-113.4351,45.98621],[-113.43089,45.98528],[-113.42323,45.98852],[-113.41508,45.98975],[-113.4113,45.99954],[-113.39919,46.00045],[-113.39822,46.00378],[-113.39439,46.0072],[-113.39692,46.01426],[-113.37943,46.01853],[-113.36238,46.00712],[-113.35271,46.01025],[-113.33578,46.00538],[-113.32851,46.0153],[-113.31747,46.01837],[-113.30964,46.02572],[-113.30452,46.02651],[-113.30291,46.02944],[-113.29561,46.03149],[-113.28995,46.03644],[-113.28536,46.03816],[-113.28369,46.04231],[-113.27791,46.04545],[-113.28078,46.05722],[-113.27433,46.05933],[-113.26956,46.05728],[-113.25266,46.05591],[-113.24759,46.05312],[-113.24319,46.05307],[-113.2392,46.05003],[-113.23107,46.05097],[-113.21606,46.04798],[-113.2069,46.05204],[-113.20564,46.05405],[-113.19023,46.05016],[-113.18021,46.05497],[-113.17206,46.05517],[-113.16808,46.0572],[-113.16755,46.06219],[-113.15579,46.06518],[-113.14769,46.06403],[-113.13456,46.05779],[-113.12096,46.0605],[-113.10699,46.05926],[-113.10269,46.05552],[-113.09472,46.05422],[-113.08833,46.05531],[-113.06666,46.04818],[-113.06256,46.04411],[-113.04709,46.04042],[-113.03356,46.041],[-113.02517,46.03931],[-113.01463,46.02984],[-113.01295,46.02408],[-113.00955,46.02228],[-113.00573,46.02247],[-113.00447,46.01889],[-112.98265,46.01978],[-112.97432,46.02641],[-112.9569,46.02653],[-112.95916,46.02224],[-112.95456,46.02014],[-112.95523,46.01251],[-112.94744,46.00991],[-112.93543,46.01034],[-112.9293,46.01211],[-112.92286,46.00495],[-112.9278,45.99723],[-112.93891,45.9933],[-112.94195,45.98634],[-112.93708,45.98131],[-112.93848,45.97654],[-112.93575,45.97226],[-112.93837,45.9683],[-112.93202,45.96293],[-112.93258,45.95479],[-112.9313,45.95047],[-112.92545,45.943],[-112.92308,45.93407],[-112.91926,45.93307],[-112.9136,45.92869],[-112.91416,45.92416],[-112.9068,45.92138],[-112.9024,45.92208],[-112.89943,45.93297],[-112.89068,45.93395],[-112.86999,45.93114],[-112.86287,45.93307],[-112.85587,45.93018],[-112.8441,45.93227],[-112.84099,45.9301],[-112.8291,45.9335],[-112.80785,45.93404],[-112.79755,45.92662],[-112.78452,45.92475],[-112.7777,45.92481],[-112.77673,45.92625],[-112.76994,45.9266],[-112.76601,45.92955],[-112.76029,45.92945],[-112.75853,45.9273],[-112.75996,45.92403],[-112.75823,45.92248],[-112.75919,45.9212],[-112.75576,45.92016],[-112.75554,45.91561],[-112.75378,45.9147],[-112.75488,45.91305],[-112.75864,45.91363],[-112.75468,45.90772],[-112.75044,45.90613],[-112.74611,45.90664],[-112.74132,45.90273],[-112.73441,45.90035],[-112.72765,45.89274],[-112.72595,45.88773],[-112.71875,45.88303],[-112.71619,45.88465],[-112.71422,45.88262],[-112.70998,45.88542],[-112.70213,45.88407],[-112.6931,45.88472],[-112.68883,45.88189],[-112.68317,45.8849],[-112.67524,45.88223],[-112.66763,45.88453],[-112.66225,45.88287],[-112.65088,45.88875],[-112.6488,45.89098],[-112.64908,45.89421],[-112.64029,45.89364],[-112.63285,45.89702],[-112.6199,45.89595],[-112.6159,45.89784],[-112.61558,45.90114],[-112.61392,45.90175],[-112.61083,45.90025],[-112.61133,45.89728],[-112.60053,45.89391],[-112.60154,45.88995],[-112.59707,45.88728],[-112.59436,45.88318],[-112.59752,45.87695],[-112.60257,45.87179],[-112.60383,45.86815],[-112.60219,45.86689],[-112.60328,45.86473],[-112.60212,45.86365],[-112.60453,45.8608],[-112.59697,45.86243],[-112.59541,45.86031],[-112.59662,45.85743],[-112.59226,45.85752],[-112.59346,45.85486],[-112.59114,45.85205],[-112.59076,45.84168],[-112.58895,45.83883],[-112.58613,45.83679],[-112.58459,45.83734],[-112.58122,45.83324],[-112.572,45.83325],[-112.56841,45.82671],[-112.56079,45.82614],[-112.55436,45.81776],[-112.55719,45.81468],[-112.55395,45.81284],[-112.55457,45.80987],[-112.55065,45.8092],[-112.54988,45.81186],[-112.54723,45.8132],[-112.53839,45.80904],[-112.53129,45.80908],[-112.53163,45.80715],[-112.52879,45.80629],[-112.52923,45.80416],[-112.52602,45.80346],[-112.53109,45.79703],[-112.52846,45.79268],[-112.51256,45.79199],[-112.50886,45.79424],[-112.50985,45.8071],[-112.51167,45.80842],[-112.51199,45.8112],[-112.50916,45.81687],[-112.50349,45.82044],[-112.50378,45.82409],[-112.50072,45.82473],[-112.49458,45.82002],[-112.47033,45.81236],[-112.45882,45.81533],[-112.45135,45.8202],[-112.4492,45.82402],[-112.45005,45.8265],[-112.44725,45.82782],[-112.45022,45.83189],[-112.44688,45.83559],[-112.45129,45.83694],[-112.45575,45.84284],[-112.45585,45.84836],[-112.45244,45.84971],[-112.45284,45.8514],[-112.44926,45.85584],[-112.43862,45.85671],[-112.43678,45.86092],[-112.42273,45.86757],[-112.42135,45.87062],[-112.41159,45.87441],[-112.4093,45.87954],[-112.41106,45.8838],[-112.40424,45.8876],[-112.40994,45.8996],[-112.40918,45.90183],[-112.41544,45.90373],[-112.41506,45.90833],[-112.42139,45.91121],[-112.41631,45.92208],[-112.41862,45.92488],[-112.43125,45.92939],[-112.43395,45.93766],[-112.43626,45.93897],[-112.43618,45.94051],[-112.43035,45.94509],[-112.43358,45.95197],[-112.43201,45.95486],[-112.43261,45.9574],[-112.4299,45.95879],[-112.43434,45.96142],[-112.43629,45.96413],[-112.43546,45.96557],[-112.43818,45.96762],[-112.44096,45.98558],[-112.44558,45.99812],[-112.44259,46.00736],[-112.44341,46.00906],[-112.43575,46.01396],[-112.43873,46.01704],[-112.43972,46.02222],[-112.44356,46.02548],[-112.44192,46.02909],[-112.44471,46.0336],[-112.45355,46.03396],[-112.46253,46.03949],[-112.47314,46.03983],[-112.47237,46.0479],[-112.47712,46.0518],[-112.47062,46.0568],[-112.47125,46.06092],[-112.46869,46.06238],[-112.46585,46.06759],[-112.46609,46.07023],[-112.46282,46.0727],[-112.46185,46.07595],[-112.4657,46.07749],[-112.46643,46.08042],[-112.46904,46.08049],[-112.47078,46.0824],[-112.46849,46.08565],[-112.47015,46.08822],[-112.46751,46.08934],[-112.46641,46.09303],[-112.47135,46.09729],[-112.48178,46.10061],[-112.48908,46.10705],[-112.49553,46.10838],[-112.4956,46.11097],[-112.50207,46.11259],[-112.50363,46.11579],[-112.50141,46.12082],[-112.5145,46.12491],[-112.51305,46.12616],[-112.5137,46.12837],[-112.52025,46.13677],[-112.51577,46.1436],[-112.51272,46.15494],[-112.5126,46.15819],[-112.51691,46.16648],[-112.50505,46.18406],[-112.52594,46.18506],[-112.53114,46.18002],[-112.53844,46.17699],[-112.54007,46.17484],[-112.54564,46.17514],[-112.55226,46.17934],[-112.55806,46.17553],[-112.57652,46.1785],[-112.57657,46.18426],[-112.57961,46.18645],[-112.57767,46.19011],[-112.58209,46.19869],[-112.57805,46.20217],[-112.57391,46.21046],[-112.57376,46.21416],[-112.57663,46.21598],[-112.57968,46.22126],[-112.58919,46.22534],[-112.59289,46.22542],[-112.59439,46.22859],[-112.59254,46.23196],[-112.59806,46.23642],[-112.5955,46.23861],[-112.5865,46.23929],[-112.57956,46.24185],[-112.57166,46.2487],[-112.57146,46.25145],[-112.56507,46.25895],[-112.5604,46.26158],[-112.55814,46.26724],[-112.55765,46.27796],[-112.56217,46.28842],[-112.57223,46.29639],[-112.56939,46.30213],[-112.57036,46.30486],[-112.55647,46.30738],[-112.5516,46.31401],[-112.54854,46.31439],[-112.54768,46.31688],[-112.54381,46.3191],[-112.54239,46.3236],[-112.53353,46.33099],[-112.53281,46.33516],[-112.52307,46.32997],[-112.51877,46.33019],[-112.51337,46.33285],[-112.50431,46.33015],[-112.49943,46.33531],[-112.50053,46.34066],[-112.49817,46.34231],[-112.49216,46.34249],[-112.48594,46.33994],[-112.47189,46.34059],[-112.4647,46.32893],[-112.45428,46.32899],[-112.44961,46.334],[-112.45225,46.34418],[-112.451,46.35084],[-112.43646,46.35084],[-112.43224,46.35511],[-112.42613,46.35751],[-112.42852,46.36468],[-112.42619,46.3689],[-112.41471,46.37153],[-112.41759,46.37459],[-112.41732,46.37723],[-112.40752,46.38181],[-112.40359,46.38672],[-112.38607,46.38327],[-112.37423,46.3871],[-112.35547,46.38405],[-112.3504,46.38495],[-112.34435,46.39147],[-112.34454,46.39471],[-112.33713,46.40136],[-112.33659,46.40429],[-112.31443,46.41707],[-112.31065,46.42117],[-112.31681,46.42252],[-112.31977,46.43079],[-112.32349,46.43378],[-112.32071,46.43713],[-112.32116,46.44348],[-112.30443,46.45029],[-112.30901,46.45466],[-112.30794,46.45914],[-112.30462,46.46144],[-112.30623,46.46736],[-112.30521,46.47686],[-112.30902,46.48116],[-112.30554,46.48447],[-112.30577,46.48817],[-112.30181,46.48999],[-112.30524,46.49428],[-112.30305,46.50144],[-112.30355,46.50411],[-112.30548,46.50427],[-112.30456,46.5058],[-112.30614,46.51194],[-112.30282,46.51672],[-112.29332,46.51795],[-112.29566,46.52053],[-112.297,46.526],[-112.2938,46.53075],[-112.29817,46.53813],[-112.30195,46.53914],[-112.30191,46.54287],[-112.30825,46.55017],[-112.3092,46.56512],[-112.31513,46.57087],[-112.31675,46.57502],[-112.30951,46.58052],[-112.30525,46.58871],[-112.29952,46.59137],[-112.2989,46.59462],[-112.30084,46.59864],[-112.29324,46.60501],[-112.29863,46.61425],[-112.29964,46.62238],[-112.29832,46.62563],[-112.31065,46.63355],[-112.3069,46.63709],[-112.30934,46.64187],[-112.31522,46.6449],[-112.31708,46.65222],[-112.32075,46.65509],[-112.31974,46.65905],[-112.32225,46.66166],[-112.32286,46.66557],[-112.32146,46.66743],[-112.33081,46.67398],[-112.32026,46.68174],[-112.31863,46.68413],[-112.31873,46.68822],[-112.3151,46.69058],[-112.31533,46.69361],[-112.3133,46.69514],[-112.31565,46.70997],[-112.30926,46.71425],[-112.32158,46.7192],[-112.32567,46.72611],[-112.33311,46.72653],[-112.33935,46.73151],[-112.34267,46.7304],[-112.3435,46.73703],[-112.35371,46.73397],[-112.35955,46.72447],[-112.37732,46.71893],[-112.38537,46.72114],[-112.38765,46.72484],[-112.39784,46.72284],[-112.40806,46.72431],[-112.4106,46.72304],[-112.41854,46.72503],[-112.43138,46.72619],[-112.43803,46.72499],[-112.4463,46.72696],[-112.45881,46.72379],[-112.46474,46.71948],[-112.47439,46.72405],[-112.47384,46.72913],[-112.47753,46.73173],[-112.48469,46.73308],[-112.48953,46.73171],[-112.50248,46.73285],[-112.51456,46.73762],[-112.51444,46.73944],[-112.50903,46.74396],[-112.51225,46.75064],[-112.51548,46.75387],[-112.52571,46.75888],[-112.52823,46.7657],[-112.53688,46.77102],[-112.5271,46.77532],[-112.5235,46.7789],[-112.52665,46.79093],[-112.52334,46.79383],[-112.52248,46.79799],[-112.51366,46.80035],[-112.51162,46.80235],[-112.51409,46.80771],[-112.51859,46.8107],[-112.51486,46.81448],[-112.51817,46.81952],[-112.5172,46.82953],[-112.51934,46.83235],[-112.50512,46.8333],[-112.49997,46.83989],[-112.48957,46.84192],[-112.48307,46.84809],[-112.46836,46.85414],[-112.46224,46.85923],[-112.46531,46.86332],[-112.47395,46.86365],[-112.48246,46.8671],[-112.48164,46.87564],[-112.48745,46.87752],[-112.49182,46.88137],[-112.50038,46.88248],[-112.50146,46.88935],[-112.49292,46.89514],[-112.48736,46.90419],[-112.48956,46.90955],[-112.49451,46.91477],[-112.48655,46.9192],[-112.47755,46.91738],[-112.47563,46.9238],[-112.46935,46.92443],[-112.46511,46.92895],[-112.45782,46.93098],[-112.45518,46.93557],[-112.45759,46.93702],[-112.45798,46.93913],[-112.44935,46.94274],[-112.45,46.94652],[-112.44829,46.94839],[-112.44946,46.95089],[-112.44142,46.9541],[-112.44024,46.95939],[-112.42254,46.95271],[-112.41659,46.9541],[-112.41182,46.95154],[-112.39538,46.9522],[-112.39208,46.95936],[-112.3834,46.96027],[-112.37267,46.9684],[-112.36127,46.96894],[-112.35881,46.97205],[-112.35989,46.97483],[-112.35575,46.97599],[-112.35395,46.97926],[-112.33699,46.98238],[-112.33738,46.98638],[-112.3253,46.99822],[-112.32552,47.00143],[-112.33003,47.00773],[-112.33245,47.00857],[-112.33192,47.01003],[-112.32673,47.01635],[-112.31705,47.01524],[-112.31176,47.018],[-112.3171,47.02396],[-112.3157,47.02766],[-112.31691,47.03273],[-112.31316,47.03835],[-112.32161,47.0455],[-112.32596,47.06035],[-112.33081,47.06098],[-112.33733,47.06475],[-112.34583,47.06477],[-112.34512,47.06695],[-112.35035,47.07352],[-112.3536,47.0749],[-112.35482,47.07942],[-112.36496,47.0805],[-112.37068,47.07678],[-112.3782,47.0792],[-112.37867,47.08575],[-112.38146,47.09007],[-112.38725,47.09106],[-112.38872,47.09605],[-112.39131,47.09882],[-112.39886,47.10221],[-112.4012,47.10506],[-112.40999,47.10518],[-112.41394,47.10778],[-112.41801,47.10802],[-112.4166,47.11216],[-112.41957,47.1155],[-112.41968,47.12146],[-112.42155,47.12524],[-112.4312,47.13343],[-112.42806,47.14507],[-112.42999,47.15288],[-112.44261,47.16293],[-112.46671,47.16431],[-112.47557,47.16736],[-112.47762,47.17433],[-112.48143,47.17468],[-112.48907,47.17412],[-112.49568,47.17147],[-112.50637,47.17116],[-112.52405,47.1737],[-112.53135,47.17238],[-112.54458,47.16688],[-112.55048,47.16786],[-112.55915,47.17385],[-112.56682,47.17612],[-112.56997,47.1787],[-112.5738,47.188],[-112.59719,47.19356],[-112.59535,47.20027],[-112.59973,47.20414],[-112.60097,47.20831],[-112.59968,47.21571],[-112.59458,47.21933],[-112.59883,47.2213],[-112.60098,47.22807],[-112.60535,47.22905],[-112.61198,47.22561],[-112.61384,47.22288],[-112.63081,47.2239],[-112.63323,47.2276],[-112.64311,47.2327],[-112.64652,47.23711],[-112.65484,47.23347],[-112.66078,47.23368],[-112.66585,47.23587],[-112.67226,47.22958],[-112.69067,47.23457],[-112.71351,47.23789],[-112.72402,47.23654],[-112.73989,47.23818],[-112.74672,47.24688],[-112.73845,47.25246],[-112.72833,47.2633],[-112.72946,47.27103],[-112.72445,47.28248],[-112.72622,47.28514],[-112.73203,47.2866],[-112.73412,47.28868],[-112.74136,47.28739],[-112.7484,47.28879],[-112.75995,47.28802],[-112.77629,47.29331],[-112.79156,47.29037],[-112.80168,47.29071],[-112.80474,47.29296],[-112.80856,47.3001],[-112.82506,47.30223],[-112.83041,47.31054],[-112.83943,47.31154],[-112.85554,47.30982],[-112.85928,47.30775],[-112.86425,47.30819],[-112.86859,47.31158],[-112.86926,47.31611],[-112.87125,47.3185],[-112.88242,47.32663],[-112.89833,47.32631],[-112.90178,47.32999],[-112.90118,47.33169],[-112.90701,47.33361],[-112.91269,47.33936],[-112.92159,47.33801],[-112.92833,47.3401],[-112.93351,47.34585],[-112.92755,47.35313],[-112.92607,47.36032],[-112.92266,47.36236],[-112.91927,47.36936],[-112.91863,47.37289],[-112.92125,47.37722],[-112.9195,47.38132],[-112.9246,47.3877],[-112.93088,47.38953],[-112.9368,47.3887],[-112.9465,47.3947],[-112.94641,47.39771],[-112.94807,47.3996],[-112.94636,47.40196],[-112.94664,47.40525],[-112.9515,47.40628],[-112.96106,47.4123],[-112.96071,47.41394],[-112.96399,47.41794],[-112.97654,47.42024],[-112.97986,47.42236],[-112.98017,47.42921],[-112.98982,47.43895],[-112.99535,47.44199],[-112.99484,47.44616],[-112.99161,47.44873],[-113.00173,47.45598],[-113.00001,47.46217],[-113.0037,47.46507],[-113.01376,47.46619],[-113.01252,47.47605],[-113.02036,47.48921],[-113.02772,47.49043],[-113.03175,47.49385],[-113.03883,47.49406],[-113.04206,47.49049],[-113.05695,47.49128],[-113.0593,47.48984],[-113.06275,47.4823],[-113.06892,47.48209],[-113.08021,47.48553],[-113.08233,47.48416],[-113.08646,47.48474],[-113.0884,47.4816],[-113.09134,47.48037],[-113.09683,47.48342],[-113.10359,47.48451],[-113.10921,47.48931],[-113.11468,47.49031],[-113.11595,47.49566],[-113.11853,47.4985],[-113.11496,47.50108],[-113.11661,47.50906],[-113.12304,47.516],[-113.11839,47.52062],[-113.12179,47.52435],[-113.12591,47.54146],[-113.12256,47.54558],[-113.12412,47.54722],[-113.12468,47.55782],[-113.11816,47.56047],[-113.11791,47.5707],[-113.11999,47.57322],[-113.12713,47.57608],[-113.13099,47.58769],[-113.14265,47.59327],[-113.14738,47.60229],[-113.14405,47.61156],[-113.13583,47.62025],[-113.13869,47.62383],[-113.14431,47.62617],[-113.14479,47.63711],[-113.13932,47.63924],[-113.13266,47.63928],[-113.13022,47.64186],[-113.12828,47.64693],[-113.12854,47.66082],[-113.13564,47.66348],[-113.1408,47.66855],[-113.1413,47.67191],[-113.14657,47.67659],[-113.14925,47.68702],[-113.15804,47.69587],[-113.16008,47.70808],[-113.1644,47.71452],[-113.1659,47.7213],[-113.16428,47.72996],[-113.15512,47.73218],[-113.14941,47.73597],[-113.14231,47.74429],[-113.13874,47.7459],[-113.12107,47.74154],[-113.10982,47.74358],[-113.09423,47.74351],[-113.08106,47.74996],[-113.07993,47.75803],[-113.0833,47.76039],[-113.08108,47.7638],[-113.08454,47.76846],[-113.08286,47.77298],[-113.07201,47.77357],[-113.06777,47.7754],[-113.06655,47.77631],[-113.06735,47.78095],[-113.06148,47.78801],[-113.06685,47.79909],[-113.06507,47.80373],[-113.06018,47.80782],[-113.06422,47.81373],[-113.06242,47.8222],[-113.06932,47.82911],[-113.06594,47.83435],[-113.06641,47.83802],[-113.05815,47.84253],[-113.05917,47.84537],[-113.05787,47.85374],[-113.06083,47.85633],[-113.05827,47.87066],[-113.06528,47.87693],[-113.06317,47.88556],[-113.06852,47.88671],[-113.07676,47.89171],[-113.09056,47.89302],[-113.09264,47.89659],[-113.09093,47.90107],[-113.09343,47.90782],[-113.08669,47.91056],[-113.08624,47.91835],[-113.06912,47.92331],[-113.06577,47.92662],[-113.05881,47.92507],[-113.04771,47.92722],[-113.03901,47.9256],[-113.02133,47.92737],[-113.0213,47.93101],[-113.01551,47.93693],[-113.01337,47.94197],[-113.00444,47.9443],[-112.99856,47.94407],[-112.9942,47.94791],[-112.98782,47.95011],[-112.98736,47.95224],[-112.98231,47.95517],[-112.97071,47.95444],[-112.96638,47.95214],[-112.95826,47.95155],[-112.95143,47.94468],[-112.94647,47.94699],[-112.93474,47.94429],[-112.91271,47.94643],[-112.90773,47.95105],[-112.90901,47.95277],[-112.90624,47.95697],[-112.90605,47.96219],[-112.90056,47.96451],[-112.89761,47.97271],[-112.89232,47.9763],[-112.88705,47.97494],[-112.87847,47.97587],[-112.88809,47.99267],[-112.89527,48.01035],[-112.89658,48.01897],[-112.90392,48.02426],[-112.90801,48.02987],[-112.91607,48.02867],[-112.92181,48.03237],[-112.92726,48.0318],[-112.93654,48.03533],[-112.94611,48.03097],[-112.94979,48.03274],[-112.94982,48.03751],[-112.95181,48.04059],[-112.9509,48.04988],[-112.93693,48.05579],[-112.93743,48.06043],[-112.94186,48.06342],[-112.95271,48.06536],[-112.95968,48.06969],[-112.96366,48.07487],[-112.96849,48.07459],[-112.97134,48.07275],[-112.98168,48.07382],[-112.98159,48.07758],[-112.97885,48.07856],[-112.9784,48.08057],[-112.98274,48.08636],[-112.979,48.08883],[-112.99388,48.09806],[-112.99616,48.10607],[-112.99094,48.10759],[-112.99319,48.1149],[-112.98362,48.11786],[-112.98498,48.12046],[-112.99539,48.12546],[-113.00061,48.13067],[-113.01024,48.12841],[-113.01704,48.13241],[-113.0213,48.12961],[-113.02622,48.12976],[-113.03144,48.13319],[-113.03943,48.1296],[-113.04096,48.12481],[-113.05102,48.12131],[-113.05568,48.12438],[-113.05374,48.12812],[-113.05624,48.13405],[-113.05297,48.14092],[-113.06302,48.14945],[-113.07019,48.15297],[-113.06871,48.14782],[-113.09085,48.13652],[-113.09657,48.1392],[-113.10578,48.13725],[-113.11263,48.13879],[-113.11601,48.13731],[-113.12425,48.13812],[-113.12975,48.1354],[-113.13474,48.13822],[-113.13089,48.14018],[-113.13084,48.14551],[-113.13472,48.1492],[-113.14186,48.15332],[-113.15215,48.15124],[-113.16365,48.15993],[-113.16596,48.16535],[-113.1753,48.16949],[-113.18229,48.17505],[-113.18549,48.17156],[-113.19138,48.1757],[-113.19223,48.17132],[-113.19611,48.16838],[-113.20278,48.16897],[-113.20878,48.16419],[-113.22672,48.17176],[-113.23123,48.1706],[-113.23553,48.17744],[-113.23435,48.18051],[-113.23063,48.18224],[-113.23106,48.1857],[-113.23449,48.19],[-113.23298,48.1946],[-113.2355,48.20081],[-113.23472,48.20428],[-113.23763,48.21052],[-113.23561,48.21217],[-113.23676,48.21819],[-113.22593,48.22509],[-113.2289,48.22866],[-113.22599,48.23271],[-113.22784,48.23584],[-113.23463,48.23902],[-113.23671,48.2471],[-113.24355,48.24875],[-113.24981,48.25518],[-113.25813,48.25509],[-113.26796,48.26014],[-113.27486,48.25941],[-113.28119,48.26346],[-113.28915,48.26512],[-113.28845,48.26968],[-113.29342,48.27503],[-113.29795,48.28434],[-113.32741,48.28925],[-113.32971,48.29146],[-113.32976,48.29503],[-113.33267,48.29599],[-113.33378,48.29811],[-113.34217,48.29908],[-113.34315,48.30203],[-113.348,48.30329],[-113.34998,48.30849],[-113.34815,48.31146],[-113.35361,48.31633],[-113.37443,48.32401],[-113.37435,48.33192],[-113.38722,48.34196],[-113.38002,48.345],[-113.37022,48.35384],[-113.36417,48.35531],[-113.35178,48.36176],[-113.34059,48.36989],[-113.33375,48.38273],[-113.33329,48.38782],[-113.34704,48.39472],[-113.34838,48.4013],[-113.35112,48.40545],[-113.34834,48.41329],[-113.35558,48.42092],[-113.35601,48.42388],[-113.37303,48.42189],[-113.38177,48.41704],[-113.38681,48.41632],[-113.4107,48.41942],[-113.42494,48.43068],[-113.43842,48.43454],[-113.44407,48.44117],[-113.45109,48.44334],[-113.45171,48.4458],[-113.46458,48.44548],[-113.47266,48.4519],[-113.47919,48.45322],[-113.48067,48.45999],[-113.47718,48.46275],[-113.47339,48.47008],[-113.46659,48.47495],[-113.47185,48.48712],[-113.46616,48.49856],[-113.47291,48.50245],[-113.47373,48.5051],[-113.47287,48.51396],[-113.47131,48.5157],[-113.47271,48.52509],[-113.46854,48.53064],[-113.4699,48.53677],[-113.46786,48.54792],[-113.47367,48.55252],[-113.48554,48.55423],[-113.49408,48.55271],[-113.50251,48.55825],[-113.51028,48.55971],[-113.51682,48.57286],[-113.53509,48.57722],[-113.53931,48.58058],[-113.54355,48.58755],[-113.54684,48.58482],[-113.55795,48.58393],[-113.57203,48.57904],[-113.57798,48.58418],[-113.58565,48.58376],[-113.58975,48.58178],[-113.5924,48.5773],[-113.60034,48.57498],[-113.60439,48.57547],[-113.61235,48.57869],[-113.61737,48.58819],[-113.63279,48.59899],[-113.64197,48.60053],[-113.65228,48.59082],[-113.66417,48.58578],[-113.67995,48.59347],[-113.68465,48.59426],[-113.69364,48.59268],[-113.70753,48.59456],[-113.71939,48.60045],[-113.72439,48.60002],[-113.73496,48.60899],[-113.74812,48.61304],[-113.75315,48.61704],[-113.75422,48.61892],[-113.74715,48.62417],[-113.74666,48.63133],[-113.74219,48.63562],[-113.74678,48.63994],[-113.74558,48.65229],[-113.74125,48.65589],[-113.73893,48.6633],[-113.72598,48.67169],[-113.73138,48.67512],[-113.73202,48.67788],[-113.73765,48.68421],[-113.73682,48.6863],[-113.73989,48.68892],[-113.74097,48.69278],[-113.73316,48.69425],[-113.72495,48.69369],[-113.71469,48.69826],[-113.70991,48.7042],[-113.70671,48.7147],[-113.70267,48.71778],[-113.70298,48.71986],[-113.70972,48.72427],[-113.7071,48.73106],[-113.71393,48.74178],[-113.72807,48.74543],[-113.73716,48.7507],[-113.74342,48.76204],[-113.743,48.76544],[-113.76185,48.77346],[-113.76638,48.785],[-113.77164,48.78781],[-113.77088,48.78957],[-113.7737,48.79721],[-113.77291,48.80073],[-113.76384,48.80383],[-113.76026,48.81047],[-113.76024,48.81547],[-113.75696,48.81825],[-113.77124,48.82351],[-113.78549,48.83291],[-113.78654,48.83995],[-113.79054,48.84562],[-113.79713,48.84392],[-113.80552,48.83893],[-113.81378,48.83921],[-113.81784,48.84224],[-113.81864,48.84823],[-113.83707,48.85072],[-113.84135,48.85487],[-113.84064,48.85607],[-113.8637,48.8481],[-113.87355,48.84182],[-113.87535,48.83727],[-113.89013,48.84159],[-113.8939,48.84546],[-113.90761,48.84696],[-113.91148,48.85013],[-113.91462,48.84361],[-113.91476,48.83943],[-113.91784,48.83552],[-113.93558,48.826],[-113.9434,48.8258],[-113.94324,48.82371],[-113.945,48.82226],[-113.95692,48.8175],[-113.96601,48.82376],[-113.97073,48.82331],[-113.97235,48.82156],[-113.97163,48.81874],[-113.97358,48.81879],[-113.98108,48.82581],[-113.99422,48.82871],[-114.00422,48.83308],[-113.99909,48.83913],[-113.99124,48.8393],[-113.98946,48.84096],[-113.9891,48.84537],[-113.99307,48.85407],[-114.00265,48.86054],[-114.00648,48.86496],[-114.01736,48.86493],[-114.02491,48.87107],[-114.03286,48.88106],[-114.05809,48.88896],[-114.05461,48.89503],[-114.04644,48.89406],[-114.03844,48.89517],[-114.01912,48.90291],[-114.01359,48.9095],[-114.01672,48.91585],[-114.01492,48.92495],[-114.01997,48.92703],[-114.02475,48.9334],[-114.03642,48.93144],[-114.04183,48.932],[-114.04491,48.93294],[-114.04758,48.9369],[-114.0422,48.94003],[-114.0426,48.94584],[-114.02124,48.9614],[-114.02792,48.96477],[-114.04303,48.96273],[-114.05037,48.96352],[-114.05208,48.97063],[-114.05772,48.97652],[-114.05832,48.98011],[-114.05559,48.98238],[-114.05638,48.9858],[-114.06492,48.99183],[-114.06594,48.99632],[-114.07219,49.00202],[-114.07175,49.00571],[-114.05729,49.02007],[-114.05902,49.02261],[-114.05399,49.02466],[-114.05719,49.02847],[-114.05436,49.02905],[-114.0574,49.04555],[-114.06639,49.04675],[-114.07695,49.05394],[-114.0805,49.06028],[-114.08909,49.05838],[-114.0993,49.06044],[-114.10666,49.06446],[-114.1157,49.07351],[-114.13132,49.07923],[-114.13274,49.08286],[-114.14773,49.0932],[-114.15333,49.09955],[-114.15386,49.10229],[-114.14994,49.11038],[-114.15027,49.11844],[-114.15324,49.11926],[-114.15807,49.1238],[-114.15845,49.12687],[-114.16665,49.13567],[-114.15011,49.14442],[-114.15951,49.14993],[-114.16187,49.15268],[-114.16191,49.15533],[-114.16995,49.15861],[-114.17456,49.16358],[-114.19663,49.1696],[-114.20453,49.16958],[-114.21169,49.17248],[-114.21677,49.18218],[-114.22262,49.1889],[-114.23062,49.18923],[-114.2329,49.18512],[-114.236,49.18446],[-114.24744,49.18636],[-114.2566,49.17705],[-114.27007,49.18156],[-114.28518,49.17863],[-114.28914,49.1802],[-114.28924,49.18397],[-114.29379,49.18808],[-114.29812,49.18891],[-114.30031,49.19103],[-114.31112,49.19224],[-114.3147,49.19468],[-114.31805,49.20032],[-114.33665,49.19939],[-114.33905,49.19616],[-114.34862,49.19338],[-114.35674,49.19659],[-114.36175,49.20225],[-114.38087,49.20361],[-114.39806,49.21009],[-114.40218,49.2133],[-114.39395,49.21943],[-114.40584,49.2245],[-114.40111,49.22867],[-114.40339,49.23588],[-114.40291,49.2408],[-114.40144,49.24241],[-114.3819,49.24683],[-114.38024,49.24952],[-114.38744,49.25111],[-114.39347,49.2572],[-114.40919,49.25945],[-114.41518,49.26215],[-114.43071,49.26139],[-114.43997,49.26491],[-114.44734,49.26431],[-114.44954,49.26806],[-114.44839,49.27546],[-114.45107,49.27992],[-114.44534,49.28902],[-114.44953,49.29087],[-114.45315,49.29745],[-114.46048,49.30349],[-114.46922,49.30558],[-114.47828,49.31293],[-114.4852,49.31069],[-114.4914,49.31383],[-114.49205,49.31646],[-114.49054,49.32001],[-114.49214,49.32251],[-114.479,49.32627],[-114.48202,49.32997],[-114.48117,49.33555],[-114.4839,49.33857],[-114.48472,49.34241],[-114.4929,49.35163],[-114.50138,49.35296],[-114.50652,49.35644],[-114.51711,49.35423],[-114.524,49.35696],[-114.52459,49.36263],[-114.53187,49.37161],[-114.52618,49.37689],[-114.53924,49.37959],[-114.54658,49.37731],[-114.56728,49.37733],[-114.56715,49.3792],[-114.57288,49.38233],[-114.57548,49.38576],[-114.57361,49.38968],[-114.57872,49.39159],[-114.58732,49.39186],[-114.59127,49.3965],[-114.59223,49.40428],[-114.59836,49.41228],[-114.59713,49.42054],[-114.60132,49.42452],[-114.59881,49.43376],[-114.60556,49.43979],[-114.60343,49.44319],[-114.59842,49.44549],[-114.59987,49.45009],[-114.60359,49.45192],[-114.59968,49.45395],[-114.59777,49.45887],[-114.60002,49.46164],[-114.59974,49.46699],[-114.59364,49.47084],[-114.5964,49.47934],[-114.59418,49.48549],[-114.59788,49.49115],[-114.59333,49.49325],[-114.59648,49.50164],[-114.585,49.51185],[-114.58301,49.52018],[-114.57753,49.5212],[-114.57254,49.52493],[-114.57318,49.5327],[-114.56946,49.53742],[-114.57371,49.54532],[-114.57223,49.54823],[-114.57339,49.55651],[-114.57841,49.55746],[-114.58806,49.56528],[-114.59262,49.5614],[-114.6023,49.56092],[-114.6051,49.55912],[-114.60781,49.55996],[-114.60799,49.55716],[-114.61765,49.54711],[-114.63038,49.54914],[-114.63856,49.54316],[-114.64711,49.54307],[-114.65581,49.54553],[-114.66647,49.55393],[-114.67533,49.55385],[-114.67959,49.55601],[-114.68509,49.55642],[-114.69099,49.55316],[-114.69338,49.54903],[-114.69619,49.54889],[-114.69681,49.55127],[-114.70026,49.55272],[-114.70275,49.55124],[-114.70566,49.55609],[-114.71055,49.55857],[-114.71539,49.55798],[-114.72516,49.56191],[-114.72573,49.57022],[-114.72416,49.5757],[-114.73402,49.58117],[-114.73758,49.5968],[-114.74072,49.59911],[-114.74659,49.60025],[-114.74743,49.60167],[-114.7455,49.60438],[-114.74648,49.6066],[-114.75334,49.60962],[-114.74817,49.61296],[-114.74738,49.61947],[-114.72406,49.62377],[-114.71975,49.62641],[-114.71676,49.63106],[-114.70957,49.63091],[-114.70501,49.63436],[-114.70223,49.63431],[-114.70272,49.63767],[-114.70043,49.6368],[-114.69822,49.63272],[-114.69237,49.63194],[-114.68786,49.63392],[-114.68725,49.63826],[-114.6819,49.63846],[-114.68126,49.63999],[-114.67504,49.64178],[-114.66727,49.63732],[-114.66088,49.63584],[-114.64348,49.64063],[-114.6511,49.64613],[-114.64888,49.65087],[-114.65067,49.65546],[-114.65636,49.65969],[-114.65708,49.66306],[-114.66322,49.66581],[-114.66984,49.67192],[-114.66931,49.67482],[-114.66475,49.67691],[-114.6684,49.68032],[-114.66805,49.68327],[-114.66992,49.68365],[-114.6707,49.6884],[-114.66991,49.69217],[-114.66061,49.69501],[-114.64746,49.70299],[-114.64604,49.70493],[-114.64769,49.70929],[-114.64632,49.71557],[-114.63844,49.71779],[-114.63621,49.72142],[-114.6378,49.72448],[-114.63258,49.7332],[-114.63729,49.73821],[-114.64606,49.74299],[-114.64178,49.74695],[-114.65047,49.75535],[-114.65091,49.75801],[-114.65768,49.76056],[-114.65956,49.76465],[-114.64913,49.7656],[-114.64079,49.77839],[-114.64176,49.78156],[-114.63635,49.78483],[-114.63733,49.78968],[-114.64235,49.7944],[-114.6425,49.79774],[-114.64021,49.79901],[-114.64295,49.80467],[-114.64154,49.80733],[-114.64748,49.81702],[-114.6455,49.81979],[-114.64038,49.82193],[-114.64218,49.82543],[-114.63987,49.82693],[-114.64662,49.83244],[-114.65307,49.84443],[-114.66265,49.85341],[-114.66116,49.85883],[-114.66267,49.86318],[-114.67153,49.86375],[-114.67038,49.86943],[-114.67334,49.87383],[-114.67196,49.8756],[-114.67349,49.88008],[-114.68025,49.8843],[-114.69185,49.89587],[-114.69123,49.89984],[-114.68698,49.90217],[-114.69008,49.90584],[-114.68726,49.91613],[-114.70424,49.92137],[-114.70704,49.92353],[-114.70557,49.92721],[-114.69066,49.93284],[-114.68899,49.93604],[-114.69329,49.94219],[-114.68405,49.95431],[-114.68296,49.96624],[-114.67752,49.96771],[-114.65979,49.96668],[-114.65396,49.96946],[-114.65367,49.97329],[-114.65114,49.97702],[-114.65353,49.98062],[-114.65465,49.9869],[-114.65246,49.99402],[-114.65863,49.99837],[-114.66743,50.00095],[-114.66768,50.00269],[-114.66623,50.00685],[-114.66423,50.00787],[-114.66239,50.01517],[-114.65862,50.01981],[-114.66121,50.02686],[-114.65878,50.02977],[-114.66319,50.03443],[-114.66811,50.0362],[-114.66449,50.04009],[-114.67376,50.04384],[-114.67714,50.04818],[-114.66681,50.05193],[-114.66758,50.05836],[-114.66595,50.06256],[-114.67333,50.06429],[-114.67916,50.06359],[-114.68708,50.06992],[-114.69307,50.07082],[-114.69298,50.07738],[-114.69956,50.08844],[-114.70487,50.0899],[-114.70445,50.09459],[-114.71083,50.10153],[-114.72062,50.10588],[-114.72163,50.11162],[-114.72965,50.1143],[-114.73237,50.11644],[-114.73442,50.1213],[-114.72571,50.14205],[-114.72812,50.15124],[-114.72619,50.16237],[-114.7337,50.16774],[-114.7339,50.16968],[-114.73126,50.17195],[-114.73156,50.17658],[-114.72562,50.18309],[-114.7269,50.19111],[-114.73152,50.19347],[-114.73967,50.20261],[-114.73869,50.20385],[-114.74038,50.21175],[-114.74893,50.21511],[-114.74644,50.21893],[-114.7486,50.22447],[-114.75483,50.22861],[-114.75625,50.23179],[-114.76438,50.23496],[-114.76288,50.24026],[-114.76978,50.24371],[-114.76716,50.24599],[-114.77054,50.24982],[-114.76637,50.25531],[-114.7673,50.25902],[-114.76444,50.2661],[-114.75859,50.27245],[-114.75238,50.27348],[-114.75182,50.27546],[-114.75529,50.2818],[-114.75328,50.28556],[-114.75548,50.28945],[-114.75463,50.2965],[-114.75625,50.29933],[-114.76251,50.29971],[-114.76997,50.30262],[-114.77965,50.30002],[-114.78215,50.30099],[-114.78384,50.31241],[-114.78231,50.31539],[-114.78534,50.31856],[-114.78531,50.32091],[-114.79238,50.32267],[-114.79749,50.32667],[-114.79808,50.33078],[-114.7953,50.33207],[-114.79234,50.33657],[-114.77547,50.3439],[-114.7679,50.35019],[-114.76941,50.35896],[-114.77563,50.36286],[-114.78492,50.36285],[-114.79026,50.35855],[-114.79912,50.36173],[-114.81,50.37071],[-114.81606,50.37027],[-114.81872,50.37373],[-114.81426,50.37914],[-114.81494,50.38244],[-114.82057,50.38447],[-114.8262,50.39373],[-114.83221,50.39081],[-114.8399,50.39406],[-114.85325,50.39301],[-114.85708,50.39475],[-114.86196,50.39407],[-114.86697,50.40361],[-114.86647,50.40631],[-114.86136,50.40836],[-114.86549,50.41373],[-114.86482,50.41815],[-114.86068,50.42112],[-114.86178,50.4251],[-114.86927,50.42671],[-114.87396,50.43001],[-114.87598,50.43907],[-114.88381,50.44078],[-114.88305,50.43822],[-114.88868,50.43637],[-114.89842,50.44066],[-114.90552,50.4486],[-114.91281,50.4509],[-114.91341,50.45577],[-114.91655,50.45821],[-114.9176,50.46209],[-114.92787,50.46865],[-114.92922,50.47185],[-114.93308,50.4742],[-114.9332,50.47866],[-114.93708,50.48086],[-114.93812,50.48637],[-114.94591,50.48896],[-114.94788,50.49082],[-114.94718,50.49174],[-114.95099,50.49381],[-114.95139,50.49754],[-114.95918,50.5037],[-114.96407,50.51392],[-114.97423,50.52304],[-114.97879,50.52926],[-114.97878,50.53379],[-114.98107,50.53679],[-114.99081,50.54256],[-114.99335,50.54741],[-114.99977,50.55203],[-115.00705,50.56258],[-115.01387,50.56933],[-115.01709,50.58331],[-115.02215,50.58476],[-115.02816,50.58343],[-115.03239,50.5804],[-115.04779,50.57675],[-115.05543,50.57241],[-115.05939,50.58083],[-115.06884,50.58528],[-115.07672,50.58678],[-115.08692,50.57781],[-115.09165,50.57898],[-115.10038,50.57742],[-115.10261,50.57575],[-115.10568,50.5762],[-115.11746,50.57269],[-115.11912,50.57048],[-115.13366,50.57207],[-115.13945,50.57455],[-115.14853,50.57127],[-115.15747,50.57344],[-115.17537,50.5682],[-115.1784,50.55838],[-115.19086,50.55549],[-115.19085,50.54932],[-115.18533,50.54422],[-115.1869,50.54021],[-115.19202,50.53553],[-115.20247,50.53406],[-115.20685,50.52842],[-115.20936,50.52794],[-115.21194,50.532],[-115.22225,50.53758],[-115.2321,50.54636],[-115.23292,50.54991],[-115.22952,50.5538],[-115.23061,50.55696],[-115.23577,50.56373],[-115.23671,50.56762],[-115.24171,50.56976],[-115.24371,50.57305],[-115.24214,50.57502],[-115.23238,50.57779],[-115.24084,50.58936],[-115.25204,50.58996],[-115.26026,50.59653],[-115.27153,50.59769],[-115.27958,50.60176],[-115.2829,50.60702],[-115.28564,50.60881],[-115.28994,50.60889],[-115.29667,50.61369],[-115.29954,50.62277],[-115.29821,50.62525],[-115.30784,50.62586],[-115.31226,50.62841],[-115.31064,50.63401],[-115.31385,50.63738],[-115.31318,50.63866],[-115.28465,50.6391],[-115.28258,50.64174],[-115.28283,50.64442],[-115.27537,50.64821],[-115.28187,50.65301],[-115.28644,50.66046],[-115.28398,50.66405],[-115.2899,50.66914],[-115.29821,50.68283],[-115.29858,50.68939],[-115.29433,50.69875],[-115.30271,50.70055],[-115.31063,50.70905],[-115.31293,50.71306],[-115.31172,50.72174],[-115.31483,50.72255],[-115.316,50.72551],[-115.32097,50.72675],[-115.32224,50.72437],[-115.32728,50.72266],[-115.33745,50.72395],[-115.33976,50.72205],[-115.35111,50.72104],[-115.35523,50.72271],[-115.36007,50.7213],[-115.36415,50.71769],[-115.3716,50.71703],[-115.37041,50.71314],[-115.37838,50.71166],[-115.37711,50.70813],[-115.37922,50.70526],[-115.38244,50.70542],[-115.38365,50.70756],[-115.39056,50.71004],[-115.39745,50.70962],[-115.40495,50.71267],[-115.41667,50.71243],[-115.41713,50.72151],[-115.41264,50.7237],[-115.41094,50.72811],[-115.41407,50.73136],[-115.4134,50.734],[-115.42066,50.73697],[-115.42522,50.74264],[-115.43005,50.74523],[-115.42774,50.74824],[-115.43466,50.75243],[-115.4376,50.75625],[-115.44824,50.75334],[-115.45877,50.75682],[-115.47127,50.75221],[-115.47673,50.75535],[-115.48238,50.75549],[-115.48577,50.76184],[-115.48366,50.77067],[-115.4863,50.77303],[-115.49178,50.77438],[-115.49826,50.78306],[-115.51061,50.78746],[-115.51599,50.7853],[-115.51574,50.78293],[-115.51788,50.78112],[-115.53294,50.78808],[-115.53399,50.79392],[-115.53883,50.7972],[-115.54666,50.79597],[-115.55107,50.79817],[-115.55229,50.80185],[-115.56155,50.80772],[-115.56205,50.81205],[-115.56701,50.81577],[-115.5634,50.82132],[-115.56154,50.82186],[-115.56252,50.82475],[-115.56119,50.82723],[-115.56482,50.8297],[-115.56771,50.83812],[-115.56761,50.84391],[-115.57375,50.84041],[-115.57915,50.84169],[-115.58521,50.84015],[-115.59771,50.8406],[-115.6006,50.84451],[-115.60698,50.84583],[-115.61858,50.83617],[-115.62496,50.8345],[-115.64339,50.84139],[-115.64534,50.85475],[-115.64375,50.85654],[-115.64431,50.8584],[-115.65049,50.86414],[-115.64926,50.86592],[-115.65136,50.87082],[-115.64955,50.87373],[-115.62893,50.88024],[-115.6175,50.87997],[-115.61387,50.88629],[-115.60573,50.88781],[-115.6005,50.88648],[-115.59995,50.89054],[-115.59309,50.89316],[-115.58868,50.8936],[-115.57842,50.88953],[-115.56185,50.8946],[-115.567,50.89854],[-115.57194,50.90808],[-115.57787,50.91005],[-115.57865,50.91336],[-115.58702,50.91666],[-115.59642,50.91607],[-115.61235,50.92597],[-115.59867,50.93699],[-115.59701,50.94011],[-115.6093,50.94641],[-115.60837,50.9592],[-115.61304,50.95928],[-115.62259,50.96586],[-115.62596,50.97015],[-115.62551,50.9738],[-115.6288,50.98093],[-115.63951,50.98477],[-115.64218,50.98734],[-115.64272,50.9907],[-115.65011,50.99827],[-115.6611,51.00064],[-115.6702,50.99894],[-115.67491,51.00161],[-115.67868,51.00578],[-115.67846,51.00761],[-115.68201,51.00812],[-115.69009,51.01405],[-115.69308,51.0183],[-115.69186,51.02583],[-115.69414,51.02811],[-115.70272,51.02407],[-115.70472,51.01929],[-115.71452,51.01914],[-115.71877,51.01653],[-115.72985,51.01873],[-115.73622,51.02265],[-115.74128,51.02306],[-115.74046,51.02669],[-115.73611,51.02791],[-115.74292,51.03276],[-115.75216,51.03145],[-115.76897,51.03945],[-115.77333,51.04349],[-115.77029,51.04774],[-115.77316,51.05053],[-115.77423,51.05691],[-115.76577,51.06092],[-115.76334,51.06729],[-115.75865,51.07238],[-115.75344,51.07412],[-115.75427,51.07483],[-115.76077,51.07377],[-115.77219,51.06672],[-115.77833,51.06666],[-115.78244,51.06946],[-115.7865,51.06945],[-115.7866,51.07169],[-115.79014,51.07233],[-115.80401,51.0698],[-115.80477,51.0745],[-115.808,51.07765],[-115.80814,51.07981],[-115.81453,51.08312],[-115.8132,51.08377],[-115.8139,51.08606],[-115.81593,51.0864],[-115.81967,51.08262],[-115.82947,51.07972],[-115.83521,51.07617],[-115.83971,51.07778],[-115.84111,51.07629],[-115.84528,51.08023],[-115.84724,51.07981],[-115.84889,51.0828],[-115.85978,51.07952],[-115.86324,51.082],[-115.8645,51.08646],[-115.86886,51.08989],[-115.87838,51.08613],[-115.89557,51.08677],[-115.90071,51.08978],[-115.90115,51.09334],[-115.90659,51.08933],[-115.90483,51.08335],[-115.91438,51.08317],[-115.92003,51.08457],[-115.92412,51.08959],[-115.92814,51.08858],[-115.93066,51.08965],[-115.93347,51.09363],[-115.93278,51.09605],[-115.93527,51.098],[-115.94346,51.09706],[-115.94947,51.09884],[-115.9517,51.10258],[-115.95128,51.1069],[-115.95789,51.11525],[-115.9684,51.11622],[-115.96776,51.12144],[-115.9795,51.12471],[-115.99096,51.12568],[-115.99295,51.12767],[-115.99927,51.12905],[-116.00575,51.12903],[-116.01041,51.12664],[-116.01279,51.12925],[-116.0126,51.13351],[-116.015,51.13709],[-116.00981,51.14186],[-116.01083,51.1468],[-116.00855,51.1541],[-116.01874,51.15655],[-116.02492,51.16266],[-116.03005,51.16267],[-116.03615,51.16988],[-116.02466,51.17549],[-116.02217,51.18163],[-116.02211,51.18698],[-116.01619,51.18955],[-116.00672,51.1901],[-116.0002,51.19454],[-116.00505,51.20282],[-116.00562,51.20621],[-116.00432,51.20784],[-116.00846,51.21036],[-116.00372,51.21505],[-116.00812,51.22214],[-116.01781,51.22397],[-116.02384,51.22181],[-116.02999,51.22535],[-116.05088,51.22791],[-116.05164,51.23086],[-116.06355,51.2406],[-116.06523,51.24891],[-116.07544,51.24959],[-116.0805,51.25223],[-116.08904,51.2529],[-116.0979,51.25116],[-116.1116,51.25413],[-116.11569,51.25698],[-116.11956,51.25633],[-116.12819,51.26007],[-116.13426,51.26017],[-116.14492,51.26495],[-116.1547,51.26386],[-116.15511,51.26856],[-116.15909,51.27242],[-116.16014,51.27686],[-116.1533,51.28709],[-116.16044,51.2915],[-116.16129,51.29609],[-116.16333,51.29751],[-116.17473,51.29799],[-116.18206,51.29542],[-116.18823,51.29822],[-116.18956,51.30115],[-116.19583,51.30104],[-116.20356,51.29589],[-116.20889,51.29652],[-116.21414,51.29372],[-116.2197,51.29345],[-116.22888,51.30201],[-116.24528,51.30168],[-116.25216,51.30632],[-116.26914,51.31218],[-116.27107,51.31643],[-116.27537,51.31936],[-116.27622,51.32842],[-116.28297,51.3308],[-116.28429,51.33315],[-116.28728,51.33426],[-116.29097,51.34295],[-116.27884,51.35518],[-116.28056,51.35726],[-116.27977,51.36191],[-116.29722,51.36601],[-116.30429,51.37177],[-116.31269,51.38479],[-116.29418,51.39779],[-116.29598,51.40032],[-116.29545,51.4031],[-116.28388,51.40747],[-116.2956,51.42721],[-116.29514,51.43011],[-116.28672,51.43557],[-116.28675,51.44401],[-116.28929,51.4483],[-116.28613,51.44974],[-116.28622,51.45354],[-116.29072,51.45639],[-116.29222,51.46084],[-116.29548,51.46214],[-116.31013,51.4636],[-116.31643,51.46584],[-116.32079,51.46355],[-116.33954,51.46493],[-116.34718,51.46931],[-116.36291,51.47174],[-116.36445,51.47513],[-116.36848,51.47755],[-116.3711,51.48288],[-116.38676,51.49308],[-116.39152,51.50197],[-116.39544,51.50523],[-116.39865,51.51263],[-116.39553,51.51606],[-116.39468,51.52522],[-116.38462,51.52982],[-116.38411,51.53308],[-116.39241,51.54362],[-116.39047,51.54515],[-116.39153,51.54652],[-116.39539,51.5482],[-116.40298,51.54608],[-116.41718,51.55381],[-116.43058,51.55425],[-116.43849,51.55811],[-116.44206,51.55679],[-116.44577,51.56126],[-116.45214,51.55959],[-116.46596,51.5652],[-116.46562,51.5673],[-116.4699,51.5701],[-116.47283,51.5802],[-116.46861,51.58372],[-116.46869,51.58603],[-116.47481,51.58855],[-116.46697,51.59118],[-116.46903,51.59387],[-116.46593,51.59826],[-116.46803,51.6004],[-116.46662,51.60175],[-116.46874,51.60436],[-116.48103,51.60809],[-116.49031,51.60565],[-116.50279,51.60831],[-116.51394,51.60745],[-116.51618,51.60904],[-116.51692,51.61615],[-116.5149,51.6234],[-116.52033,51.62485],[-116.52093,51.62859],[-116.52443,51.63384],[-116.5314,51.63896],[-116.54277,51.64145],[-116.55226,51.63961],[-116.56241,51.6427],[-116.57088,51.64645],[-116.57149,51.65237],[-116.58411,51.65367],[-116.5957,51.6612],[-116.59777,51.6654],[-116.59145,51.66808],[-116.58877,51.67174],[-116.5896,51.67571],[-116.59216,51.6779],[-116.58872,51.67927],[-116.58618,51.68627],[-116.58167,51.68724],[-116.59117,51.69424],[-116.58196,51.69811],[-116.58613,51.70139],[-116.58824,51.7082],[-116.58582,51.71172],[-116.58637,51.71381],[-116.59626,51.71791],[-116.60002,51.72393],[-116.60797,51.72552],[-116.61827,51.72483],[-116.62826,51.72889],[-116.63449,51.73324],[-116.63374,51.74334],[-116.63612,51.75016],[-116.64269,51.75366],[-116.65192,51.75426],[-116.65069,51.76262],[-116.65267,51.76703],[-116.64733,51.76922],[-116.64947,51.7727],[-116.64944,51.77602],[-116.64599,51.7788],[-116.64723,51.78251],[-116.64437,51.78672],[-116.6512,51.79209],[-116.65682,51.79347],[-116.65782,51.79657],[-116.65572,51.80133],[-116.65992,51.80457],[-116.66784,51.80547],[-116.68068,51.81275],[-116.69395,51.80677],[-116.69826,51.80322],[-116.71019,51.80238],[-116.71726,51.79885],[-116.72781,51.80518],[-116.74128,51.80512],[-116.74734,51.8017],[-116.75431,51.80146],[-116.75777,51.79903],[-116.7571,51.79681],[-116.76202,51.78661],[-116.76788,51.78385],[-116.77061,51.77733],[-116.78316,51.77012],[-116.78557,51.76347],[-116.79334,51.76388],[-116.79708,51.76011],[-116.79612,51.75847],[-116.80782,51.74992],[-116.80761,51.74725],[-116.81229,51.74401],[-116.81282,51.74044],[-116.82144,51.73762],[-116.80696,51.72653],[-116.79888,51.72406],[-116.80231,51.71686],[-116.80818,51.71338],[-116.81073,51.70996],[-116.81106,51.70527],[-116.82121,51.70688],[-116.82595,51.70455],[-116.83645,51.70403],[-116.84022,51.70544],[-116.85285,51.70569],[-116.8554,51.7093],[-116.86174,51.70849],[-116.86573,51.70514],[-116.86931,51.70438],[-116.87627,51.70558],[-116.88201,51.70456],[-116.88624,51.70678],[-116.89954,51.70256],[-116.90265,51.70299],[-116.90493,51.70651],[-116.9106,51.70862],[-116.91985,51.70813],[-116.92141,51.71031],[-116.91841,51.71314],[-116.9234,51.71658],[-116.92882,51.71752],[-116.93116,51.7209],[-116.92782,51.7238],[-116.92891,51.72832],[-116.9428,51.73235],[-116.94499,51.73388],[-116.94638,51.74199],[-116.95292,51.7421],[-116.95329,51.7436],[-116.95654,51.74282],[-116.95591,51.74464],[-116.95743,51.74612],[-116.96196,51.74813],[-116.96057,51.7492],[-116.96186,51.75216],[-116.97605,51.75972],[-116.97371,51.76184],[-116.9747,51.77002],[-116.97187,51.76997],[-116.96466,51.77492],[-116.96679,51.77891],[-116.96565,51.78052],[-116.96846,51.78247],[-116.96728,51.78761],[-116.96428,51.79033],[-116.96843,51.7968],[-116.97451,51.80103],[-116.97446,51.8037],[-116.98526,51.80625],[-116.99166,51.81164],[-116.98657,51.81553],[-116.98748,51.81799],[-116.98591,51.81982],[-116.98979,51.8227],[-116.98719,51.82694],[-116.98199,51.82915],[-116.98009,51.83306],[-116.98108,51.83535],[-116.98785,51.8375],[-117.00675,51.83602],[-117.0209,51.84237],[-117.03522,51.85535],[-117.03503,51.85998],[-117.0324,51.86368],[-117.03325,51.86858],[-117.02871,51.87188],[-117.02656,51.87628],[-117.02704,51.88227],[-117.02362,51.88807],[-117.01952,51.89127],[-117.02474,51.89506],[-117.02857,51.89558],[-117.0349,51.90231],[-117.04832,51.91034],[-117.05007,51.91392],[-117.05448,51.91753],[-117.07197,51.92406],[-117.07633,51.92926],[-117.08484,51.93275],[-117.08789,51.93564],[-117.08833,51.93859],[-117.09434,51.94043],[-117.10196,51.94757],[-117.10331,51.95729],[-117.11272,51.95595],[-117.12222,51.95696],[-117.13206,51.9649],[-117.13264,51.96759],[-117.13949,51.96894],[-117.14931,51.97349],[-117.16085,51.97393],[-117.16385,51.97223],[-117.1697,51.97531],[-117.17976,51.97452],[-117.1963,51.97861],[-117.19867,51.98194],[-117.19735,51.98655],[-117.2032,51.99312],[-117.21695,51.99668],[-117.22397,52.00586],[-117.23724,52.0106],[-117.23549,52.01649],[-117.2247,52.01754],[-117.21402,52.02879],[-117.22685,52.03486],[-117.22902,52.03851],[-117.23367,52.04134],[-117.24122,52.03783],[-117.25765,52.03989],[-117.26264,52.04263],[-117.26219,52.04408],[-117.26924,52.04705],[-117.27155,52.05091],[-117.26949,52.05307],[-117.26934,52.05608],[-117.28322,52.05966],[-117.29578,52.06542],[-117.29749,52.06836],[-117.30613,52.07482],[-117.29672,52.08302],[-117.29422,52.0873],[-117.29714,52.09491],[-117.2946,52.09898],[-117.29667,52.1015],[-117.2956,52.10591],[-117.29861,52.11386],[-117.30514,52.1202],[-117.30804,52.12922],[-117.30781,52.14169],[-117.30528,52.14452],[-117.30509,52.14842],[-117.30896,52.15305],[-117.33081,52.15648],[-117.33746,52.14868],[-117.33946,52.13858],[-117.35771,52.13609],[-117.38377,52.13737],[-117.38372,52.14008],[-117.39024,52.13943],[-117.3899,52.14348],[-117.39147,52.14368],[-117.39795,52.14192],[-117.4039,52.13762],[-117.40704,52.13983],[-117.41259,52.13904],[-117.42541,52.14243],[-117.4251,52.14616],[-117.43057,52.14685],[-117.44149,52.14728],[-117.4427,52.14492],[-117.46468,52.14253],[-117.49702,52.14771],[-117.50903,52.15418],[-117.50872,52.15796],[-117.5133,52.15793],[-117.51978,52.15668],[-117.5188,52.14947],[-117.52525,52.14187],[-117.5319,52.14046],[-117.53501,52.14138],[-117.53975,52.13782],[-117.56142,52.13563],[-117.55778,52.13196],[-117.55801,52.12807],[-117.56766,52.13023],[-117.57357,52.1284],[-117.57888,52.12911],[-117.58505,52.13601],[-117.60372,52.14018],[-117.60956,52.1437],[-117.6146,52.15393],[-117.6207,52.15506],[-117.62085,52.15799],[-117.61849,52.15928],[-117.61789,52.16262],[-117.63256,52.17864],[-117.63416,52.18527],[-117.63878,52.18901],[-117.63888,52.19869],[-117.64222,52.20032],[-117.64282,52.20478],[-117.64753,52.20925],[-117.65545,52.2057],[-117.65863,52.20037],[-117.66233,52.19885],[-117.66935,52.19885],[-117.67241,52.19737],[-117.68355,52.19807],[-117.69162,52.19584],[-117.69566,52.1917],[-117.70886,52.18789],[-117.72325,52.1898],[-117.73285,52.18791],[-117.7483,52.19601],[-117.74863,52.20287],[-117.75486,52.20153],[-117.75619,52.20304],[-117.75499,52.20475],[-117.7633,52.2067],[-117.77943,52.21536],[-117.78582,52.21568],[-117.80195,52.22025],[-117.80996,52.22052],[-117.81433,52.22247],[-117.81631,52.22535],[-117.81431,52.22958],[-117.81688,52.24224],[-117.82046,52.24638],[-117.83283,52.25448],[-117.83598,52.26196],[-117.84407,52.27307],[-117.82298,52.28362],[-117.82541,52.28875],[-117.82327,52.2906],[-117.80103,52.29056],[-117.7919,52.29376],[-117.79384,52.30231],[-117.7855,52.30681],[-117.78429,52.31142],[-117.77725,52.3151],[-117.77476,52.31924],[-117.76965,52.31757],[-117.76483,52.31933],[-117.75458,52.3179],[-117.75005,52.31943],[-117.74615,52.32281],[-117.74651,52.32968],[-117.73955,52.33357],[-117.73854,52.3435],[-117.73101,52.34778],[-117.72772,52.35493],[-117.71773,52.35183],[-117.71316,52.35237],[-117.70583,52.35665],[-117.70466,52.35938],[-117.70999,52.36346],[-117.71625,52.36482],[-117.71849,52.37856],[-117.71981,52.38064],[-117.72677,52.38207],[-117.72549,52.38427],[-117.72658,52.38822],[-117.72284,52.3899],[-117.73302,52.39409],[-117.73903,52.39486],[-117.74238,52.39934],[-117.75654,52.40559],[-117.76298,52.41386],[-117.77018,52.41292],[-117.76995,52.41129],[-117.7738,52.40995],[-117.78933,52.40999],[-117.79247,52.40787],[-117.80358,52.40952],[-117.80604,52.41151],[-117.81367,52.4133],[-117.81845,52.4177],[-117.82591,52.41901],[-117.84509,52.41854],[-117.84647,52.4155],[-117.85341,52.41353],[-117.85961,52.41884],[-117.87118,52.42087],[-117.87498,52.42348],[-117.87641,52.42659],[-117.89223,52.42715],[-117.89994,52.43226],[-117.91551,52.43663],[-117.91943,52.44193],[-117.91582,52.44665],[-117.92198,52.44732],[-117.92716,52.44583],[-117.93621,52.44715],[-117.94835,52.45256],[-117.95122,52.45815],[-117.95586,52.45854],[-117.97014,52.46739],[-117.97485,52.47127],[-117.97106,52.47858],[-117.97299,52.48308],[-117.98037,52.48172],[-117.98665,52.48378],[-117.98798,52.48561],[-117.98682,52.48733],[-117.98873,52.4886],[-117.98565,52.49291],[-117.98919,52.49422],[-117.99115,52.49689],[-117.99871,52.49396],[-118.00588,52.49325],[-118.00861,52.485],[-118.01578,52.4793],[-118.01769,52.47443],[-118.02525,52.47279],[-118.02546,52.46514],[-118.01812,52.45859],[-118.02757,52.45486],[-118.0423,52.45773],[-118.04927,52.45574],[-118.05967,52.45546],[-118.05595,52.44845],[-118.05023,52.44406],[-118.03598,52.44114],[-118.03332,52.43866],[-118.03713,52.43187],[-118.03663,52.42862],[-118.03359,52.4268],[-118.03531,52.42143],[-118.04222,52.41672],[-118.05042,52.41797],[-118.05244,52.41604],[-118.04728,52.40369],[-118.04409,52.40224],[-118.04096,52.39815],[-118.04754,52.39764],[-118.0576,52.4012],[-118.06522,52.39776],[-118.08263,52.40393],[-118.0893,52.40342],[-118.0935,52.40589],[-118.12113,52.40356],[-118.13875,52.40662],[-118.14625,52.40215],[-118.14196,52.39212],[-118.15778,52.39312],[-118.17026,52.38906],[-118.17452,52.39131],[-118.18553,52.37897],[-118.18403,52.37809],[-118.18427,52.37623],[-118.18697,52.37226],[-118.19507,52.37103],[-118.1993,52.37296],[-118.20456,52.36942],[-118.21599,52.37193],[-118.21872,52.375],[-118.22273,52.37523],[-118.22532,52.3796],[-118.21932,52.38556],[-118.22056,52.39073],[-118.21881,52.39654],[-118.23212,52.40284],[-118.24263,52.40407],[-118.24172,52.41003],[-118.2376,52.4162],[-118.23964,52.41972],[-118.23733,52.42335],[-118.24234,52.43055],[-118.24822,52.4341],[-118.25311,52.44369],[-118.25048,52.45094],[-118.23659,52.45111],[-118.23018,52.45489],[-118.22935,52.45793],[-118.21159,52.46332],[-118.20562,52.47272],[-118.19501,52.47749],[-118.19717,52.47982],[-118.19824,52.48534],[-118.20175,52.48951],[-118.21478,52.48678],[-118.23235,52.4893],[-118.23547,52.48733],[-118.24078,52.49265],[-118.25215,52.49746],[-118.25487,52.5031],[-118.26343,52.50455],[-118.26383,52.5088],[-118.26953,52.51352],[-118.26852,52.51892],[-118.27394,52.52321],[-118.28258,52.52608],[-118.28603,52.52364],[-118.29019,52.52487],[-118.29332,52.52244],[-118.29309,52.521],[-118.30503,52.51614],[-118.30772,52.51287],[-118.3167,52.50808],[-118.32376,52.50841],[-118.33304,52.51249],[-118.33627,52.51247],[-118.34754,52.51966],[-118.3495,52.52701],[-118.34729,52.53083],[-118.3547,52.53155],[-118.35992,52.52924],[-118.36796,52.53415],[-118.37395,52.53087],[-118.37691,52.53275],[-118.37585,52.53785],[-118.38937,52.53925],[-118.38928,52.54223],[-118.39231,52.54289],[-118.39448,52.54602],[-118.4045,52.54478],[-118.40854,52.5464],[-118.41825,52.54475],[-118.42807,52.5473],[-118.42438,52.55214],[-118.42872,52.55728],[-118.42891,52.56148],[-118.43188,52.56541],[-118.45682,52.56746],[-118.46155,52.56454],[-118.46901,52.56491],[-118.47088,52.56347],[-118.47058,52.56174],[-118.47561,52.55839],[-118.52136,52.56244],[-118.52548,52.56558],[-118.52561,52.56826],[-118.52346,52.57118],[-118.52472,52.57285],[-118.52388,52.5764],[-118.52997,52.58973],[-118.53599,52.59358],[-118.54164,52.59343],[-118.54338,52.59558],[-118.5344,52.60265],[-118.51976,52.60624],[-118.52256,52.60729],[-118.52845,52.61867],[-118.52905,52.62312],[-118.53121,52.62498],[-118.5244,52.62664],[-118.51972,52.6301],[-118.50667,52.63319],[-118.49738,52.63854],[-118.49823,52.64175],[-118.49541,52.64299],[-118.4936,52.6468],[-118.50119,52.65208],[-118.49002,52.66189],[-118.49366,52.66584],[-118.49406,52.66956],[-118.50039,52.67581],[-118.50033,52.68024],[-118.52742,52.68174],[-118.53115,52.68446],[-118.53827,52.68604],[-118.54653,52.68563],[-118.55707,52.69079],[-118.55908,52.68501],[-118.56376,52.68291],[-118.56868,52.67587],[-118.57243,52.67572],[-118.58685,52.66952],[-118.60038,52.66856],[-118.61676,52.67368],[-118.62565,52.67249],[-118.62888,52.67005],[-118.6382,52.67215],[-118.65181,52.66955],[-118.66258,52.67285],[-118.68193,52.67446],[-118.68825,52.67906],[-118.69058,52.68457],[-118.70088,52.68998],[-118.6946,52.69245],[-118.69861,52.69342],[-118.70008,52.69639],[-118.69941,52.70028],[-118.70165,52.70347],[-118.71378,52.69914],[-118.71791,52.69592],[-118.72384,52.69975],[-118.74335,52.70452],[-118.74445,52.70919],[-118.75109,52.71127],[-118.74953,52.71805],[-118.75321,52.7252],[-118.75157,52.72935],[-118.75301,52.73148],[-118.7526,52.73857],[-118.75098,52.74014],[-118.76375,52.74162],[-118.7601,52.74535],[-118.76577,52.74987],[-118.77936,52.7495],[-118.79039,52.75108],[-118.80013,52.75556],[-118.81148,52.76416],[-118.8204,52.76304],[-118.83008,52.76876],[-118.83081,52.77195],[-118.83772,52.7751],[-118.84951,52.77741],[-118.85126,52.78051],[-118.85868,52.78409],[-118.86468,52.78984],[-118.86103,52.7917],[-118.86041,52.79381],[-118.8675,52.80095],[-118.87544,52.80486],[-118.88129,52.81021],[-118.88515,52.8119],[-118.89236,52.81142],[-118.90118,52.81497],[-118.91068,52.82702],[-118.9078,52.83016],[-118.91023,52.83767],[-118.91304,52.84115],[-118.90833,52.84451],[-118.91328,52.8477],[-118.91224,52.84889],[-118.91921,52.852],[-118.92012,52.86161],[-118.94626,52.86827],[-118.96345,52.87015],[-118.97365,52.87315],[-118.98122,52.87766]]]}},{"type":"Feature","properties":{"huc2":"18","name":"California Region","states":"CA,MX,NV,OR"},"geometry":{"type":"MultiPolygon","coordinates":[[[[-123.01419,37.94334],[-122.9723,37.93876],[-122.94695,37.94109],[-122.93168,37.94629],[-122.91859,37.95424],[-122.9084,37.96471],[-122.90206,37.97683],[-122.89068,37.97389],[-122.88211,37.96706],[-122.86705,37.95848],[-122.8597,37.94949],[-122.85077,37.94236],[-122.84537,37.92772],[-122.83396,37.91398],[-122.80584,37.89515],[-122.78927,37.88832],[-122.78065,37.87436],[-122.76689,37.86287],[-122.74761,37.85432],[-122.72994,37.84244],[-122.716,37.83729],[-122.70369,37.83511],[-122.69016,37.83492],[-122.6663,37.84045],[-122.63656,37.82834],[-122.61973,37.81595],[-122.60516,37.80944],[-122.58064,37.78464],[-122.57988,37.77176],[-122.57508,37.75958],[-122.57406,37.74016],[-122.57013,37.71662],[-122.5607,37.68208],[-122.56157,37.6666],[-122.55752,37.65213],[-122.5583,37.63987],[-122.57796,37.62342],[-122.58393,37.6141],[-122.58732,37.60399],[-122.58747,37.58871],[-122.58472,37.57956],[-122.58362,37.56744],[-122.57889,37.55515],[-122.58419,37.5325],[-122.58375,37.51944],[-122.5713,37.48727],[-122.55104,37.46267],[-122.53478,37.45024],[-122.5095,37.44072],[-122.50913,37.42684],[-122.50604,37.41578],[-122.48939,37.38615],[-122.4836,37.37089],[-122.47301,37.35814],[-122.46795,37.34523],[-122.46741,37.33417],[-122.4729,37.29387],[-122.48393,37.25753],[-122.48554,37.24089],[-122.48289,37.22782],[-122.47496,37.21132],[-122.46932,37.18452],[-122.45836,37.16304],[-122.44511,37.14819],[-122.424,37.13673],[-122.41654,37.12292],[-122.40411,37.11138],[-122.39806,37.0906],[-122.38687,37.0757],[-122.37574,37.06745],[-122.36343,37.06187],[-122.33824,37.05595],[-122.32534,37.05449],[-122.30399,37.02768],[-122.28759,37.01347],[-122.27604,36.99567],[-122.26585,36.9866],[-122.23567,36.96824],[-122.19312,36.937],[-122.16737,36.92307],[-122.14808,36.91728],[-122.12793,36.90846],[-122.07522,36.89849],[-122.00161,36.64875],[-122.01093,36.63971],[-122.02177,36.62126],[-122.03127,36.61289],[-122.0378,36.60375],[-122.04269,36.58948],[-122.04238,36.57546],[-122.0341,36.55297],[-122.01848,36.53607],[-122.02216,36.52149],[-122.02039,36.50659],[-122.01619,36.49625],[-122.00904,36.48639],[-122.00685,36.47679],[-121.99934,36.45891],[-121.99884,36.44866],[-121.9957,36.4385],[-121.98103,36.41723],[-121.97971,36.40498],[-121.97529,36.38919],[-121.97111,36.38054],[-121.9687,36.33786],[-121.96285,36.32128],[-121.96531,36.31099],[-121.96516,36.30031],[-121.95923,36.28359],[-121.95303,36.27541],[-121.94281,36.26624],[-121.93759,36.25618],[-121.92946,36.24695],[-121.91627,36.238],[-121.90014,36.23224],[-121.89057,36.2189],[-121.87602,36.20786],[-121.84075,36.18835],[-121.82783,36.18401],[-121.80806,36.1807],[-121.78683,36.1674],[-121.76709,36.15989],[-121.75508,36.15211],[-121.73733,36.13445],[-121.71993,36.12452],[-121.70912,36.11318],[-121.69988,36.09801],[-121.68506,36.08532],[-121.68048,36.07402],[-121.66415,36.0484],[-121.65031,36.03464],[-121.63469,36.00284],[-121.62046,35.98714],[-121.61034,35.97934],[-121.59733,35.97324],[-121.5829,35.96988],[-121.56855,35.96941],[-121.55563,35.96426],[-121.55732,35.95342],[-121.55598,35.94213],[-121.5506,35.92981],[-121.54195,35.91946],[-121.54015,35.90907],[-121.53591,35.89952],[-121.53677,35.8902],[-121.53564,35.88152],[-121.52932,35.86717],[-121.52212,35.85849],[-121.50935,35.84908],[-121.49542,35.83416],[-121.48501,35.82801],[-121.46959,35.82288],[-121.46154,35.81828],[-121.45214,35.80468],[-121.44306,35.7963],[-121.42099,35.77031],[-121.40705,35.76175],[-121.39145,35.75682],[-121.38791,35.74347],[-121.38048,35.73186],[-121.37897,35.70985],[-121.37571,35.69882],[-121.36854,35.68437],[-121.35989,35.67399],[-121.35586,35.66528],[-121.34973,35.65713],[-121.34379,35.64225],[-121.33352,35.63025],[-121.32384,35.62339],[-121.31263,35.61831],[-121.27927,35.60946],[-121.26244,35.60251],[-121.24227,35.59981],[-121.21965,35.58939],[-121.20231,35.58545],[-121.18376,35.56377],[-121.18057,35.55313],[-121.1747,35.54332],[-121.16755,35.53571],[-121.15836,35.52913],[-121.13625,35.50053],[-121.12265,35.4904],[-121.10299,35.47231],[-121.09335,35.46589],[-121.08233,35.45402],[-121.06993,35.4462],[-121.04995,35.42644],[-121.04037,35.41939],[-121.01921,35.41132],[-120.99235,35.40943],[-120.97733,35.40103],[-120.96306,35.39623],[-120.93238,35.39382],[-120.92869,35.3863],[-120.93127,35.37781],[-120.93198,35.36822],[-120.9307,35.35491],[-120.92696,35.34222],[-120.93507,35.31936],[-120.95485,35.28833],[-120.9631,35.26601],[-120.96465,35.25474],[-120.96331,35.24433],[-120.95936,35.23438],[-120.94362,35.21273],[-120.93784,35.20159],[-120.93104,35.19378],[-120.89668,35.16694],[-120.86977,35.15366],[-120.86263,35.1457],[-120.85316,35.13869],[-120.83261,35.12994],[-120.81751,35.12671],[-120.80838,35.11976],[-120.79842,35.11474],[-120.78645,35.11117],[-120.75521,35.10592],[-120.73915,35.10653],[-120.72413,35.1104],[-120.70917,35.10262],[-120.69198,35.09867],[-120.69023,35.06903],[-120.69508,35.03278],[-120.70638,34.99058],[-120.71704,34.95865],[-120.72261,34.95048],[-120.72631,34.94138],[-120.72737,34.92382],[-120.73187,34.91234],[-120.7335,34.89685],[-120.72953,34.88152],[-120.72002,34.86796],[-120.70851,34.85896],[-120.69375,34.85247],[-120.67349,34.83602],[-120.68189,34.80715],[-120.69946,34.7695],[-120.70171,34.75244],[-120.69944,34.74126],[-120.69417,34.73078],[-120.66518,34.69699],[-120.68319,34.65082],[-120.6882,34.64292],[-120.7,34.63119],[-120.7063,34.6192],[-120.70855,34.60801],[-120.70768,34.59655],[-120.71248,34.5809],[-120.71139,34.56585],[-120.70511,34.55198],[-120.69028,34.53381],[-120.67341,34.51951],[-120.66421,34.51367],[-120.6463,34.50637],[-120.63272,34.5032],[-120.61246,34.50229],[-120.59608,34.50366],[-120.58276,34.49693],[-120.56388,34.49173],[-120.55648,34.48691],[-120.55001,34.47219],[-120.53596,34.45468],[-120.53415,34.44075],[-120.52708,34.42478],[-120.51972,34.41521],[-120.50996,34.40727],[-120.49637,34.40064],[-120.47437,34.39466],[-120.44947,34.39168],[-120.43523,34.3937],[-120.42023,34.39917],[-120.40774,34.40063],[-120.39435,34.40461],[-120.3337,34.40855],[-120.28986,34.41725],[-120.23589,34.41738],[-120.21854,34.42028],[-120.16689,34.41874],[-120.14183,34.42247],[-120.11432,34.41332],[-120.09717,34.41005],[-120.0729,34.40948],[-120.04677,34.41117],[-120.02327,34.40724],[-120.00133,34.39975],[-119.98867,34.39223],[-119.97501,34.38684],[-119.96028,34.38385],[-119.94303,34.38363],[-119.92642,34.37501],[-119.90792,34.36272],[-119.88478,34.35653],[-119.86648,34.35687],[-119.85194,34.35391],[-119.83722,34.35391],[-119.82099,34.35752],[-119.8057,34.36498],[-119.79977,34.36533],[-119.7446,34.34638],[-119.72769,34.34455],[-119.70674,34.34476],[-119.69321,34.34644],[-119.68001,34.35034],[-119.64927,34.36605],[-119.63144,34.36544],[-119.60918,34.36875],[-119.58859,34.363],[-119.57858,34.3545],[-119.5661,34.34803],[-119.51843,34.33481],[-119.50484,34.32736],[-119.48994,34.32318],[-119.47756,34.31396],[-119.46261,34.3078],[-119.42661,34.27731],[-119.41004,34.27005],[-119.39204,34.26698],[-119.38417,34.25799],[-119.3746,34.25049],[-119.35755,34.24176],[-119.34381,34.23255],[-119.32858,34.22603],[-119.32405,34.21896],[-119.31257,34.19236],[-119.29464,34.16066],[-119.29354,34.15024],[-119.28983,34.14015],[-119.2758,34.12152],[-119.24909,34.10179],[-119.23491,34.09616],[-119.21751,34.09309],[-119.20508,34.08349],[-119.17375,34.06406],[-119.14171,34.04841],[-119.1202,34.04402],[-119.09648,34.04417],[-119.08287,34.03832],[-119.05935,34.03322],[-119.04852,34.02683],[-119.03099,34.02004],[-119.00251,34.01323],[-118.98951,34.00411],[-118.97421,33.99844],[-118.94912,33.99412],[-118.93117,33.9931],[-118.89212,33.9863],[-118.87298,33.98532],[-118.86452,33.97862],[-118.85267,33.96502],[-118.84418,33.95853],[-118.82998,33.95188],[-118.81479,33.94861],[-118.7991,33.94872],[-118.78302,33.95256],[-118.75689,33.9661],[-118.74477,33.97628],[-118.72779,33.98117],[-118.70792,33.97912],[-118.6775,33.98012],[-118.66416,33.98238],[-118.65163,33.98715],[-118.60938,33.98564],[-118.59329,33.98747],[-118.55934,33.98757],[-118.54941,33.97562],[-118.53129,33.96283],[-118.5231,33.95255],[-118.51901,33.94207],[-118.51323,33.93304],[-118.49844,33.91941],[-118.48838,33.90288],[-118.48374,33.88952],[-118.4749,33.8774],[-118.46182,33.85135],[-118.46104,33.83926],[-118.45716,33.82831],[-118.473,33.81139],[-118.48338,33.7963],[-118.48809,33.7842],[-118.4891,33.77202],[-118.48444,33.75156],[-118.4739,33.7354],[-118.46849,33.71893],[-118.46088,33.70836],[-118.4513,33.70023],[-118.437,33.69305],[-118.41579,33.68767],[-118.40047,33.68593],[-118.38723,33.68668],[-118.31899,33.65878],[-118.29952,33.65452],[-118.28227,33.65503],[-118.26736,33.65355],[-118.25367,33.65477],[-118.19512,33.67311],[-118.13494,33.67306],[-118.10822,33.67546],[-118.08002,33.64726],[-118.05574,33.6281],[-118.04443,33.61692],[-117.99376,33.58673],[-117.98138,33.58082],[-117.96465,33.56628],[-117.94746,33.55834],[-117.92187,33.55288],[-117.90857,33.5445],[-117.88297,33.53511],[-117.85796,33.51347],[-117.82692,33.49856],[-117.81254,33.48726],[-117.79879,33.47378],[-117.77554,33.44751],[-117.76696,33.43131],[-117.75662,33.42151],[-117.74536,33.41417],[-117.73315,33.40929],[-117.69573,33.4043],[-117.68768,33.40125],[-117.68126,33.39186],[-117.67193,33.3831],[-117.66467,33.37356],[-117.6495,33.3624],[-117.6363,33.34864],[-117.62228,33.33972],[-117.60443,33.33359],[-117.58066,33.32109],[-117.55328,33.30096],[-117.53299,33.28134],[-117.46482,33.20037],[-117.45975,33.18806],[-117.45161,33.17684],[-117.4426,33.16829],[-117.4323,33.16202],[-117.41343,33.1416],[-117.38187,33.09779],[-117.35821,33.03872],[-117.35292,33.02008],[-117.33959,32.99929],[-117.33829,32.98972],[-117.33398,32.97891],[-117.32706,32.94677],[-117.32065,32.92642],[-117.31858,32.90749],[-117.3139,32.89126],[-117.31378,32.88944],[-117.32701,32.8789],[-117.33441,32.86879],[-117.34136,32.85196],[-117.34295,32.83774],[-117.3404,32.81522],[-117.33715,32.80433],[-117.33139,32.79437],[-117.3158,32.77583],[-117.31859,32.76711],[-117.31947,32.75754],[-117.31602,32.74155],[-117.31756,32.72505],[-117.31466,32.69493],[-117.30283,32.6531],[-117.29671,32.64059],[-117.28664,32.62936],[-117.27574,32.62136],[-117.26385,32.61612],[-117.25088,32.61328],[-117.23739,32.61298],[-117.20102,32.62035],[-117.19478,32.60625],[-117.19276,32.59624],[-117.19243,32.56161],[-117.18923,32.5461],[-117.18385,32.53392],[-117.18318,32.52598],[-117.18468,32.51532],[-117.12411,32.51761],[-117.11813,32.51493],[-117.10027,32.51571],[-117.09562,32.5119],[-117.09832,32.50747],[-117.09675,32.50589],[-117.09856,32.49783],[-117.09693,32.49432],[-117.0873,32.49283],[-117.08448,32.48876],[-117.08064,32.48731],[-117.07338,32.47985],[-117.06905,32.4842],[-117.06452,32.48423],[-117.06091,32.48631],[-117.04459,32.48008],[-117.02279,32.47626],[-117.02063,32.47422],[-117.01962,32.46934],[-117.01121,32.46645],[-117.00454,32.45921],[-116.99097,32.45664],[-116.98317,32.45307],[-116.98262,32.44871],[-116.97842,32.44712],[-116.978,32.44054],[-116.98133,32.43888],[-116.99044,32.44301],[-116.9928,32.44162],[-116.99048,32.43756],[-116.99545,32.43283],[-116.99319,32.43085],[-116.99378,32.42374],[-116.99013,32.4259],[-116.98481,32.42515],[-116.98354,32.41952],[-116.97256,32.41672],[-116.9701,32.41289],[-116.96417,32.41185],[-116.96134,32.41375],[-116.95792,32.41355],[-116.95431,32.40102],[-116.94989,32.39836],[-116.94802,32.39357],[-116.94004,32.39155],[-116.93534,32.39206],[-116.93284,32.38632],[-116.92897,32.38338],[-116.92877,32.37991],[-116.92477,32.3771],[-116.9203,32.36992],[-116.9153,32.37121],[-116.90571,32.37754],[-116.90553,32.37918],[-116.90276,32.37795],[-116.90052,32.37922],[-116.89466,32.37326],[-116.88973,32.37358],[-116.88036,32.37],[-116.87459,32.36427],[-116.87222,32.3552],[-116.86802,32.35287],[-116.85754,32.35169],[-116.85112,32.34676],[-116.84674,32.34604],[-116.84524,32.34301],[-116.846,32.34052],[-116.85395,32.33843],[-116.85448,32.33657],[-116.84537,32.31986],[-116.84046,32.32094],[-116.83692,32.31786],[-116.82655,32.31953],[-116.81204,32.33022],[-116.80901,32.32885],[-116.80636,32.325],[-116.80852,32.32092],[-116.80425,32.31349],[-116.79543,32.31076],[-116.79011,32.3109],[-116.78454,32.31759],[-116.77577,32.31855],[-116.7733,32.31518],[-116.76317,32.31095],[-116.75596,32.31481],[-116.74815,32.3236],[-116.73903,32.31757],[-116.73344,32.31996],[-116.73045,32.31843],[-116.71301,32.3178],[-116.69878,32.31143],[-116.6945,32.31178],[-116.68907,32.3063],[-116.67732,32.29858],[-116.67317,32.28908],[-116.677,32.27997],[-116.68346,32.2771],[-116.6882,32.27086],[-116.68848,32.26842],[-116.68148,32.26274],[-116.68023,32.25936],[-116.67544,32.25768],[-116.66874,32.26328],[-116.66442,32.26304],[-116.65592,32.25141],[-116.65591,32.24897],[-116.6533,32.24673],[-116.64882,32.2466],[-116.64855,32.24403],[-116.64051,32.2375],[-116.63805,32.23222],[-116.6318,32.23101],[-116.61887,32.22377],[-116.6128,32.22271],[-116.60242,32.22918],[-116.59982,32.22385],[-116.60222,32.21904],[-116.60046,32.21508],[-116.59602,32.21388],[-116.59465,32.2112],[-116.59073,32.20894],[-116.58828,32.20949],[-116.58686,32.21456],[-116.58013,32.22023],[-116.57644,32.21947],[-116.56551,32.22256],[-116.56311,32.21654],[-116.56302,32.21013],[-116.54876,32.20645],[-116.53072,32.20518],[-116.52826,32.19973],[-116.5291,32.19452],[-116.53173,32.1928],[-116.53052,32.19046],[-116.52197,32.19091],[-116.52133,32.19373],[-116.51801,32.19621],[-116.50313,32.19055],[-116.50041,32.19677],[-116.49287,32.19602],[-116.49031,32.20028],[-116.48632,32.2008],[-116.48592,32.20607],[-116.48055,32.20558],[-116.47035,32.20812],[-116.46549,32.21205],[-116.46171,32.21242],[-116.45782,32.21657],[-116.4535,32.21567],[-116.45061,32.20986],[-116.44507,32.20958],[-116.43697,32.20647],[-116.43105,32.20742],[-116.41432,32.19697],[-116.40341,32.19507],[-116.40086,32.19126],[-116.39626,32.19189],[-116.39099,32.18839],[-116.38875,32.1831],[-116.38862,32.17714],[-116.38335,32.17638],[-116.3801,32.1783],[-116.37658,32.17578],[-116.36943,32.18832],[-116.37036,32.19196],[-116.35808,32.1971],[-116.35311,32.20273],[-116.35109,32.20981],[-116.35244,32.2137],[-116.34535,32.22795],[-116.34182,32.23083],[-116.33465,32.22921],[-116.33122,32.2308],[-116.33263,32.24042],[-116.32622,32.2436],[-116.32461,32.24812],[-116.32134,32.25098],[-116.31623,32.2513],[-116.30916,32.2565],[-116.30608,32.25155],[-116.29029,32.24991],[-116.28548,32.24624],[-116.27957,32.24771],[-116.26903,32.24385],[-116.25928,32.24254],[-116.26127,32.23099],[-116.26503,32.22585],[-116.25469,32.21951],[-116.25324,32.21233],[-116.24999,32.20933],[-116.24941,32.20363],[-116.24769,32.20223],[-116.23414,32.20113],[-116.23087,32.20197],[-116.22881,32.20525],[-116.221,32.20833],[-116.21763,32.20887],[-116.21363,32.20698],[-116.21102,32.21287],[-116.2062,32.21191],[-116.20371,32.21392],[-116.20427,32.21654],[-116.20202,32.21636],[-116.19788,32.20992],[-116.19503,32.20983],[-116.18823,32.20255],[-116.18327,32.2012],[-116.18463,32.19564],[-116.18202,32.19401],[-116.18202,32.19062],[-116.17772,32.18821],[-116.17395,32.18971],[-116.16824,32.17982],[-116.16271,32.17905],[-116.15628,32.17393],[-116.15212,32.16534],[-116.14636,32.16389],[-116.13714,32.16512],[-116.12955,32.16948],[-116.13156,32.1738],[-116.12766,32.17502],[-116.12526,32.17211],[-116.12113,32.17224],[-116.11691,32.16978],[-116.10357,32.15872],[-116.10142,32.15996],[-116.09911,32.16632],[-116.09694,32.1679],[-116.09353,32.16817],[-116.08652,32.16366],[-116.07823,32.16286],[-116.06107,32.16638],[-116.05394,32.16579],[-116.04483,32.16811],[-116.04023,32.16767],[-116.03493,32.16625],[-116.02996,32.16024],[-116.02148,32.15912],[-116.01123,32.16185],[-116.00416,32.1583],[-115.99528,32.1593],[-115.9933,32.15623],[-115.98493,32.15168],[-115.98415,32.14482],[-115.97881,32.1355],[-115.97335,32.13502],[-115.97135,32.13301],[-115.96704,32.14257],[-115.96457,32.14375],[-115.95601,32.14128],[-115.94079,32.14419],[-115.92729,32.13972],[-115.92503,32.14051],[-115.91432,32.13777],[-115.91162,32.14172],[-115.90787,32.14295],[-115.90702,32.14686],[-115.91019,32.15059],[-115.90548,32.15331],[-115.90492,32.1603],[-115.89874,32.16219],[-115.89802,32.16448],[-115.90305,32.17111],[-115.91045,32.17174],[-115.91482,32.17375],[-115.91747,32.18337],[-115.92059,32.18436],[-115.92543,32.18933],[-115.92427,32.1945],[-115.93368,32.20393],[-115.93016,32.21501],[-115.93531,32.21877],[-115.93914,32.22619],[-115.94774,32.23207],[-115.95244,32.24931],[-115.96181,32.25431],[-115.97225,32.25741],[-115.97188,32.26223],[-115.96494,32.27359],[-115.95983,32.27718],[-115.95627,32.28431],[-115.95327,32.29999],[-115.94633,32.29983],[-115.93656,32.30879],[-115.92864,32.32941],[-115.93069,32.33492],[-115.92731,32.34613],[-115.9223,32.35664],[-115.91638,32.36413],[-115.92071,32.3678],[-115.92159,32.37169],[-115.92286,32.38787],[-115.9211,32.38954],[-115.92353,32.39227],[-115.92196,32.39574],[-115.92353,32.40408],[-115.9207,32.4127],[-115.91382,32.422],[-115.91125,32.4233],[-115.90945,32.42183],[-115.90902,32.4246],[-115.91119,32.42727],[-115.91326,32.42587],[-115.91526,32.42717],[-115.91756,32.43187],[-115.9229,32.43641],[-115.9207,32.44025],[-115.9218,32.44582],[-115.91656,32.45133],[-115.91669,32.45368],[-115.92022,32.45796],[-115.92343,32.45843],[-115.92453,32.46677],[-115.92721,32.46756],[-115.92613,32.47178],[-115.93057,32.47715],[-115.92947,32.48022],[-115.93307,32.48345],[-115.93237,32.48776],[-115.93501,32.4912],[-115.93451,32.4942],[-115.9303,32.4951],[-115.93544,32.50221],[-115.93364,32.50487],[-115.93367,32.51275],[-115.93074,32.51652],[-115.92416,32.51625],[-115.92194,32.51917],[-115.93147,32.5325],[-115.93021,32.54676],[-115.92895,32.54819],[-115.93176,32.5534],[-115.9287,32.56559],[-115.92951,32.5678],[-115.92101,32.58269],[-115.88825,32.59142],[-115.8859,32.59042],[-115.88254,32.59297],[-115.88025,32.58754],[-115.87133,32.58692],[-115.8631,32.60147],[-115.8616,32.60834],[-115.85242,32.61365],[-115.84963,32.61891],[-115.84394,32.62127],[-115.8395,32.61805],[-115.83304,32.61836],[-115.82629,32.61657],[-115.82324,32.61883],[-115.81853,32.61909],[-115.81171,32.62636],[-115.8024,32.62149],[-115.79878,32.62157],[-115.79624,32.61721],[-115.78396,32.60848],[-115.76761,32.60434],[-115.76211,32.60723],[-115.75929,32.60418],[-115.75281,32.606],[-115.74826,32.61131],[-115.74158,32.61143],[-115.73768,32.60878],[-115.73446,32.61411],[-115.72907,32.61796],[-115.72199,32.61812],[-115.71828,32.6154],[-115.7157,32.61052],[-115.71674,32.60514],[-115.72743,32.59587],[-115.73206,32.59664],[-115.73307,32.59539],[-115.72564,32.58001],[-115.72223,32.58031],[-115.72521,32.57734],[-115.7183,32.56927],[-115.70986,32.56807],[-115.70253,32.56008],[-115.6952,32.56316],[-115.69375,32.57127],[-115.69153,32.57233],[-115.68638,32.57179],[-115.6813,32.568],[-115.67364,32.56549],[-115.66813,32.56513],[-115.66197,32.55581],[-115.65383,32.5522],[-115.64971,32.54144],[-115.64614,32.54121],[-115.64391,32.53869],[-115.64101,32.52552],[-115.63394,32.52504],[-115.63163,32.52712],[-115.62618,32.52826],[-115.6211,32.52273],[-115.61961,32.51659],[-115.61257,32.5159],[-115.60478,32.51175],[-115.59929,32.50334],[-115.59978,32.50008],[-115.59643,32.49826],[-115.59784,32.49504],[-115.59399,32.48954],[-115.59198,32.48808],[-115.58403,32.48776],[-115.57995,32.48292],[-115.57992,32.48017],[-115.56539,32.47376],[-115.56332,32.47112],[-115.56594,32.46811],[-115.56553,32.46452],[-115.56276,32.46406],[-115.56034,32.454],[-115.55178,32.4464],[-115.55275,32.44009],[-115.54835,32.43516],[-115.54472,32.43659],[-115.5416,32.43445],[-115.53767,32.42763],[-115.53244,32.42524],[-115.5332,32.42214],[-115.5137,32.41432],[-115.51064,32.41734],[-115.51002,32.42048],[-115.50587,32.42034],[-115.50133,32.41384],[-115.4941,32.40936],[-115.49471,32.4071],[-115.4905,32.40138],[-115.49312,32.3966],[-115.49068,32.39202],[-115.48552,32.39031],[-115.48262,32.39239],[-115.47691,32.388],[-115.46739,32.38555],[-115.46435,32.38054],[-115.45677,32.37769],[-115.45239,32.37275],[-115.44854,32.37171],[-115.44376,32.36259],[-115.43548,32.35988],[-115.42785,32.35124],[-115.42744,32.34854],[-115.42271,32.34724],[-115.42179,32.3453],[-115.41999,32.34888],[-115.40911,32.35631],[-115.40845,32.36167],[-115.40479,32.36321],[-115.4007,32.36067],[-115.39687,32.3608],[-115.38974,32.37007],[-115.38092,32.36987],[-115.37885,32.36623],[-115.37479,32.36587],[-115.35055,32.37418],[-115.33716,32.38686],[-115.31646,32.39774],[-115.31189,32.4064],[-115.31193,32.41029],[-115.30803,32.41455],[-115.30902,32.41581],[-115.30761,32.41839],[-115.29891,32.42507],[-115.25164,32.44883],[-115.2105,32.46531],[-115.191,32.47952],[-115.17883,32.49487],[-115.15598,32.47175],[-115.1471,32.47875],[-115.12056,32.48137],[-115.11562,32.48388],[-115.10795,32.49368],[-115.09896,32.49383],[-115.06896,32.50356],[-115.03092,32.49951],[-115.02193,32.49685],[-114.97161,32.50345],[-114.96316,32.50852],[-114.9586,32.51354],[-114.93274,32.52194],[-114.90726,32.53288],[-114.86581,32.56109],[-114.83925,32.60624],[-114.83305,32.61103],[-114.83301,32.61487],[-114.83676,32.61511],[-114.83784,32.61671],[-114.83901,32.62957],[-114.84479,32.63271],[-114.8468,32.63708],[-114.8408,32.6374],[-114.81207,32.6451],[-114.77257,32.65936],[-114.7655,32.66643],[-114.75923,32.68017],[-114.75167,32.67986],[-114.74887,32.68252],[-114.75295,32.68384],[-114.75798,32.68237],[-114.74056,32.7055],[-114.74185,32.72002],[-114.73913,32.72576],[-114.74085,32.72843],[-114.74388,32.72888],[-114.7502,32.73429],[-114.75027,32.74229],[-114.75345,32.74758],[-114.75424,32.76598],[-114.75312,32.76994],[-114.75545,32.78065],[-114.74324,32.80126],[-114.73306,32.8107],[-114.73245,32.81405],[-114.7422,32.81707],[-114.75512,32.81532],[-114.76149,32.81989],[-114.76073,32.82285],[-114.75326,32.82544],[-114.75314,32.82995],[-114.75142,32.83043],[-114.75596,32.83502],[-114.75662,32.83961],[-114.75952,32.84086],[-114.75891,32.84366],[-114.7612,32.84827],[-114.76092,32.85103],[-114.75592,32.8546],[-114.75234,32.85495],[-114.75323,32.85874],[-114.7564,32.86178],[-114.75486,32.86719],[-114.75601,32.869],[-114.76346,32.87532],[-114.77182,32.8745],[-114.77505,32.87231],[-114.7966,32.87804],[-114.80179,32.88341],[-114.80098,32.88707],[-114.80394,32.89078],[-114.79348,32.89403],[-114.79096,32.89727],[-114.78675,32.89609],[-114.78501,32.89861],[-114.77909,32.90043],[-114.77434,32.90585],[-114.77152,32.90648],[-114.7685,32.90502],[-114.76616,32.90806],[-114.76114,32.90787],[-114.75749,32.9127],[-114.761,32.91485],[-114.75935,32.91696],[-114.76049,32.91988],[-114.75832,32.92057],[-114.75691,32.92421],[-114.75249,32.92424],[-114.74861,32.92753],[-114.74664,32.93355],[-114.74266,32.93836],[-114.74402,32.94242],[-114.73907,32.95653],[-114.73118,32.96074],[-114.72555,32.9615],[-114.71274,32.97109],[-114.71749,32.97214],[-114.72029,32.96967],[-114.72439,32.97111],[-114.72636,32.96902],[-114.73287,32.96898],[-114.73577,32.96715],[-114.7417,32.96869],[-114.74192,32.97474],[-114.74549,32.97583],[-114.74805,32.9817],[-114.74596,32.98686],[-114.74592,32.99267],[-114.74693,32.99451],[-114.75277,32.9956],[-114.75184,32.99816],[-114.74924,32.99894],[-114.74797,33.00404],[-114.75249,33.00823],[-114.75185,33.01132],[-114.75459,33.01303],[-114.75208,33.01496],[-114.75209,33.01738],[-114.75834,33.02092],[-114.76342,33.02057],[-114.76424,33.01867],[-114.77392,33.01935],[-114.7788,33.02524],[-114.7899,33.03221],[-114.79926,33.04123],[-114.80916,33.04514],[-114.81538,33.04231],[-114.81605,33.04624],[-114.8145,33.05033],[-114.8213,33.05246],[-114.82364,33.05622],[-114.82784,33.05479],[-114.83797,33.06684],[-114.83173,33.0731],[-114.82695,33.07229],[-114.82502,33.07026],[-114.82203,33.07059],[-114.82034,33.07516],[-114.82388,33.07919],[-114.82156,33.08607],[-114.82284,33.0897],[-114.82945,33.08692],[-114.83328,33.08985],[-114.83582,33.08963],[-114.83616,33.09127],[-114.8403,33.09135],[-114.85268,33.10043],[-114.85576,33.10742],[-114.86319,33.1083],[-114.87011,33.1118],[-114.87613,33.11194],[-114.88315,33.12002],[-114.89971,33.12472],[-114.90709,33.12638],[-114.91345,33.12372],[-114.92468,33.12422],[-114.93121,33.12647],[-114.9466,33.12811],[-114.94964,33.1334],[-114.95611,33.13403],[-114.95703,33.13567],[-114.95588,33.14026],[-114.95318,33.14063],[-114.9504,33.14441],[-114.9548,33.14481],[-114.95911,33.14819],[-114.96533,33.14666],[-114.96894,33.14034],[-114.97073,33.1408],[-114.98098,33.13486],[-114.98453,33.1361],[-114.98706,33.13266],[-114.99385,33.13634],[-114.99837,33.13277],[-115.00541,33.13321],[-115.01004,33.1353],[-115.01473,33.13516],[-115.0161,33.13359],[-115.01813,33.13443],[-115.01752,33.13905],[-115.0215,33.14403],[-115.02545,33.14502],[-115.02597,33.14269],[-115.02779,33.14308],[-115.02971,33.1411],[-115.03205,33.1433],[-115.03639,33.14348],[-115.04086,33.14587],[-115.04422,33.15174],[-115.04828,33.15209],[-115.05404,33.14966],[-115.05761,33.15391],[-115.05884,33.16036],[-115.06123,33.15892],[-115.06811,33.16074],[-115.07264,33.15871],[-115.07868,33.15953],[-115.08322,33.16363],[-115.08171,33.17579],[-115.08497,33.17924],[-115.09376,33.17677],[-115.09839,33.17992],[-115.10736,33.17681],[-115.10845,33.1842],[-115.11958,33.18264],[-115.12267,33.18547],[-115.12888,33.18443],[-115.13542,33.18715],[-115.13912,33.19318],[-115.14143,33.19362],[-115.15937,33.1924],[-115.16117,33.1909],[-115.16751,33.19153],[-115.17343,33.19388],[-115.17443,33.20409],[-115.17784,33.20563],[-115.1762,33.20818],[-115.17695,33.21253],[-115.18128,33.21826],[-115.18659,33.2175],[-115.1901,33.21874],[-115.19084,33.21747],[-115.20213,33.21872],[-115.20417,33.21751],[-115.20686,33.21953],[-115.21065,33.21876],[-115.21548,33.22203],[-115.21858,33.22104],[-115.22226,33.22282],[-115.22885,33.22232],[-115.22036,33.22629],[-115.21652,33.22653],[-115.21451,33.2285],[-115.20893,33.24534],[-115.20976,33.26218],[-115.21258,33.26605],[-115.21022,33.27998],[-115.21086,33.29034],[-115.21625,33.30563],[-115.21633,33.31023],[-115.22253,33.32087],[-115.23086,33.32615],[-115.23858,33.33611],[-115.24139,33.34454],[-115.25056,33.35453],[-115.25634,33.3655],[-115.26773,33.37698],[-115.27382,33.37722],[-115.28225,33.38206],[-115.28231,33.38889],[-115.28827,33.40027],[-115.29183,33.40391],[-115.2916,33.40696],[-115.2962,33.41075],[-115.29607,33.41262],[-115.3025,33.4154],[-115.3061,33.42227],[-115.30927,33.42335],[-115.31216,33.43002],[-115.32281,33.44217],[-115.3279,33.45798],[-115.3331,33.46173],[-115.33005,33.47303],[-115.33598,33.48304],[-115.33365,33.48542],[-115.33266,33.4926],[-115.32872,33.49774],[-115.32701,33.50629],[-115.33141,33.51245],[-115.33077,33.52136],[-115.31565,33.51684],[-115.31023,33.51681],[-115.30625,33.51346],[-115.30122,33.51573],[-115.28632,33.51066],[-115.2865,33.5045],[-115.28192,33.4997],[-115.27139,33.49688],[-115.26905,33.49333],[-115.25856,33.48944],[-115.26274,33.48557],[-115.26281,33.47719],[-115.25791,33.47681],[-115.25819,33.47486],[-115.25082,33.46971],[-115.25654,33.46561],[-115.26038,33.46052],[-115.26225,33.44582],[-115.25846,33.43685],[-115.24654,33.42945],[-115.22376,33.42296],[-115.19451,33.41784],[-115.17395,33.41778],[-115.15901,33.41361],[-115.15375,33.41003],[-115.14023,33.40672],[-115.12649,33.40098],[-115.10511,33.39645],[-115.09341,33.39557],[-115.07686,33.38936],[-115.06776,33.38879],[-115.06602,33.38705],[-115.06234,33.3911],[-115.05908,33.38638],[-115.05466,33.38774],[-115.0533,33.3853],[-115.04935,33.38562],[-115.04591,33.38222],[-115.04166,33.38411],[-115.03168,33.38416],[-115.0309,33.38754],[-115.02813,33.38939],[-115.02808,33.39328],[-115.02638,33.39398],[-115.0218,33.39289],[-115.01999,33.3895],[-115.0152,33.38724],[-115.01234,33.38896],[-115.00643,33.38824],[-115.00092,33.38503],[-115.00149,33.38978],[-114.99659,33.39468],[-114.98876,33.39558],[-114.98412,33.39227],[-114.97897,33.39253],[-114.97623,33.38965],[-114.97399,33.38963],[-114.97495,33.39449],[-114.97194,33.39674],[-114.9652,33.39375],[-114.96554,33.39218],[-114.96198,33.38882],[-114.9563,33.38885],[-114.95557,33.38716],[-114.94882,33.3865],[-114.94502,33.38826],[-114.93725,33.38498],[-114.93181,33.3909],[-114.92859,33.38941],[-114.92686,33.39399],[-114.92215,33.39878],[-114.92223,33.40569],[-114.91948,33.40991],[-114.91939,33.41453],[-114.91723,33.41684],[-114.91174,33.41608],[-114.9061,33.41899],[-114.90508,33.42595],[-114.90107,33.43076],[-114.89947,33.43659],[-114.89169,33.44267],[-114.88914,33.44667],[-114.88152,33.4493],[-114.88209,33.45188],[-114.87931,33.45566],[-114.87435,33.45464],[-114.87256,33.45684],[-114.87211,33.46123],[-114.87736,33.46696],[-114.87352,33.47414],[-114.86949,33.47626],[-114.86834,33.48218],[-114.86468,33.48457],[-114.85725,33.48573],[-114.85006,33.48321],[-114.84888,33.47959],[-114.84296,33.48064],[-114.84078,33.4846],[-114.84579,33.48787],[-114.84152,33.48874],[-114.84275,33.49143],[-114.83999,33.49284],[-114.84443,33.4942],[-114.84716,33.49874],[-114.84341,33.50349],[-114.83528,33.50511],[-114.83182,33.50912],[-114.83314,33.51225],[-114.83558,33.51324],[-114.83622,33.51874],[-114.83142,33.51957],[-114.83138,33.52415],[-114.82925,33.52524],[-114.82751,33.52405],[-114.82412,33.52602],[-114.82354,33.52919],[-114.82051,33.52983],[-114.81775,33.52837],[-114.81801,33.53054],[-114.81272,33.5345],[-114.81035,33.53442],[-114.8112,33.53669],[-114.81945,33.53902],[-114.82152,33.5447],[-114.81906,33.5509],[-114.82222,33.55549],[-114.82251,33.55963],[-114.81843,33.56483],[-114.81776,33.57191],[-114.81121,33.57768],[-114.8148,33.58225],[-114.81202,33.59707],[-114.81549,33.60486],[-114.81415,33.61348],[-114.81608,33.62124],[-114.81541,33.62485],[-114.8185,33.63308],[-114.81836,33.63676],[-114.82827,33.6508],[-114.82412,33.65652],[-114.82472,33.65856],[-114.82603,33.66135],[-114.83184,33.66585],[-114.83813,33.66861],[-114.83744,33.67821],[-114.84669,33.68275],[-114.84454,33.68918],[-114.85012,33.69421],[-114.85151,33.69913],[-114.85533,33.70267],[-114.85687,33.70592],[-114.85546,33.70753],[-114.85905,33.71327],[-114.85695,33.71605],[-114.86287,33.72206],[-114.86527,33.72735],[-114.86912,33.72996],[-114.87744,33.73038],[-114.89279,33.73755],[-114.89836,33.73583],[-114.90547,33.74168],[-114.90646,33.74615],[-114.91089,33.74992],[-114.91079,33.75506],[-114.91682,33.76263],[-114.91353,33.76586],[-114.91181,33.77295],[-114.9199,33.78126],[-114.91921,33.7885],[-114.92083,33.79144],[-114.9173,33.79437],[-114.91854,33.79876],[-114.91565,33.80029],[-114.90894,33.79965],[-114.90605,33.79264],[-114.89754,33.79168],[-114.89111,33.79447],[-114.88771,33.79986],[-114.88444,33.8178],[-114.87245,33.83107],[-114.86343,33.83297],[-114.85865,33.84202],[-114.8572,33.84675],[-114.85911,33.85189],[-114.86418,33.85258],[-114.86441,33.85653],[-114.86038,33.86292],[-114.84723,33.85903],[-114.84285,33.86663],[-114.83013,33.87542],[-114.82792,33.87595],[-114.82652,33.87389],[-114.82503,33.87576],[-114.82259,33.87552],[-114.81795,33.87382],[-114.80904,33.88045],[-114.80659,33.8808],[-114.8019,33.87815],[-114.79978,33.88078],[-114.79639,33.87934],[-114.79089,33.88291],[-114.78624,33.88103],[-114.78702,33.87929],[-114.78439,33.87727],[-114.78165,33.87885],[-114.77648,33.87872],[-114.77286,33.882],[-114.76249,33.88658],[-114.75862,33.88414],[-114.75139,33.88558],[-114.74664,33.8801],[-114.74244,33.87844],[-114.73467,33.8811],[-114.72836,33.87681],[-114.72529,33.8765],[-114.72031,33.87161],[-114.71319,33.86963],[-114.71145,33.86727],[-114.70665,33.86777],[-114.70292,33.87103],[-114.69965,33.86971],[-114.69658,33.87314],[-114.6929,33.87388],[-114.68768,33.87197],[-114.68268,33.86584],[-114.67956,33.86672],[-114.6728,33.86397],[-114.67243,33.86709],[-114.66944,33.868],[-114.67073,33.87157],[-114.66702,33.87603],[-114.66696,33.87898],[-114.66341,33.87832],[-114.6619,33.88099],[-114.6569,33.88221],[-114.65467,33.88087],[-114.64723,33.88162],[-114.64084,33.88578],[-114.63871,33.8943],[-114.63216,33.90042],[-114.63299,33.90235],[-114.63145,33.90454],[-114.63284,33.90987],[-114.63004,33.91716],[-114.61978,33.92127],[-114.62937,33.93196],[-114.63751,33.93419],[-114.6391,33.94173],[-114.64238,33.94376],[-114.64668,33.95348],[-114.65299,33.96119],[-114.65362,33.97482],[-114.65113,33.98349],[-114.65175,33.98822],[-114.64804,34.01086],[-114.63966,34.02316],[-114.63727,34.02434],[-114.63822,34.02719],[-114.64308,34.02938],[-114.64166,34.03194],[-114.64569,34.0383],[-114.64344,34.04038],[-114.64599,34.04255],[-114.6439,34.04772],[-114.64746,34.05239],[-114.64769,34.05702],[-114.65148,34.06561],[-114.65506,34.06836],[-114.65463,34.07511],[-114.65611,34.07846],[-114.65944,34.0798],[-114.6698,34.07896],[-114.67745,34.08162],[-114.69558,34.10664],[-114.70442,34.11577],[-114.72752,34.13276],[-114.73967,34.14434],[-114.75127,34.1454],[-114.75666,34.14757],[-114.77883,34.16849],[-114.77954,34.17049],[-114.77279,34.17713],[-114.77817,34.18331],[-114.78226,34.18529],[-114.78068,34.1876],[-114.78506,34.19435],[-114.79449,34.19806],[-114.79874,34.20386],[-114.81092,34.20607],[-114.81061,34.20948],[-114.8039,34.21827],[-114.80546,34.22067],[-114.80382,34.22389],[-114.80689,34.23131],[-114.81439,34.23552],[-114.81261,34.23812],[-114.81387,34.24238],[-114.81033,34.24515],[-114.81067,34.24896],[-114.8246,34.25624],[-114.82835,34.26442],[-114.83224,34.26797],[-114.83393,34.27861],[-114.85576,34.2977],[-114.85841,34.30289],[-114.86679,34.3082],[-114.87042,34.3084],[-114.87149,34.31131],[-114.86662,34.31537],[-114.86249,34.31555],[-114.8612,34.31887],[-114.85477,34.3206],[-114.85809,34.32416],[-114.85862,34.33161],[-114.86761,34.33585],[-114.86843,34.33851],[-114.85984,34.34284],[-114.85914,34.34613],[-114.8556,34.34758],[-114.8535,34.35164],[-114.84957,34.35236],[-114.84837,34.35969],[-114.84528,34.36205],[-114.84455,34.3743],[-114.83471,34.37885],[-114.83517,34.38082],[-114.8316,34.38509],[-114.82661,34.38552],[-114.82378,34.39411],[-114.82652,34.39574],[-114.82599,34.39882],[-114.82354,34.40081],[-114.82452,34.40303],[-114.8295,34.40506],[-114.83125,34.40861],[-114.8338,34.40964],[-114.83245,34.41709],[-114.83635,34.42633],[-114.84108,34.42789],[-114.84217,34.43055],[-114.85054,34.42934],[-114.85211,34.43371],[-114.86224,34.43878],[-114.86651,34.43929],[-114.87219,34.4508],[-114.86893,34.45186],[-114.86925,34.45533],[-114.87121,34.45713],[-114.86636,34.46193],[-114.8658,34.46917],[-114.86908,34.47371],[-114.86778,34.47738],[-114.87588,34.48851],[-114.87238,34.50051],[-114.87376,34.50294],[-114.8774,34.50363],[-114.87679,34.5106],[-114.88251,34.52956],[-114.88112,34.53676],[-114.88252,34.5422],[-114.88006,34.5458],[-114.88188,34.55159],[-114.8779,34.55544],[-114.87219,34.55748],[-114.86743,34.55539],[-114.86194,34.55837],[-114.86367,34.56179],[-114.86299,34.56409],[-114.86666,34.56509],[-114.86954,34.56898],[-114.86816,34.57326],[-114.87271,34.57798],[-114.87125,34.58333],[-114.87325,34.58854],[-114.86873,34.59253],[-114.86899,34.59794],[-114.86468,34.60073],[-114.86593,34.60291],[-114.86476,34.60542],[-114.87249,34.6103],[-114.87281,34.6122],[-114.8692,34.61374],[-114.87326,34.61753],[-114.87296,34.6212],[-114.87524,34.6225],[-114.87067,34.62581],[-114.87032,34.63144],[-114.86679,34.63229],[-114.86342,34.63541],[-114.86321,34.64009],[-114.85581,34.64895],[-114.85512,34.65266],[-114.85257,34.65296],[-114.85089,34.65556],[-114.84823,34.6637],[-114.84503,34.66629],[-114.84397,34.6723],[-114.84066,34.67449],[-114.84168,34.67781],[-114.83844,34.68445],[-114.83353,34.68667],[-114.83066,34.6917],[-114.83439,34.69528],[-114.82362,34.70041],[-114.82177,34.70561],[-114.81771,34.70889],[-114.81387,34.70901],[-114.81264,34.71045],[-114.8135,34.71328],[-114.80904,34.71609],[-114.80812,34.71971],[-114.80509,34.72031],[-114.8021,34.72443],[-114.79971,34.73019],[-114.80175,34.73306],[-114.80565,34.73336],[-114.8065,34.73572],[-114.80662,34.74013],[-114.8022,34.74451],[-114.80496,34.7502],[-114.80349,34.75241],[-114.80495,34.75247],[-114.80774,34.75788],[-114.80383,34.76537],[-114.81272,34.7687],[-114.81441,34.77154],[-114.81707,34.77708],[-114.81653,34.78211],[-114.8108,34.7834],[-114.81672,34.78631],[-114.82009,34.79086],[-114.81905,34.7969],[-114.82189,34.79864],[-114.82061,34.80131],[-114.8215,34.80258],[-114.8267,34.80631],[-114.82636,34.80998],[-114.84531,34.80961],[-114.8493,34.81465],[-114.85518,34.81783],[-114.86037,34.82319],[-114.86136,34.82936],[-114.8579,34.83489],[-114.8584,34.83675],[-114.87437,34.83854],[-114.87955,34.84149],[-114.87772,34.84546],[-114.87879,34.84949],[-114.87619,34.85217],[-114.8814,34.85289],[-114.88527,34.8566],[-114.88605,34.85854],[-114.88327,34.86376],[-114.89123,34.86312],[-114.89636,34.86547],[-114.90209,34.86549],[-114.91266,34.86386],[-114.91872,34.86604],[-114.92573,34.87003],[-114.93339,34.87801],[-114.9567,34.89043],[-114.96564,34.89851],[-114.99557,34.90947],[-115.00577,34.91516],[-115.0079,34.91489],[-115.00847,34.91009],[-115.0181,34.90988],[-115.02374,34.90728],[-115.02632,34.90499],[-115.02785,34.89958],[-115.03317,34.90266],[-115.04166,34.90364],[-115.05552,34.9111],[-115.05687,34.91626],[-115.06819,34.93117],[-115.0734,34.94922],[-115.07451,34.96887],[-115.08984,34.99634],[-115.10442,35.00509],[-115.11052,35.0132],[-115.11647,35.01727],[-115.12291,35.02654],[-115.12878,35.02736],[-115.13828,35.03593],[-115.14409,35.03833],[-115.14462,35.04271],[-115.14811,35.04859],[-115.15792,35.04934],[-115.16088,35.05204],[-115.16011,35.05522],[-115.15457,35.05532],[-115.14974,35.05842],[-115.15165,35.05945],[-115.15254,35.06419],[-115.14834,35.06939],[-115.14178,35.07024],[-115.12787,35.0835],[-115.11788,35.08387],[-115.11492,35.08077],[-115.10329,35.07646],[-115.10201,35.07786],[-115.11131,35.08438],[-115.12518,35.0874],[-115.13687,35.09574],[-115.15434,35.09476],[-115.16106,35.09228],[-115.1663,35.09681],[-115.16502,35.09846],[-115.1675,35.10599],[-115.17337,35.11314],[-115.19725,35.12906],[-115.20862,35.13454],[-115.23146,35.14114],[-115.25076,35.15135],[-115.25507,35.15556],[-115.2645,35.16072],[-115.27349,35.16254],[-115.28529,35.17023],[-115.29147,35.17255],[-115.30384,35.17398],[-115.3097,35.18377],[-115.3186,35.19292],[-115.32043,35.19795],[-115.31882,35.20162],[-115.32579,35.21945],[-115.32208,35.22506],[-115.32227,35.22933],[-115.31932,35.23234],[-115.31859,35.24193],[-115.31483,35.24554],[-115.31427,35.24991],[-115.31006,35.2549],[-115.3125,35.26035],[-115.33914,35.26315],[-115.34834,35.26158],[-115.35448,35.26274],[-115.35471,35.25979],[-115.36543,35.25787],[-115.37156,35.25174],[-115.37322,35.2459],[-115.3679,35.23847],[-115.37373,35.23511],[-115.37157,35.23148],[-115.37155,35.22464],[-115.37539,35.22341],[-115.37686,35.22066],[-115.39515,35.21827],[-115.39471,35.21414],[-115.40039,35.21191],[-115.4011,35.2102],[-115.41658,35.20662],[-115.41821,35.20935],[-115.41501,35.21456],[-115.41842,35.21814],[-115.44022,35.22502],[-115.46636,35.2304],[-115.4692,35.2325],[-115.48523,35.22774],[-115.48947,35.22953],[-115.49802,35.22696],[-115.50164,35.22885],[-115.50776,35.23698],[-115.52169,35.24633],[-115.5402,35.25401],[-115.55099,35.26435],[-115.56327,35.26862],[-115.56585,35.27263],[-115.5717,35.27577],[-115.58302,35.28819],[-115.58068,35.29313],[-115.55203,35.31139],[-115.53405,35.3154],[-115.52961,35.31504],[-115.52363,35.31982],[-115.52395,35.32253],[-115.52114,35.32728],[-115.51562,35.33163],[-115.51638,35.34059],[-115.51163,35.34322],[-115.50975,35.34763],[-115.50934,35.3511],[-115.51131,35.35535],[-115.50899,35.3616],[-115.50956,35.36563],[-115.50209,35.37426],[-115.50362,35.38064],[-115.50582,35.38506],[-115.50787,35.3857],[-115.50862,35.38895],[-115.50229,35.39018],[-115.49404,35.38882],[-115.49046,35.39242],[-115.49104,35.39622],[-115.48386,35.40145],[-115.48435,35.4087],[-115.48286,35.41216],[-115.48461,35.41605],[-115.48168,35.42065],[-115.4828,35.42255],[-115.47855,35.43058],[-115.4798,35.43272],[-115.47832,35.43448],[-115.4792,35.43628],[-115.48149,35.43547],[-115.48415,35.43752],[-115.48878,35.43701],[-115.49601,35.44412],[-115.50018,35.44378],[-115.50271,35.44546],[-115.50984,35.443],[-115.51024,35.44495],[-115.51606,35.44757],[-115.5232,35.44316],[-115.53239,35.44437],[-115.53439,35.44881],[-115.54763,35.45324],[-115.54841,35.45531],[-115.54466,35.45934],[-115.54454,35.4656],[-115.54171,35.47424],[-115.54304,35.47769],[-115.54218,35.48075],[-115.54619,35.49164],[-115.5689,35.513],[-115.5686,35.51834],[-115.57123,35.5255],[-115.57707,35.52959],[-115.56871,35.53535],[-115.56102,35.53895],[-115.55837,35.53861],[-115.5564,35.54223],[-115.55594,35.54488],[-115.55818,35.54942],[-115.55698,35.55147],[-115.56111,35.55782],[-115.5609,35.56661],[-115.55752,35.57033],[-115.56081,35.57324],[-115.56391,35.57325],[-115.56666,35.5712],[-115.57369,35.57012],[-115.57986,35.57284],[-115.586,35.56973],[-115.59008,35.57292],[-115.58828,35.57737],[-115.59076,35.5796],[-115.59065,35.58244],[-115.59578,35.58567],[-115.59521,35.59092],[-115.60714,35.59783],[-115.61878,35.61252],[-115.63373,35.62591],[-115.63305,35.63246],[-115.63126,35.63391],[-115.63213,35.64014],[-115.63632,35.64239],[-115.63342,35.65343],[-115.63541,35.65776],[-115.6388,35.66189],[-115.64352,35.66311],[-115.64622,35.66573],[-115.64655,35.67168],[-115.65161,35.67227],[-115.6539,35.67751],[-115.65887,35.67694],[-115.6638,35.68117],[-115.67079,35.68393],[-115.67357,35.69538],[-115.68187,35.69364],[-115.68408,35.69151],[-115.68654,35.69354],[-115.69766,35.69509],[-115.70174,35.69054],[-115.70808,35.68837],[-115.71604,35.69168],[-115.71885,35.69075],[-115.72245,35.69246],[-115.72538,35.69755],[-115.72513,35.70331],[-115.73214,35.70372],[-115.7379,35.70658],[-115.7444,35.70568],[-115.75406,35.71032],[-115.7594,35.70992],[-115.77405,35.71745],[-115.77675,35.71693],[-115.77816,35.71459],[-115.78361,35.71795],[-115.78754,35.71659],[-115.79564,35.70813],[-115.80417,35.71151],[-115.80982,35.71088],[-115.81095,35.71286],[-115.82015,35.71434],[-115.82287,35.72287],[-115.82551,35.72466],[-115.82826,35.7242],[-115.83191,35.72884],[-115.83621,35.72947],[-115.83817,35.73176],[-115.84928,35.72837],[-115.85269,35.73083],[-115.8604,35.73269],[-115.87459,35.73056],[-115.87988,35.73338],[-115.87976,35.73782],[-115.88916,35.74576],[-115.89404,35.74476],[-115.90058,35.74651],[-115.90053,35.75703],[-115.89899,35.75817],[-115.90031,35.76046],[-115.89573,35.7628],[-115.89407,35.77321],[-115.88756,35.7743],[-115.88622,35.77669],[-115.88119,35.77705],[-115.88156,35.78504],[-115.87892,35.78726],[-115.88212,35.7937],[-115.88047,35.79619],[-115.88296,35.79704],[-115.87966,35.80017],[-115.88094,35.80317],[-115.879,35.80414],[-115.88145,35.80941],[-115.8768,35.81157],[-115.87713,35.81936],[-115.87978,35.82298],[-115.88201,35.82356],[-115.88444,35.8297],[-115.88696,35.8308],[-115.88882,35.83719],[-115.89954,35.83867],[-115.90735,35.84498],[-115.90907,35.84997],[-115.91413,35.85301],[-115.91579,35.86077],[-115.91967,35.864],[-115.91788,35.86515],[-115.91741,35.86917],[-115.91959,35.8765],[-115.91812,35.87769],[-115.92062,35.88046],[-115.92888,35.88772],[-115.93968,35.88821],[-115.94595,35.89036],[-115.95604,35.89588],[-115.95804,35.90088],[-115.96546,35.89969],[-115.97472,35.90828],[-115.97902,35.91579],[-115.97542,35.92013],[-115.98075,35.93027],[-115.9796,35.93141],[-115.97502,35.93048],[-115.97225,35.93963],[-115.9691,35.94208],[-115.97742,35.94355],[-115.9801,35.94655],[-115.97358,35.95697],[-115.98516,35.96407],[-115.99612,35.9635],[-116.00986,35.96651],[-116.02569,35.97909],[-116.02884,35.98855],[-116.03472,35.99441],[-116.04416,35.99803],[-116.05976,35.99893],[-116.06488,36.00261],[-116.06936,36.00371],[-116.07294,36.00868],[-116.0718,36.01081],[-116.07298,36.0152],[-116.08428,36.01761],[-116.08445,36.02276],[-116.0871,36.02842],[-116.08472,36.03448],[-116.08811,36.03995],[-116.08692,36.04378],[-116.0915,36.05135],[-116.09717,36.05537],[-116.09875,36.05988],[-116.10266,36.05941],[-116.10796,36.06407],[-116.1126,36.06435],[-116.11455,36.06781],[-116.12396,36.07508],[-116.12954,36.08458],[-116.12829,36.08742],[-116.131,36.0931],[-116.14173,36.10049],[-116.14496,36.10655],[-116.15184,36.10859],[-116.15384,36.11168],[-116.1599,36.11243],[-116.15888,36.11736],[-116.16811,36.1241],[-116.16866,36.1272],[-116.18477,36.13163],[-116.19818,36.1436],[-116.19752,36.15133],[-116.19993,36.15252],[-116.20045,36.15561],[-116.20616,36.15958],[-116.20813,36.16642],[-116.20644,36.16895],[-116.20201,36.16906],[-116.19842,36.17201],[-116.19794,36.17614],[-116.2002,36.18162],[-116.19917,36.18641],[-116.20373,36.1903],[-116.20989,36.18627],[-116.22558,36.18655],[-116.22158,36.19769],[-116.22515,36.19869],[-116.22442,36.20391],[-116.22828,36.20672],[-116.22665,36.21531],[-116.23041,36.22147],[-116.22215,36.22768],[-116.22027,36.23102],[-116.22041,36.23326],[-116.22261,36.23467],[-116.22118,36.23635],[-116.22253,36.23957],[-116.22133,36.24117],[-116.2246,36.24337],[-116.22472,36.24072],[-116.23937,36.24414],[-116.24308,36.24202],[-116.24742,36.24234],[-116.25538,36.25108],[-116.25492,36.2599],[-116.25826,36.26314],[-116.25662,36.26691],[-116.24448,36.27287],[-116.24138,36.28044],[-116.23898,36.28233],[-116.2287,36.28606],[-116.23049,36.28755],[-116.2301,36.29161],[-116.22499,36.30002],[-116.22213,36.29947],[-116.21943,36.30145],[-116.21876,36.29784],[-116.21056,36.29524],[-116.21033,36.29753],[-116.20528,36.29691],[-116.2027,36.29854],[-116.19734,36.29782],[-116.19547,36.29983],[-116.19242,36.29867],[-116.18755,36.29956],[-116.16599,36.30949],[-116.16168,36.30895],[-116.1576,36.30356],[-116.147,36.30938],[-116.13474,36.30735],[-116.13138,36.31281],[-116.13235,36.31755],[-116.12516,36.32637],[-116.11623,36.32449],[-116.11671,36.32266],[-116.1149,36.32071],[-116.1162,36.31665],[-116.11302,36.31754],[-116.11039,36.31385],[-116.10341,36.31469],[-116.09301,36.31879],[-116.08945,36.31671],[-116.08858,36.31879],[-116.08619,36.31911],[-116.0848,36.32322],[-116.08098,36.32715],[-116.08399,36.33541],[-116.07861,36.33657],[-116.07646,36.34186],[-116.07683,36.34826],[-116.08134,36.34934],[-116.08333,36.34826],[-116.08792,36.35001],[-116.08884,36.35241],[-116.08732,36.35412],[-116.09174,36.36004],[-116.09324,36.36599],[-116.08491,36.37077],[-116.08534,36.37382],[-116.08691,36.37454],[-116.08636,36.38739],[-116.09158,36.38929],[-116.09725,36.3892],[-116.09873,36.39194],[-116.10272,36.39421],[-116.10239,36.39777],[-116.09887,36.40298],[-116.10171,36.40718],[-116.09138,36.41565],[-116.08409,36.4175],[-116.08294,36.42454],[-116.07511,36.42858],[-116.07452,36.43045],[-116.06595,36.43242],[-116.03747,36.44568],[-116.02314,36.44986],[-116.00704,36.46034],[-116.00202,36.46098],[-115.99596,36.45889],[-115.99183,36.45921],[-115.98795,36.4623],[-115.98646,36.47054],[-115.98055,36.47112],[-115.97648,36.46792],[-115.97643,36.46571],[-115.97171,36.46269],[-115.96777,36.466],[-115.9638,36.47733],[-115.9598,36.47959],[-115.95622,36.49675],[-115.96297,36.50289],[-115.96756,36.51957],[-115.97168,36.52081],[-115.97853,36.52883],[-115.97406,36.54622],[-115.9721,36.56158],[-115.96265,36.57371],[-115.96224,36.57757],[-115.95592,36.58562],[-115.95391,36.59259],[-115.94706,36.59748],[-115.95051,36.59996],[-115.94944,36.61062],[-115.9421,36.61272],[-115.9426,36.61569],[-115.93685,36.62085],[-115.93781,36.62361],[-115.94346,36.62748],[-115.94459,36.63066],[-115.94327,36.63314],[-115.93508,36.63583],[-115.92873,36.64029],[-115.92298,36.64126],[-115.9157,36.64706],[-115.91046,36.64837],[-115.90875,36.65754],[-115.90334,36.66081],[-115.90782,36.6651],[-115.90497,36.66821],[-115.9073,36.67002],[-115.91284,36.67013],[-115.91689,36.66491],[-115.92676,36.66228],[-115.93857,36.67195],[-115.94596,36.67467],[-115.94787,36.67805],[-115.95521,36.67421],[-115.95787,36.68084],[-115.9602,36.68169],[-115.97539,36.6753],[-115.97749,36.67674],[-115.9767,36.68175],[-115.98283,36.68782],[-115.99147,36.68557],[-115.99397,36.68351],[-116.00701,36.68487],[-116.01545,36.68392],[-116.01984,36.68872],[-116.02478,36.68896],[-116.0332,36.68577],[-116.03969,36.68619],[-116.04309,36.68916],[-116.04275,36.69211],[-116.04613,36.69307],[-116.05469,36.6938],[-116.06316,36.691],[-116.07197,36.69262],[-116.07163,36.6963],[-116.07492,36.69591],[-116.07839,36.69823],[-116.07913,36.70551],[-116.08125,36.70497],[-116.08236,36.70803],[-116.09046,36.71063],[-116.09081,36.71398],[-116.10364,36.71859],[-116.11257,36.7313],[-116.11808,36.7339],[-116.12031,36.73666],[-116.12156,36.74379],[-116.13525,36.76173],[-116.13702,36.76781],[-116.14195,36.77203],[-116.14428,36.77218],[-116.14589,36.77732],[-116.15048,36.77857],[-116.15188,36.78105],[-116.15641,36.77855],[-116.15774,36.77956],[-116.15329,36.78791],[-116.14482,36.79082],[-116.1506,36.79553],[-116.15542,36.81229],[-116.16027,36.82186],[-116.16432,36.82519],[-116.16454,36.83159],[-116.16218,36.83554],[-116.16493,36.83871],[-116.16444,36.84225],[-116.16078,36.84526],[-116.16109,36.85091],[-116.16822,36.85504],[-116.19252,36.85849],[-116.197,36.86594],[-116.19199,36.88854],[-116.19736,36.88858],[-116.20028,36.89184],[-116.21203,36.89596],[-116.21578,36.90101],[-116.22293,36.90508],[-116.22901,36.90473],[-116.22804,36.90839],[-116.22252,36.91174],[-116.22209,36.9147],[-116.22452,36.91959],[-116.21962,36.92564],[-116.21877,36.9302],[-116.21296,36.93464],[-116.21309,36.93728],[-116.22038,36.93837],[-116.2403,36.93193],[-116.24505,36.93639],[-116.24563,36.93959],[-116.2492,36.93983],[-116.25561,36.94599],[-116.2515,36.95248],[-116.25093,36.95829],[-116.24588,36.96012],[-116.24159,36.96519],[-116.23965,36.97535],[-116.23268,36.98419],[-116.23069,36.99272],[-116.22654,36.99476],[-116.223,37.00007],[-116.22245,37.00725],[-116.22464,37.01344],[-116.223,37.01744],[-116.21549,37.02154],[-116.21789,37.02628],[-116.21692,37.02873],[-116.2201,37.02991],[-116.22059,37.03274],[-116.22298,37.03367],[-116.22296,37.03858],[-116.22666,37.04754],[-116.22577,37.04895],[-116.22086,37.04946],[-116.21831,37.05238],[-116.21961,37.06329],[-116.22497,37.0616],[-116.24155,37.06308],[-116.24671,37.07535],[-116.24688,37.0823],[-116.25004,37.08614],[-116.24674,37.08879],[-116.24767,37.09088],[-116.24659,37.09189],[-116.24406,37.09122],[-116.23009,37.09485],[-116.2264,37.09422],[-116.22279,37.09131],[-116.21795,37.0928],[-116.21185,37.1],[-116.21229,37.10599],[-116.209,37.10745],[-116.20991,37.1108],[-116.2124,37.1116],[-116.20973,37.11332],[-116.21505,37.11525],[-116.21524,37.11898],[-116.20868,37.12556],[-116.21057,37.12717],[-116.20997,37.13133],[-116.21326,37.13863],[-116.21041,37.14065],[-116.20979,37.14467],[-116.206,37.14803],[-116.20594,37.15029],[-116.20099,37.15204],[-116.20167,37.15356],[-116.19988,37.15608],[-116.20169,37.15905],[-116.20183,37.16362],[-116.20871,37.17149],[-116.20833,37.17623],[-116.20526,37.18045],[-116.2059,37.19029],[-116.21645,37.19109],[-116.22192,37.19473],[-116.22724,37.19486],[-116.23336,37.1994],[-116.23198,37.20344],[-116.23272,37.20752],[-116.23668,37.21045],[-116.23439,37.2152],[-116.23502,37.2224],[-116.24398,37.22835],[-116.25171,37.22598],[-116.25571,37.23005],[-116.26423,37.22916],[-116.2718,37.23124],[-116.27386,37.2288],[-116.28293,37.2283],[-116.28921,37.22596],[-116.29376,37.23],[-116.29767,37.23119],[-116.30077,37.22918],[-116.30295,37.22031],[-116.31354,37.21539],[-116.32455,37.21525],[-116.3249,37.2096],[-116.32222,37.204],[-116.32531,37.20295],[-116.32898,37.20534],[-116.33231,37.21337],[-116.3313,37.21612],[-116.33233,37.2177],[-116.33577,37.21852],[-116.33406,37.2256],[-116.33914,37.2266],[-116.33834,37.23366],[-116.34186,37.24133],[-116.34528,37.23873],[-116.34329,37.23604],[-116.34502,37.23039],[-116.35043,37.23166],[-116.35697,37.22696],[-116.36148,37.22809],[-116.36404,37.23251],[-116.36611,37.23147],[-116.37059,37.23319],[-116.37357,37.23037],[-116.37778,37.23078],[-116.3831,37.22553],[-116.38733,37.2262],[-116.39299,37.2335],[-116.3913,37.24288],[-116.39403,37.25029],[-116.40035,37.2486],[-116.39937,37.25223],[-116.40237,37.25659],[-116.41059,37.25212],[-116.41443,37.25723],[-116.41262,37.26166],[-116.41525,37.27056],[-116.42187,37.26828],[-116.42781,37.26912],[-116.42965,37.26664],[-116.43423,37.27161],[-116.43451,37.27772],[-116.43694,37.28048],[-116.44712,37.28555],[-116.4543,37.2951],[-116.4601,37.2969],[-116.46358,37.30242],[-116.46837,37.30243],[-116.48415,37.31294],[-116.48843,37.30535],[-116.49622,37.30304],[-116.49355,37.29561],[-116.49979,37.29375],[-116.50658,37.28791],[-116.50976,37.28892],[-116.51318,37.28517],[-116.52309,37.28521],[-116.5285,37.28159],[-116.54457,37.28192],[-116.55145,37.28427],[-116.55791,37.28334],[-116.55851,37.28734],[-116.56599,37.29373],[-116.57086,37.29502],[-116.57254,37.30147],[-116.57748,37.3056],[-116.57788,37.3086],[-116.58695,37.31816],[-116.59347,37.3168],[-116.59661,37.32814],[-116.60325,37.33115],[-116.60606,37.33431],[-116.61638,37.3342],[-116.62153,37.32585],[-116.62545,37.32318],[-116.62451,37.31608],[-116.61909,37.31347],[-116.61309,37.30514],[-116.61962,37.29733],[-116.63436,37.29428],[-116.64198,37.30118],[-116.65281,37.30465],[-116.65782,37.30437],[-116.66096,37.3075],[-116.66883,37.30553],[-116.6729,37.30659],[-116.67781,37.30326],[-116.68606,37.30468],[-116.70239,37.30391],[-116.70388,37.29946],[-116.7103,37.29681],[-116.71026,37.29462],[-116.71333,37.29186],[-116.71092,37.28758],[-116.71615,37.28492],[-116.71527,37.28121],[-116.71995,37.27923],[-116.72052,37.27628],[-116.72378,37.27688],[-116.72624,37.27343],[-116.73288,37.27208],[-116.73279,37.26758],[-116.73513,37.26597],[-116.73527,37.26318],[-116.73914,37.26021],[-116.73899,37.25841],[-116.74253,37.25857],[-116.74578,37.25466],[-116.74531,37.25107],[-116.7494,37.24661],[-116.73668,37.23894],[-116.73593,37.23648],[-116.73065,37.23369],[-116.72799,37.2294],[-116.72969,37.22669],[-116.74212,37.21856],[-116.74707,37.2177],[-116.74839,37.20098],[-116.72967,37.19332],[-116.7281,37.18752],[-116.72536,37.18642],[-116.7283,37.17892],[-116.7261,37.17707],[-116.72526,37.17248],[-116.7369,37.16573],[-116.73737,37.16185],[-116.7408,37.15646],[-116.73483,37.15024],[-116.73376,37.14393],[-116.74154,37.13204],[-116.7529,37.12278],[-116.75697,37.11285],[-116.78219,37.09558],[-116.80378,37.08831],[-116.81155,37.09158],[-116.81707,37.08685],[-116.81818,37.07795],[-116.8138,37.0721],[-116.81353,37.06651],[-116.8189,37.04806],[-116.81599,37.0462],[-116.81002,37.04595],[-116.80772,37.04044],[-116.80418,37.03858],[-116.80417,37.03571],[-116.80065,37.03101],[-116.80161,37.02818],[-116.8003,37.02074],[-116.80753,37.01692],[-116.80797,37.01424],[-116.81766,37.01111],[-116.81529,36.9943],[-116.81717,36.98933],[-116.8234,36.98847],[-116.82659,36.98451],[-116.83337,36.98035],[-116.83784,36.97294],[-116.83871,36.96917],[-116.83418,36.96863],[-116.82948,36.96379],[-116.83474,36.9523],[-116.83264,36.94908],[-116.8355,36.94768],[-116.83591,36.94447],[-116.83904,36.94417],[-116.84483,36.93708],[-116.84901,36.93719],[-116.85167,36.93505],[-116.86409,36.93766],[-116.87067,36.94384],[-116.87983,36.94309],[-116.8816,36.94142],[-116.8879,36.94458],[-116.89597,36.93852],[-116.90858,36.93769],[-116.91105,36.9351],[-116.91536,36.93384],[-116.92266,36.93651],[-116.93368,36.93773],[-116.93605,36.94291],[-116.9415,36.94244],[-116.94429,36.94485],[-116.95229,36.94576],[-116.96242,36.9561],[-116.96845,36.95182],[-116.97115,36.95332],[-116.97273,36.95683],[-116.97858,36.9549],[-116.98028,36.9575],[-116.98268,36.95798],[-116.98765,36.95469],[-116.99638,36.95395],[-117.00227,36.96032],[-117.00574,36.95301],[-117.01474,36.94952],[-117.01854,36.94484],[-117.02265,36.9432],[-117.02264,36.94053],[-117.02865,36.93589],[-117.0397,36.93517],[-117.04501,36.93327],[-117.05705,36.93555],[-117.06445,36.93435],[-117.07488,36.92467],[-117.0859,36.92314],[-117.09755,36.92885],[-117.10015,36.93397],[-117.10668,36.94093],[-117.11313,36.94191],[-117.11716,36.94591],[-117.12123,36.94551],[-117.12408,36.94782],[-117.12143,36.95826],[-117.12505,36.95899],[-117.12619,36.96172],[-117.12893,36.96297],[-117.13506,36.96356],[-117.13635,36.96227],[-117.1429,36.96537],[-117.14007,36.96861],[-117.13659,36.9788],[-117.13421,36.97959],[-117.13362,36.98352],[-117.1384,36.98485],[-117.14071,36.98975],[-117.13764,36.99248],[-117.13846,36.9965],[-117.14647,36.99679],[-117.15072,37.00119],[-117.14997,37.00987],[-117.14507,37.01742],[-117.1461,37.01927],[-117.14414,37.02286],[-117.14405,37.03701],[-117.15083,37.04326],[-117.1522,37.04839],[-117.15611,37.04872],[-117.15628,37.04994],[-117.15227,37.05261],[-117.15164,37.05622],[-117.14185,37.06287],[-117.14407,37.07472],[-117.14016,37.08022],[-117.14187,37.08439],[-117.13943,37.08439],[-117.13287,37.08871],[-117.1309,37.08816],[-117.12962,37.09054],[-117.13743,37.09681],[-117.13412,37.1007],[-117.13464,37.10499],[-117.13131,37.11735],[-117.13597,37.12011],[-117.14297,37.11902],[-117.13825,37.12436],[-117.13532,37.12483],[-117.13596,37.12883],[-117.13375,37.13005],[-117.13203,37.13477],[-117.13449,37.13769],[-117.13132,37.14058],[-117.13211,37.14458],[-117.12884,37.14521],[-117.12187,37.15486],[-117.12754,37.15887],[-117.12231,37.17717],[-117.12648,37.17993],[-117.12112,37.18734],[-117.12024,37.19221],[-117.12064,37.19404],[-117.12438,37.19474],[-117.12379,37.20114],[-117.1268,37.20128],[-117.13349,37.19288],[-117.14105,37.19314],[-117.14183,37.19143],[-117.14823,37.19344],[-117.15579,37.19309],[-117.19164,37.20278],[-117.20609,37.2088],[-117.22315,37.22029],[-117.25725,37.232],[-117.25966,37.23877],[-117.27327,37.24467],[-117.27523,37.24735],[-117.2818,37.24812],[-117.2805,37.25309],[-117.28141,37.25624],[-117.29528,37.25526],[-117.29467,37.26143],[-117.29723,37.26465],[-117.29375,37.26595],[-117.28949,37.2757],[-117.28379,37.27837],[-117.28067,37.28249],[-117.27201,37.2872],[-117.26589,37.2881],[-117.26343,37.29099],[-117.26579,37.29424],[-117.26428,37.29828],[-117.2702,37.2994],[-117.27094,37.30321],[-117.27793,37.30263],[-117.27912,37.30493],[-117.28182,37.30414],[-117.28477,37.30587],[-117.28819,37.31063],[-117.29566,37.31347],[-117.29742,37.31707],[-117.29658,37.31861],[-117.3035,37.31627],[-117.31199,37.31679],[-117.31971,37.31407],[-117.32528,37.30969],[-117.33263,37.31213],[-117.34068,37.30892],[-117.34049,37.30604],[-117.34302,37.30411],[-117.34273,37.30234],[-117.34586,37.30141],[-117.35132,37.30331],[-117.35856,37.30218],[-117.36468,37.30503],[-117.37214,37.3044],[-117.38272,37.30685],[-117.39731,37.3021],[-117.40858,37.30262],[-117.41296,37.30367],[-117.41481,37.30814],[-117.42695,37.31008],[-117.43798,37.30607],[-117.44353,37.31033],[-117.44939,37.31325],[-117.45194,37.31264],[-117.45336,37.31433],[-117.46044,37.31125],[-117.47979,37.31727],[-117.48916,37.31443],[-117.49554,37.31817],[-117.493,37.32],[-117.49206,37.3235],[-117.49657,37.32887],[-117.50042,37.34052],[-117.52928,37.35911],[-117.53258,37.36553],[-117.53771,37.36988],[-117.5358,37.37341],[-117.53764,37.37714],[-117.54661,37.38769],[-117.5517,37.39651],[-117.54817,37.4018],[-117.54732,37.41033],[-117.55517,37.41207],[-117.56581,37.41258],[-117.57566,37.4089],[-117.57751,37.40596],[-117.58049,37.40512],[-117.58094,37.40067],[-117.58948,37.3907],[-117.58972,37.38915],[-117.58664,37.38836],[-117.5871,37.38581],[-117.59595,37.38005],[-117.59108,37.37805],[-117.592,37.37532],[-117.60067,37.37169],[-117.5986,37.36536],[-117.60386,37.36193],[-117.61144,37.36501],[-117.62265,37.36626],[-117.62695,37.36267],[-117.63207,37.36571],[-117.63741,37.36495],[-117.64223,37.36905],[-117.65677,37.37153],[-117.65836,37.37256],[-117.65769,37.37563],[-117.6598,37.37696],[-117.65989,37.37937],[-117.66715,37.37938],[-117.67178,37.38303],[-117.67171,37.38584],[-117.67489,37.38989],[-117.69239,37.38783],[-117.69259,37.38185],[-117.69712,37.37688],[-117.69968,37.37925],[-117.69765,37.38225],[-117.70065,37.38411],[-117.70136,37.39192],[-117.70789,37.39547],[-117.7128,37.39206],[-117.72068,37.39032],[-117.72208,37.38649],[-117.73027,37.38566],[-117.74255,37.38762],[-117.75735,37.38295],[-117.76317,37.38413],[-117.76533,37.38308],[-117.76827,37.38515],[-117.78345,37.38763],[-117.79256,37.38387],[-117.81217,37.39007],[-117.82332,37.38845],[-117.83469,37.38052],[-117.83907,37.38349],[-117.84369,37.38295],[-117.84534,37.38757],[-117.84999,37.38987],[-117.86726,37.39496],[-117.87556,37.40632],[-117.88001,37.40981],[-117.88081,37.4128],[-117.8942,37.4149],[-117.89252,37.41881],[-117.89814,37.42192],[-117.90519,37.42102],[-117.91079,37.43189],[-117.92242,37.43472],[-117.92753,37.43218],[-117.92883,37.43446],[-117.93082,37.43461],[-117.93395,37.43183],[-117.93896,37.43083],[-117.95005,37.43596],[-117.96203,37.43378],[-117.97966,37.44286],[-117.98456,37.44309],[-117.98542,37.44097],[-117.98942,37.44208],[-117.99713,37.44107],[-118.00419,37.44489],[-118.01396,37.44139],[-118.02172,37.44141],[-118.03185,37.44676],[-118.03854,37.44763],[-118.04039,37.45062],[-118.04618,37.45295],[-118.04807,37.45639],[-118.04467,37.45923],[-118.04521,37.46565],[-118.05481,37.46329],[-118.0588,37.46471],[-118.0646,37.46368],[-118.06857,37.4696],[-118.07953,37.47594],[-118.07935,37.47919],[-118.08583,37.4787],[-118.0889,37.48652],[-118.08824,37.49012],[-118.0926,37.49772],[-118.10201,37.50734],[-118.10146,37.51176],[-118.11653,37.5149],[-118.12026,37.51301],[-118.12241,37.50973],[-118.13102,37.50979],[-118.13547,37.50777],[-118.13934,37.51218],[-118.14252,37.51187],[-118.14505,37.51503],[-118.15052,37.51729],[-118.15485,37.51346],[-118.15663,37.5131],[-118.15897,37.5155],[-118.16785,37.51198],[-118.1817,37.50012],[-118.18394,37.50241],[-118.18842,37.50099],[-118.19206,37.50359],[-118.19985,37.50089],[-118.2021,37.4985],[-118.21151,37.50218],[-118.21698,37.51127],[-118.21302,37.5186],[-118.21612,37.52583],[-118.21935,37.52928],[-118.21911,37.53245],[-118.22735,37.53368],[-118.23272,37.53712],[-118.23554,37.54665],[-118.2329,37.55346],[-118.23339,37.55637],[-118.23794,37.55997],[-118.23993,37.56682],[-118.24385,37.57222],[-118.2488,37.57568],[-118.24725,37.57994],[-118.24827,37.58221],[-118.23867,37.59016],[-118.2387,37.6095],[-118.23467,37.62219],[-118.23876,37.62687],[-118.24842,37.62977],[-118.25572,37.6339],[-118.25467,37.63734],[-118.25667,37.63889],[-118.25634,37.64396],[-118.25904,37.65223],[-118.26688,37.65741],[-118.2642,37.66876],[-118.26962,37.67221],[-118.27089,37.67997],[-118.27662,37.68343],[-118.28091,37.69372],[-118.27905,37.69593],[-118.27782,37.7083],[-118.28053,37.71144],[-118.28062,37.72002],[-118.28328,37.72773],[-118.28657,37.73366],[-118.30076,37.74014],[-118.29319,37.74866],[-118.29368,37.75318],[-118.30086,37.75337],[-118.30413,37.75643],[-118.31187,37.75655],[-118.31374,37.75435],[-118.32317,37.75667],[-118.33098,37.77058],[-118.3328,37.77821],[-118.3433,37.78333],[-118.34437,37.79934],[-118.34812,37.80724],[-118.35136,37.80982],[-118.35281,37.81411],[-118.35206,37.82079],[-118.35638,37.82558],[-118.35776,37.83118],[-118.35701,37.83856],[-118.34744,37.84902],[-118.34513,37.85725],[-118.3458,37.86695],[-118.31804,37.87488],[-118.31474,37.88346],[-118.30774,37.89036],[-118.309,37.89259],[-118.30906,37.90225],[-118.31566,37.90373],[-118.32049,37.90707],[-118.31201,37.9214],[-118.3081,37.92361],[-118.309,37.92972],[-118.30397,37.93973],[-118.30391,37.94301],[-118.30544,37.9446],[-118.30381,37.94735],[-118.2981,37.95043],[-118.30046,37.95543],[-118.29897,37.95748],[-118.30104,37.96281],[-118.30348,37.96362],[-118.30535,37.96664],[-118.32573,37.96985],[-118.33206,37.97684],[-118.33805,37.97677],[-118.34966,37.98006],[-118.35508,37.97842],[-118.35723,37.97433],[-118.36624,37.9747],[-118.37326,37.97179],[-118.38857,37.9723],[-118.39338,37.97005],[-118.40524,37.97784],[-118.40654,37.98086],[-118.41143,37.98295],[-118.41292,37.98481],[-118.41158,37.98814],[-118.41423,37.99199],[-118.4297,37.99055],[-118.4354,37.98551],[-118.43913,37.97773],[-118.44435,37.97591],[-118.44845,37.97632],[-118.45068,37.97726],[-118.45048,37.97949],[-118.45485,37.98338],[-118.45864,37.98445],[-118.46122,37.98996],[-118.46891,37.99298],[-118.4714,37.99141],[-118.47024,37.98851],[-118.47218,37.98717],[-118.4697,37.98277],[-118.4747,37.97956],[-118.47781,37.97385],[-118.4848,37.97215],[-118.48785,37.9669],[-118.49157,37.96793],[-118.4947,37.96464],[-118.49753,37.96445],[-118.49819,37.96974],[-118.50288,37.97407],[-118.50326,37.98229],[-118.51101,37.98058],[-118.51796,37.98381],[-118.51979,37.98844],[-118.52507,37.98587],[-118.52774,37.98698],[-118.52784,37.99433],[-118.52175,38.00248],[-118.5154,38.00186],[-118.51683,38.01199],[-118.50762,38.01996],[-118.51064,38.02706],[-118.51798,38.0307],[-118.51878,38.03288],[-118.52308,38.03153],[-118.5299,38.03213],[-118.53708,38.02036],[-118.54241,38.02277],[-118.543,38.02925],[-118.54608,38.02492],[-118.55145,38.02841],[-118.55545,38.02968],[-118.55741,38.02764],[-118.55935,38.03052],[-118.56344,38.03063],[-118.56864,38.02685],[-118.57882,38.02604],[-118.58559,38.01905],[-118.59688,38.0121],[-118.59867,38.01279],[-118.59995,38.01897],[-118.60489,38.0185],[-118.61131,38.02031],[-118.61277,38.02298],[-118.62472,38.02401],[-118.62981,38.02],[-118.6403,38.02291],[-118.6411,38.01963],[-118.64588,38.01831],[-118.65645,38.01958],[-118.66099,38.01718],[-118.66484,38.01724],[-118.66859,38.01015],[-118.6747,38.00659],[-118.67575,38.0067],[-118.67554,38.01287],[-118.68562,38.01378],[-118.69758,38.00278],[-118.7068,38.01],[-118.71404,38.00996],[-118.71813,38.01432],[-118.72321,38.01515],[-118.72505,38.01782],[-118.72691,38.02449],[-118.72087,38.02684],[-118.71841,38.02978],[-118.71846,38.03254],[-118.71296,38.03132],[-118.70656,38.04056],[-118.70788,38.04281],[-118.7183,38.04617],[-118.72242,38.04447],[-118.72559,38.04669],[-118.71241,38.05446],[-118.71191,38.05808],[-118.70447,38.06487],[-118.70753,38.06961],[-118.70407,38.08865],[-118.70188,38.0926],[-118.70355,38.09571],[-118.70251,38.09741],[-118.70425,38.09921],[-118.7012,38.10008],[-118.69909,38.10348],[-118.69612,38.10367],[-118.69262,38.10726],[-118.6814,38.10891],[-118.67764,38.10775],[-118.672,38.11117],[-118.65917,38.11355],[-118.65689,38.11666],[-118.6622,38.11831],[-118.66624,38.12263],[-118.66258,38.12683],[-118.66287,38.13064],[-118.67453,38.13738],[-118.67793,38.14624],[-118.68384,38.14909],[-118.69463,38.14662],[-118.69914,38.15203],[-118.69405,38.15546],[-118.68643,38.15571],[-118.67844,38.1627],[-118.67319,38.16418],[-118.67067,38.16904],[-118.67177,38.17337],[-118.6668,38.17944],[-118.66925,38.17874],[-118.67544,38.182],[-118.6801,38.18227],[-118.68035,38.18581],[-118.67826,38.18746],[-118.68227,38.1925],[-118.7016,38.19785],[-118.70454,38.20091],[-118.70491,38.20368],[-118.70442,38.20619],[-118.69624,38.21028],[-118.69439,38.21295],[-118.69358,38.22141],[-118.69112,38.22688],[-118.68645,38.22814],[-118.6808,38.23236],[-118.68068,38.23564],[-118.68264,38.23665],[-118.68377,38.24021],[-118.68227,38.24423],[-118.68422,38.24613],[-118.68538,38.25162],[-118.68393,38.25922],[-118.67697,38.26559],[-118.67813,38.27288],[-118.67578,38.27777],[-118.66146,38.28777],[-118.6622,38.29011],[-118.65925,38.29459],[-118.6619,38.30479],[-118.66502,38.30969],[-118.67755,38.31215],[-118.68253,38.31057],[-118.68373,38.30946],[-118.67998,38.30717],[-118.67819,38.30403],[-118.67853,38.30094],[-118.68119,38.29746],[-118.6885,38.29645],[-118.69257,38.29109],[-118.695,38.29094],[-118.69705,38.29202],[-118.69663,38.29456],[-118.69899,38.29646],[-118.71046,38.29699],[-118.71682,38.30222],[-118.71855,38.30677],[-118.72502,38.30482],[-118.73439,38.30527],[-118.73591,38.30922],[-118.74143,38.3092],[-118.74258,38.3128],[-118.7501,38.31241],[-118.75185,38.31655],[-118.75828,38.31898],[-118.76226,38.32253],[-118.76826,38.32095],[-118.7708,38.31721],[-118.76797,38.3153],[-118.77149,38.3091],[-118.7836,38.30985],[-118.7933,38.30207],[-118.8019,38.29211],[-118.80103,38.28572],[-118.80294,38.27891],[-118.82274,38.28045],[-118.82494,38.27702],[-118.83285,38.27671],[-118.84092,38.27425],[-118.85511,38.26076],[-118.86652,38.26045],[-118.87034,38.26279],[-118.88085,38.262],[-118.88747,38.25661],[-118.88595,38.25045],[-118.88801,38.24915],[-118.89266,38.25132],[-118.90096,38.25144],[-118.91042,38.2558],[-118.91535,38.25347],[-118.91718,38.25087],[-118.92374,38.25056],[-118.92536,38.24643],[-118.93171,38.24392],[-118.93627,38.23325],[-118.93513,38.22467],[-118.93964,38.22231],[-118.94307,38.21565],[-118.9509,38.21167],[-118.9583,38.21076],[-118.96426,38.20091],[-118.97075,38.20085],[-118.97972,38.1924],[-118.98281,38.19357],[-118.99334,38.19134],[-118.99645,38.19334],[-119.00702,38.19504],[-119.01895,38.18955],[-119.02602,38.1922],[-119.02959,38.19977],[-119.0339,38.2018],[-119.03463,38.20392],[-119.0326,38.20499],[-119.03209,38.20768],[-119.03555,38.21261],[-119.03945,38.21511],[-119.04511,38.21771],[-119.05565,38.21723],[-119.06171,38.22368],[-119.06745,38.22657],[-119.07645,38.22667],[-119.08268,38.22461],[-119.08209,38.22027],[-119.06923,38.20486],[-119.06966,38.20208],[-119.07245,38.19992],[-119.0697,38.19699],[-119.06955,38.19298],[-119.07619,38.18649],[-119.0763,38.18084],[-119.08325,38.17754],[-119.07977,38.17405],[-119.08031,38.16776],[-119.08329,38.16612],[-119.07864,38.1599],[-119.07893,38.15151],[-119.0848,38.14916],[-119.08946,38.15162],[-119.09469,38.1513],[-119.11587,38.14566],[-119.123,38.13882],[-119.1302,38.12793],[-119.13023,38.12471],[-119.13981,38.1154],[-119.13921,38.10816],[-119.144,38.10686],[-119.15029,38.10758],[-119.15353,38.10462],[-119.15921,38.10601],[-119.16298,38.11029],[-119.16861,38.11172],[-119.16842,38.11019],[-119.17285,38.10747],[-119.17455,38.09411],[-119.17713,38.08848],[-119.18087,38.08816],[-119.18915,38.08353],[-119.21268,38.06567],[-119.23531,38.05297],[-119.23746,38.05098],[-119.23758,38.04367],[-119.24441,38.04076],[-119.25704,38.03884],[-119.26547,38.03487],[-119.27483,38.03657],[-119.27712,38.03898],[-119.28356,38.03909],[-119.28672,38.03657],[-119.29164,38.03756],[-119.30113,38.03481],[-119.30759,38.03016],[-119.30924,38.03363],[-119.31419,38.03542],[-119.31091,38.03976],[-119.31092,38.04499],[-119.31983,38.04777],[-119.32192,38.05046],[-119.32299,38.05923],[-119.3267,38.06133],[-119.32905,38.06628],[-119.33621,38.06631],[-119.33789,38.06893],[-119.33738,38.07268],[-119.34302,38.07677],[-119.3491,38.08656],[-119.35343,38.08515],[-119.35434,38.08301],[-119.35846,38.08267],[-119.36517,38.091],[-119.37054,38.08836],[-119.37633,38.09416],[-119.38162,38.09289],[-119.38463,38.09793],[-119.38903,38.09845],[-119.39812,38.10682],[-119.40024,38.10547],[-119.41217,38.10792],[-119.41968,38.10737],[-119.42519,38.11],[-119.42597,38.11363],[-119.42874,38.11409],[-119.43129,38.11333],[-119.43598,38.10736],[-119.44208,38.10484],[-119.44223,38.10002],[-119.44029,38.09669],[-119.4416,38.0954],[-119.44733,38.09344],[-119.44802,38.09816],[-119.45093,38.09985],[-119.45424,38.09666],[-119.46028,38.09646],[-119.46401,38.09839],[-119.46596,38.10229],[-119.45827,38.10969],[-119.46248,38.10982],[-119.47305,38.11807],[-119.46925,38.12799],[-119.48821,38.13273],[-119.48922,38.14449],[-119.49715,38.14988],[-119.49547,38.15445],[-119.49641,38.15751],[-119.50355,38.15927],[-119.50541,38.15681],[-119.50498,38.15454],[-119.50797,38.15273],[-119.50602,38.15095],[-119.50461,38.14097],[-119.50713,38.13703],[-119.51564,38.13753],[-119.53217,38.14492],[-119.54689,38.14372],[-119.54817,38.14677],[-119.54588,38.15132],[-119.5466,38.15422],[-119.55788,38.15525],[-119.5644,38.15406],[-119.5677,38.15733],[-119.57733,38.15781],[-119.57957,38.16774],[-119.58223,38.17161],[-119.58005,38.17278],[-119.57981,38.17792],[-119.58656,38.18509],[-119.58923,38.18646],[-119.59643,38.18312],[-119.59898,38.18348],[-119.60468,38.18783],[-119.61257,38.19079],[-119.62137,38.19188],[-119.6291,38.19602],[-119.63147,38.20272],[-119.63075,38.20432],[-119.62706,38.20449],[-119.62516,38.20651],[-119.62485,38.2098],[-119.62689,38.21144],[-119.6243,38.21642],[-119.62731,38.22021],[-119.62527,38.22128],[-119.62509,38.22906],[-119.61952,38.23],[-119.61497,38.23331],[-119.60994,38.23287],[-119.60466,38.23482],[-119.60535,38.2388],[-119.61573,38.24362],[-119.62179,38.25249],[-119.61984,38.25559],[-119.61304,38.25914],[-119.61297,38.26145],[-119.63018,38.26894],[-119.63719,38.27824],[-119.64369,38.27905],[-119.6515,38.28644],[-119.64237,38.29407],[-119.64429,38.29967],[-119.64206,38.30581],[-119.64224,38.31494],[-119.64507,38.31743],[-119.64481,38.32147],[-119.63491,38.32931],[-119.63174,38.33515],[-119.63185,38.34431],[-119.62797,38.34838],[-119.63813,38.3558],[-119.64232,38.36147],[-119.64288,38.3647],[-119.65323,38.37163],[-119.65998,38.38286],[-119.66719,38.38394],[-119.66835,38.3875],[-119.67577,38.39445],[-119.67852,38.40021],[-119.68114,38.40218],[-119.6807,38.40904],[-119.68242,38.41699],[-119.68388,38.41789],[-119.68086,38.42104],[-119.68119,38.42469],[-119.68683,38.43064],[-119.6791,38.43341],[-119.67833,38.43696],[-119.68025,38.44036],[-119.68811,38.44235],[-119.68882,38.44858],[-119.69991,38.45102],[-119.69962,38.45285],[-119.70491,38.45418],[-119.70661,38.45199],[-119.71355,38.45152],[-119.7141,38.44953],[-119.71733,38.44851],[-119.71777,38.44673],[-119.72424,38.44223],[-119.72924,38.44326],[-119.72985,38.44701],[-119.73279,38.44899],[-119.73012,38.46161],[-119.72741,38.46427],[-119.73472,38.4711],[-119.74174,38.47225],[-119.75539,38.47056],[-119.76679,38.47556],[-119.768,38.48572],[-119.75762,38.49157],[-119.77315,38.50124],[-119.77344,38.50534],[-119.7692,38.51108],[-119.77042,38.51501],[-119.76924,38.5166],[-119.77205,38.51829],[-119.78494,38.5191],[-119.78979,38.52238],[-119.78981,38.52859],[-119.79795,38.53508],[-119.79959,38.54016],[-119.80584,38.54339],[-119.80992,38.54289],[-119.81422,38.54549],[-119.8148,38.54768],[-119.81992,38.54729],[-119.82423,38.5518],[-119.82828,38.55084],[-119.82882,38.55278],[-119.83375,38.55283],[-119.83194,38.55647],[-119.83519,38.56159],[-119.83364,38.56839],[-119.83633,38.57192],[-119.83716,38.57916],[-119.84061,38.58218],[-119.84084,38.58574],[-119.84795,38.59758],[-119.85033,38.59824],[-119.85362,38.60264],[-119.85914,38.60043],[-119.86784,38.60105],[-119.8689,38.60332],[-119.87364,38.60424],[-119.87749,38.60214],[-119.87804,38.6042],[-119.88319,38.60579],[-119.88731,38.60329],[-119.89502,38.60385],[-119.89767,38.60199],[-119.89945,38.59745],[-119.90803,38.59629],[-119.9086,38.60149],[-119.91272,38.60206],[-119.91653,38.60758],[-119.92264,38.60821],[-119.92507,38.6118],[-119.9243,38.61498],[-119.91466,38.61966],[-119.91357,38.62284],[-119.91598,38.62577],[-119.92212,38.6261],[-119.92095,38.63106],[-119.9245,38.63573],[-119.92814,38.63605],[-119.93208,38.64007],[-119.9373,38.6393],[-119.94379,38.64059],[-119.9513,38.6453],[-119.95216,38.64844],[-119.95097,38.6525],[-119.95586,38.65532],[-119.95841,38.66043],[-119.96185,38.66279],[-119.96639,38.66266],[-119.97209,38.6564],[-119.97923,38.65765],[-119.9856,38.66275],[-119.98508,38.66635],[-119.98732,38.67234],[-119.98394,38.6752],[-119.98313,38.68577],[-119.9838,38.68827],[-119.98962,38.6921],[-119.98716,38.69577],[-119.99307,38.70096],[-119.99383,38.70493],[-119.9924,38.70848],[-120.00588,38.70411],[-120.01237,38.70866],[-120.01635,38.70882],[-120.02311,38.71449],[-120.02649,38.72163],[-120.03176,38.7244],[-120.03654,38.73456],[-120.05172,38.74009],[-120.05355,38.74969],[-120.05051,38.75289],[-120.05174,38.75921],[-120.04686,38.76027],[-120.04575,38.76541],[-120.04889,38.76679],[-120.04753,38.76908],[-120.05247,38.77335],[-120.04788,38.78436],[-120.04867,38.78809],[-120.05394,38.79073],[-120.05379,38.79529],[-120.04533,38.8029],[-120.03997,38.80298],[-120.03522,38.8066],[-120.02856,38.80648],[-120.02769,38.80832],[-120.03004,38.81352],[-120.02947,38.82247],[-120.03404,38.82703],[-120.04309,38.8317],[-120.05991,38.83234],[-120.0627,38.83107],[-120.07337,38.83277],[-120.09875,38.82945],[-120.10173,38.83307],[-120.10533,38.8339],[-120.10751,38.8382],[-120.10661,38.84356],[-120.11112,38.85261],[-120.12039,38.8589],[-120.12398,38.86684],[-120.13142,38.87009],[-120.13758,38.86909],[-120.13912,38.87166],[-120.14157,38.87201],[-120.14371,38.87528],[-120.14753,38.87726],[-120.14847,38.88052],[-120.15276,38.88489],[-120.15418,38.89036],[-120.15113,38.90043],[-120.15559,38.90504],[-120.15505,38.90856],[-120.16144,38.91456],[-120.16463,38.92269],[-120.16108,38.92799],[-120.14666,38.93427],[-120.14764,38.94054],[-120.15017,38.94377],[-120.14963,38.94648],[-120.15157,38.94827],[-120.14997,38.95467],[-120.14251,38.95912],[-120.14117,38.96567],[-120.1426,38.96824],[-120.14918,38.97014],[-120.15175,38.97331],[-120.15225,38.97708],[-120.15821,38.98138],[-120.16111,38.98199],[-120.16557,38.9785],[-120.17106,38.97774],[-120.1841,38.98281],[-120.18992,38.99131],[-120.19335,38.99319],[-120.19386,38.99727],[-120.19909,39.00695],[-120.20399,39.01169],[-120.20659,39.02023],[-120.19574,39.02468],[-120.18925,39.0292],[-120.1956,39.03739],[-120.19248,39.04584],[-120.19473,39.04783],[-120.20049,39.04816],[-120.20115,39.05494],[-120.19785,39.06677],[-120.19999,39.06347],[-120.2077,39.06113],[-120.21765,39.06376],[-120.22445,39.06359],[-120.23136,39.06671],[-120.23075,39.07288],[-120.23247,39.07623],[-120.25246,39.0841],[-120.24758,39.09419],[-120.24845,39.09913],[-120.23741,39.10363],[-120.23649,39.10892],[-120.23355,39.11248],[-120.24365,39.11941],[-120.24752,39.12471],[-120.24421,39.12905],[-120.24315,39.13425],[-120.24674,39.14065],[-120.24587,39.14796],[-120.24832,39.1497],[-120.24816,39.15254],[-120.25066,39.15479],[-120.25357,39.16324],[-120.25182,39.1668],[-120.24613,39.16972],[-120.2462,39.17486],[-120.25318,39.17832],[-120.25354,39.1814],[-120.26524,39.18281],[-120.26933,39.1803],[-120.27772,39.1881],[-120.27618,39.1933],[-120.28722,39.19825],[-120.27786,39.20711],[-120.27518,39.21362],[-120.26625,39.21511],[-120.2675,39.21787],[-120.26387,39.22295],[-120.26928,39.23083],[-120.26973,39.23476],[-120.27633,39.23871],[-120.28069,39.24465],[-120.28512,39.24478],[-120.28783,39.25178],[-120.29283,39.25688],[-120.29755,39.2587],[-120.29724,39.26558],[-120.30884,39.27343],[-120.31302,39.28159],[-120.32682,39.28819],[-120.31566,39.29855],[-120.3178,39.30342],[-120.31718,39.30559],[-120.32013,39.31014],[-120.32647,39.31477],[-120.32612,39.3171],[-120.32303,39.31973],[-120.32412,39.32328],[-120.3221,39.3248],[-120.32665,39.3283],[-120.33199,39.32967],[-120.33437,39.33181],[-120.33469,39.33524],[-120.33845,39.33719],[-120.33933,39.33975],[-120.33801,39.3439],[-120.34279,39.34564],[-120.34435,39.34833],[-120.34105,39.35513],[-120.34113,39.35919],[-120.35237,39.36643],[-120.3537,39.37224],[-120.35776,39.37908],[-120.36328,39.38146],[-120.36551,39.38425],[-120.36153,39.39103],[-120.36197,39.39448],[-120.35946,39.40149],[-120.3616,39.40474],[-120.36079,39.40801],[-120.36788,39.41375],[-120.36657,39.42059],[-120.36887,39.42156],[-120.36894,39.42428],[-120.3721,39.42646],[-120.3769,39.42505],[-120.38669,39.42861],[-120.39028,39.42529],[-120.39386,39.42589],[-120.41194,39.41881],[-120.41812,39.41882],[-120.41984,39.42182],[-120.41857,39.42579],[-120.4218,39.43001],[-120.42222,39.43572],[-120.42507,39.43344],[-120.43218,39.43261],[-120.43794,39.42961],[-120.4437,39.42439],[-120.45158,39.42352],[-120.45518,39.42466],[-120.45535,39.43267],[-120.46202,39.43387],[-120.46494,39.43717],[-120.46204,39.4496],[-120.4644,39.45585],[-120.4519,39.46194],[-120.45099,39.46718],[-120.44403,39.47606],[-120.44539,39.48024],[-120.43823,39.48253],[-120.43527,39.49534],[-120.44133,39.50595],[-120.44238,39.51156],[-120.43956,39.51473],[-120.4295,39.51672],[-120.42289,39.51731],[-120.41586,39.5158],[-120.41115,39.51728],[-120.40615,39.51187],[-120.39502,39.51437],[-120.39576,39.50963],[-120.38698,39.5055],[-120.38674,39.50248],[-120.38422,39.49974],[-120.37541,39.49646],[-120.36917,39.49677],[-120.3655,39.49873],[-120.36034,39.49611],[-120.35078,39.49941],[-120.34563,39.50498],[-120.3411,39.50514],[-120.33438,39.50203],[-120.31911,39.50206],[-120.30921,39.49779],[-120.29594,39.49955],[-120.28984,39.50331],[-120.28229,39.50473],[-120.26613,39.52068],[-120.26228,39.52067],[-120.25783,39.52373],[-120.25399,39.52014],[-120.24702,39.5252],[-120.23967,39.52682],[-120.23017,39.52358],[-120.22511,39.52843],[-120.22377,39.53624],[-120.21809,39.54087],[-120.21145,39.54341],[-120.20959,39.54494],[-120.2094,39.54786],[-120.20548,39.54974],[-120.20432,39.54287],[-120.19802,39.53935],[-120.19418,39.5394],[-120.18205,39.54183],[-120.17591,39.5453],[-120.17158,39.54517],[-120.16843,39.54795],[-120.15982,39.54743],[-120.14769,39.54919],[-120.13261,39.55614],[-120.1229,39.55737],[-120.12197,39.56102],[-120.1253,39.56458],[-120.12273,39.56611],[-120.12206,39.57158],[-120.11428,39.5698],[-120.10699,39.57385],[-120.10586,39.57565],[-120.10843,39.57941],[-120.10135,39.58743],[-120.10252,39.59343],[-120.08902,39.59165],[-120.07329,39.5966],[-120.07066,39.59931],[-120.06366,39.60164],[-120.05601,39.60056],[-120.03893,39.59298],[-120.03764,39.58977],[-120.03122,39.58401],[-120.02802,39.5856],[-120.02377,39.58517],[-120.01729,39.58063],[-119.99797,39.57936],[-119.99728,39.57657],[-119.98624,39.57445],[-119.98333,39.57581],[-119.98176,39.5789],[-119.97106,39.58104],[-119.96604,39.57955],[-119.95472,39.58411],[-119.95279,39.58839],[-119.94963,39.58795],[-119.93662,39.59202],[-119.92926,39.58181],[-119.92454,39.57946],[-119.9156,39.57846],[-119.91399,39.5753],[-119.90616,39.57533],[-119.89819,39.57014],[-119.89406,39.5736],[-119.88812,39.57188],[-119.88342,39.57583],[-119.87739,39.57396],[-119.87641,39.57557],[-119.87321,39.57537],[-119.86827,39.57905],[-119.86479,39.5796],[-119.86488,39.58331],[-119.85841,39.58353],[-119.8568,39.58912],[-119.84463,39.58728],[-119.84063,39.58923],[-119.8396,39.59305],[-119.83178,39.59187],[-119.82844,39.59548],[-119.81779,39.59637],[-119.8127,39.59894],[-119.80971,39.60274],[-119.80679,39.60302],[-119.80744,39.61254],[-119.80583,39.61562],[-119.80154,39.61655],[-119.8019,39.62184],[-119.80051,39.62318],[-119.80402,39.62605],[-119.80219,39.63445],[-119.79763,39.63594],[-119.79668,39.63812],[-119.78957,39.64265],[-119.77634,39.64505],[-119.77441,39.64835],[-119.77251,39.64877],[-119.76909,39.66109],[-119.7701,39.66625],[-119.76295,39.67041],[-119.7597,39.67669],[-119.75969,39.6788],[-119.76494,39.68411],[-119.77808,39.687],[-119.79538,39.69625],[-119.80189,39.70195],[-119.8055,39.70198],[-119.8072,39.70562],[-119.81001,39.70559],[-119.8108,39.71462],[-119.8135,39.71919],[-119.81786,39.72219],[-119.80909,39.72322],[-119.80045,39.727],[-119.80239,39.73137],[-119.79786,39.73301],[-119.79519,39.73815],[-119.79158,39.74066],[-119.79293,39.74859],[-119.7912,39.74885],[-119.79152,39.75123],[-119.78913,39.75163],[-119.79079,39.75464],[-119.78938,39.76049],[-119.79292,39.76236],[-119.78995,39.76433],[-119.78851,39.77013],[-119.77957,39.77682],[-119.77943,39.77907],[-119.78152,39.7812],[-119.78156,39.78698],[-119.78444,39.79127],[-119.78253,39.79351],[-119.78482,39.79988],[-119.79503,39.80614],[-119.80115,39.80529],[-119.80843,39.8105],[-119.80334,39.81792],[-119.7967,39.82243],[-119.79545,39.82816],[-119.79111,39.83308],[-119.7926,39.83669],[-119.789,39.83981],[-119.78434,39.84967],[-119.77795,39.85723],[-119.77927,39.86169],[-119.7742,39.86333],[-119.76746,39.87131],[-119.76764,39.87779],[-119.77319,39.88527],[-119.7777,39.88564],[-119.78099,39.89119],[-119.79084,39.89239],[-119.79525,39.89938],[-119.79634,39.90472],[-119.80487,39.91277],[-119.81177,39.91136],[-119.81735,39.91435],[-119.82376,39.91472],[-119.82622,39.91971],[-119.83332,39.92255],[-119.83706,39.92763],[-119.84719,39.93312],[-119.84892,39.9359],[-119.84852,39.93899],[-119.85324,39.93892],[-119.85175,39.94181],[-119.85396,39.9459],[-119.84991,39.9511],[-119.83952,39.95073],[-119.83532,39.9521],[-119.83578,39.95572],[-119.83376,39.95889],[-119.82395,39.96197],[-119.81787,39.96135],[-119.81514,39.96339],[-119.81719,39.96469],[-119.81721,39.96676],[-119.81335,39.96897],[-119.80384,39.96701],[-119.78649,39.96946],[-119.77617,39.9772],[-119.77595,39.98234],[-119.77199,39.98861],[-119.75977,39.98985],[-119.75777,39.99336],[-119.74597,39.99404],[-119.74866,40.01298],[-119.75393,40.02457],[-119.75288,40.02881],[-119.7706,40.02783],[-119.7717,40.03253],[-119.77759,40.03796],[-119.77591,40.04237],[-119.77832,40.04796],[-119.78161,40.04799],[-119.7836,40.05008],[-119.78308,40.05275],[-119.77949,40.05471],[-119.78442,40.06279],[-119.78504,40.07128],[-119.7765,40.0803],[-119.7756,40.08469],[-119.78027,40.09571],[-119.78432,40.09606],[-119.7888,40.0993],[-119.79456,40.09928],[-119.79674,40.10227],[-119.79684,40.10422],[-119.7917,40.11117],[-119.7956,40.11333],[-119.79677,40.11968],[-119.79989,40.12135],[-119.79783,40.12414],[-119.80076,40.12775],[-119.79818,40.12873],[-119.79862,40.13137],[-119.8033,40.13573],[-119.80344,40.13764],[-119.79944,40.14517],[-119.80243,40.14965],[-119.80102,40.15267],[-119.79707,40.15219],[-119.79444,40.15644],[-119.78894,40.15548],[-119.78104,40.16089],[-119.78436,40.17029],[-119.78388,40.17387],[-119.78551,40.1756],[-119.7836,40.18118],[-119.7955,40.18735],[-119.78629,40.19758],[-119.78529,40.2011],[-119.78714,40.20605],[-119.78419,40.20828],[-119.78702,40.21313],[-119.79032,40.2147],[-119.79206,40.21902],[-119.78387,40.21927],[-119.78037,40.22319],[-119.76627,40.21792],[-119.76714,40.22178],[-119.75965,40.22621],[-119.75478,40.22578],[-119.74966,40.22271],[-119.7398,40.22794],[-119.72945,40.2269],[-119.72885,40.22991],[-119.73181,40.23211],[-119.73189,40.23506],[-119.73578,40.23994],[-119.74043,40.23935],[-119.75163,40.24217],[-119.75649,40.24116],[-119.76741,40.24582],[-119.76953,40.24748],[-119.77141,40.25328],[-119.77725,40.25695],[-119.78285,40.25542],[-119.78928,40.26143],[-119.79558,40.26436],[-119.79887,40.26859],[-119.80465,40.26952],[-119.81038,40.27406],[-119.81339,40.27044],[-119.8182,40.26921],[-119.82572,40.26919],[-119.82702,40.27336],[-119.83687,40.27113],[-119.84021,40.2663],[-119.84298,40.2659],[-119.84478,40.26366],[-119.84732,40.26715],[-119.85564,40.26616],[-119.85749,40.2649],[-119.85769,40.26226],[-119.86273,40.26002],[-119.86605,40.25126],[-119.87642,40.24403],[-119.88004,40.24687],[-119.88368,40.2474],[-119.89117,40.25404],[-119.89195,40.2569],[-119.89765,40.26144],[-119.89764,40.26319],[-119.90582,40.26759],[-119.90765,40.27979],[-119.91735,40.28341],[-119.92356,40.28345],[-119.92424,40.29065],[-119.9304,40.29519],[-119.93116,40.29946],[-119.93502,40.30338],[-119.92872,40.31463],[-119.93297,40.31764],[-119.93464,40.32495],[-119.93832,40.32942],[-119.94225,40.34047],[-119.94299,40.34729],[-119.94837,40.35225],[-119.94419,40.36097],[-119.93498,40.36333],[-119.93006,40.36184],[-119.93008,40.36522],[-119.92814,40.36803],[-119.92867,40.37239],[-119.91889,40.37522],[-119.91617,40.3843],[-119.91055,40.39264],[-119.91353,40.39307],[-119.91866,40.39858],[-119.91629,40.4008],[-119.91735,40.40354],[-119.91526,40.40561],[-119.91593,40.41149],[-119.91465,40.41365],[-119.91746,40.41477],[-119.91876,40.41741],[-119.91799,40.42453],[-119.92029,40.42595],[-119.92093,40.42873],[-119.93512,40.43014],[-119.93737,40.43472],[-119.93285,40.44282],[-119.92814,40.44568],[-119.92678,40.45017],[-119.93223,40.45189],[-119.9329,40.45712],[-119.93683,40.46035],[-119.93482,40.46811],[-119.93786,40.47321],[-119.94086,40.47449],[-119.9482,40.47383],[-119.95534,40.4763],[-119.95809,40.4737],[-119.96777,40.47499],[-119.9736,40.47922],[-119.97172,40.48424],[-119.97283,40.48663],[-119.97896,40.48915],[-119.99098,40.499],[-119.9937,40.49807],[-119.9919,40.49371],[-120.00424,40.4832],[-120.0136,40.48976],[-120.01911,40.48802],[-120.02254,40.48299],[-120.0331,40.48423],[-120.04287,40.48294],[-120.05005,40.4845],[-120.05046,40.4879],[-120.0527,40.49037],[-120.07366,40.49799],[-120.07799,40.50231],[-120.0793,40.50639],[-120.07553,40.51282],[-120.07186,40.51384],[-120.07468,40.51829],[-120.07443,40.52141],[-120.06985,40.52822],[-120.07267,40.53469],[-120.07815,40.5398],[-120.08373,40.54146],[-120.08625,40.54392],[-120.0931,40.5452],[-120.1001,40.55621],[-120.10471,40.55622],[-120.10866,40.56091],[-120.12372,40.56489],[-120.12436,40.5679],[-120.11836,40.57275],[-120.11603,40.58117],[-120.10883,40.58534],[-120.11241,40.58918],[-120.1131,40.59269],[-120.11669,40.59491],[-120.12099,40.60716],[-120.11434,40.61452],[-120.10796,40.61821],[-120.1069,40.62393],[-120.11836,40.6231],[-120.12624,40.63018],[-120.13568,40.63134],[-120.14644,40.63623],[-120.15359,40.63446],[-120.1558,40.63738],[-120.16471,40.64011],[-120.17238,40.64708],[-120.17676,40.64805],[-120.18197,40.64695],[-120.18903,40.64893],[-120.1934,40.65979],[-120.20167,40.66466],[-120.20841,40.67207],[-120.20854,40.67476],[-120.21048,40.67647],[-120.20768,40.68236],[-120.20899,40.68627],[-120.2137,40.69134],[-120.21166,40.69297],[-120.20284,40.69431],[-120.19393,40.70383],[-120.19377,40.70821],[-120.20102,40.7189],[-120.20921,40.72584],[-120.20827,40.7298],[-120.21449,40.73185],[-120.22879,40.74303],[-120.23824,40.73858],[-120.24245,40.73943],[-120.24503,40.7437],[-120.24229,40.74621],[-120.23717,40.74735],[-120.22502,40.75379],[-120.21213,40.75755],[-120.20567,40.7637],[-120.19337,40.76331],[-120.17542,40.77426],[-120.15698,40.77021],[-120.14405,40.7694],[-120.1131,40.77379],[-120.10359,40.76848],[-120.10042,40.76348],[-120.0858,40.75927],[-120.08407,40.75413],[-120.06837,40.75382],[-120.06732,40.75256],[-120.06821,40.7493],[-120.06074,40.73749],[-120.05754,40.73544],[-120.05637,40.7296],[-120.04756,40.73022],[-120.04148,40.72719],[-120.03187,40.73029],[-120.02505,40.72792],[-120.01822,40.72903],[-120.01606,40.72554],[-120.0182,40.72065],[-120.01074,40.71815],[-120.00838,40.7187],[-120.00049,40.71463],[-119.99844,40.70964],[-119.9929,40.7103],[-119.98793,40.70545],[-119.98815,40.70391],[-119.97791,40.70781],[-119.96892,40.70579],[-119.95813,40.71716],[-119.95565,40.716],[-119.95315,40.71045],[-119.95076,40.71058],[-119.93842,40.71905],[-119.94102,40.72223],[-119.94099,40.72628],[-119.94362,40.72972],[-119.94797,40.74202],[-119.94709,40.74423],[-119.93884,40.74859],[-119.93904,40.75577],[-119.94059,40.75757],[-119.95029,40.7564],[-119.95437,40.76516],[-119.96354,40.76757],[-119.96657,40.77258],[-119.96583,40.7744],[-119.95359,40.78156],[-119.95645,40.78351],[-119.95849,40.78863],[-119.9603,40.80553],[-119.95703,40.81113],[-119.94988,40.81376],[-119.94651,40.81739],[-119.94671,40.82505],[-119.94407,40.82774],[-119.94302,40.83263],[-119.94419,40.84183],[-119.94124,40.84868],[-119.94321,40.85409],[-119.9466,40.85552],[-119.93597,40.85788],[-119.93701,40.86346],[-119.94017,40.86761],[-119.94032,40.87283],[-119.93097,40.8805],[-119.93238,40.89012],[-119.93805,40.89785],[-119.94296,40.90098],[-119.94907,40.90202],[-119.95298,40.90518],[-119.97038,40.90592],[-119.98276,40.91065],[-119.985,40.91592],[-119.99251,40.90924],[-119.99446,40.91075],[-120.0088,40.91298],[-120.00827,40.91755],[-120.01547,40.92221],[-120.01897,40.92758],[-120.01876,40.93139],[-120.02617,40.93663],[-120.03789,40.93754],[-120.04461,40.93429],[-120.05051,40.93429],[-120.05095,40.93822],[-120.05538,40.94283],[-120.05678,40.95193],[-120.06282,40.95817],[-120.06312,40.96467],[-120.06897,40.96851],[-120.0677,40.97269],[-120.08716,40.97925],[-120.10122,40.98065],[-120.10458,40.98296],[-120.10626,40.98935],[-120.11274,40.99335],[-120.11214,40.99647],[-120.11679,40.99895],[-120.12268,40.99701],[-120.12439,41.0153],[-120.12334,41.01973],[-120.1286,41.02092],[-120.13312,41.02403],[-120.13264,41.02882],[-120.13561,41.033],[-120.13357,41.04077],[-120.12913,41.04811],[-120.12905,41.05368],[-120.12614,41.05459],[-120.12511,41.05803],[-120.11054,41.0647],[-120.10406,41.06511],[-120.10077,41.07242],[-120.09677,41.07261],[-120.09096,41.08035],[-120.08766,41.08152],[-120.07823,41.07934],[-120.07711,41.08362],[-120.0691,41.08508],[-120.0686,41.09047],[-120.06256,41.09269],[-120.05818,41.09128],[-120.05368,41.09518],[-120.04761,41.09432],[-120.04465,41.09935],[-120.04377,41.10578],[-120.03721,41.10047],[-120.0269,41.10213],[-120.02534,41.09828],[-120.01949,41.09903],[-120.01223,41.10485],[-120.00863,41.10402],[-120.00922,41.10091],[-120.00452,41.09877],[-120.00227,41.09361],[-119.99931,41.09227],[-120.00334,41.08816],[-119.99738,41.078],[-119.98531,41.08596],[-119.98096,41.09226],[-119.97371,41.09581],[-119.95867,41.09222],[-119.94739,41.09549],[-119.93918,41.0936],[-119.93341,41.09466],[-119.90485,41.08781],[-119.89539,41.08746],[-119.88983,41.09637],[-119.88201,41.10101],[-119.87008,41.10108],[-119.86386,41.10277],[-119.86251,41.10778],[-119.85812,41.11028],[-119.85557,41.10965],[-119.85058,41.11748],[-119.85019,41.12037],[-119.85557,41.12373],[-119.85602,41.12703],[-119.85324,41.13086],[-119.8495,41.14433],[-119.85502,41.15203],[-119.86403,41.15537],[-119.87692,41.15754],[-119.885,41.15517],[-119.88781,41.1506],[-119.89598,41.15206],[-119.899,41.15041],[-119.90244,41.15083],[-119.90209,41.15197],[-119.90651,41.1556],[-119.90539,41.15861],[-119.91467,41.16297],[-119.91435,41.16618],[-119.9229,41.17235],[-119.92204,41.17896],[-119.9332,41.183],[-119.93748,41.19075],[-119.94228,41.19215],[-119.95055,41.19831],[-119.9538,41.21044],[-119.95109,41.21394],[-119.95214,41.21839],[-119.94869,41.22118],[-119.95051,41.22989],[-119.94735,41.23482],[-119.95381,41.24417],[-119.95245,41.24732],[-119.94652,41.25153],[-119.94495,41.26222],[-119.93972,41.26591],[-119.94268,41.26953],[-119.94221,41.27137],[-119.93552,41.2757],[-119.93312,41.28336],[-119.92958,41.28579],[-119.92679,41.28225],[-119.91766,41.27946],[-119.91269,41.28895],[-119.9147,41.29313],[-119.91183,41.29571],[-119.90877,41.30396],[-119.90384,41.30666],[-119.90294,41.31056],[-119.89932,41.31282],[-119.90402,41.31842],[-119.90307,41.32496],[-119.90685,41.33014],[-119.91268,41.3292],[-119.91557,41.33041],[-119.91658,41.33629],[-119.91997,41.33624],[-119.92787,41.34018],[-119.92881,41.34555],[-119.93537,41.34644],[-119.93872,41.34899],[-119.94025,41.35275],[-119.95181,41.36079],[-119.94291,41.37185],[-119.94241,41.37528],[-119.94534,41.37591],[-119.94203,41.38536],[-119.94282,41.38937],[-119.93769,41.39446],[-119.93832,41.3966],[-119.94482,41.40019],[-119.94059,41.41374],[-119.94222,41.42818],[-119.93316,41.43895],[-119.94122,41.45407],[-119.92832,41.45573],[-119.92598,41.4584],[-119.92286,41.45913],[-119.92001,41.46328],[-119.91311,41.46645],[-119.9041,41.4827],[-119.89717,41.49128],[-119.9142,41.50232],[-119.91966,41.50278],[-119.92428,41.49952],[-119.92718,41.50002],[-119.92891,41.50426],[-119.93563,41.50819],[-119.93671,41.51162],[-119.93497,41.51924],[-119.92937,41.52417],[-119.93397,41.53566],[-119.93362,41.54458],[-119.92438,41.56091],[-119.92477,41.56356],[-119.91289,41.56792],[-119.902,41.56854],[-119.89517,41.57379],[-119.89258,41.57745],[-119.89385,41.57996],[-119.89071,41.58894],[-119.888,41.5916],[-119.89109,41.59477],[-119.89032,41.59793],[-119.89335,41.59947],[-119.89503,41.60297],[-119.89891,41.60437],[-119.90508,41.61207],[-119.9109,41.61596],[-119.91072,41.61947],[-119.91834,41.62045],[-119.91393,41.62762],[-119.91653,41.63324],[-119.90822,41.63783],[-119.90349,41.63786],[-119.90068,41.64158],[-119.90203,41.64573],[-119.90089,41.65037],[-119.90322,41.65391],[-119.90946,41.65488],[-119.90824,41.65622],[-119.90894,41.66466],[-119.91214,41.66616],[-119.91234,41.66807],[-119.91045,41.67122],[-119.89892,41.67962],[-119.89935,41.68204],[-119.89671,41.68561],[-119.89657,41.69109],[-119.89331,41.701],[-119.89741,41.71399],[-119.89431,41.72233],[-119.89652,41.73107],[-119.90994,41.74706],[-119.91259,41.75452],[-119.91627,41.75809],[-119.915,41.76376],[-119.91779,41.76823],[-119.91519,41.77177],[-119.90899,41.7745],[-119.9081,41.77912],[-119.90365,41.78334],[-119.90693,41.78717],[-119.90656,41.78915],[-119.90011,41.79065],[-119.89512,41.79504],[-119.89409,41.79819],[-119.88039,41.80871],[-119.87064,41.822],[-119.88474,41.82498],[-119.8906,41.81965],[-119.89249,41.8221],[-119.89653,41.82335],[-119.90493,41.81833],[-119.90914,41.81752],[-119.91648,41.81914],[-119.92078,41.82285],[-119.92596,41.82417],[-119.93576,41.81336],[-119.93799,41.81344],[-119.94337,41.81742],[-119.94997,41.82732],[-119.94957,41.82914],[-119.94355,41.83215],[-119.94409,41.83976],[-119.94925,41.83838],[-119.95432,41.83901],[-119.95599,41.84368],[-119.95426,41.85421],[-119.95697,41.86761],[-119.9716,41.8678],[-119.97753,41.87635],[-119.98364,41.88118],[-119.99387,41.88263],[-119.99395,41.88532],[-119.9988,41.88491],[-120.00954,41.88953],[-120.01513,41.89635],[-120.01673,41.90101],[-120.01892,41.89731],[-120.02222,41.89574],[-120.01896,41.89524],[-120.01717,41.89039],[-120.02136,41.88837],[-120.03143,41.88916],[-120.03576,41.88554],[-120.04912,41.89925],[-120.06069,41.90108],[-120.06471,41.90359],[-120.06761,41.90945],[-120.06751,41.91356],[-120.07219,41.91793],[-120.07169,41.91964],[-120.06833,41.92083],[-120.06994,41.92392],[-120.07433,41.92786],[-120.08164,41.92918],[-120.08389,41.93236],[-120.08853,41.9345],[-120.0923,41.94427],[-120.10611,41.95229],[-120.11172,41.95359],[-120.11404,41.95787],[-120.11352,41.96187],[-120.1184,41.96367],[-120.12067,41.9626],[-120.12452,41.95899],[-120.12528,41.95611],[-120.13575,41.95035],[-120.1359,41.94755],[-120.14752,41.94846],[-120.15104,41.95304],[-120.15469,41.95345],[-120.15894,41.95634],[-120.16239,41.96244],[-120.16671,41.96567],[-120.1651,41.96877],[-120.16589,41.97136],[-120.17353,41.97205],[-120.17535,41.97471],[-120.18398,41.97437],[-120.19435,41.98001],[-120.19226,41.98379],[-120.19308,41.98548],[-120.20174,41.99018],[-120.20948,41.99223],[-120.2074,41.99613],[-120.20881,42.00421],[-120.20085,42.00756],[-120.20862,42.01078],[-120.21858,42.00849],[-120.22253,42.01046],[-120.22206,42.0165],[-120.21635,42.02158],[-120.21995,42.02528],[-120.21989,42.02982],[-120.22565,42.03857],[-120.22973,42.04061],[-120.22921,42.04319],[-120.2388,42.05127],[-120.23764,42.05595],[-120.24038,42.06111],[-120.23964,42.06773],[-120.24399,42.07444],[-120.24134,42.07861],[-120.242,42.08276],[-120.23836,42.08471],[-120.23943,42.08808],[-120.23793,42.0969],[-120.24029,42.10149],[-120.23629,42.1045],[-120.24062,42.13036],[-120.24501,42.13866],[-120.25171,42.1422],[-120.25971,42.15234],[-120.26741,42.15465],[-120.26961,42.16159],[-120.27235,42.16197],[-120.27492,42.1647],[-120.27494,42.17045],[-120.27844,42.17304],[-120.2777,42.17592],[-120.28024,42.18092],[-120.28078,42.1872],[-120.28441,42.19213],[-120.28358,42.19818],[-120.28101,42.20047],[-120.28416,42.20606],[-120.2932,42.21226],[-120.29478,42.21579],[-120.29892,42.21905],[-120.29799,42.22201],[-120.30124,42.23073],[-120.29505,42.23349],[-120.28543,42.2347],[-120.28469,42.23649],[-120.28884,42.24186],[-120.28946,42.24503],[-120.29839,42.24908],[-120.29678,42.25208],[-120.29729,42.25593],[-120.28925,42.26017],[-120.28212,42.26083],[-120.27668,42.25714],[-120.26844,42.25994],[-120.26597,42.26319],[-120.26674,42.26733],[-120.26465,42.26887],[-120.2644,42.27146],[-120.26132,42.27313],[-120.26046,42.2762],[-120.28569,42.27558],[-120.29339,42.27671],[-120.31122,42.29801],[-120.30959,42.30447],[-120.31308,42.30943],[-120.31188,42.31089],[-120.31907,42.30821],[-120.32281,42.30937],[-120.32179,42.31149],[-120.32754,42.3157],[-120.32635,42.31775],[-120.32796,42.32153],[-120.32525,42.32536],[-120.31409,42.33264],[-120.31677,42.33436],[-120.31826,42.33924],[-120.32509,42.34373],[-120.33399,42.35585],[-120.33833,42.35886],[-120.33824,42.36383],[-120.34825,42.373],[-120.34721,42.37788],[-120.35418,42.38184],[-120.35846,42.38232],[-120.35953,42.38492],[-120.36902,42.391],[-120.38158,42.38786],[-120.38879,42.39077],[-120.3955,42.39988],[-120.40452,42.40378],[-120.40866,42.40882],[-120.41449,42.41078],[-120.41786,42.41765],[-120.42061,42.41884],[-120.42329,42.42303],[-120.43179,42.42467],[-120.4336,42.43062],[-120.44461,42.42636],[-120.44684,42.42974],[-120.45421,42.42905],[-120.45665,42.43194],[-120.46007,42.43249],[-120.4621,42.43039],[-120.46951,42.4285],[-120.46778,42.42202],[-120.46375,42.41535],[-120.47023,42.409],[-120.47548,42.40734],[-120.48425,42.41177],[-120.50005,42.40904],[-120.50382,42.40157],[-120.49818,42.3988],[-120.49706,42.39443],[-120.50527,42.39109],[-120.50866,42.39201],[-120.51221,42.39011],[-120.52339,42.39045],[-120.53219,42.38605],[-120.53083,42.38312],[-120.53778,42.3795],[-120.54134,42.37488],[-120.53806,42.36995],[-120.54455,42.36435],[-120.55122,42.36646],[-120.55616,42.36271],[-120.57461,42.36347],[-120.58061,42.36824],[-120.58824,42.36932],[-120.59341,42.37547],[-120.59514,42.38132],[-120.59694,42.37765],[-120.59595,42.37275],[-120.59936,42.36941],[-120.60578,42.36731],[-120.61389,42.36699],[-120.61574,42.36824],[-120.62128,42.36655],[-120.62653,42.37042],[-120.63204,42.37181],[-120.633,42.36387],[-120.6361,42.36187],[-120.64248,42.3624],[-120.64545,42.35761],[-120.65223,42.35511],[-120.65292,42.35008],[-120.66174,42.35145],[-120.66443,42.34721],[-120.67092,42.34904],[-120.6735,42.34807],[-120.681,42.35565],[-120.68698,42.35919],[-120.69488,42.36809],[-120.70113,42.38309],[-120.70464,42.38722],[-120.71385,42.3915],[-120.71521,42.39845],[-120.71757,42.40165],[-120.71667,42.40436],[-120.72606,42.4133],[-120.72238,42.41795],[-120.73693,42.42488],[-120.74587,42.42538],[-120.75469,42.42927],[-120.7595,42.43712],[-120.77596,42.44662],[-120.7658,42.4529],[-120.76588,42.45724],[-120.76155,42.46368],[-120.76599,42.47151],[-120.76648,42.47724],[-120.76517,42.48056],[-120.76819,42.48301],[-120.78808,42.48864],[-120.8041,42.48752],[-120.81589,42.48814],[-120.82324,42.49037],[-120.84036,42.48417],[-120.84697,42.47907],[-120.85258,42.47928],[-120.86074,42.48308],[-120.87013,42.48261],[-120.87763,42.49362],[-120.87732,42.49703],[-120.87479,42.50016],[-120.87068,42.50036],[-120.86452,42.50397],[-120.86139,42.51051],[-120.85734,42.51174],[-120.85684,42.51356],[-120.84689,42.51455],[-120.84155,42.51979],[-120.84141,42.52285],[-120.83422,42.52569],[-120.82017,42.52239],[-120.80782,42.5257],[-120.79108,42.53704],[-120.79045,42.54559],[-120.78804,42.54817],[-120.783,42.55],[-120.77435,42.54873],[-120.76581,42.55154],[-120.76693,42.55531],[-120.77678,42.56123],[-120.78119,42.56701],[-120.77546,42.57444],[-120.78467,42.58091],[-120.78526,42.58555],[-120.79183,42.59018],[-120.78935,42.5936],[-120.79627,42.6015],[-120.79143,42.60562],[-120.79249,42.60819],[-120.79662,42.61272],[-120.80134,42.6127],[-120.80543,42.61527],[-120.79699,42.62268],[-120.78774,42.62615],[-120.78416,42.63332],[-120.77844,42.63193],[-120.7735,42.63537],[-120.76623,42.63675],[-120.76512,42.64126],[-120.75957,42.64915],[-120.75446,42.64726],[-120.75142,42.64788],[-120.74626,42.64479],[-120.74093,42.6449],[-120.73495,42.64034],[-120.72509,42.64524],[-120.73143,42.65818],[-120.74753,42.6736],[-120.76242,42.6797],[-120.76529,42.6794],[-120.77146,42.68413],[-120.77586,42.69068],[-120.78456,42.69157],[-120.79682,42.69903],[-120.79899,42.71112],[-120.80392,42.71835],[-120.80457,42.72459],[-120.81171,42.72793],[-120.81755,42.73671],[-120.81206,42.75657],[-120.82745,42.75912],[-120.83415,42.76246],[-120.8379,42.76633],[-120.84179,42.77439],[-120.84146,42.7771],[-120.83731,42.78572],[-120.83342,42.78857],[-120.82926,42.79477],[-120.83263,42.7999],[-120.8331,42.80586],[-120.83659,42.80755],[-120.83573,42.81429],[-120.84064,42.82094],[-120.83932,42.82315],[-120.84093,42.82811],[-120.84028,42.83198],[-120.83582,42.83677],[-120.85089,42.83561],[-120.85765,42.83744],[-120.87449,42.83744],[-120.88219,42.83822],[-120.89447,42.84246],[-120.91127,42.83929],[-120.91559,42.84254],[-120.9318,42.84268],[-120.94227,42.84672],[-120.94573,42.84582],[-120.95048,42.84131],[-120.95586,42.8399],[-120.96232,42.84517],[-120.9679,42.84411],[-120.97359,42.84534],[-120.9855,42.852],[-121.00098,42.85554],[-121.00951,42.85986],[-121.01406,42.86635],[-121.02138,42.87029],[-121.02105,42.87701],[-121.01884,42.87946],[-121.02286,42.88221],[-121.04001,42.88379],[-121.0584,42.88061],[-121.06081,42.88337],[-121.07185,42.88374],[-121.08613,42.87867],[-121.08694,42.87656],[-121.08449,42.87241],[-121.09209,42.87227],[-121.09907,42.88295],[-121.10761,42.88707],[-121.11105,42.89188],[-121.11465,42.89191],[-121.13368,42.88777],[-121.15858,42.88739],[-121.16241,42.88614],[-121.16702,42.88068],[-121.17058,42.87939],[-121.1758,42.88127],[-121.18336,42.89174],[-121.18833,42.89473],[-121.20012,42.89587],[-121.20631,42.89448],[-121.22008,42.89489],[-121.22865,42.89895],[-121.23636,42.90618],[-121.24337,42.90557],[-121.25024,42.90753],[-121.25136,42.90997],[-121.26146,42.9115],[-121.27408,42.92147],[-121.29743,42.93058],[-121.29877,42.93943],[-121.29674,42.94281],[-121.29836,42.94413],[-121.30387,42.94571],[-121.30807,42.9448],[-121.31673,42.94601],[-121.32222,42.94207],[-121.32819,42.94229],[-121.32925,42.93984],[-121.33524,42.93755],[-121.3483,42.93544],[-121.34917,42.95033],[-121.35209,42.95345],[-121.35277,42.95837],[-121.34791,42.96265],[-121.34752,42.96486],[-121.35218,42.96907],[-121.34508,42.97139],[-121.34701,42.98071],[-121.33439,42.98441],[-121.34226,42.98575],[-121.34522,42.99087],[-121.34844,42.99242],[-121.35711,43.00234],[-121.3547,43.01027],[-121.36624,43.03745],[-121.38497,43.05156],[-121.3895,43.05884],[-121.38868,43.06452],[-121.39435,43.06561],[-121.40459,43.07525],[-121.41544,43.07344],[-121.42294,43.07536],[-121.42569,43.07848],[-121.42348,43.08266],[-121.42412,43.08474],[-121.4286,43.08993],[-121.43233,43.09046],[-121.43465,43.09263],[-121.43541,43.09786],[-121.44226,43.09879],[-121.44653,43.10445],[-121.45253,43.10359],[-121.45911,43.10548],[-121.46445,43.10493],[-121.46644,43.10668],[-121.46711,43.1108],[-121.46356,43.11333],[-121.46249,43.11959],[-121.45978,43.12114],[-121.46187,43.12611],[-121.45986,43.12769],[-121.45926,43.13147],[-121.46451,43.13755],[-121.46691,43.14636],[-121.46419,43.15185],[-121.4592,43.15705],[-121.46458,43.16694],[-121.4667,43.17516],[-121.47116,43.176],[-121.47671,43.18425],[-121.48777,43.18988],[-121.49513,43.19673],[-121.50681,43.20069],[-121.51305,43.20574],[-121.5145,43.20741],[-121.51401,43.21259],[-121.51895,43.21421],[-121.51849,43.21685],[-121.52244,43.22461],[-121.53419,43.22722],[-121.54164,43.22635],[-121.56379,43.22856],[-121.57391,43.23689],[-121.57461,43.23928],[-121.572,43.24349],[-121.57655,43.24849],[-121.57495,43.25472],[-121.57791,43.26053],[-121.57033,43.26394],[-121.56995,43.26936],[-121.56808,43.27152],[-121.55906,43.27444],[-121.55621,43.28523],[-121.56168,43.29402],[-121.56152,43.29777],[-121.56731,43.30503],[-121.57284,43.30688],[-121.57486,43.31205],[-121.57997,43.31422],[-121.58203,43.31937],[-121.58524,43.32222],[-121.58896,43.32251],[-121.59082,43.32504],[-121.59413,43.32613],[-121.59586,43.32935],[-121.60172,43.33237],[-121.6085,43.32998],[-121.60732,43.3264],[-121.61003,43.32182],[-121.61867,43.3192],[-121.62175,43.31449],[-121.62687,43.3153],[-121.63022,43.31398],[-121.63068,43.30917],[-121.63443,43.3067],[-121.63919,43.30548],[-121.64762,43.30942],[-121.64955,43.31348],[-121.64661,43.31896],[-121.642,43.32142],[-121.64353,43.32347],[-121.63676,43.3426],[-121.65044,43.33967],[-121.65807,43.33255],[-121.65799,43.32439],[-121.67507,43.31614],[-121.67844,43.31095],[-121.6832,43.31047],[-121.68876,43.30673],[-121.69645,43.30497],[-121.71705,43.30497],[-121.71628,43.29699],[-121.71126,43.29378],[-121.70576,43.2873],[-121.70594,43.27752],[-121.71118,43.26129],[-121.71073,43.25447],[-121.71481,43.24948],[-121.72185,43.2468],[-121.71755,43.24257],[-121.72051,43.23515],[-121.71939,43.23099],[-121.72675,43.22918],[-121.7288,43.2254],[-121.74024,43.22546],[-121.74265,43.22792],[-121.75309,43.22286],[-121.76297,43.22459],[-121.75645,43.23559],[-121.75414,43.24426],[-121.75443,43.24633],[-121.76041,43.24787],[-121.76652,43.24721],[-121.76798,43.24267],[-121.77376,43.23964],[-121.7797,43.24155],[-121.78316,43.23628],[-121.78782,43.23501],[-121.79333,43.22997],[-121.79696,43.22152],[-121.80501,43.22679],[-121.80642,43.2297],[-121.81648,43.23248],[-121.81583,43.23552],[-121.82035,43.23647],[-121.82293,43.24025],[-121.82782,43.24162],[-121.83622,43.24011],[-121.84571,43.24123],[-121.84862,43.24568],[-121.85285,43.24595],[-121.87157,43.25555],[-121.8803,43.26062],[-121.88411,43.26474],[-121.91695,43.27217],[-121.92076,43.27588],[-121.92554,43.27642],[-121.93881,43.27267],[-121.94347,43.26646],[-121.94457,43.26147],[-121.95482,43.2569],[-121.96929,43.25755],[-121.97421,43.2617],[-121.98519,43.25735],[-121.99294,43.25096],[-121.99253,43.24894],[-121.9967,43.24012],[-122.00226,43.23453],[-122.0116,43.23431],[-122.01589,43.22691],[-122.02324,43.22459],[-122.02788,43.22001],[-122.03735,43.2175],[-122.04076,43.21802],[-122.03966,43.21411],[-122.03363,43.20697],[-122.04094,43.19791],[-122.03899,43.19131],[-122.0446,43.18676],[-122.04808,43.1789],[-122.0539,43.17291],[-122.05466,43.16876],[-122.05224,43.16531],[-122.05432,43.16209],[-122.05363,43.15782],[-122.0663,43.15276],[-122.06716,43.14961],[-122.06417,43.14256],[-122.06519,43.13571],[-122.0682,43.13147],[-122.07568,43.12592],[-122.07717,43.11795],[-122.0799,43.11592],[-122.08346,43.10864],[-122.08297,43.10339],[-122.0868,43.10023],[-122.0864,43.09684],[-122.08869,43.09483],[-122.08697,43.09149],[-122.09215,43.08684],[-122.09397,43.07745],[-122.08971,43.07284],[-122.07878,43.06916],[-122.0707,43.06436],[-122.06806,43.05136],[-122.06427,43.04945],[-122.06431,43.04731],[-122.06573,43.04455],[-122.08087,43.04384],[-122.09014,43.03911],[-122.09257,43.03204],[-122.09647,43.02913],[-122.09307,43.02256],[-122.09651,43.01649],[-122.10412,43.01424],[-122.10665,43.00707],[-122.11793,43.00028],[-122.12173,42.99259],[-122.12349,42.97862],[-122.13272,42.97599],[-122.13421,42.97278],[-122.14577,42.97046],[-122.15037,42.96501],[-122.16013,42.96008],[-122.16923,42.95181],[-122.16879,42.94577],[-122.17223,42.9429],[-122.16968,42.94052],[-122.16953,42.93157],[-122.16453,42.9218],[-122.15971,42.91738],[-122.14344,42.90947],[-122.14416,42.90189],[-122.14652,42.89824],[-122.14861,42.88915],[-122.15899,42.87944],[-122.16352,42.87834],[-122.17948,42.88027],[-122.18049,42.87499],[-122.18373,42.87258],[-122.18308,42.86856],[-122.18943,42.86453],[-122.18,42.86115],[-122.17882,42.85287],[-122.18443,42.84981],[-122.18887,42.85103],[-122.18638,42.8411],[-122.19229,42.83877],[-122.18939,42.83414],[-122.17872,42.83126],[-122.17998,42.83007],[-122.17931,42.82669],[-122.18307,42.82113],[-122.17981,42.81816],[-122.1734,42.80504],[-122.17588,42.79592],[-122.17466,42.7839],[-122.18616,42.7664],[-122.18484,42.75809],[-122.18049,42.75498],[-122.17895,42.75074],[-122.18414,42.74655],[-122.1831,42.7441],[-122.18503,42.73982],[-122.18301,42.73486],[-122.18428,42.72947],[-122.18331,42.72599],[-122.18644,42.72218],[-122.18514,42.7153],[-122.18908,42.71148],[-122.18895,42.7069],[-122.19474,42.70397],[-122.18185,42.69653],[-122.17717,42.68797],[-122.17494,42.68649],[-122.17309,42.675],[-122.16621,42.66219],[-122.16901,42.65711],[-122.16825,42.65475],[-122.17803,42.65463],[-122.19883,42.64893],[-122.20609,42.64138],[-122.21426,42.64305],[-122.22477,42.637],[-122.22239,42.63254],[-122.21741,42.6297],[-122.21479,42.62582],[-122.21435,42.6218],[-122.21776,42.61199],[-122.21666,42.60316],[-122.21484,42.60012],[-122.21613,42.5963],[-122.22447,42.58926],[-122.22926,42.57767],[-122.22004,42.57269],[-122.21654,42.56615],[-122.21485,42.55957],[-122.21221,42.55599],[-122.21399,42.54429],[-122.22938,42.54518],[-122.22985,42.53434],[-122.22657,42.52784],[-122.22849,42.52545],[-122.2279,42.51644],[-122.23139,42.51148],[-122.23112,42.50804],[-122.23493,42.50612],[-122.23594,42.50252],[-122.24555,42.50145],[-122.24644,42.50355],[-122.25126,42.50369],[-122.26925,42.49869],[-122.28601,42.49838],[-122.28184,42.49364],[-122.28011,42.48856],[-122.27936,42.47369],[-122.28617,42.46916],[-122.29917,42.45547],[-122.31536,42.44453],[-122.30858,42.44194],[-122.30395,42.44208],[-122.28755,42.43482],[-122.28748,42.43317],[-122.28243,42.43049],[-122.28328,42.42913],[-122.28135,42.4241],[-122.27701,42.42149],[-122.27723,42.41762],[-122.27144,42.41152],[-122.27229,42.40824],[-122.26746,42.40576],[-122.26959,42.4036],[-122.26706,42.39077],[-122.27168,42.3892],[-122.26832,42.38562],[-122.2669,42.37929],[-122.27051,42.36401],[-122.25035,42.35814],[-122.24225,42.3585],[-122.23287,42.35588],[-122.23104,42.35365],[-122.23083,42.35148],[-122.23406,42.34833],[-122.23444,42.3398],[-122.23636,42.33791],[-122.23383,42.33586],[-122.23445,42.32675],[-122.26371,42.30816],[-122.26374,42.30389],[-122.26691,42.30279],[-122.26862,42.29929],[-122.2667,42.29295],[-122.26066,42.29093],[-122.25865,42.28688],[-122.24827,42.28192],[-122.25661,42.27699],[-122.25628,42.27562],[-122.2607,42.27454],[-122.26564,42.26596],[-122.27024,42.26371],[-122.27292,42.25774],[-122.27091,42.25615],[-122.27065,42.25342],[-122.27342,42.25114],[-122.28038,42.25196],[-122.28869,42.2478],[-122.29429,42.24828],[-122.30456,42.24506],[-122.31199,42.24718],[-122.31723,42.24582],[-122.32061,42.24756],[-122.31975,42.25125],[-122.32313,42.25834],[-122.33251,42.26215],[-122.33457,42.26595],[-122.3428,42.27094],[-122.35345,42.26985],[-122.37336,42.27368],[-122.37597,42.27335],[-122.3764,42.27178],[-122.38507,42.27224],[-122.38674,42.27582],[-122.38483,42.27704],[-122.38866,42.28218],[-122.38804,42.28463],[-122.38967,42.28804],[-122.39395,42.29137],[-122.39791,42.29173],[-122.39661,42.29547],[-122.39862,42.29621],[-122.39814,42.29966],[-122.40042,42.30364],[-122.40302,42.30253],[-122.40302,42.29926],[-122.4081,42.29367],[-122.41181,42.29331],[-122.41257,42.29478],[-122.41893,42.29308],[-122.42193,42.29063],[-122.42198,42.28264],[-122.42658,42.2818],[-122.43286,42.27745],[-122.44321,42.27544],[-122.44721,42.27091],[-122.44091,42.26908],[-122.45704,42.26278],[-122.45294,42.25825],[-122.45052,42.2485],[-122.43811,42.24803],[-122.43535,42.24518],[-122.43756,42.24146],[-122.43487,42.23799],[-122.43848,42.23597],[-122.44315,42.23579],[-122.44635,42.23025],[-122.45363,42.2313],[-122.45709,42.22525],[-122.48213,42.22247],[-122.49072,42.21812],[-122.49526,42.21764],[-122.50241,42.21137],[-122.50416,42.20607],[-122.50124,42.20175],[-122.50487,42.19709],[-122.50592,42.18821],[-122.49971,42.18138],[-122.50357,42.16893],[-122.50061,42.16263],[-122.49638,42.15853],[-122.49835,42.156],[-122.50482,42.15585],[-122.50807,42.15012],[-122.50654,42.14706],[-122.50754,42.14317],[-122.50375,42.13957],[-122.49364,42.13982],[-122.48869,42.13784],[-122.48293,42.13245],[-122.48241,42.12647],[-122.4782,42.12315],[-122.47735,42.11646],[-122.47946,42.11303],[-122.47559,42.10714],[-122.476,42.09912],[-122.47458,42.09647],[-122.4824,42.08841],[-122.48235,42.08143],[-122.47974,42.07741],[-122.47638,42.07555],[-122.47974,42.06427],[-122.49005,42.06525],[-122.49333,42.06306],[-122.49579,42.06341],[-122.50031,42.0577],[-122.51333,42.0548],[-122.52126,42.0422],[-122.52749,42.04322],[-122.53442,42.04069],[-122.54353,42.04304],[-122.5531,42.04032],[-122.55475,42.03636],[-122.5598,42.03418],[-122.56082,42.03065],[-122.57555,42.03013],[-122.57392,42.03348],[-122.57951,42.03995],[-122.57976,42.04287],[-122.58377,42.04676],[-122.58535,42.05103],[-122.59542,42.04991],[-122.60549,42.05524],[-122.60608,42.05919],[-122.61101,42.06206],[-122.6112,42.06585],[-122.6152,42.06869],[-122.61729,42.07627],[-122.61654,42.08098],[-122.62131,42.08342],[-122.63141,42.08311],[-122.64413,42.07739],[-122.65631,42.07415],[-122.6597,42.07023],[-122.66833,42.06673],[-122.67711,42.07027],[-122.68234,42.06897],[-122.6966,42.07213],[-122.70113,42.07781],[-122.70112,42.08167],[-122.71463,42.07996],[-122.72036,42.08127],[-122.72574,42.08474],[-122.73301,42.08611],[-122.73629,42.08311],[-122.75039,42.07729],[-122.75885,42.06854],[-122.76488,42.06664],[-122.7726,42.06823],[-122.77782,42.06744],[-122.78599,42.06307],[-122.79499,42.06176],[-122.79604,42.05108],[-122.79737,42.04999],[-122.81748,42.05192],[-122.82453,42.04922],[-122.84163,42.05262],[-122.85937,42.04548],[-122.86191,42.04229],[-122.86264,42.03708],[-122.87745,42.03319],[-122.87551,42.0232],[-122.88722,42.01775],[-122.88965,42.0145],[-122.88855,42.00939],[-122.89584,42.00634],[-122.89744,41.99737],[-122.89936,41.99477],[-122.91361,41.98737],[-122.93097,41.97448],[-122.93861,41.97114],[-122.94118,41.96636],[-122.94469,41.96525],[-122.94684,41.96192],[-122.95756,41.95447],[-122.95657,41.94958],[-122.96035,41.9447],[-122.96082,41.9361],[-122.96506,41.93203],[-122.9721,41.93283],[-122.97927,41.93752],[-122.99152,41.9305],[-123.00031,41.93133],[-123.00559,41.93398],[-123.00635,41.93897],[-123.01084,41.94459],[-123.01172,41.94854],[-123.0164,41.94911],[-123.02307,41.94706],[-123.02995,41.95048],[-123.05085,41.95227],[-123.05676,41.95425],[-123.06758,41.95379],[-123.07279,41.95581],[-123.07885,41.95387],[-123.07878,41.95129],[-123.10094,41.94688],[-123.11452,41.93714],[-123.13864,41.94204],[-123.15172,41.94097],[-123.15737,41.93685],[-123.16442,41.93965],[-123.17099,41.93428],[-123.1793,41.93393],[-123.18599,41.92912],[-123.1855,41.92612],[-123.18934,41.92015],[-123.19937,41.92068],[-123.20281,41.91719],[-123.21466,41.91907],[-123.22286,41.92216],[-123.22675,41.92087],[-123.24176,41.92406],[-123.24867,41.92806],[-123.2528,41.93302],[-123.2609,41.93561],[-123.2686,41.9435],[-123.27454,41.94561],[-123.27663,41.94848],[-123.28669,41.94749],[-123.29273,41.94996],[-123.30369,41.94591],[-123.30276,41.96189],[-123.31014,41.96777],[-123.32143,41.96962],[-123.32524,41.97346],[-123.33167,41.97249],[-123.33722,41.97383],[-123.34313,41.98174],[-123.34183,41.98432],[-123.34301,41.99031],[-123.34622,41.99205],[-123.34839,41.99782],[-123.35209,42.00022],[-123.35579,42.00026],[-123.36264,42.00425],[-123.37133,42.00236],[-123.37436,42.0074],[-123.37808,42.00968],[-123.38593,42.0057],[-123.39591,42.00315],[-123.40106,42.00565],[-123.40803,42.00624],[-123.41633,42.00412],[-123.42155,42.00604],[-123.42333,42.01055],[-123.42854,42.01155],[-123.43588,42.01767],[-123.44169,42.01772],[-123.44582,42.01581],[-123.45455,42.018],[-123.45939,42.01617],[-123.45745,42.01011],[-123.46981,42.01077],[-123.47924,42.00927],[-123.48274,42.01038],[-123.4863,42.00774],[-123.49494,42.00673],[-123.50449,42.00049],[-123.51826,42.00047],[-123.52052,41.99829],[-123.51968,41.99546],[-123.53902,41.98816],[-123.54096,41.98526],[-123.53659,41.97813],[-123.53578,41.97398],[-123.53735,41.96979],[-123.53376,41.96498],[-123.53308,41.95511],[-123.54466,41.94232],[-123.5444,41.9399],[-123.54783,41.93838],[-123.54879,41.93349],[-123.55442,41.93019],[-123.55384,41.91397],[-123.55699,41.91134],[-123.55954,41.90598],[-123.56523,41.9032],[-123.57373,41.90425],[-123.57816,41.90308],[-123.59361,41.90629],[-123.59964,41.89894],[-123.59736,41.89431],[-123.60483,41.88802],[-123.60555,41.88134],[-123.61185,41.88086],[-123.61976,41.88314],[-123.62444,41.88844],[-123.63645,41.88752],[-123.63951,41.89039],[-123.63596,41.8941],[-123.63583,41.89884],[-123.63981,41.90358],[-123.64852,41.90713],[-123.64903,41.9158],[-123.65233,41.92023],[-123.65074,41.92311],[-123.6522,41.9315],[-123.65064,41.9362],[-123.6528,41.93937],[-123.67434,41.9391],[-123.68353,41.94219],[-123.6842,41.94537],[-123.6868,41.94719],[-123.69288,41.94986],[-123.69745,41.94992],[-123.70709,41.95592],[-123.71255,41.95441],[-123.71993,41.95622],[-123.72723,41.95442],[-123.74053,41.96373],[-123.74269,41.96791],[-123.74704,41.97093],[-123.76747,41.97427],[-123.77211,41.97819],[-123.77577,41.97793],[-123.78195,41.97416],[-123.78897,41.97992],[-123.78981,41.98429],[-123.78816,41.98651],[-123.78998,41.98734],[-123.79108,41.99157],[-123.78837,41.99627],[-123.79125,42.00061],[-123.79791,42.00179],[-123.8061,41.99787],[-123.81797,41.99875],[-123.82873,42.00235],[-123.82931,42.00496],[-123.82663,42.00915],[-123.83861,42.01531],[-123.83998,42.01759],[-123.83756,42.02031],[-123.83654,42.02401],[-123.83759,42.02735],[-123.83611,42.0292],[-123.84449,42.03337],[-123.84916,42.04434],[-123.84851,42.04665],[-123.84317,42.04897],[-123.8407,42.05183],[-123.83859,42.05762],[-123.84138,42.05968],[-123.83415,42.06258],[-123.83419,42.06601],[-123.82979,42.06847],[-123.82739,42.07208],[-123.82813,42.07368],[-123.82489,42.08445],[-123.82199,42.08657],[-123.82954,42.09729],[-123.83217,42.10792],[-123.8367,42.10962],[-123.84017,42.11678],[-123.83926,42.12468],[-123.85019,42.12695],[-123.85609,42.13323],[-123.8609,42.1354],[-123.86935,42.13197],[-123.87291,42.12909],[-123.87407,42.12433],[-123.87609,42.12331],[-123.88281,42.127],[-123.88987,42.12636],[-123.90323,42.12935],[-123.9062,42.13192],[-123.91894,42.12814],[-123.92459,42.13263],[-123.94207,42.13574],[-123.94668,42.14177],[-123.95111,42.14405],[-123.96143,42.14129],[-123.97901,42.12713],[-123.98708,42.11535],[-123.99056,42.11404],[-123.9957,42.115],[-124.00324,42.11302],[-124.00746,42.11859],[-124.01822,42.12216],[-124.02283,42.12079],[-124.02473,42.12248],[-124.02943,42.12262],[-124.03307,42.1197],[-124.0239,42.10687],[-124.02055,42.10564],[-124.01531,42.09568],[-124.01562,42.08751],[-124.01894,42.08478],[-124.02427,42.08338],[-124.02434,42.08017],[-124.02798,42.07508],[-124.029,42.0707],[-124.02854,42.0678],[-124.02362,42.06271],[-124.02329,42.05742],[-124.01861,42.05319],[-124.02357,42.04833],[-124.02307,42.03992],[-124.02003,42.03458],[-124.01989,42.02992],[-124.02814,42.02216],[-124.02769,42.01851],[-124.03,42.01449],[-124.03332,42.01436],[-124.03644,42.01178],[-124.04448,42.01221],[-124.05145,42.00269],[-124.05142,41.99524],[-124.06024,41.98503],[-124.06041,41.9819],[-124.06911,41.97458],[-124.09193,41.97136],[-124.10069,41.96242],[-124.13427,41.96852],[-124.14409,41.9692],[-124.14816,41.96757],[-124.15359,41.96871],[-124.15558,41.96668],[-124.15482,41.96345],[-124.15652,41.96254],[-124.15649,41.95422],[-124.1686,41.94995],[-124.18011,41.95215],[-124.18447,41.94975],[-124.1974,41.95461],[-124.20872,41.94936],[-124.28764,41.94876],[-124.29046,41.93675],[-124.28952,41.92339],[-124.28521,41.91253],[-124.27548,41.89878],[-124.28515,41.85956],[-124.29984,41.86069],[-124.31497,41.85939],[-124.32695,41.87218],[-124.34264,41.88118],[-124.36232,41.88654],[-124.3823,41.88719],[-124.40253,41.88313],[-124.42109,41.8741],[-124.43426,41.86193],[-124.44198,41.84646],[-124.4427,41.83066],[-124.43641,41.81483],[-124.42753,41.80461],[-124.4147,41.79581],[-124.40184,41.779],[-124.39201,41.77039],[-124.37985,41.76366],[-124.36543,41.75903],[-124.32814,41.73306],[-124.31341,41.72769],[-124.29807,41.7252],[-124.27099,41.70713],[-124.24831,41.696],[-124.21213,41.68422],[-124.21079,41.6789],[-124.21267,41.67007],[-124.21302,41.6562],[-124.2096,41.635],[-124.20253,41.6208],[-124.19108,41.60911],[-124.19091,41.5996],[-124.18864,41.59093],[-124.18996,41.57708],[-124.18807,41.5676],[-124.18428,41.55936],[-124.17815,41.55119],[-124.17236,41.53594],[-124.1603,41.52266],[-124.14281,41.48274],[-124.1358,41.46397],[-124.13492,41.44672],[-124.13064,41.42862],[-124.13783,41.38042],[-124.15345,41.38716],[-124.17023,41.39043],[-124.18758,41.39031],[-124.20428,41.38682],[-124.21922,41.38019],[-124.23137,41.37087],[-124.23989,41.3595],[-124.24422,41.34685],[-124.24434,41.33553],[-124.24108,41.32447],[-124.2346,41.31425],[-124.22442,41.30478],[-124.2115,41.29745],[-124.1955,41.29245],[-124.17949,41.29076],[-124.16241,41.29221],[-124.1604,41.28643],[-124.17047,41.27281],[-124.17492,41.26383],[-124.17776,41.24667],[-124.17731,41.22923],[-124.19632,41.18672],[-124.22061,41.17733],[-124.23472,41.16838],[-124.24599,41.15525],[-124.25134,41.14012],[-124.25002,41.12315],[-124.25228,41.11253],[-124.25154,41.1013],[-124.24753,41.09039],[-124.24098,41.08111],[-124.23238,41.04722],[-124.22692,41.03857],[-124.21428,41.02602],[-124.20484,41.01297],[-124.19542,41.00533],[-124.18505,40.99974],[-124.18797,40.9863],[-124.20871,40.92264],[-124.23,40.87805],[-124.26724,40.81934],[-124.2723,40.81252],[-124.2832,40.80647],[-124.29467,40.79711],[-124.30392,40.78605],[-124.30943,40.77187],[-124.30914,40.75653],[-124.34072,40.71514],[-124.37182,40.66791],[-124.41353,40.59436],[-124.42857,40.56341],[-124.44318,40.55261],[-124.46018,40.53144],[-124.46595,40.51552],[-124.46474,40.49946],[-124.48058,40.4984],[-124.4963,40.49437],[-124.50908,40.48862],[-124.52057,40.48015],[-124.52853,40.47059],[-124.53372,40.45905],[-124.5351,40.4469],[-124.53259,40.43486],[-124.52455,40.42141],[-124.51172,40.41033],[-124.49522,40.40261],[-124.47545,40.39883],[-124.4711,40.38931],[-124.46404,40.38035],[-124.45215,40.37108],[-124.44311,40.36169],[-124.43274,40.3548],[-124.43345,40.34542],[-124.43108,40.32556],[-124.42353,40.30708],[-124.42925,40.29519],[-124.43275,40.27692],[-124.43397,40.26697],[-124.43342,40.24595],[-124.42963,40.23233],[-124.42041,40.21934],[-124.40463,40.20783],[-124.38434,40.20085],[-124.33527,40.16255],[-124.31882,40.15537],[-124.29022,40.13771],[-124.27699,40.13245],[-124.26559,40.12074],[-124.22682,40.08924],[-124.19924,40.07689],[-124.16229,40.06649],[-124.1488,40.05565],[-124.14518,40.05103],[-124.1471,40.02934],[-124.14543,40.01808],[-124.13999,40.00663],[-124.13043,39.99524],[-124.12067,39.98676],[-124.10477,39.97726],[-124.09148,39.97239],[-124.07629,39.96954],[-124.06759,39.95913],[-124.05415,39.94872],[-124.0482,39.9407],[-124.0331,39.92599],[-124.02711,39.91561],[-124.01041,39.89459],[-123.98328,39.87138],[-123.97184,39.8455],[-123.9619,39.83154],[-123.93225,39.80897],[-123.91285,39.79936],[-123.90631,39.78271],[-123.90823,39.75823],[-123.89545,39.70702],[-123.8859,39.69224],[-123.8608,39.67031],[-123.85437,39.61701],[-123.85771,39.60555],[-123.85742,39.59336],[-123.85488,39.58486],[-123.84445,39.56307],[-123.83872,39.54566],[-123.84431,39.5326],[-123.85391,39.52556],[-123.86279,39.51621],[-123.86807,39.50851],[-123.87179,39.49936],[-123.87258,39.48215],[-123.8808,39.46389],[-123.88661,39.44314],[-123.88553,39.41799],[-123.88766,39.40783],[-123.88872,39.38689],[-123.89302,39.37261],[-123.89362,39.34225],[-123.88928,39.33052],[-123.88079,39.31889],[-123.8794,39.30345],[-123.86951,39.28137],[-123.86187,39.25387],[-123.85695,39.24507],[-123.84766,39.23369],[-123.8452,39.20737],[-123.83668,39.18273],[-123.8284,39.16986],[-123.8076,39.14637],[-123.8066,39.13549],[-123.8027,39.12252],[-123.785,39.09711],[-123.78477,39.08636],[-123.78174,39.07617],[-123.7694,39.0585],[-123.76229,39.04485],[-123.75996,39.01954],[-123.7657,39.0079],[-123.78335,39.00017],[-123.79569,38.99134],[-123.80514,38.97952],[-123.81005,38.96613],[-123.81057,38.95654],[-123.80847,38.94621],[-123.80366,38.93644],[-123.79494,38.92549],[-123.78897,38.90481],[-123.78286,38.89529],[-123.77555,38.88758],[-123.76038,38.87668],[-123.74991,38.86593],[-123.73883,38.85901],[-123.72737,38.84682],[-123.71173,38.83785],[-123.70401,38.82358],[-123.6894,38.80442],[-123.68177,38.79691],[-123.67194,38.79008],[-123.66006,38.78475],[-123.65083,38.77383],[-123.63271,38.76025],[-123.6215,38.75455],[-123.60909,38.75073],[-123.5947,38.73962],[-123.58681,38.72688],[-123.57987,38.71897],[-123.55807,38.70316],[-123.54713,38.69716],[-123.53152,38.69173],[-123.505,38.6761],[-123.49978,38.67067],[-123.496,38.66119],[-123.49015,38.65276],[-123.47314,38.63857],[-123.46638,38.62836],[-123.45663,38.61947],[-123.44875,38.60674],[-123.43372,38.59352],[-123.42873,38.58325],[-123.42117,38.57398],[-123.40055,38.55871],[-123.38924,38.53967],[-123.3801,38.5298],[-123.3682,38.52197],[-123.35367,38.51647],[-123.34445,38.50926],[-123.33187,38.50259],[-123.32123,38.49474],[-123.30675,38.47907],[-123.29595,38.47156],[-123.27998,38.4652],[-123.26401,38.45611],[-123.23904,38.44644],[-123.2219,38.4426],[-123.21873,38.44052],[-123.2044,38.42865],[-123.19939,38.4189],[-123.19146,38.40917],[-123.17417,38.39749],[-123.16714,38.39035],[-123.15135,38.36832],[-123.13432,38.34807],[-123.14035,38.33642],[-123.1425,38.32413],[-123.14053,38.31085],[-123.13497,38.29885],[-123.11592,38.2713],[-123.10437,38.26135],[-123.09335,38.25486],[-123.05799,38.22187],[-123.05095,38.20585],[-123.03191,38.18261],[-123.03028,38.17134],[-123.02571,38.16091],[-123.01498,38.14825],[-123.02568,38.11843],[-123.04696,38.06984],[-123.06249,38.03872],[-123.07358,38.02939],[-123.08198,38.01789],[-123.08656,38.00629],[-123.08793,37.99572],[-123.08645,37.98489],[-123.08236,37.97494],[-123.07574,37.96588],[-123.06697,37.95808],[-123.05736,37.95224],[-123.04548,37.94765],[-123.01714,37.94337],[-123.01419,37.94334],[-123.00573,37.99338],[-123.01419,37.94334]],[[-122.53052,37.8608],[-122.53041,37.86076],[-122.53047,37.86078],[-122.53052,37.8608]],[[-122.78418,38.00322],[-122.78409,38.00327],[-122.78414,38.00324],[-122.78418,38.00322]],[[-122.83926,38.05987],[-122.83925,38.05982],[-122.83928,38.05991],[-122.83926,38.05987]]],[[[-122.78795,38.01562],[-122.78802,38.01561],[-122.78788,38.0156],[-122.78795,38.01562]]],[[[-120.32049,34.11081],[-120.33961,34.12103],[-120.34677,34.13305],[-120.35798,34.14342],[-120.3695,34.14975],[-120.38227,34.15372],[-120.39489,34.15521],[-120.40816,34.15437],[-120.42071,34.15123],[-120.43172,34.14615],[-120.44154,34.13903],[-120.44911,34.13066],[-120.45476,34.12034],[-120.45738,34.11004],[-120.46505,34.12711],[-120.47964,34.14084],[-120.50092,34.15024],[-120.52285,34.15262],[-120.54537,34.14796],[-120.5642,34.13656],[-120.57122,34.12894],[-120.57674,34.11952],[-120.57965,34.11013],[-120.58035,34.10055],[-120.5788,34.0908],[-120.57509,34.08161],[-120.56235,34.06627],[-120.54427,34.05594],[-120.52172,34.0511],[-120.52201,34.03713],[-120.51725,34.02287],[-120.50233,33.99909],[-120.4867,33.9863],[-120.47462,33.98106],[-120.45319,33.97569],[-120.42493,33.97521],[-120.40825,33.97668],[-120.38841,33.96868],[-120.36644,33.96406],[-120.3493,33.96454],[-120.33169,33.96921],[-120.31515,33.9684],[-120.29864,33.97007],[-120.28737,33.96021],[-120.2747,33.95243],[-120.2718,33.93466],[-120.2619,33.91908],[-120.24987,33.9094],[-120.23455,33.90245],[-120.228,33.89294],[-120.21853,33.88429],[-120.19697,33.87236],[-120.1781,33.86484],[-120.14906,33.85029],[-120.13718,33.84615],[-120.12486,33.84415],[-120.10857,33.8441],[-120.09174,33.84752],[-120.07842,33.85285],[-120.06802,33.85935],[-120.05183,33.86327],[-120.03564,33.86497],[-120.02384,33.86855],[-119.98938,33.88912],[-119.98062,33.89184],[-119.95447,33.8932],[-119.93969,33.89756],[-119.92676,33.90497],[-119.91711,33.91422],[-119.91006,33.926],[-119.90698,33.93812],[-119.89522,33.93314],[-119.88354,33.92368],[-119.85867,33.9077],[-119.84741,33.90292],[-119.83611,33.90032],[-119.81393,33.90048],[-119.80179,33.90357],[-119.78925,33.90922],[-119.77595,33.91038],[-119.75671,33.90889],[-119.74033,33.91125],[-119.72667,33.9089],[-119.71307,33.9092],[-119.69041,33.91524],[-119.64379,33.93527],[-119.58162,33.93927],[-119.56173,33.94494],[-119.54797,33.94622],[-119.53262,33.95037],[-119.52153,33.95528],[-119.51263,33.96139],[-119.49867,33.97506],[-119.4926,33.98332],[-119.47635,33.97103],[-119.43924,33.95566],[-119.39129,33.95236],[-119.37266,33.95454],[-119.35928,33.95933],[-119.34945,33.96477],[-119.32833,33.97131],[-119.31539,33.97871],[-119.3076,33.98579],[-119.30157,33.99397],[-119.29748,34.00286],[-119.29537,34.0123],[-119.29668,34.02794],[-119.30372,34.04247],[-119.31581,34.05448],[-119.33256,34.06334],[-119.34769,34.06684],[-119.36632,34.06751],[-119.38593,34.06507],[-119.39766,34.06172],[-119.41244,34.06533],[-119.43515,34.06693],[-119.44761,34.06547],[-119.46859,34.06008],[-119.47767,34.06977],[-119.49751,34.0838],[-119.5381,34.10161],[-119.55546,34.10564],[-119.59436,34.10322],[-119.61035,34.09962],[-119.6319,34.08863],[-119.64716,34.07887],[-119.65755,34.06992],[-119.67403,34.08226],[-119.68387,34.08769],[-119.70266,34.09447],[-119.72117,34.09845],[-119.73174,34.10389],[-119.74265,34.10729],[-119.75823,34.109],[-119.80548,34.10732],[-119.84507,34.1204],[-119.87649,34.12495],[-119.89338,34.12497],[-119.91148,34.12803],[-119.92432,34.12822],[-119.93568,34.12647],[-119.94735,34.12254],[-119.95778,34.11668],[-119.96601,34.10972],[-119.9853,34.07996],[-119.989,34.0702],[-119.99034,34.06067],[-120.00224,34.07336],[-120.01838,34.08244],[-120.03604,34.08735],[-120.05646,34.08807],[-120.08005,34.08406],[-120.10363,34.07217],[-120.13543,34.07689],[-120.16253,34.07343],[-120.17852,34.06781],[-120.19257,34.05811],[-120.19775,34.05753],[-120.21273,34.06047],[-120.2264,34.06119],[-120.25621,34.05777],[-120.27453,34.07582],[-120.28093,34.0865],[-120.28941,34.09538],[-120.30097,34.10289],[-120.32049,34.11081]]],[[[-118.5752,33.5261],[-118.60075,33.52935],[-118.61554,33.5289],[-118.63229,33.52466],[-118.64703,33.51649],[-118.65826,33.50506],[-118.66502,33.49137],[-118.66675,33.4775],[-118.66338,33.46029],[-118.6595,33.45112],[-118.65369,33.44285],[-118.63408,33.42637],[-118.6213,33.40912],[-118.61137,33.40019],[-118.58113,33.38534],[-118.56907,33.38263],[-118.55566,33.38213],[-118.54541,33.37877],[-118.54855,33.35423],[-118.54678,33.34502],[-118.54103,33.32976],[-118.53152,33.31491],[-118.51882,33.30049],[-118.50591,33.28874],[-118.49564,33.28215],[-118.48162,33.27602],[-118.45379,33.26923],[-118.42213,33.26583],[-118.40098,33.26899],[-118.38663,33.26901],[-118.35228,33.25119],[-118.34049,33.24778],[-118.32916,33.24653],[-118.30965,33.24869],[-118.28548,33.25788],[-118.26623,33.26956],[-118.25491,33.2806],[-118.24692,33.296],[-118.24374,33.31799],[-118.24501,33.33033],[-118.25159,33.34818],[-118.2589,33.36143],[-118.26913,33.37358],[-118.28852,33.3933],[-118.30681,33.40781],[-118.3088,33.41914],[-118.31339,33.42917],[-118.32027,33.43808],[-118.33023,33.44658],[-118.34191,33.45356],[-118.36673,33.46427],[-118.40486,33.47544],[-118.42321,33.47789],[-118.43831,33.48628],[-118.445,33.49489],[-118.45387,33.50232],[-118.47022,33.51023],[-118.48333,33.51308],[-118.49669,33.51339],[-118.51151,33.52217],[-118.52827,33.52687],[-118.54293,33.52751],[-118.55789,33.525],[-118.5752,33.5261]]],[[[-118.56871,33.08489],[-118.58317,33.08796],[-118.59767,33.08796],[-118.62943,33.08272],[-118.64487,33.07722],[-118.65774,33.06844],[-118.6668,33.05774],[-118.67223,33.04549],[-118.67366,33.0316],[-118.67114,33.01957],[-118.66547,33.00874],[-118.65981,32.99258],[-118.65055,32.98103],[-118.63694,32.97155],[-118.62721,32.94616],[-118.60962,32.92574],[-118.60415,32.904],[-118.59573,32.88741],[-118.56344,32.8491],[-118.5572,32.83252],[-118.54997,32.82195],[-118.53491,32.80879],[-118.51026,32.79673],[-118.49746,32.78872],[-118.48767,32.78023],[-118.4792,32.76892],[-118.47028,32.76165],[-118.45262,32.75286],[-118.43786,32.74893],[-118.4224,32.74836],[-118.40792,32.75099],[-118.39668,32.75541],[-118.38326,32.76429],[-118.37649,32.76677],[-118.35848,32.76495],[-118.3361,32.76825],[-118.32201,32.77393],[-118.30503,32.78543],[-118.29309,32.80065],[-118.28845,32.81761],[-118.29095,32.83488],[-118.3003,32.85038],[-118.32583,32.87351],[-118.40762,32.93356],[-118.42004,32.94626],[-118.45036,32.96551],[-118.45979,32.97585],[-118.47195,32.99325],[-118.48988,33.01168],[-118.49545,33.02446],[-118.50523,33.03596],[-118.51228,33.05054],[-118.52048,33.05954],[-118.5434,33.07657],[-118.56871,33.08489]]],[[[-119.49515,33.32886],[-119.51361,33.33677],[-119.53487,33.33892],[-119.55118,33.33626],[-119.57063,33.3283],[-119.61054,33.32768],[-119.63046,33.32288],[-119.64794,33.31201],[-119.65961,33.29661],[-119.66394,33.27872],[-119.66052,33.26084],[-119.65471,33.25061],[-119.64625,33.24154],[-119.63496,33.23386],[-119.62157,33.22864],[-119.60971,33.21286],[-119.58147,33.1922],[-119.56754,33.18585],[-119.54686,33.18177],[-119.53556,33.17669],[-119.51264,33.17015],[-119.47307,33.16442],[-119.44455,33.16731],[-119.41369,33.17451],[-119.38881,33.18631],[-119.3784,33.19353],[-119.36682,33.20794],[-119.3618,33.22482],[-119.36395,33.24241],[-119.37302,33.25805],[-119.38157,33.26607],[-119.39559,33.27398],[-119.42641,33.29785],[-119.44015,33.30485],[-119.48366,33.32057],[-119.49515,33.32886]]],[[[-123.03283,37.77981],[-123.04242,37.79544],[-123.05817,37.80752],[-123.08597,37.8203],[-123.09991,37.82275],[-123.11338,37.82275],[-123.12628,37.82057],[-123.13737,37.81675],[-123.14734,37.81131],[-123.15695,37.80356],[-123.16362,37.79556],[-123.16824,37.78669],[-123.17064,37.77729],[-123.17082,37.76735],[-123.16821,37.75621],[-123.16251,37.74582],[-123.15476,37.73736],[-123.14041,37.72641],[-123.11912,37.71668],[-123.09249,37.71337],[-123.08564,37.70142],[-123.07584,37.69183],[-123.0726,37.68163],[-123.0674,37.67297],[-123.05896,37.66367],[-123.0489,37.65646],[-123.02886,37.64731],[-123.00957,37.64347],[-122.98876,37.64477],[-122.96917,37.65131],[-122.95058,37.66483],[-122.93965,37.68049],[-122.93682,37.68982],[-122.9363,37.70037],[-122.93765,37.7099],[-122.94086,37.71825],[-122.95396,37.73642],[-122.96366,37.74387],[-122.9745,37.74929],[-122.98135,37.75838],[-122.99118,37.76661],[-123.00808,37.77468],[-123.03233,37.77833],[-123.03283,37.77981]]],[[[-119.04849,33.41299],[-119.02032,33.41628],[-118.99997,33.42382],[-118.99101,33.4298],[-118.98219,33.43835],[-118.97244,33.45474],[-118.96745,33.47576],[-118.96845,33.49443],[-118.97163,33.50552],[-118.97766,33.51567],[-118.98553,33.52381],[-118.99531,33.53046],[-119.00705,33.53547],[-119.02217,33.53875],[-119.03683,33.53875],[-119.07466,33.52865],[-119.086,33.52236],[-119.09536,33.5141],[-119.10181,33.50508],[-119.10642,33.49389],[-119.10863,33.4834],[-119.10953,33.45977],[-119.10666,33.44781],[-119.10094,33.43733],[-119.09121,33.42708],[-119.07867,33.4193],[-119.06398,33.41447],[-119.04849,33.41299]]],[[[-119.69455,33.31194],[-119.68217,33.31322],[-119.67132,33.31626],[-119.65249,33.3273],[-119.64515,33.33503],[-119.63948,33.34436],[-119.63637,33.35372],[-119.63547,33.36351],[-119.63698,33.37391],[-119.64061,33.38302],[-119.64684,33.39209],[-119.65443,33.39928],[-119.67393,33.40953],[-119.68599,33.41225],[-119.69759,33.41283],[-119.70894,33.41157],[-119.72074,33.40816],[-119.73061,33.40329],[-119.73949,33.39667],[-119.74645,33.38905],[-119.75159,33.38038],[-119.75473,33.37087],[-119.75562,33.36129],[-119.75432,33.35175],[-119.75045,33.34179],[-119.74481,33.33344],[-119.73725,33.32599],[-119.72742,33.31955],[-119.71718,33.31526],[-119.69455,33.31194]]]]}}],"source":"https://hydro.nationalmap.gov/arcgis/rest/services/wbd/MapServer/1","scope":"west-huc2","filter":"SUBSTRING(huc2, 1, 2) >= '14' AND SUBSTRING(huc2, 1, 2) <= '18'","unit_count":5,"geometry":{"coordinate_system":"WGS 84 (EPSG:4326)","max_allowable_offset_degrees":0.001,"coordinate_decimal_places":5}}
