{"type":"FeatureCollection","name":"U.S. Drought Monitor current conditions","source":"https://services5.arcgis.com/0OTVzJS4K09zlixn/arcgis/rest/services/USDM_current/FeatureServer/0","attribution":"U.S. Drought Monitor, produced by the National Drought Mitigation Center, the U.S. Department of Agriculture, and the National Oceanic and Atmospheric Administration","map_date":"2026-08-11","release_date":"2026-08-13","geometry":{"coordinate_system":"WGS 84 (EPSG:4326)","max_allowable_offset_degrees":0.005,"coordinate_decimal_places":5},"features":[{"type":"Feature","id":1608,"geometry":{"type":"MultiPolygon","coordinates":[[[[-66.47576,18.39781],[-66.48557,18.36838],[-66.52088,18.35073],[-66.5248,18.34092],[-66.51303,18.33111],[-66.51871,18.30462],[-66.55321,18.24573],[-66.57456,18.24322],[-66.62603,18.20429],[-66.69509,18.17165],[-66.75284,18.16537],[-66.86082,18.17542],[-66.93364,18.16286],[-66.97743,18.12645],[-67.12802,18.14007],[-67.18365,18.11675],[-67.18667,18.1347],[-67.17861,18.14391],[-67.06234,18.15258],[-67.03103,18.17383],[-66.97508,18.17291],[-66.88091,18.18546],[-66.71894,18.18421],[-66.64863,18.21309],[-66.62545,18.23988],[-66.58287,18.26066],[-66.56945,18.29221],[-66.59659,18.30772],[-66.62372,18.36586],[-66.6683,18.38718],[-66.68186,18.4085],[-66.70836,18.40971],[-66.73668,18.37427],[-66.75237,18.37427],[-66.77395,18.39585],[-66.91324,18.46843],[-66.96228,18.4802],[-66.97242,18.4908],[-66.90149,18.48331],[-66.86741,18.49195],[-66.82889,18.48658],[-66.77988,18.49131],[-66.74601,18.47566],[-66.71141,18.47241],[-66.68567,18.44489],[-66.56796,18.40173],[-66.49734,18.4135],[-66.47576,18.39781]]],[[[-97.20808,26.30463],[-97.19611,26.30237],[-97.18038,26.2195],[-97.20096,26.24673],[-97.19771,26.28168],[-97.20808,26.30463]]],[[[-97.33876,26.30668],[-97.3394,26.31872],[-97.33454,26.31258],[-97.33876,26.30668]]],[[[-97.32906,26.32631],[-97.33671,26.3242],[-97.32941,26.33141],[-97.32906,26.32631]]],[[[-97.37611,26.3904],[-97.39517,26.39504],[-97.39487,26.4052],[-97.38406,26.41186],[-97.38486,26.40171],[-97.37188,26.39676],[-97.37611,26.3904]]],[[[-97.39313,26.4292],[-97.39918,26.42981],[-97.39805,26.43395],[-97.39313,26.4292]]],[[[-97.41843,26.42844],[-97.43011,26.42688],[-97.41513,26.43761],[-97.41843,26.42844]]],[[[-97.41665,26.44296],[-97.42307,26.44243],[-97.42302,26.44432],[-97.41665,26.44296]]],[[[-97.45758,26.4553],[-97.46566,26.45549],[-97.46228,26.46401],[-97.45758,26.4553]]],[[[-81.68743,25.89443],[-81.69487,25.8983],[-81.6828,25.89849],[-81.68743,25.89443]]],[[[-81.69873,25.88496],[-81.69352,25.89225],[-81.67324,25.88022],[-81.67085,25.86555],[-81.68006,25.84673],[-81.72118,25.90132],[-81.71482,25.90384],[-81.69873,25.88496]]],[[[-81.66963,25.88384],[-81.68199,25.89106],[-81.66264,25.90128],[-81.66963,25.88384]]],[[[-81.74662,25.97583],[-81.75575,26.01213],[-81.73171,25.98892],[-81.74662,25.97583]]],[[[-97.4669,27.05405],[-97.46974,27.04534],[-97.47182,27.06017],[-97.4669,27.05405]]],[[[-97.45185,27.06384],[-97.45911,27.0594],[-97.4533,27.08371],[-97.45185,27.06384]]],[[[-97.44946,27.09285],[-97.4576,27.09351],[-97.44911,27.10483],[-97.44946,27.09285]]],[[[-97.3782,26.97388],[-97.37749,26.96588],[-97.38603,26.97325],[-97.38973,26.99632],[-97.39254,27.10529],[-97.3842,27.12815],[-97.39272,27.13344],[-97.38338,27.18902],[-97.37278,27.20213],[-97.36719,27.20153],[-97.37809,27.11139],[-97.3782,26.97388]]],[[[-99.17442,27.21164],[-99.0428,27.15562],[-98.88443,27.07173],[-98.80888,26.92072],[-98.71575,26.77536],[-98.55588,26.59294],[-98.5173,26.52925],[-98.45224,26.31286],[-98.42723,26.18988],[-98.44251,26.19826],[-98.44309,26.22232],[-98.47692,26.21958],[-98.4782,26.20434],[-98.49064,26.21331],[-98.50433,26.20842],[-98.50456,26.22461],[-98.52479,26.2212],[-98.52208,26.23226],[-98.53678,26.22739],[-98.54659,26.24417],[-98.5582,26.2434],[-98.54975,26.23589],[-98.56205,26.22358],[-98.56634,26.23889],[-98.58202,26.23541],[-98.5797,26.25388],[-98.5887,26.25909],[-98.61713,26.24791],[-98.62096,26.25998],[-98.64767,26.26126],[-98.64934,26.25203],[-98.6328,26.24488],[-98.67275,26.238],[-98.67514,26.24682],[-98.65958,26.24199],[-98.65994,26.25125],[-98.71914,26.27234],[-98.69887,26.27902],[-98.70477,26.28881],[-98.75305,26.29957],[-98.75343,26.30836],[-98.73325,26.30811],[-98.73409,26.32014],[-98.75008,26.33051],[-98.78394,26.32814],[-98.80259,26.36672],[-98.82326,26.36927],[-98.84054,26.36068],[-98.88036,26.3662],[-98.89817,26.3553],[-98.90204,26.36921],[-98.92416,26.37683],[-98.92447,26.39255],[-98.93361,26.38849],[-98.93686,26.37095],[-98.94545,26.37012],[-98.95649,26.37624],[-98.9523,26.38867],[-98.96229,26.39802],[-99.00984,26.39155],[-99.03233,26.41302],[-99.07445,26.3963],[-99.11054,26.42342],[-99.11298,26.43315],[-99.09444,26.46626],[-99.09824,26.48894],[-99.1227,26.52056],[-99.17158,26.54037],[-99.16421,26.57033],[-99.17821,26.58892],[-99.17332,26.6226],[-99.19496,26.63755],[-99.21119,26.6917],[-99.21095,26.71756],[-99.24611,26.75521],[-99.24384,26.78336],[-99.27627,26.84913],[-99.3248,26.87669],[-99.32753,26.91731],[-99.38783,26.94306],[-99.3933,26.95832],[-99.38151,26.97256],[-99.38449,26.98226],[-99.41478,27.01565],[-99.44325,27.01811],[-99.45213,27.06106],[-99.43108,27.08862],[-99.4432,27.10529],[-99.43337,27.12876],[-99.44241,27.14818],[-99.43058,27.16517],[-99.43423,27.1953],[-99.17442,27.21164]]],[[[-97.37442,27.28196],[-97.37684,27.28617],[-97.37266,27.28929],[-97.37442,27.28196]]],[[[-97.18331,27.65426],[-97.28294,27.4622],[-97.33752,27.3193],[-97.36546,27.20794],[-97.37722,27.20685],[-97.38525,27.21121],[-97.38464,27.23148],[-97.37311,27.24134],[-97.37124,27.25236],[-97.37729,27.25482],[-97.37532,27.26907],[-97.36501,27.2725],[-97.36672,27.29975],[-97.35421,27.3082],[-97.36346,27.32272],[-97.35996,27.35353],[-97.32475,27.41764],[-97.32561,27.43933],[-97.31625,27.46029],[-97.28839,27.50014],[-97.26162,27.56903],[-97.23985,27.59288],[-97.2357,27.62595],[-97.254,27.64669],[-97.21967,27.6306],[-97.21356,27.61339],[-97.20168,27.64762],[-97.19241,27.64876],[-97.19791,27.65305],[-97.19347,27.66267],[-97.18331,27.65426]]],[[[-80.03225,26.69199],[-80.03903,26.69271],[-80.04164,26.70733],[-80.04132,26.7697],[-80.03225,26.69199]]],[[[-81.3835,26.35985],[-81.43944,26.14436],[-81.46705,26.00399],[-81.55053,25.91886],[-81.56219,25.91793],[-81.56975,25.8928],[-81.59252,25.89318],[-81.59787,25.89979],[-81.60059,25.89198],[-81.61257,25.89504],[-81.61104,25.91399],[-81.57355,25.90709],[-81.57404,25.92562],[-81.59719,25.92431],[-81.60047,25.93318],[-81.61217,25.9279],[-81.59986,25.91882],[-81.61791,25.92016],[-81.63403,25.90016],[-81.62541,25.92173],[-81.63286,25.92467],[-81.63915,25.9151],[-81.63854,25.93777],[-81.65622,25.93447],[-81.64598,25.92266],[-81.65966,25.91881],[-81.6725,25.92697],[-81.67516,25.92147],[-81.67195,25.90982],[-81.64412,25.91706],[-81.64439,25.89856],[-81.6585,25.90535],[-81.68921,25.90327],[-81.67842,25.91228],[-81.68637,25.93468],[-81.69808,25.92893],[-81.69638,25.91732],[-81.68788,25.91574],[-81.69405,25.91032],[-81.71351,25.91538],[-81.73073,25.91021],[-81.73698,25.94044],[-81.75191,25.95989],[-81.72811,25.97218],[-81.72683,25.96382],[-81.71872,25.96596],[-81.69104,25.94821],[-81.70121,25.96279],[-81.67855,25.96414],[-81.66871,25.95604],[-81.65912,25.9762],[-81.66605,25.98052],[-81.67769,25.97754],[-81.67841,25.96969],[-81.69653,25.96871],[-81.69975,25.98035],[-81.71162,25.96858],[-81.71752,25.97334],[-81.70938,25.97732],[-81.71121,25.98431],[-81.73401,25.9774],[-81.72106,25.99239],[-81.73401,25.99684],[-81.74713,26.01472],[-81.76267,26.01691],[-81.76105,25.99912],[-81.80073,26.09207],[-81.79339,26.09531],[-81.79225,26.08048],[-81.7857,26.0808],[-81.78833,26.13592],[-81.79805,26.13011],[-81.79223,26.1013],[-81.80205,26.09591],[-81.81362,26.21232],[-81.83123,26.28542],[-81.80925,26.28577],[-81.83235,26.29001],[-81.83513,26.30195],[-81.76571,26.32066],[-81.74189,26.35711],[-81.72084,26.6016],[-81.64089,26.78144],[-81.62901,26.89779],[-81.57796,27.01014],[-81.48377,26.97988],[-81.445,26.94404],[-81.39771,26.86519],[-81.36302,26.66839],[-81.36044,26.48826],[-81.3835,26.35985]]],[[[-80.1875,27.17362],[-80.19055,27.17373],[-80.19202,27.17708],[-80.1875,27.17362]]],[[[-80.25956,27.20528],[-80.27637,27.21787],[-80.2774,27.22527],[-80.25956,27.20528]]],[[[-89.32593,29.09266],[-89.33176,29.08865],[-89.33104,29.09644],[-89.32593,29.09266]]],[[[-90.05224,29.18605],[-90.05426,29.1902],[-90.04632,29.19606],[-90.05224,29.18605]]],[[[-90.04014,29.2212],[-90.04747,29.22038],[-90.04154,29.23085],[-90.04014,29.2212]]],[[[-89.02655,29.18212],[-89.00306,29.16415],[-89.03317,29.16988],[-89.04427,29.18298],[-89.05163,29.18132],[-89.04073,29.16134],[-89.06479,29.15959],[-89.06427,29.17747],[-89.05448,29.17312],[-89.06874,29.18537],[-89.02655,29.18212]]],[[[-89.48258,29.21316],[-89.49442,29.22026],[-89.48242,29.22003],[-89.48258,29.21316]]],[[[-90.01213,29.24009],[-90.01995,29.24111],[-90.01816,29.25347],[-90.01243,29.25293],[-90.01213,29.24009]]],[[[-89.03182,29.19784],[-89.01716,29.19934],[-89.0179,29.19202],[-89.0029,29.18708],[-88.99752,29.17503],[-89.04667,29.18992],[-89.03004,29.20514],[-89.02489,29.20273],[-89.03182,29.19784]]],[[[-89.96582,29.2587],[-90.00579,29.24367],[-89.99033,29.26088],[-89.97315,29.25743],[-89.96309,29.26463],[-89.96582,29.2587]]],[[[-90.02277,29.25857],[-90.03107,29.2619],[-90.02417,29.26823],[-90.01846,29.26586],[-90.02277,29.25857]]],[[[-89.96717,29.24175],[-90.04522,29.19971],[-90.01908,29.23101],[-89.98598,29.24156],[-89.9594,29.26641],[-89.95167,29.26125],[-89.96717,29.24175]]],[[[-89.96242,29.27287],[-89.97178,29.27529],[-89.96128,29.2779],[-89.96242,29.27287]]],[[[-89.9894,29.28334],[-89.99403,29.28753],[-89.98882,29.28654],[-89.9894,29.28334]]],[[[-89.97374,29.28266],[-89.97893,29.28411],[-89.97207,29.28768],[-89.97374,29.28266]]],[[[-90.10166,29.28943],[-90.1121,29.29048],[-90.11143,29.29919],[-90.10166,29.28943]]],[[[-89.96116,29.28432],[-89.96934,29.29406],[-89.95739,29.29068],[-89.96116,29.28432]]],[[[-90.02073,29.28515],[-90.02807,29.28387],[-90.0206,29.29248],[-90.02617,29.30265],[-90.01114,29.29511],[-90.02073,29.28515]]],[[[-89.91044,29.28633],[-89.93377,29.26833],[-89.94575,29.27034],[-89.93602,29.28762],[-89.91718,29.28873],[-89.9097,29.29733],[-89.90405,29.2922],[-89.91044,29.28633]]],[[[-82.6668,28.66357],[-82.66769,28.66358],[-82.66629,28.66489],[-82.6668,28.66357]]],[[[-82.66805,28.65073],[-82.66738,28.6599],[-82.65328,28.66616],[-82.66805,28.65073]]],[[[-89.97449,29.32761],[-89.9616,29.31734],[-89.96713,29.30091],[-89.98765,29.32229],[-89.97449,29.32761]]],[[[-90.04043,29.32439],[-90.04188,29.33129],[-90.03503,29.33395],[-90.04043,29.32439]]],[[[-91.85338,29.41342],[-91.8602,29.41614],[-91.8555,29.41891],[-91.85338,29.41342]]],[[[-89.83253,29.31405],[-89.83829,29.31368],[-89.84177,29.32245],[-89.83253,29.31405]]],[[[-89.88151,29.32259],[-89.87369,29.32156],[-89.87342,29.33531],[-89.85419,29.30246],[-89.89931,29.29443],[-89.8865,29.30799],[-89.87924,29.30468],[-89.89315,29.31543],[-89.91002,29.30834],[-89.89692,29.33704],[-89.88801,29.33782],[-89.88151,29.32259]]],[[[-82.6452,28.68443],[-82.64552,28.68429],[-82.64516,28.68464],[-82.6452,28.68443]]],[[[-91.84981,29.43589],[-91.84664,29.42856],[-91.85342,29.42304],[-91.85765,29.43128],[-91.84981,29.43589]]],[[[-89.86284,29.34157],[-89.86743,29.34714],[-89.86168,29.34706],[-89.86284,29.34157]]],[[[-90.02637,29.3508],[-90.03155,29.35316],[-90.02511,29.3627],[-90.02637,29.3508]]],[[[-90.00065,29.35503],[-89.96773,29.35319],[-89.98726,29.34384],[-89.97793,29.33912],[-89.99318,29.33475],[-90.01069,29.35012],[-90.00506,29.37206],[-89.99782,29.36691],[-90.00065,29.35503]]],[[[-89.98893,29.36725],[-89.99301,29.37281],[-89.98773,29.37548],[-89.98893,29.36725]]],[[[-89.16976,29.32567],[-89.17798,29.33089],[-89.16964,29.32979],[-89.16976,29.32567]]],[[[-89.86293,29.36358],[-89.86483,29.37324],[-89.857,29.3722],[-89.86293,29.36358]]],[[[-89.79381,29.34142],[-89.83122,29.32733],[-89.83878,29.34166],[-89.83173,29.35394],[-89.82309,29.34188],[-89.82212,29.36387],[-89.81307,29.37153],[-89.79381,29.34142]]],[[[-89.83153,29.36448],[-89.84136,29.36967],[-89.82664,29.37312],[-89.83153,29.36448]]],[[[-90.01235,29.37399],[-90.02283,29.37322],[-90.02316,29.38423],[-90.01168,29.38269],[-90.01235,29.37399]]],[[[-89.77884,29.35678],[-89.7914,29.35652],[-89.79904,29.36672],[-89.77486,29.3723],[-89.77884,29.35678]]],[[[-89.8908,29.35575],[-89.90297,29.37564],[-89.88978,29.38141],[-89.8908,29.35575]]],[[[-89.34659,29.34308],[-89.35284,29.34413],[-89.35321,29.3501],[-89.34659,29.34308]]],[[[-89.84549,29.37249],[-89.85383,29.37399],[-89.84996,29.38448],[-89.84549,29.37249]]],[[[-89.3589,29.3525],[-89.36514,29.354],[-89.36139,29.35714],[-89.3589,29.3525]]],[[[-89.82654,29.37816],[-89.83581,29.38564],[-89.83002,29.38692],[-89.82654,29.37816]]],[[[-82.65846,28.73144],[-82.65977,28.71446],[-82.67841,28.71356],[-82.67152,28.72609],[-82.68154,28.72805],[-82.68085,28.73493],[-82.67092,28.73113],[-82.66665,28.73843],[-82.65846,28.73144]]],[[[-89.17144,29.34038],[-89.18247,29.33878],[-89.18426,29.34937],[-89.17144,29.34038]]],[[[-82.67858,28.73903],[-82.67993,28.74577],[-82.67744,28.7459],[-82.67858,28.73903]]],[[[-89.99878,29.40131],[-89.99376,29.38886],[-90.02459,29.39204],[-90.02444,29.40029],[-89.99878,29.40131]]],[[[-82.68537,28.75173],[-82.68868,28.75129],[-82.68853,28.75425],[-82.68537,28.75173]]],[[[-82.65511,28.74609],[-82.66231,28.75031],[-82.6519,28.75156],[-82.65511,28.74609]]],[[[-90.01176,29.40699],[-90.02167,29.40942],[-90.00849,29.41428],[-90.01176,29.40699]]],[[[-82.66951,28.75499],[-82.67953,28.75016],[-82.67833,28.7551],[-82.66951,28.75499]]],[[[-89.86787,29.40492],[-89.88088,29.40878],[-89.8677,29.41363],[-89.86787,29.40492]]],[[[-89.98296,29.40751],[-89.98805,29.41537],[-89.98006,29.42306],[-89.98296,29.40751]]],[[[-89.96275,29.42511],[-89.97212,29.42799],[-89.96264,29.4306],[-89.96275,29.42511]]],[[[-89.31456,29.38784],[-89.32238,29.38892],[-89.3237,29.39857],[-89.31331,29.39515],[-89.31456,29.38784]]],[[[-82.6759,28.77803],[-82.66624,28.76459],[-82.68782,28.7563],[-82.6786,28.77118],[-82.69049,28.77499],[-82.68563,28.78641],[-82.6759,28.77803]]],[[[-89.47321,29.4056],[-89.48316,29.40532],[-89.47033,29.41655],[-89.47321,29.4056]]],[[[-89.90132,29.43476],[-89.91381,29.43861],[-89.90063,29.44346],[-89.90132,29.43476]]],[[[-90.0263,29.44295],[-90.03475,29.43894],[-90.03451,29.45269],[-90.02769,29.45351],[-90.0263,29.44295]]],[[[-89.92089,29.45155],[-89.91523,29.44643],[-89.93914,29.42798],[-89.93981,29.44816],[-89.92089,29.45155]]],[[[-89.98536,29.44834],[-89.9926,29.45349],[-89.98358,29.45978],[-89.98536,29.44834]]],[[[-89.51665,29.40594],[-89.53544,29.43013],[-89.53061,29.43554],[-89.51678,29.42245],[-89.51665,29.40594]]],[[[-89.89528,29.44888],[-89.90362,29.45084],[-89.88355,29.45971],[-89.89528,29.44888]]],[[[-82.69875,28.81182],[-82.69924,28.80941],[-82.70259,28.81325],[-82.69875,28.81182]]],[[[-90.04463,29.47299],[-90.01481,29.47075],[-90.01501,29.45976],[-89.9994,29.45358],[-89.99753,29.44118],[-89.97667,29.4363],[-89.99999,29.42104],[-90.02336,29.46124],[-90.05884,29.4686],[-90.05716,29.47545],[-90.04463,29.47299]]],[[[-89.90139,29.45814],[-89.90658,29.46097],[-89.90116,29.47006],[-89.89554,29.4631],[-89.90139,29.45814]]],[[[-89.85778,29.46528],[-89.85483,29.45561],[-89.87785,29.42983],[-89.88803,29.44511],[-89.86425,29.45621],[-89.87517,29.45959],[-89.86656,29.47183],[-89.85778,29.46528]]],[[[-90.01834,29.47859],[-90.04087,29.47844],[-90.05263,29.49464],[-90.01876,29.48456],[-90.01834,29.47859]]],[[[-90.19337,29.50651],[-90.17866,29.47608],[-90.16295,29.47635],[-90.15912,29.48593],[-90.12355,29.45156],[-90.07207,29.46144],[-90.08637,29.45154],[-90.0791,29.44824],[-90.05374,29.4612],[-90.04316,29.43722],[-90.03018,29.43108],[-90.043,29.41659],[-90.05663,29.44519],[-90.0861,29.43687],[-90.06883,29.43618],[-90.05813,29.41954],[-90.05626,29.40668],[-90.06678,29.40361],[-90.05544,29.39337],[-90.05558,29.38512],[-90.06397,29.38432],[-90.06329,29.36276],[-90.05699,29.36405],[-90.05461,29.38098],[-90.03575,29.3821],[-90.04276,29.34047],[-90.06502,29.35361],[-90.06885,29.34403],[-90.0329,29.30641],[-90.0352,29.29452],[-90.04412,29.2928],[-90.04649,29.30659],[-90.06576,29.31097],[-90.06539,29.3018],[-90.08108,29.30155],[-90.07985,29.31208],[-90.06408,29.31737],[-90.07699,29.32626],[-90.08959,29.32321],[-90.09147,29.33562],[-90.10441,29.34358],[-90.11649,29.34052],[-90.09902,29.32242],[-90.10646,29.31517],[-90.10241,29.30733],[-90.12311,29.31951],[-90.12845,29.3127],[-90.11896,29.28599],[-90.09608,29.27927],[-90.11085,29.27167],[-90.1004,29.23988],[-90.07973,29.22678],[-90.10475,29.22985],[-90.09615,29.21323],[-90.07747,29.20656],[-90.04913,29.2149],[-90.06737,29.18671],[-90.05909,29.18247],[-90.09522,29.15676],[-90.19514,29.39867],[-90.21523,29.5068],[-90.19337,29.50651]]],[[[-82.72728,28.84889],[-82.73293,28.85355],[-82.72721,28.85348],[-82.72728,28.84889]]],[[[-82.6584,28.83245],[-82.66447,28.84308],[-82.64566,28.84881],[-82.6584,28.83245]]],[[[-90.09693,29.50852],[-90.07694,29.51284],[-90.05824,29.50343],[-90.05446,29.47954],[-90.08252,29.4932],[-90.08315,29.48679],[-90.06861,29.47973],[-90.09762,29.46727],[-90.10045,29.48656],[-90.12188,29.48913],[-90.12227,29.49692],[-90.11734,29.51015],[-90.09839,29.51541],[-90.09693,29.50852]]],[[[-82.6592,28.84761],[-82.66171,28.8536],[-82.65599,28.85353],[-82.6592,28.84761]]],[[[-82.71899,28.84742],[-82.72094,28.85616],[-82.7006,28.86005],[-82.70386,28.85091],[-82.71899,28.84742]]],[[[-82.67047,28.85785],[-82.66751,28.84817],[-82.67646,28.84093],[-82.67198,28.82894],[-82.70172,28.8215],[-82.70568,28.8344],[-82.7194,28.82735],[-82.71962,28.84008],[-82.70452,28.84173],[-82.695,28.85218],[-82.6884,28.84246],[-82.68659,28.85804],[-82.67047,28.85785]]],[[[-82.71516,28.85977],[-82.71767,28.86576],[-82.71195,28.8657],[-82.71516,28.85977]]],[[[-82.66374,28.85639],[-82.66732,28.8601],[-82.66001,28.86185],[-82.66374,28.85639]]],[[[-89.56457,29.48383],[-89.58079,29.48412],[-89.58158,29.49559],[-89.5653,29.49714],[-89.56457,29.48383]]],[[[-90.18097,29.52882],[-90.18062,29.51827],[-90.21784,29.52081],[-90.22005,29.53265],[-90.18097,29.52882]]],[[[-82.70468,28.86515],[-82.70826,28.86932],[-82.70147,28.87108],[-82.70468,28.86515]]],[[[-82.67557,28.86434],[-82.69121,28.86177],[-82.69216,28.86775],[-82.67557,28.86434]]],[[[-82.66205,28.86463],[-82.67084,28.86749],[-82.67023,28.87345],[-82.66205,28.86463]]],[[[-89.17258,29.46788],[-89.20951,29.45858],[-89.22037,29.46385],[-89.18358,29.46811],[-89.16745,29.4829],[-89.17258,29.46788]]],[[[-89.52387,29.49868],[-89.53531,29.50256],[-89.52212,29.50644],[-89.52387,29.49868]]],[[[-82.69095,28.8783],[-82.69346,28.88429],[-82.68774,28.88422],[-82.69095,28.8783]]],[[[-82.64264,28.87494],[-82.64963,28.8608],[-82.654,28.88014],[-82.64264,28.87494]]],[[[-89.62833,29.51337],[-89.63933,29.51402],[-89.62977,29.51981],[-89.62833,29.51337]]],[[[-82.67636,28.88041],[-82.67887,28.88641],[-82.67314,28.88634],[-82.67636,28.88041]]],[[[-82.64878,28.88191],[-82.65128,28.8879],[-82.64504,28.88783],[-82.64878,28.88191]]],[[[-89.60409,29.51936],[-89.6141,29.51725],[-89.6191,29.52788],[-89.60409,29.51936]]],[[[-82.67778,28.88915],[-82.68029,28.89515],[-82.67457,28.89508],[-82.67778,28.88915]]],[[[-89.16033,29.49375],[-89.17384,29.49771],[-89.15906,29.50151],[-89.16033,29.49375]]],[[[-89.50876,29.5172],[-89.52649,29.52073],[-89.51224,29.52506],[-89.50876,29.5172]]],[[[-91.8942,29.63371],[-91.87686,29.62827],[-91.86534,29.63335],[-91.85744,29.62605],[-91.84329,29.63067],[-91.83693,29.6142],[-91.80278,29.60055],[-91.80169,29.59002],[-91.78073,29.59741],[-91.77283,29.5901],[-91.77171,29.56719],[-91.76807,29.57636],[-91.74605,29.57595],[-91.73559,29.5856],[-91.73395,29.56407],[-91.70357,29.57421],[-91.70198,29.56825],[-91.71766,29.54806],[-91.76213,29.52093],[-91.76992,29.49845],[-91.76045,29.48702],[-91.80392,29.48232],[-91.82116,29.47081],[-91.84213,29.47762],[-91.86056,29.50094],[-91.88309,29.50086],[-91.9057,29.51682],[-91.96763,29.53582],[-92.03393,29.57538],[-92.02029,29.57545],[-92.00473,29.6021],[-91.988,29.61179],[-91.94392,29.60969],[-91.92666,29.62076],[-91.92832,29.63633],[-91.90158,29.64147],[-91.8942,29.63371]]],[[[-82.65751,28.88844],[-82.66109,28.89216],[-82.65377,28.89436],[-82.65751,28.88844]]],[[[-89.65008,29.52566],[-89.671,29.52739],[-89.65661,29.53815],[-89.65034,29.53712],[-89.65008,29.52566]]],[[[-82.6673,28.89407],[-82.6698,28.90007],[-82.66356,28.89999],[-82.6673,28.89407]]],[[[-89.5316,29.52633],[-89.53644,29.52137],[-89.53621,29.53053],[-89.5316,29.52633]]],[[[-91.64022,29.63112],[-91.65124,29.63477],[-91.63915,29.64122],[-91.64022,29.63112]]],[[[-89.5399,29.53014],[-89.54972,29.53582],[-89.54186,29.53568],[-89.5399,29.53014]]],[[[-82.69552,28.9192],[-82.69867,28.91826],[-82.6955,28.92244],[-82.69552,28.9192]]],[[[-82.68777,28.91544],[-82.69028,28.92143],[-82.68456,28.92137],[-82.68777,28.91544]]],[[[-89.52553,29.53905],[-89.53109,29.54786],[-89.52057,29.5495],[-89.52553,29.53905]]],[[[-89.64957,29.54811],[-89.65987,29.55653],[-89.65099,29.55501],[-89.64957,29.54811]]],[[[-89.63328,29.54966],[-89.6401,29.54978],[-89.64198,29.55944],[-89.63328,29.54966]]],[[[-89.56347,29.55303],[-89.55846,29.54331],[-89.58587,29.53692],[-89.56264,29.52138],[-89.59862,29.50644],[-89.59626,29.51831],[-89.58133,29.52905],[-89.62155,29.53525],[-89.58856,29.55668],[-89.56347,29.55303]]],[[[-89.62244,29.56552],[-89.63766,29.56486],[-89.62857,29.57296],[-89.61271,29.57818],[-89.6076,29.57214],[-89.62244,29.56552]]],[[[-89.56984,29.57239],[-89.58079,29.57487],[-89.57641,29.58305],[-89.56984,29.57239]]],[[[-89.5283,29.57714],[-89.53924,29.58009],[-89.52768,29.58126],[-89.5283,29.57714]]],[[[-89.6942,29.59377],[-89.67326,29.59159],[-89.68703,29.58541],[-89.64406,29.58376],[-89.64,29.57728],[-89.68043,29.57567],[-89.70267,29.59025],[-89.6942,29.59377]]],[[[-89.58897,29.58418],[-89.5979,29.58388],[-89.5941,29.58932],[-89.58897,29.58418]]],[[[-89.65129,29.58893],[-89.6606,29.59459],[-89.64642,29.59526],[-89.65129,29.58893]]],[[[-89.60756,29.59734],[-89.60307,29.58718],[-89.60938,29.58637],[-89.63322,29.59916],[-89.60756,29.59734]]],[[[-89.09198,29.51976],[-89.09553,29.52396],[-89.07425,29.55237],[-89.0449,29.56959],[-89.07029,29.54403],[-89.07548,29.5281],[-89.09198,29.51976]]],[[[-89.6541,29.6041],[-89.66144,29.60422],[-89.65915,29.61289],[-89.64869,29.61134],[-89.6541,29.6041]]],[[[-89.5812,29.60284],[-89.58752,29.60157],[-89.58581,29.60796],[-89.57582,29.6087],[-89.5812,29.60284]]],[[[-89.5972,29.61412],[-89.59581,29.6063],[-89.61571,29.60802],[-89.61503,29.61443],[-89.5972,29.61412]]],[[[-89.5575,29.60654],[-89.56379,29.60711],[-89.56307,29.61535],[-89.5575,29.60654]]],[[[-89.58956,29.62727],[-89.60206,29.63116],[-89.59468,29.63286],[-89.58956,29.62727]]],[[[-89.56155,29.63548],[-89.56834,29.63698],[-89.56769,29.64201],[-89.56155,29.63548]]],[[[-89.46811,29.63561],[-89.47335,29.63617],[-89.47212,29.64348],[-89.46811,29.63561]]],[[[-89.59019,29.64516],[-89.61707,29.64058],[-89.63474,29.64822],[-89.62358,29.65445],[-89.59019,29.64516]]],[[[-89.46099,29.64785],[-89.46455,29.6525],[-89.45668,29.65235],[-89.46099,29.64785]]],[[[-89.01859,29.62491],[-89.00654,29.62418],[-89.00726,29.61778],[-89.01989,29.61669],[-89.02797,29.62696],[-89.01859,29.62491]]],[[[-89.44206,29.64933],[-89.45402,29.65368],[-89.44179,29.66032],[-89.42933,29.65459],[-89.44206,29.64933]]],[[[-89.46599,29.65803],[-89.47019,29.65811],[-89.46898,29.6645],[-89.46599,29.65803]]],[[[-88.97013,29.63067],[-88.97645,29.6299],[-88.97467,29.63674],[-88.96411,29.63878],[-88.97013,29.63067]]],[[[-89.47091,29.67141],[-89.4745,29.67514],[-89.47077,29.67736],[-89.47091,29.67141]]],[[[-88.95876,29.64186],[-88.96282,29.64654],[-88.95111,29.65177],[-88.95876,29.64186]]],[[[-89.53041,29.6867],[-89.50593,29.67847],[-89.52975,29.6702],[-89.52901,29.67935],[-89.53833,29.68501],[-89.55724,29.6849],[-89.54607,29.69111],[-89.53041,29.6867]]],[[[-89.39335,29.68597],[-89.40117,29.68842],[-89.39573,29.69564],[-89.39335,29.68597]]],[[[-88.93972,29.66342],[-88.94654,29.66358],[-88.94013,29.66709],[-88.93972,29.66342]]],[[[-89.55475,29.7018],[-89.56087,29.70925],[-89.5551,29.70914],[-89.55475,29.7018]]],[[[-89.61846,29.71804],[-89.62367,29.71997],[-89.61829,29.72537],[-89.61846,29.71804]]],[[[-89.50563,29.69084],[-89.53081,29.69221],[-89.52435,29.7205],[-89.49913,29.69896],[-89.50563,29.69084]]],[[[-89.56444,29.71389],[-89.56479,29.72123],[-89.55475,29.72426],[-89.56444,29.71389]]],[[[-88.92519,29.67453],[-88.93979,29.67808],[-88.91847,29.68812],[-88.92519,29.67453]]],[[[-89.60377,29.71687],[-89.61155,29.72159],[-89.5961,29.73094],[-89.59311,29.72356],[-89.60377,29.71687]]],[[[-89.42919,29.72331],[-89.4292,29.70178],[-89.44224,29.70524],[-89.43497,29.70189],[-89.43435,29.68447],[-89.42451,29.67924],[-89.43089,29.67615],[-89.45158,29.68892],[-89.44359,29.67227],[-89.4585,29.66384],[-89.46255,29.69141],[-89.4824,29.71698],[-89.47857,29.72379],[-89.43936,29.71572],[-89.43648,29.72574],[-89.42919,29.72331]]],[[[-88.90838,29.69155],[-88.9126,29.69119],[-88.91189,29.69713],[-88.90838,29.69155]]],[[[-89.53705,29.71661],[-89.5509,29.73106],[-89.52089,29.73373],[-89.52157,29.72687],[-89.54159,29.72494],[-89.53705,29.71661]]],[[[-89.57631,29.72326],[-89.58216,29.72016],[-89.58664,29.73124],[-89.57696,29.74023],[-89.57631,29.72326]]],[[[-88.90076,29.70007],[-88.90699,29.70251],[-88.9027,29.70516],[-88.90076,29.70007]]],[[[-89.37117,29.73182],[-89.37321,29.73415],[-89.3658,29.7363],[-89.37117,29.73182]]],[[[-89.49062,29.72492],[-89.50061,29.72465],[-89.51477,29.74782],[-89.49811,29.7411],[-89.49062,29.72492]]],[[[-88.89425,29.70679],[-88.89943,29.70875],[-88.89567,29.71186],[-88.89425,29.70679]]],[[[-89.35061,29.73416],[-89.37182,29.74741],[-89.34781,29.74098],[-89.35061,29.73416]]],[[[-88.88767,29.71534],[-88.89338,29.71777],[-88.887,29.71991],[-88.88767,29.71534]]],[[[-89.51096,29.75324],[-89.51137,29.75829],[-89.49874,29.75852],[-89.51096,29.75324]]],[[[-89.25465,29.72627],[-89.27032,29.7298],[-89.26883,29.74627],[-89.26147,29.74611],[-89.25465,29.72627]]],[[[-89.50957,29.76742],[-89.51991,29.77448],[-89.51151,29.77387],[-89.50957,29.76742]]],[[[-88.88162,29.7239],[-88.88466,29.72764],[-88.87386,29.73655],[-88.88162,29.7239]]],[[[-89.29857,29.75466],[-89.31669,29.7651],[-89.29584,29.75827],[-89.29857,29.75466]]],[[[-89.48472,29.79491],[-89.44613,29.78182],[-89.41836,29.73594],[-89.43768,29.74089],[-89.44304,29.75794],[-89.46795,29.77078],[-89.4773,29.754],[-89.45901,29.74954],[-89.48723,29.73448],[-89.49322,29.76941],[-89.50158,29.7714],[-89.48796,29.79131],[-89.49204,29.79642],[-89.48472,29.79491]]],[[[-89.44372,29.79369],[-89.4593,29.80177],[-89.44516,29.79967],[-89.44372,29.79369]]],[[[-89.28066,29.79507],[-89.2928,29.79349],[-89.2853,29.75943],[-89.30282,29.77261],[-89.32068,29.77297],[-89.36045,29.80079],[-89.33581,29.79755],[-89.32557,29.78727],[-89.30711,29.78919],[-89.29684,29.77982],[-89.30159,29.79916],[-89.27721,29.806],[-89.28066,29.79507]]],[[[-89.34111,29.81644],[-89.37235,29.80835],[-89.41324,29.81418],[-89.36554,29.82746],[-89.34111,29.81644]]],[[[-89.2511,29.81829],[-89.26214,29.81897],[-89.25241,29.82839],[-89.23784,29.82259],[-89.2511,29.81829]]],[[[-88.96307,29.80968],[-88.96931,29.81211],[-88.96551,29.81615],[-88.96307,29.80968]]],[[[-88.97632,29.78937],[-88.98823,29.7956],[-88.97703,29.81779],[-88.97632,29.78937]]],[[[-89.30073,29.83167],[-89.30809,29.83182],[-89.31038,29.84469],[-89.30073,29.83167]]],[[[-88.96782,29.82628],[-88.97575,29.82509],[-88.97611,29.8306],[-88.96782,29.82628]]],[[[-89.3135,29.82597],[-89.30631,29.81941],[-89.31067,29.81354],[-89.33355,29.82362],[-89.3351,29.84518],[-89.34554,29.84814],[-89.34735,29.85962],[-89.32287,29.84998],[-89.3135,29.82597]]],[[[-88.91647,29.83653],[-88.92636,29.83997],[-88.91786,29.84252],[-88.91647,29.83653]]],[[[-91.98338,29.99032],[-91.84485,29.96151],[-91.73067,29.89186],[-91.65395,29.81743],[-91.648,29.7433],[-91.71657,29.73682],[-91.73762,29.74686],[-91.76914,29.74449],[-91.8604,29.703],[-91.88144,29.71072],[-91.85789,29.73004],[-91.85739,29.73828],[-91.88212,29.74462],[-91.88219,29.75927],[-91.87431,29.76159],[-91.85293,29.79967],[-91.84601,29.78138],[-91.82655,29.77823],[-91.82348,29.79931],[-91.83304,29.82401],[-91.89673,29.8325],[-91.91608,29.81273],[-91.93448,29.81221],[-91.96612,29.82673],[-91.94402,29.82499],[-91.94619,29.83597],[-91.96879,29.83313],[-91.98448,29.81795],[-91.97808,29.80286],[-91.98327,29.7923],[-92.04992,29.77275],[-92.14252,29.71637],[-92.14935,29.71678],[-92.14785,29.72595],[-92.12491,29.74899],[-92.13713,29.76633],[-92.15076,29.76212],[-92.15435,29.75111],[-92.16442,29.76113],[-92.17281,29.75924],[-92.1653,29.73959],[-92.2009,29.75542],[-92.20895,29.74527],[-92.2009,29.72517],[-92.16653,29.6979],[-92.10036,29.69645],[-92.10031,29.68958],[-92.13688,29.66555],[-92.10657,29.61212],[-92.09659,29.61034],[-92.10242,29.61901],[-92.06465,29.61921],[-92.03586,29.63082],[-92.00741,29.61262],[-92.03681,29.61615],[-92.06819,29.60041],[-92.06762,29.59308],[-92.04189,29.59092],[-92.04288,29.58175],[-92.15459,29.58206],[-92.2826,29.53126],[-92.66127,29.587],[-92.7662,29.62386],[-92.9846,29.71778],[-93.17531,29.77045],[-93.28792,29.77553],[-93.35112,29.75707],[-93.44666,29.76645],[-93.43521,29.84496],[-93.32503,29.9922],[-93.18508,30.01776],[-92.70126,30.01016],[-92.59843,29.99336],[-92.0424,30.00253],[-91.98338,29.99032]]],[[[-89.30552,29.86932],[-89.27413,29.86182],[-89.27402,29.8467],[-89.29083,29.8475],[-89.28693,29.85566],[-89.30469,29.8606],[-89.31597,29.85213],[-89.3378,29.86218],[-89.32079,29.86871],[-89.31574,29.86083],[-89.30552,29.86932]]],[[[-88.92187,29.84903],[-88.92913,29.85241],[-88.92278,29.85363],[-88.92187,29.84903]]],[[[-89.36902,29.87654],[-89.34217,29.87647],[-89.34079,29.86911],[-89.37033,29.86649],[-89.37842,29.85886],[-89.35843,29.85847],[-89.37766,29.84739],[-89.35505,29.84649],[-89.38741,29.83659],[-89.38764,29.82743],[-89.41302,29.82288],[-89.40326,29.83414],[-89.40936,29.84251],[-89.39655,29.84959],[-89.41576,29.86003],[-89.41917,29.87109],[-89.39671,29.86379],[-89.38093,29.8841],[-89.3688,29.88523],[-89.36902,29.87654]]],[[[-89.31253,29.88275],[-89.29415,29.881],[-89.30697,29.87393],[-89.31253,29.88275]]],[[[-89.27784,29.88067],[-89.26375,29.8758],[-89.28495,29.87074],[-89.28791,29.87813],[-89.27784,29.88067]]],[[[-88.87546,29.85204],[-88.87893,29.85854],[-88.87253,29.86159],[-88.86854,29.85463],[-88.87546,29.85204]]],[[[-88.85614,29.847],[-88.86198,29.8618],[-88.85333,29.85243],[-88.85614,29.847]]],[[[-89.33043,29.88265],[-89.33295,29.88682],[-89.32276,29.89395],[-89.33043,29.88265]]],[[[-89.25029,29.88698],[-89.2361,29.88623],[-89.23855,29.87345],[-89.26204,29.86157],[-89.25476,29.87745],[-89.26188,29.88676],[-89.25029,29.88698]]],[[[-88.92255,29.86095],[-88.92664,29.86472],[-88.91854,29.8714],[-88.90508,29.86421],[-88.92255,29.86095]]],[[[-89.19895,29.89645],[-89.19336,29.88946],[-89.22341,29.8878],[-89.21102,29.89807],[-89.19895,29.89645]]],[[[-89.29324,29.89519],[-89.30098,29.90129],[-89.29032,29.90612],[-89.29324,29.89519]]],[[[-89.33637,29.89696],[-89.35677,29.88179],[-89.35286,29.91057],[-89.33355,29.90424],[-89.33637,29.89696]]],[[[-89.36575,29.90121],[-89.39562,29.88621],[-89.4086,29.89334],[-89.40995,29.90252],[-89.40293,29.90925],[-89.39576,29.90133],[-89.38172,29.9148],[-89.36575,29.90121]]],[[[-88.88993,29.87713],[-88.9014,29.88061],[-88.89339,29.88408],[-88.88993,29.87713]]],[[[-89.30938,29.90238],[-89.32246,29.90539],[-89.30591,29.91376],[-89.29976,29.90722],[-89.30938,29.90238]]],[[[-89.4248,29.91883],[-89.43316,29.92174],[-89.42677,29.92436],[-89.4248,29.91883]]],[[[-89.32126,29.91086],[-89.33059,29.91654],[-89.32155,29.92003],[-89.32126,29.91086]]],[[[-89.25744,29.91461],[-89.27102,29.91855],[-89.2594,29.92014],[-89.25744,29.91461]]],[[[-89.38292,29.92994],[-89.38051,29.92073],[-89.39047,29.92275],[-89.39168,29.91682],[-89.41335,29.91358],[-89.41899,29.91964],[-89.40873,29.92998],[-89.38292,29.92994]]],[[[-88.86621,29.89443],[-88.86619,29.87839],[-88.87359,29.87765],[-88.87317,29.89093],[-88.88805,29.8867],[-88.87555,29.89877],[-88.86621,29.89443]]],[[[-89.39707,29.9325],[-89.40441,29.93401],[-89.39698,29.93616],[-89.39707,29.9325]]],[[[-89.35587,29.91658],[-89.36353,29.92589],[-89.3491,29.93385],[-89.35587,29.91658]]],[[[-89.41768,29.93014],[-89.43077,29.93314],[-89.41904,29.93842],[-89.41768,29.93014]]],[[[-89.20124,29.92764],[-89.20751,29.9296],[-89.19842,29.93445],[-89.20124,29.92764]]],[[[-89.21155,29.93564],[-89.21628,29.9362],[-89.21609,29.94306],[-89.21155,29.93564]]],[[[-89.32775,29.94442],[-89.32915,29.95132],[-89.31815,29.94881],[-89.32775,29.94442]]],[[[-89.23775,29.94077],[-89.23348,29.92373],[-89.30206,29.9201],[-89.28641,29.93398],[-89.25584,29.93473],[-89.2497,29.94697],[-89.23438,29.94848],[-89.23775,29.94077]]],[[[-82.01546,28.95979],[-81.99632,28.75398],[-82.01334,28.65829],[-81.98138,28.45765],[-81.99049,28.37169],[-82.02793,28.33332],[-82.11168,28.34499],[-82.1976,28.44954],[-82.46062,28.63251],[-82.53365,28.6464],[-82.65543,28.64555],[-82.63056,28.65944],[-82.64949,28.67575],[-82.63754,28.67698],[-82.63373,28.6875],[-82.65216,28.73549],[-82.64238,28.73077],[-82.63514,28.76053],[-82.64388,28.76661],[-82.65959,28.75854],[-82.6557,28.77456],[-82.67524,28.78674],[-82.66781,28.79629],[-82.68956,28.80115],[-82.69097,28.81035],[-82.65655,28.81819],[-82.63475,28.78486],[-82.63874,28.82715],[-82.64646,28.83138],[-82.63276,28.84314],[-82.63144,28.89225],[-82.64964,28.89247],[-82.66296,28.90549],[-82.69052,28.90583],[-82.67319,28.91618],[-82.70873,28.93515],[-82.73786,28.97524],[-82.46455,28.99039],[-82.38801,28.97854],[-82.28162,28.98923],[-82.24953,29.06647],[-82.22937,29.21603],[-82.16461,29.26702],[-82.11433,29.27102],[-82.08372,29.23418],[-82.0645,29.13361],[-82.0231,29.01905],[-82.01546,28.95979]]],[[[-89.33275,29.9546],[-89.33901,29.95701],[-89.33835,29.96249],[-89.33275,29.9546]]],[[[-80.9495,29.11806],[-80.92776,29.07995],[-80.95947,29.11925],[-80.9495,29.11806]]],[[[-89.22951,29.95342],[-89.23369,29.95442],[-89.22619,29.95884],[-89.22951,29.95342]]],[[[-89.17732,29.95415],[-89.18255,29.95564],[-89.1745,29.96051],[-89.17732,29.95415]]],[[[-89.31152,29.96059],[-89.31879,29.9644],[-89.31076,29.96927],[-89.31152,29.96059]]],[[[-89.19367,29.95358],[-89.20874,29.96123],[-89.19919,29.96332],[-89.19367,29.95358]]],[[[-89.35948,29.94001],[-89.3744,29.95404],[-89.36739,29.95986],[-89.36948,29.98096],[-89.35323,29.95729],[-89.35948,29.94001]]],[[[-89.26549,29.94775],[-89.26693,29.95327],[-89.24007,29.9715],[-89.23062,29.97038],[-89.22976,29.9635],[-89.26549,29.94775]]],[[[-89.25768,29.96362],[-89.26446,29.9665],[-89.24576,29.97573],[-89.25768,29.96362]]],[[[-89.22204,29.9757],[-89.22935,29.97814],[-89.22445,29.984],[-89.22204,29.9757]]],[[[-89.33759,29.97118],[-89.34969,29.97188],[-89.33854,29.99501],[-89.33217,29.97657],[-89.33759,29.97118]]],[[[-89.30929,29.92528],[-89.31835,29.92134],[-89.29384,29.97168],[-89.26687,29.99403],[-89.27605,29.96674],[-89.28457,29.96325],[-89.2786,29.95031],[-89.30929,29.92528]]],[[[-89.25995,29.97694],[-89.26344,29.98434],[-89.24679,29.99591],[-89.25995,29.97694]]],[[[-89.29392,29.98817],[-89.30114,29.99426],[-89.29089,30.00276],[-89.29392,29.98817]]],[[[-89.43626,30.00835],[-89.44301,30.01259],[-89.43352,30.01242],[-89.43626,30.00835]]],[[[-89.32215,29.99697],[-89.3303,30.00813],[-89.31789,29.99872],[-89.32215,29.99697]]],[[[-89.37396,30.01173],[-89.35715,30.00957],[-89.35261,30.0017],[-89.38585,30.00051],[-89.37967,30.01505],[-89.37396,30.01173]]],[[[-89.26819,30.00367],[-89.27657,30.00567],[-89.27067,30.00967],[-89.26819,30.00367]]],[[[-89.39392,29.99426],[-89.41172,30.01979],[-89.40331,30.01871],[-89.39062,29.99969],[-89.39392,29.99426]]],[[[-89.19968,30.00271],[-89.21789,29.99256],[-89.22931,29.99875],[-89.22144,30.01644],[-89.19968,30.00271]]],[[[-89.31242,30.02608],[-89.31972,30.02944],[-89.31592,30.03302],[-89.31242,30.02608]]],[[[-88.82079,29.9634],[-88.81406,29.91102],[-88.82735,29.82568],[-88.85085,29.76577],[-88.87,29.74241],[-88.86212,29.79171],[-88.84714,29.79959],[-88.85158,29.8084],[-88.83599,29.81902],[-88.8405,29.826],[-88.83102,29.85875],[-88.83757,29.86808],[-88.82222,29.88694],[-88.82824,29.89579],[-88.82044,29.92538],[-88.8267,29.92736],[-88.82622,29.94201],[-88.8341,29.94312],[-88.82739,29.95486],[-88.8357,29.95873],[-88.82862,29.96588],[-88.84012,30.00143],[-88.83017,29.99936],[-88.82079,29.9634]]],[[[-89.39569,30.02818],[-89.41614,30.03269],[-89.4201,30.04329],[-89.39569,30.02818]]],[[[-89.30319,30.03597],[-89.31048,30.03978],[-89.30093,30.04142],[-89.30319,30.03597]]],[[[-89.27704,30.02766],[-89.27624,30.03772],[-89.26337,30.04524],[-89.27704,30.02766]]],[[[-89.36984,30.04874],[-89.37629,30.04428],[-89.37401,30.0305],[-89.41102,30.0477],[-89.38712,30.05365],[-89.36984,30.04874]]],[[[-89.18045,30.03024],[-89.18633,30.02761],[-89.1877,30.03497],[-89.17109,30.04423],[-89.18045,30.03024]]],[[[-89.30125,30.04921],[-89.30382,30.05201],[-89.29906,30.05237],[-89.30125,30.04921]]],[[[-89.31108,30.05674],[-89.32928,30.04657],[-89.31953,30.0363],[-89.33023,30.03056],[-89.34342,30.05051],[-89.35135,30.04975],[-89.35061,30.05798],[-89.31108,30.05674]]],[[[-84.87313,29.68976],[-84.88047,29.68787],[-84.89009,29.70382],[-84.87313,29.68976]]],[[[-89.48158,30.07421],[-89.46126,30.0633],[-89.46318,30.05006],[-89.47832,30.03477],[-89.49415,30.03461],[-89.4933,30.06984],[-89.48158,30.07421]]],[[[-89.17343,30.05481],[-89.18809,30.05879],[-89.17533,30.06218],[-89.17343,30.05481]]],[[[-84.78659,29.7005],[-84.79449,29.70273],[-84.78769,29.70507],[-84.78659,29.7005]]],[[[-88.84163,30.01978],[-88.85982,30.02847],[-88.8817,30.05372],[-88.85827,30.044],[-88.84163,30.01978]]],[[[-81.01445,29.23611],[-80.95293,29.12354],[-80.98322,29.16948],[-81.01445,29.23611]]],[[[-89.22112,30.06635],[-89.22742,30.06739],[-89.21975,30.07777],[-89.22112,30.06635]]],[[[-89.47075,30.08545],[-89.47927,30.0824],[-89.47635,30.09379],[-89.47075,30.08545]]],[[[-89.20991,30.08992],[-89.21324,30.08404],[-89.22152,30.08971],[-89.20991,30.08992]]],[[[-89.23194,30.09496],[-89.24544,30.06456],[-89.23246,30.0762],[-89.23005,30.04868],[-89.21361,30.05154],[-89.21152,30.06981],[-89.19048,30.06754],[-89.20146,30.03343],[-89.22208,30.03157],[-89.21335,30.04192],[-89.22448,30.04032],[-89.23154,30.03268],[-89.22654,30.0225],[-89.24012,30.02782],[-89.24413,30.05446],[-89.26182,30.06352],[-89.26092,30.07724],[-89.25274,30.06746],[-89.24673,30.09435],[-89.23194,30.09496]]],[[[-89.24846,30.10858],[-89.26453,30.09975],[-89.25913,30.08499],[-89.26483,30.08877],[-89.27354,30.07887],[-89.27309,30.05643],[-89.28681,30.05671],[-89.28625,30.03838],[-89.29619,30.06102],[-89.31976,30.06744],[-89.30283,30.08908],[-89.30112,30.07393],[-89.28975,30.06501],[-89.29195,30.08153],[-89.27704,30.08673],[-89.29147,30.09938],[-89.27616,30.09953],[-89.28023,30.1051],[-89.24811,30.12139],[-89.24294,30.11716],[-89.24846,30.10858]]],[[[-84.72239,29.74583],[-84.73082,29.74807],[-84.72348,29.75041],[-84.72239,29.74583]]],[[[-89.1601,30.11542],[-89.16843,30.11972],[-89.16153,30.12095],[-89.1601,30.11542]]],[[[-89.22811,30.11914],[-89.23266,30.12656],[-89.22675,30.1301],[-89.22217,30.1236],[-89.22811,30.11914]]],[[[-89.21113,30.12199],[-89.2175,30.12075],[-89.21815,30.13542],[-89.20778,30.12833],[-89.21113,30.12199]]],[[[-84.76169,29.70379],[-84.93227,29.62646],[-84.92099,29.64859],[-84.81162,29.68153],[-84.79332,29.68991],[-84.79705,29.6963],[-84.77501,29.69737],[-84.76876,29.70429],[-84.7782,29.70193],[-84.77722,29.70973],[-84.73124,29.73707],[-84.70729,29.76288],[-84.69763,29.75989],[-84.76169,29.70379]]],[[[-89.42122,30.14495],[-89.42209,30.13169],[-89.44912,30.12762],[-89.44204,30.13618],[-89.45125,30.1478],[-89.43493,30.14566],[-89.42737,30.15239],[-89.42122,30.14495]]],[[[-89.4734,30.14959],[-89.47217,30.15643],[-89.46861,30.15087],[-89.4734,30.14959]]],[[[-89.1912,30.15499],[-89.18002,30.15796],[-89.18455,30.14707],[-89.21015,30.13845],[-89.192,30.16417],[-89.1912,30.15499]]],[[[-89.16614,30.16316],[-89.17824,30.16525],[-89.16495,30.16817],[-89.16614,30.16316]]],[[[-84.57907,29.82712],[-84.57313,29.81725],[-84.58198,29.80484],[-84.62817,29.78442],[-84.65801,29.77739],[-84.67329,29.78233],[-84.62604,29.79086],[-84.60411,29.81159],[-84.58518,29.81124],[-84.57907,29.82712]]],[[[-88.94827,30.21024],[-88.98547,30.2113],[-88.93784,30.21725],[-88.94827,30.21024]]],[[[-81.07952,29.3744],[-81.03964,29.29211],[-81.04467,29.29014],[-81.08103,29.37311],[-81.09268,29.36929],[-81.09695,29.35198],[-81.08228,29.3525],[-81.0207,29.21641],[-80.96922,29.12365],[-80.97182,29.1095],[-80.9593,29.1096],[-80.95985,29.09447],[-80.9723,29.0962],[-80.97726,29.08899],[-80.96959,29.08465],[-80.94791,29.09276],[-80.93128,29.07544],[-80.94241,29.06118],[-80.95129,29.01485],[-80.95261,28.91973],[-80.93705,28.71556],[-80.95526,28.62004],[-80.97633,28.57406],[-81.02131,28.53164],[-81.01638,28.49269],[-80.98056,28.45458],[-80.83849,28.40264],[-80.81353,28.23987],[-80.80408,28.02646],[-80.80893,27.89577],[-80.76512,27.77553],[-80.72607,27.70079],[-80.66547,27.63464],[-80.58025,27.55862],[-80.4145,27.35012],[-80.29945,27.24309],[-80.32039,27.25034],[-80.32473,27.24449],[-80.2979,27.2274],[-80.28051,27.20464],[-80.26982,27.20426],[-80.27153,27.18817],[-80.25457,27.15619],[-80.24967,27.16293],[-80.2586,27.19232],[-80.24232,27.20145],[-80.20877,27.1852],[-80.16501,27.14003],[-80.16046,27.15048],[-80.17058,27.16377],[-80.15675,27.15997],[-80.09533,27.02395],[-80.07139,26.9459],[-80.09607,26.95144],[-80.10796,26.96989],[-80.10909,26.95608],[-80.14678,26.98934],[-80.14717,26.98058],[-80.11533,26.95308],[-80.12339,26.94368],[-80.07022,26.93801],[-80.0307,26.79754],[-80.03347,26.77495],[-80.04105,26.7757],[-80.03849,26.80932],[-80.05635,26.85204],[-80.05094,26.70366],[-80.22506,26.85949],[-80.36676,26.9461],[-80.40325,26.99687],[-80.40824,27.0714],[-80.36807,27.11247],[-80.3337,27.17579],[-80.35467,27.21237],[-80.59569,27.46568],[-80.68568,27.59816],[-80.83518,27.68286],[-80.91437,27.68875],[-80.93454,27.70639],[-81.02251,27.71209],[-81.13219,27.74498],[-81.17175,27.82745],[-81.21542,27.987],[-81.20655,28.06765],[-81.16291,28.13766],[-81.14503,28.23334],[-81.10819,28.3644],[-81.10899,28.38685],[-81.11913,28.40424],[-81.15699,28.43169],[-81.17996,28.57153],[-81.17999,28.63702],[-81.19401,28.69363],[-81.27308,28.76522],[-81.32826,28.83325],[-81.33144,28.91548],[-81.30856,29.00481],[-81.23235,29.04821],[-81.17416,29.1269],[-81.10675,29.4342],[-81.07952,29.3744]]],[[[-89.07191,30.23174],[-89.09395,30.20486],[-89.08899,30.21527],[-89.11126,30.21785],[-89.08066,30.22121],[-89.15915,30.23015],[-89.07878,30.23271],[-89.06749,30.25025],[-89.07191,30.23174]]],[[[-88.41684,30.21098],[-88.39771,30.20657],[-88.4546,30.19824],[-88.50191,30.21171],[-88.46396,30.20616],[-88.41684,30.21098]]],[[[-88.89475,30.22972],[-88.8899,30.24515],[-88.87357,30.24407],[-88.89475,30.22972]]],[[[-84.56672,29.87865],[-84.57304,29.88045],[-84.56569,29.88278],[-84.56672,29.87865]]],[[[-88.53232,30.2254],[-88.53545,30.21962],[-88.55616,30.22518],[-88.53232,30.2254]]],[[[-88.05304,30.19587],[-88.06027,30.19626],[-88.05708,30.2002],[-88.05304,30.19587]]],[[[-88.69693,30.24532],[-88.56127,30.22557],[-88.60103,30.22106],[-88.71544,30.24416],[-88.75412,30.23912],[-88.76772,30.24842],[-88.71528,30.25469],[-88.69693,30.24532]]],[[[-88.10328,30.21189],[-88.11837,30.22678],[-88.11361,30.22684],[-88.10328,30.21189]]],[[[-88.10944,30.25665],[-88.07809,30.24887],[-88.09533,30.23764],[-88.12764,30.24842],[-88.16698,30.2496],[-88.31824,30.22914],[-88.10944,30.25665]]],[[[-88.57559,30.29094],[-88.59918,30.3036],[-88.58807,30.30346],[-88.57559,30.29094]]],[[[-88.10545,30.26906],[-88.09624,30.25776],[-88.12561,30.27197],[-88.11988,30.27663],[-88.10545,30.26906]]],[[[-88.13708,30.29056],[-88.14348,30.29275],[-88.13929,30.2951],[-88.13708,30.29056]]],[[[-88.42793,30.32187],[-88.43688,30.32429],[-88.42357,30.32867],[-88.42793,30.32187]]],[[[-88.80848,30.35456],[-88.81483,30.35509],[-88.81262,30.36147],[-88.80848,30.35456]]],[[[-88.22385,30.31623],[-88.22979,30.32208],[-88.22184,30.32129],[-88.22385,30.31623]]],[[[-88.21271,30.31503],[-88.21498,30.32231],[-88.2107,30.32009],[-88.21271,30.31503]]],[[[-87.5353,30.27698],[-87.55339,30.273],[-87.54816,30.27808],[-87.5353,30.27698]]],[[[-88.26706,30.33247],[-88.27082,30.3347],[-88.26878,30.33839],[-88.26706,30.33247]]],[[[-88.82585,30.36207],[-88.8827,30.38599],[-88.85202,30.38338],[-88.82585,30.36207]]],[[[-88.38455,30.35477],[-88.3857,30.35887],[-88.37837,30.36219],[-88.38455,30.35477]]],[[[-87.47485,30.29523],[-87.53235,30.28235],[-87.50397,30.29771],[-87.46172,30.30358],[-87.47485,30.29523]]],[[[-88.25571,30.34638],[-88.25422,30.32627],[-88.26322,30.32613],[-88.26204,30.36961],[-88.25571,30.34638]]],[[[-88.38816,30.37346],[-88.39409,30.37839],[-88.38931,30.37756],[-88.38816,30.37346]]],[[[-88.30015,30.36853],[-88.3039,30.37076],[-88.29764,30.37498],[-88.30015,30.36853]]],[[[-88.38352,30.37903],[-88.38939,30.38076],[-88.38841,30.38444],[-88.38352,30.37903]]],[[[-88.33497,30.38672],[-88.35096,30.39148],[-88.33666,30.39126],[-88.33497,30.38672]]],[[[-84.33899,30.04396],[-84.33306,30.04111],[-84.33856,30.03256],[-84.34999,30.02973],[-84.3549,30.01764],[-84.35978,30.02123],[-84.34701,30.0515],[-84.33899,30.04396]]],[[[-84.21727,30.08729],[-84.22572,30.08957],[-84.21834,30.09187],[-84.21727,30.08729]]],[[[-84.20674,30.09418],[-84.20097,30.08903],[-84.21147,30.08593],[-84.21256,30.0992],[-84.20674,30.09418]]],[[[-86.57953,30.39996],[-86.52108,30.39445],[-86.52254,30.38698],[-86.63984,30.39716],[-86.76011,30.39085],[-87.23287,30.31808],[-87.26749,30.31564],[-87.3053,30.32974],[-87.21511,30.32509],[-87.1558,30.33871],[-87.15244,30.33377],[-87.15548,30.34421],[-87.14977,30.34712],[-87.13621,30.33882],[-87.04546,30.36196],[-87.03994,30.35571],[-86.72957,30.40275],[-86.57953,30.39996]]],[[[-88.02069,30.66132],[-88.02813,30.66168],[-88.02584,30.68091],[-88.01712,30.66914],[-88.02069,30.66132]]],[[[-97.13863,30.62205],[-97.05792,30.48388],[-97.02714,30.3873],[-96.88743,30.32331],[-96.84852,30.23109],[-96.8315,30.04984],[-96.86917,29.95971],[-96.88283,29.87405],[-96.91319,29.83138],[-96.90603,29.76571],[-96.91255,29.70906],[-96.82952,29.58996],[-96.77576,29.49641],[-96.73875,29.41898],[-96.72423,29.33866],[-96.76783,29.27451],[-96.81259,29.18578],[-96.96402,29.09812],[-97.11438,29.09987],[-97.22021,29.08283],[-97.3584,29.03023],[-97.4093,28.71332],[-97.53591,28.58756],[-97.63353,28.43686],[-97.78338,28.28983],[-97.84016,28.26705],[-97.9009,28.18944],[-97.9061,28.11885],[-97.83762,27.98381],[-97.79463,27.94077],[-97.65449,27.8822],[-97.47225,27.84],[-97.3937,27.7966],[-97.39366,27.77412],[-97.35043,27.72792],[-97.24538,27.69161],[-97.26134,27.68972],[-97.26742,27.65994],[-97.27879,27.65701],[-97.30186,27.59218],[-97.345,27.52323],[-97.35039,27.48143],[-97.37316,27.4396],[-97.37254,27.41008],[-97.40607,27.33254],[-97.41818,27.32039],[-97.43416,27.21333],[-97.43917,27.23329],[-97.43344,27.2373],[-97.44832,27.23443],[-97.44089,27.20981],[-97.45631,27.15391],[-97.45108,27.14133],[-97.44291,27.15912],[-97.44651,27.12368],[-97.45737,27.11841],[-97.46765,27.0979],[-97.48836,27.10393],[-97.5017,27.08303],[-97.47688,27.06121],[-97.48433,27.05788],[-97.66004,27.19728],[-97.88147,27.59772],[-97.92784,27.63368],[-97.99322,27.64633],[-98.04639,27.63135],[-98.07232,27.57828],[-98.04336,27.41544],[-97.87283,26.96095],[-97.71637,26.67869],[-97.5249,26.49729],[-97.4669,26.46646],[-97.48255,26.44851],[-97.46039,26.44566],[-97.44396,26.45404],[-97.42903,26.4463],[-97.43568,26.44366],[-97.43772,26.42568],[-97.45263,26.41727],[-97.44426,26.40966],[-97.45509,26.40207],[-97.43587,26.40252],[-97.42783,26.41851],[-97.40784,26.41061],[-97.39557,26.41539],[-97.4212,26.38644],[-97.43594,26.38311],[-97.42339,26.38049],[-97.40119,26.39658],[-97.40529,26.37772],[-97.38785,26.38653],[-97.38191,26.38222],[-97.38481,26.36981],[-97.40598,26.35462],[-97.34399,26.36692],[-97.36903,26.34074],[-97.35953,26.33727],[-97.35744,26.32288],[-97.34449,26.35029],[-97.33285,26.35092],[-97.3349,26.33386],[-97.35574,26.31266],[-97.34983,26.29787],[-97.65263,26.41296],[-97.91044,26.53058],[-98.10287,26.62654],[-98.25071,26.7164],[-98.35214,26.86841],[-98.39093,27.02575],[-98.3896,27.09651],[-98.35769,27.18408],[-98.34183,27.30944],[-98.41571,27.39538],[-98.59276,27.50134],[-98.75128,27.56926],[-98.91398,27.54989],[-98.99208,27.53201],[-99.07803,27.58459],[-99.1117,27.71432],[-99.07967,27.87799],[-98.95074,28.05984],[-98.77785,28.19222],[-98.61276,28.30057],[-98.55955,28.40962],[-98.45643,28.47668],[-98.32669,28.46522],[-98.20375,28.40318],[-98.06503,28.34849],[-97.9194,28.33684],[-97.78263,28.36076],[-97.72748,28.47234],[-97.72689,28.6906],[-97.64189,28.79487],[-97.6136,28.86836],[-97.63611,28.93132],[-97.70911,28.98956],[-97.84403,28.95088],[-98.08306,28.90758],[-98.26374,28.9102],[-98.35415,28.9592],[-98.4093,29.04937],[-98.40166,29.1264],[-98.22796,29.21008],[-97.38385,29.21707],[-97.28728,29.191],[-97.14649,29.18206],[-97.10637,29.24035],[-97.16736,29.31259],[-97.22192,29.39405],[-97.19491,29.60662],[-97.1171,29.81962],[-97.08912,29.93606],[-97.07226,30.02858],[-97.07443,30.16661],[-97.12128,30.24804],[-97.23862,30.3602],[-97.51185,30.44714],[-97.62333,30.46687],[-97.83362,30.3816],[-98.03493,30.27879],[-98.21143,30.2184],[-98.19241,30.13233],[-98.14674,30.08819],[-98.03324,30.03658],[-97.91769,30.02173],[-97.89073,29.96824],[-97.90711,29.89866],[-97.82529,29.80904],[-97.76019,29.71202],[-97.6559,29.66457],[-97.65412,29.62326],[-97.73643,29.52194],[-97.85368,29.46255],[-98.01223,29.42779],[-98.20542,29.37131],[-98.39258,29.34922],[-98.56498,29.38517],[-98.75966,29.33739],[-98.93089,29.31952],[-99.07336,29.19991],[-99.0857,29.092],[-99.08815,28.88679],[-99.16608,28.59789],[-99.2336,28.39033],[-99.31026,28.0901],[-99.42061,27.91914],[-99.57823,27.72502],[-99.60242,27.64123],[-99.62932,27.64023],[-99.62988,27.62964],[-99.64014,27.62645],[-99.6647,27.63252],[-99.66106,27.64724],[-99.66922,27.65786],[-99.69534,27.66669],[-99.70409,27.65566],[-99.71946,27.65801],[-99.76592,27.72396],[-99.79924,27.73185],[-99.81352,27.77147],[-99.84637,27.766],[-99.85249,27.79179],[-99.87815,27.79458],[-99.88172,27.81316],[-99.8736,27.81365],[-99.75323,28.0014],[-99.67134,28.29768],[-99.54407,28.57974],[-99.34567,28.81173],[-99.24903,28.86158],[-99.19299,28.9838],[-99.19101,29.13114],[-99.08548,29.26219],[-98.94956,29.40562],[-98.79767,29.42971],[-98.66903,29.46638],[-98.55391,29.52597],[-98.46352,29.55405],[-98.3846,29.53898],[-98.31796,29.43439],[-98.28839,29.40596],[-98.23608,29.41525],[-98.20133,29.4366],[-98.15345,29.48796],[-98.13371,29.67389],[-98.15686,29.78857],[-98.19021,29.86269],[-98.36861,29.94486],[-98.43916,30.04495],[-98.3944,30.18632],[-98.35092,30.22705],[-98.33286,30.36246],[-98.2679,30.44388],[-97.99264,30.53984],[-98.03307,30.55672],[-98.15906,30.5454],[-98.29666,30.54367],[-98.3325,30.62226],[-98.31115,30.71148],[-98.24322,30.77164],[-98.31346,30.83988],[-98.41722,30.84833],[-98.41914,30.94707],[-98.1661,30.98001],[-97.94692,30.97254],[-97.61224,30.93587],[-97.416,30.88768],[-97.23122,30.77984],[-97.13863,30.62205]]],[[[-81.18438,31.51457],[-81.19485,31.49485],[-81.26201,31.49932],[-81.2399,31.52961],[-81.22004,31.52884],[-81.22669,31.51982],[-81.21599,31.51782],[-81.21633,31.52695],[-81.20156,31.53904],[-81.17347,31.52215],[-81.18438,31.51457]]],[[[-81.29396,31.5382],[-81.31413,31.55038],[-81.27689,31.55803],[-81.29396,31.5382]]],[[[-81.2227,31.67719],[-81.20822,31.67468],[-81.2089,31.66831],[-81.26799,31.67289],[-81.2355,31.68196],[-81.2227,31.67719]]],[[[-81.05473,31.85873],[-81.06476,31.84522],[-81.08279,31.85784],[-81.05473,31.85873]]],[[[-80.88994,31.952],[-80.92314,31.94213],[-80.92231,31.95306],[-80.93235,31.96145],[-80.92566,31.96887],[-80.88207,31.95492],[-80.88994,31.952]]],[[[-80.9332,31.97059],[-80.942,31.96437],[-80.96181,31.97111],[-80.94866,31.95719],[-80.96907,31.94023],[-81.00103,31.95813],[-81.004,31.96867],[-80.99822,31.99204],[-80.9332,31.97059]]],[[[-110.8278,31.73095],[-110.89378,31.71536],[-111.03103,31.71311],[-111.07399,31.76089],[-111.07766,31.86712],[-111.07065,31.93758],[-111.02433,31.98704],[-110.88965,32.05974],[-110.68103,32.15367],[-110.62161,32.14625],[-110.57266,32.10037],[-110.59013,32.01998],[-110.70443,31.87038],[-110.77981,31.74226],[-110.8278,31.73095]]],[[[-109.70118,32.60358],[-109.39152,32.45862],[-109.33552,32.445],[-109.20975,32.45407],[-109.13259,32.44819],[-109.00269,32.37213],[-108.92824,32.27295],[-108.92045,32.1635],[-109.02687,32.01468],[-109.06083,31.9141],[-109.09298,31.77227],[-109.077,31.50296],[-109.05714,31.33193],[-109.43798,31.33228],[-109.56372,31.72369],[-109.5943,31.94908],[-109.63032,32.07665],[-109.69897,32.21445],[-109.85567,32.37066],[-109.94458,32.41701],[-110.04362,32.46091],[-110.15992,32.49453],[-110.31647,32.51088],[-110.3715,32.5142],[-110.47093,32.49767],[-110.58196,32.44485],[-110.67415,32.38839],[-111.06708,32.24551],[-111.15712,32.16613],[-111.25025,32.06143],[-111.30284,31.96374],[-111.30423,31.83305],[-111.26735,31.75554],[-111.21715,31.70194],[-111.14874,31.48243],[-111.0889,31.33443],[-111.95545,31.61183],[-111.94221,31.77169],[-111.87701,31.84788],[-111.77485,31.88687],[-111.68436,31.88212],[-111.58114,31.86215],[-111.51164,31.86291],[-111.44815,31.89648],[-111.39669,31.95587],[-111.3838,32.01855],[-111.32739,32.11182],[-111.25298,32.18531],[-111.02848,32.32646],[-110.95389,32.41804],[-110.89853,32.50634],[-110.89472,32.59654],[-110.87712,32.66217],[-110.74404,32.78404],[-110.65069,32.81695],[-110.57112,32.79872],[-110.43067,32.73546],[-110.26704,32.72402],[-110.1323,32.70068],[-109.98854,32.66369],[-109.75787,32.63139],[-109.70118,32.60358]]],[[[-77.8985,34.05065],[-77.88835,34.05683],[-77.8852,34.05041],[-77.90399,34.00969],[-77.91448,34.05169],[-77.89989,34.06068],[-77.8985,34.05065]]],[[[-77.87926,34.06485],[-77.88812,34.06546],[-77.88082,34.06851],[-77.87926,34.06485]]],[[[-77.86733,34.11555],[-77.87052,34.12061],[-77.86386,34.12094],[-77.86733,34.11555]]],[[[-77.84802,34.13156],[-77.87175,34.07562],[-77.85703,34.12718],[-77.86244,34.13228],[-77.85231,34.13709],[-77.85998,34.14087],[-77.84588,34.14834],[-77.82565,34.17705],[-77.8179,34.176],[-77.84802,34.13156]]],[[[-77.82932,34.18485],[-77.83106,34.18216],[-77.83653,34.18499],[-77.82932,34.18485]]],[[[-77.82085,34.18969],[-77.82739,34.19436],[-77.82061,34.19833],[-77.82085,34.18969]]],[[[-77.81938,34.2024],[-77.8243,34.20521],[-77.81922,34.2083],[-77.81938,34.2024]]],[[[-77.80921,34.18902],[-77.8078,34.19945],[-77.78791,34.21498],[-77.80921,34.18902]]],[[[-77.7722,34.23968],[-77.78491,34.22311],[-77.8125,34.20999],[-77.79002,34.23866],[-77.7722,34.23968]]],[[[-77.77368,34.24607],[-77.78253,34.24806],[-77.77236,34.25377],[-77.77368,34.24607]]],[[[-77.76063,34.25537],[-77.76504,34.25681],[-77.76217,34.25994],[-77.76063,34.25537]]],[[[-77.72635,34.28697],[-77.75051,34.25926],[-77.76028,34.26763],[-77.743,34.28821],[-77.72337,34.29373],[-77.72635,34.28697]]],[[[-77.72608,34.29606],[-77.73165,34.29571],[-77.72975,34.30386],[-77.71858,34.30546],[-77.72608,34.29606]]],[[[-77.71782,34.31226],[-77.72452,34.31148],[-77.72438,34.31648],[-77.71782,34.31226]]],[[[-77.69097,34.31718],[-77.7086,34.30435],[-77.70851,34.32617],[-77.69928,34.31826],[-77.67948,34.32877],[-77.69097,34.31718]]],[[[-77.69107,34.33264],[-77.69663,34.33275],[-77.69354,34.34269],[-77.67959,34.34378],[-77.68096,34.33517],[-77.69107,34.33264]]],[[[-77.66304,34.3389],[-77.66854,34.34128],[-77.66119,34.34477],[-77.66304,34.3389]]],[[[-77.67222,34.34817],[-77.6788,34.35149],[-77.67152,34.35316],[-77.67222,34.34817]]],[[[-77.66483,34.35348],[-77.66631,34.35987],[-77.65447,34.36463],[-77.66483,34.35348]]],[[[-77.64163,34.36574],[-77.64475,34.37307],[-77.63639,34.37336],[-77.64163,34.36574]]],[[[-77.62339,34.37945],[-77.63281,34.38101],[-77.63149,34.3878],[-77.60374,34.40269],[-77.62339,34.37945]]],[[[-77.62713,34.36635],[-77.65031,34.355],[-77.52995,34.44889],[-77.53373,34.43167],[-77.62713,34.36635]]],[[[-116.90536,33.42723],[-116.89638,33.30952],[-116.50882,32.81253],[-116.48581,32.67158],[-116.59541,32.62631],[-116.73178,32.61538],[-116.84506,32.64426],[-117.05395,32.89227],[-117.21941,32.93405],[-117.25882,32.91935],[-117.28376,33.0178],[-117.34115,33.14046],[-117.47288,33.30068],[-117.46613,33.34549],[-117.16734,33.57979],[-117.12857,33.79691],[-117.12602,34.07767],[-117.04505,34.13886],[-116.92798,34.11708],[-116.79216,34.06766],[-116.81289,33.83331],[-116.8564,33.73504],[-116.90705,33.44927],[-116.90536,33.42723]]],[[[-77.1118,34.65694],[-77.11289,34.65697],[-77.11268,34.65964],[-77.1118,34.65694]]],[[[-76.60061,34.67455],[-76.57345,34.66922],[-76.52828,34.64152],[-76.53436,34.63079],[-76.57445,34.65924],[-76.64897,34.6814],[-76.65145,34.68875],[-76.63195,34.68682],[-76.60061,34.67455]]],[[[-76.56503,34.66988],[-76.56768,34.67314],[-76.56253,34.67571],[-76.56503,34.66988]]],[[[-76.58043,34.67578],[-76.58859,34.68102],[-76.58187,34.68128],[-76.58043,34.67578]]],[[[-76.68337,34.70056],[-76.6803,34.69411],[-76.75904,34.69723],[-76.93248,34.68191],[-77.10555,34.64452],[-77.08982,34.66185],[-76.84966,34.69697],[-76.81842,34.7084],[-76.76441,34.70237],[-76.75058,34.71199],[-76.73554,34.71066],[-76.73084,34.7028],[-76.68337,34.70056]]],[[[-76.68025,34.7082],[-76.68949,34.71482],[-76.68601,34.71745],[-76.68025,34.7082]]],[[[-76.56323,34.71027],[-76.55913,34.70197],[-76.52875,34.69335],[-76.58224,34.6981],[-76.58454,34.70908],[-76.56323,34.71027]]],[[[-76.52938,34.70427],[-76.5437,34.70924],[-76.53027,34.7093],[-76.52938,34.70427]]],[[[-76.67926,34.74407],[-76.68257,34.74553],[-76.68077,34.7482],[-76.67926,34.74407]]],[[[-76.47145,34.71072],[-76.47863,34.71276],[-76.47294,34.71486],[-76.47145,34.71072]]],[[[-76.6975,34.74958],[-76.70128,34.75287],[-76.69677,34.75365],[-76.6975,34.74958]]],[[[-76.43029,34.74603],[-76.43161,34.73527],[-76.51706,34.62982],[-76.53863,34.58501],[-76.55318,34.62226],[-76.54463,34.61337],[-76.53277,34.6162],[-76.49954,34.67112],[-76.5025,34.67984],[-76.49311,34.67729],[-76.48077,34.69055],[-76.48325,34.69744],[-76.47028,34.69978],[-76.46342,34.71502],[-76.44203,34.72983],[-76.43973,34.74339],[-76.43029,34.74603]]],[[[-76.48517,34.7534],[-76.49401,34.75594],[-76.48995,34.759],[-76.48517,34.7534]]],[[[-76.44271,34.75167],[-76.44612,34.7504],[-76.44704,34.75498],[-76.44271,34.75167]]],[[[-76.4316,34.76178],[-76.42941,34.75317],[-76.43524,34.75598],[-76.4316,34.76178]]],[[[-85.89416,35.84441],[-86.00676,35.79335],[-86.05654,35.80389],[-86.07263,35.83221],[-86.04847,35.9551],[-85.95395,36.02181],[-85.86532,36.00034],[-85.81354,35.95569],[-85.8071,35.91943],[-85.89416,35.84441]]],[[[-76.43882,34.9473],[-76.43829,34.92675],[-76.44751,34.93904],[-76.43882,34.9473]]],[[[-77.00895,35.47927],[-76.98444,35.47047],[-76.97531,35.45843],[-76.9692,35.44148],[-76.97664,35.42487],[-76.96353,35.41363],[-76.9663,35.40054],[-76.95676,35.41346],[-76.96546,35.42186],[-76.96268,35.43495],[-76.92541,35.44897],[-76.90855,35.43309],[-76.83601,35.41739],[-76.82816,35.38328],[-76.85796,35.37227],[-76.82451,35.37716],[-76.78255,35.30229],[-76.75496,35.19325],[-76.70201,35.14928],[-76.7154,35.15719],[-76.71418,35.14625],[-76.728,35.15209],[-76.75932,35.14341],[-76.74543,35.13894],[-76.726,35.14613],[-76.73751,35.12691],[-76.72153,35.1192],[-76.72817,35.13483],[-76.72065,35.13962],[-76.68978,35.13911],[-76.63555,35.09178],[-76.6556,35.08327],[-76.62795,35.08566],[-76.6227,35.07733],[-76.62003,35.0868],[-76.59874,35.07297],[-76.63757,35.05868],[-76.65084,35.0636],[-76.64123,35.05197],[-76.66303,35.04169],[-76.67388,35.05062],[-76.66439,35.03627],[-76.67878,35.0285],[-76.68221,35.03996],[-76.68321,35.02999],[-76.69532,35.02261],[-76.69541,35.03352],[-76.70111,35.03186],[-76.70069,35.04139],[-76.71163,35.04851],[-76.70635,35.02746],[-76.72386,35.0384],[-76.72102,35.02605],[-76.7385,35.02426],[-76.73146,35.01816],[-76.70997,35.02165],[-76.7059,35.01154],[-76.74822,34.99364],[-76.7587,35.01165],[-76.76573,35.00457],[-76.78538,35.01829],[-76.78205,35.00366],[-76.7609,34.99944],[-76.75954,34.99168],[-76.77196,34.97658],[-76.80391,34.96428],[-76.86366,34.99951],[-76.86096,35.02442],[-76.86923,35.02827],[-76.87252,35.00247],[-76.90132,35.0264],[-76.92653,35.02797],[-76.9341,35.03544],[-76.91414,35.05672],[-76.9461,35.04438],[-76.93808,35.07642],[-76.95854,35.05651],[-76.98245,35.07712],[-76.97186,35.06095],[-76.9792,35.05978],[-76.9988,35.07618],[-77.00523,35.09859],[-77.01857,35.10257],[-77.01655,35.11115],[-77.03839,35.14259],[-77.06954,35.152],[-77.0798,35.16315],[-77.08134,35.15229],[-77.09494,35.16444],[-77.09142,35.15345],[-77.07707,35.14628],[-77.08064,35.14091],[-77.0715,35.14478],[-77.05323,35.13705],[-77.05309,35.12615],[-77.03427,35.10387],[-77.05113,35.10384],[-77.0528,35.0898],[-77.06965,35.07524],[-77.124,35.07976],[-77.12323,35.08519],[-77.13645,35.07733],[-77.13112,35.06908],[-77.12242,35.077],[-77.07849,35.06456],[-77.06639,35.07243],[-77.06617,35.06334],[-77.03679,35.09667],[-76.98942,35.04277],[-76.97693,35.00339],[-76.93439,34.97185],[-76.89627,34.95676],[-76.90858,34.95754],[-76.90835,34.94936],[-76.92999,34.94129],[-76.91096,34.94034],[-76.91532,34.90138],[-76.90042,34.92325],[-76.90494,34.93655],[-76.8965,34.95086],[-76.857,34.94254],[-76.86392,34.93818],[-76.85386,34.92337],[-76.86495,34.91277],[-76.86356,34.89183],[-76.85068,34.91875],[-76.83715,34.90657],[-76.84886,34.92233],[-76.84886,34.93596],[-76.8122,34.94043],[-76.76103,34.9163],[-76.78263,34.896],[-76.76496,34.90278],[-76.76872,34.88017],[-76.76119,34.85906],[-76.75514,34.8698],[-76.76127,34.89723],[-76.75283,34.8979],[-76.75236,34.92243],[-76.73306,34.92779],[-76.73064,34.91864],[-76.69925,34.95729],[-76.68143,34.95406],[-76.65927,34.93435],[-76.66858,34.92689],[-76.66698,34.91185],[-76.68382,34.8987],[-76.67152,34.8979],[-76.66043,34.90758],[-76.63552,34.90005],[-76.6602,34.91302],[-76.64704,34.93173],[-76.6389,34.92559],[-76.64012,34.93608],[-76.65932,34.94617],[-76.65245,34.94915],[-76.6614,34.94986],[-76.66107,34.95758],[-76.67128,34.95514],[-76.67744,34.96849],[-76.65832,34.98203],[-76.64252,34.98385],[-76.6422,34.97839],[-76.63219,34.98901],[-76.5911,34.97874],[-76.59529,34.96023],[-76.5873,34.96318],[-76.58264,34.95441],[-76.59191,34.94786],[-76.57947,34.94977],[-76.55222,34.93171],[-76.55105,34.92031],[-76.56938,34.91177],[-76.54957,34.91573],[-76.53964,34.89953],[-76.51825,34.8889],[-76.54418,34.92329],[-76.5433,34.93054],[-76.5174,34.9325],[-76.54187,34.93731],[-76.56532,34.95254],[-76.5811,34.98889],[-76.56393,34.99612],[-76.55522,34.98996],[-76.55762,34.99911],[-76.55135,35.0012],[-76.51081,35.00364],[-76.51843,34.99659],[-76.50473,34.98892],[-76.51952,34.98481],[-76.52213,34.97671],[-76.49327,34.98176],[-76.50072,34.95381],[-76.47838,34.98078],[-76.46034,34.96666],[-76.46463,34.95728],[-76.45465,34.9547],[-76.46704,34.94145],[-76.44637,34.92719],[-76.44211,34.91025],[-76.43819,34.9232],[-76.43189,34.83244],[-76.43774,34.82286],[-76.44409,34.81897],[-76.46485,34.8305],[-76.45056,34.81235],[-76.47672,34.76678],[-76.48785,34.76848],[-76.49394,34.7823],[-76.47395,34.80305],[-76.48104,34.80736],[-76.50095,34.78841],[-76.51205,34.79056],[-76.50101,34.77478],[-76.51447,34.77427],[-76.50157,34.76207],[-76.51964,34.75897],[-76.50403,34.73261],[-76.51063,34.7228],[-76.52069,34.72311],[-76.52203,34.73087],[-76.52573,34.72325],[-76.54369,34.72197],[-76.55213,34.73358],[-76.55644,34.72462],[-76.5755,34.72381],[-76.57631,34.74338],[-76.58967,34.74513],[-76.58929,34.75375],[-76.56684,34.76764],[-76.5721,34.78779],[-76.58571,34.77137],[-76.59339,34.77478],[-76.60612,34.80378],[-76.6236,34.81382],[-76.61695,34.7741],[-76.62799,34.72624],[-76.63702,34.72468],[-76.61993,34.71874],[-76.61978,34.70919],[-76.67607,34.71444],[-76.65873,34.75303],[-76.67996,34.77999],[-76.68612,34.80607],[-76.69238,34.77762],[-76.7337,34.78059],[-76.77221,34.75667],[-76.75243,34.74794],[-76.73499,34.76336],[-76.7199,34.76248],[-76.70661,34.74621],[-76.70815,34.73625],[-76.72461,34.74398],[-76.72187,34.72937],[-76.69505,34.72861],[-76.69717,34.71822],[-76.90199,34.73109],[-76.93214,34.71871],[-76.94683,34.72909],[-76.94169,34.7176],[-76.94802,34.71322],[-76.97266,34.71249],[-76.99842,34.69725],[-77.01794,34.69912],[-77.01763,34.69274],[-77.03639,34.68459],[-77.04006,34.69104],[-77.05797,34.69059],[-77.06053,34.68202],[-77.09942,34.6739],[-77.1108,34.68285],[-77.09105,34.68824],[-77.09686,34.69747],[-77.09017,34.71184],[-77.07502,34.71283],[-77.10719,34.72744],[-77.1022,34.78891],[-77.16041,34.84757],[-77.24757,34.84615],[-77.42771,34.73673],[-77.43292,34.7494],[-77.43455,34.73257],[-77.48449,34.70212],[-77.54556,34.56627],[-77.53159,34.46122],[-77.55703,34.43535],[-77.5742,34.43889],[-77.57852,34.42534],[-77.59204,34.42062],[-77.60942,34.43507],[-77.61208,34.42149],[-77.60232,34.41265],[-77.67001,34.36631],[-77.68306,34.37657],[-77.68428,34.35478],[-77.70064,34.34737],[-77.71285,34.32989],[-77.74471,34.30596],[-77.76357,34.30769],[-77.74712,34.29965],[-77.76339,34.27542],[-77.8217,34.2188],[-77.83937,34.22322],[-77.8287,34.20711],[-77.84306,34.19011],[-77.86411,34.19277],[-77.84965,34.17296],[-77.86668,34.15963],[-77.86181,34.155],[-77.89521,34.06969],[-77.91681,34.06101],[-77.93321,34.13668],[-77.94804,34.41671],[-77.89682,34.51643],[-77.74428,34.6751],[-77.567,34.79707],[-77.40995,34.88979],[-77.24656,35.05704],[-77.15246,35.18722],[-77.07391,35.38495],[-77.03805,35.49621],[-77.00895,35.47927]]],[[[-77.0221,35.50412],[-77.02177,35.49821],[-77.03287,35.50308],[-77.02927,35.51155],[-77.0221,35.50412]]],[[[-86.14062,36.42329],[-86.56671,36.44674],[-86.63237,36.46508],[-86.67123,36.51014],[-86.6322,36.59409],[-86.55495,36.63678],[-86.38921,36.64522],[-86.1615,36.61935],[-86.06103,36.57554],[-86.031,36.54924],[-86.03506,36.52108],[-86.05992,36.47341],[-86.11139,36.42812],[-86.14062,36.42329]]],[[[-84.06518,36.57232],[-84.24432,36.57477],[-84.38519,36.64962],[-84.49887,36.73592],[-84.49196,36.81341],[-84.4265,36.8526],[-84.32887,36.86601],[-84.17599,36.87964],[-84.03307,36.86546],[-83.95145,36.81767],[-83.87683,36.76171],[-83.85455,36.75944],[-83.82795,36.64963],[-83.87669,36.58583],[-83.95006,36.57195],[-84.06518,36.57232]]],[[[-155.77512,20.10656],[-155.59637,20.08081],[-155.51785,20.04749],[-155.48692,20.02132],[-155.41757,19.9218],[-155.38669,19.89598],[-155.29291,19.843],[-155.25916,19.7705],[-155.25172,19.71844],[-155.27999,19.64432],[-155.36498,19.59505],[-155.53023,19.52509],[-155.56556,19.50341],[-155.64577,19.41428],[-155.68572,19.32717],[-155.70816,19.22532],[-155.73134,19.18789],[-155.74596,19.17019],[-155.82938,19.11658],[-155.90317,19.08545],[-155.91217,19.14041],[-155.88624,19.27225],[-155.8819,19.34766],[-155.90879,19.4021],[-155.90651,19.41912],[-155.92432,19.46315],[-155.92105,19.48408],[-155.94705,19.49205],[-155.95742,19.52203],[-155.95348,19.54455],[-155.96403,19.55473],[-155.95914,19.56529],[-155.97241,19.60494],[-155.98909,19.64094],[-156.02089,19.6517],[-156.02026,19.67609],[-156.02646,19.69086],[-156.04091,19.69738],[-156.05324,19.73428],[-156.04454,19.73699],[-156.04263,19.7812],[-155.98939,19.82554],[-155.97407,19.84738],[-155.92117,19.85535],[-155.92237,19.8723],[-155.89221,19.90694],[-155.87858,19.9406],[-155.86487,19.94731],[-155.85418,19.96578],[-155.83134,19.97197],[-155.82271,20.0318],[-155.86556,20.09216],[-155.77512,20.10656]]],[[[-92.4127,37.74257],[-92.52571,37.73785],[-92.79753,37.77175],[-93.39565,37.81469],[-93.50916,37.86701],[-93.49344,37.98131],[-93.41621,38.05292],[-93.13088,38.05281],[-92.48737,38.03162],[-92.0045,37.98069],[-91.91624,37.87876],[-91.9206,37.81333],[-91.99847,37.75084],[-92.4127,37.74257]]],[[[-88.5533,37.81695],[-88.63585,37.73517],[-88.81122,37.79486],[-88.94021,37.71361],[-89.15327,37.73038],[-89.21639,37.78895],[-89.23971,37.86514],[-89.34497,37.94562],[-89.46328,38.11883],[-89.35853,38.21667],[-89.20459,38.21392],[-88.7915,38.17789],[-88.58711,38.08012],[-88.57038,37.98727],[-88.56993,37.88942],[-88.5533,37.81695]]],[[[-76.41386,36.96438],[-76.42536,36.96513],[-76.4456,36.98888],[-76.41135,36.96956],[-76.41386,36.96438]]],[[[-76.64901,37.03865],[-76.6059,37.03491],[-76.58154,37.02343],[-76.58449,37.00718],[-76.61161,37.00647],[-76.62076,36.99353],[-76.55869,37.00338],[-76.52246,36.9721],[-76.49066,36.96042],[-76.48459,36.9394],[-76.49047,36.93637],[-76.49745,36.94925],[-76.51178,36.95097],[-76.50066,36.92665],[-76.51675,36.91298],[-76.50421,36.90995],[-76.48592,36.92084],[-76.48579,36.89543],[-76.51084,36.88789],[-76.53232,36.8544],[-76.55985,36.84191],[-76.56051,36.79566],[-76.54799,36.82167],[-76.54979,36.83441],[-76.51476,36.84716],[-76.51788,36.85585],[-76.50681,36.85921],[-76.5064,36.86963],[-76.49209,36.86746],[-76.4857,36.88318],[-76.45564,36.8865],[-76.44683,36.90488],[-76.38779,36.89838],[-76.37398,36.9257],[-76.34876,36.92278],[-76.34258,36.89177],[-76.3517,36.88021],[-76.3403,36.86403],[-76.34346,36.85731],[-76.36186,36.85779],[-76.36762,36.84388],[-76.38874,36.8476],[-76.39031,36.83766],[-76.40019,36.83519],[-76.40094,36.81707],[-76.38697,36.83485],[-76.36276,36.83604],[-76.35417,36.84897],[-76.33371,36.8566],[-76.28846,36.83817],[-76.24067,36.83915],[-76.3067,36.85589],[-76.30571,36.86539],[-76.32374,36.87448],[-76.31327,36.90415],[-76.29613,36.90097],[-76.27786,36.88416],[-76.26911,36.90025],[-76.28536,36.89706],[-76.28148,36.90693],[-76.29586,36.90732],[-76.30299,36.91567],[-76.33241,36.91463],[-76.32952,36.969],[-76.28947,36.94888],[-76.27376,36.95255],[-76.27053,36.96063],[-76.29921,36.96366],[-76.30238,36.97055],[-76.27879,36.96947],[-76.23268,36.94328],[-76.18194,36.931],[-76.18746,36.91121],[-76.21468,36.90695],[-76.20399,36.90121],[-76.17446,36.90494],[-76.15649,36.88176],[-76.13976,36.88265],[-76.15714,36.90582],[-76.17876,36.91186],[-76.1756,36.91812],[-76.159,36.91585],[-76.17079,36.92253],[-76.16881,36.92838],[-76.09928,36.91191],[-76.09846,36.90463],[-76.12066,36.88484],[-76.10768,36.87903],[-76.12191,36.8572],[-76.10214,36.86163],[-76.09448,36.87821],[-76.0992,36.88832],[-76.08856,36.89437],[-76.07019,36.88069],[-76.07902,36.87641],[-76.07757,36.85776],[-76.04962,36.85243],[-76.06326,36.8687],[-76.0536,36.87841],[-76.06419,36.89867],[-76.08478,36.90152],[-76.08946,36.91254],[-76.04021,36.93156],[-76.00976,36.92978],[-75.99247,36.91748],[-75.97328,36.84581],[-76.49278,36.80894],[-76.63571,36.65027],[-76.7436,36.58537],[-76.78765,36.53135],[-76.74303,36.38219],[-76.74115,36.33756],[-76.77551,36.36422],[-76.81774,36.36581],[-76.83615,36.37673],[-76.91886,36.39568],[-76.82643,36.36331],[-76.77743,36.35928],[-76.74056,36.3235],[-76.73893,36.28493],[-76.78871,36.03945],[-76.76195,35.95673],[-76.75031,35.81795],[-76.79644,35.67604],[-76.85574,35.57547],[-76.84537,35.45011],[-76.8636,35.45507],[-76.85594,35.46258],[-76.9058,35.45891],[-76.9197,35.46472],[-76.92943,35.47541],[-76.91004,35.4799],[-76.93321,35.4796],[-76.94084,35.47253],[-76.95084,35.47688],[-76.94817,35.48725],[-76.96054,35.50301],[-76.95732,35.48476],[-76.9788,35.4844],[-77.02438,35.52481],[-76.99221,35.61178],[-77.00519,35.68561],[-77.15016,35.81425],[-77.19453,35.89328],[-77.20574,36.00577],[-77.22063,36.07332],[-77.10495,36.29471],[-77.05808,36.41184],[-77.0748,36.52462],[-76.90697,36.70485],[-76.84927,36.78659],[-76.80403,36.88412],[-76.80448,36.9763],[-76.76902,37.02235],[-76.71347,37.06195],[-76.66704,37.07703],[-76.66865,37.05318],[-76.64901,37.03865]]],[[[-75.96504,37.09588],[-75.98253,37.10455],[-75.97133,37.10922],[-75.95852,37.09932],[-75.96504,37.09588]]],[[[-75.91807,37.11219],[-75.9249,37.11421],[-75.90946,37.13507],[-75.89269,37.13548],[-75.86771,37.15016],[-75.89046,37.12181],[-75.91807,37.11219]]],[[[-75.83968,37.16792],[-75.8589,37.15307],[-75.855,37.17382],[-75.84947,37.16866],[-75.82936,37.18983],[-75.82752,37.18025],[-75.83968,37.16792]]],[[[-156.46811,20.89873],[-156.46722,20.8974],[-156.47176,20.90069],[-156.46811,20.89873]]],[[[-75.81597,37.1917],[-75.8215,37.19685],[-75.81298,37.20522],[-75.81597,37.1917]]],[[[-75.83479,37.1968],[-75.85304,37.1783],[-75.86913,37.18015],[-75.86062,37.20076],[-75.84456,37.19801],[-75.8419,37.20518],[-75.82382,37.20827],[-75.83479,37.1968]]],[[[-75.79242,37.23499],[-75.80185,37.21985],[-75.83512,37.2136],[-75.84412,37.21886],[-75.8401,37.23008],[-75.79242,37.23499]]],[[[-75.90202,37.2773],[-75.91008,37.29024],[-75.90299,37.29321],[-75.90202,37.2773]]],[[[-75.83396,37.27254],[-75.84918,37.28071],[-75.84854,37.29385],[-75.82927,37.28556],[-75.83396,37.27254]]],[[[-75.88981,37.23067],[-75.88354,37.21687],[-75.87548,37.22797],[-75.86926,37.22506],[-75.87812,37.20945],[-75.87114,37.19835],[-75.88329,37.17422],[-75.87683,37.1645],[-75.88911,37.16169],[-75.90034,37.19242],[-75.91059,37.1596],[-75.91313,37.17873],[-75.89997,37.21191],[-75.90836,37.22986],[-75.91991,37.2302],[-75.92091,37.24565],[-75.88944,37.286],[-75.86159,37.29923],[-75.85403,37.26453],[-75.87863,37.25846],[-75.88981,37.23067]]],[[[-75.79688,37.25009],[-75.80998,37.26592],[-75.80441,37.2848],[-75.79171,37.29575],[-75.78864,37.26436],[-75.79688,37.25009]]],[[[-75.90722,37.3015],[-75.91456,37.30534],[-75.90152,37.32356],[-75.90722,37.3015]]],[[[-156.55563,20.82742],[-156.52227,20.82797],[-156.51724,20.87049],[-156.524,20.92205],[-156.50931,20.94814],[-156.47338,20.8911],[-156.39914,20.90935],[-156.33954,20.93842],[-156.32567,20.89933],[-156.33377,20.85002],[-156.38249,20.7985],[-156.38975,20.68718],[-156.439,20.67162],[-156.45271,20.75637],[-156.46519,20.78687],[-156.4962,20.7976],[-156.52956,20.7754],[-156.55444,20.79227],[-156.57724,20.79419],[-156.5995,20.81272],[-156.62085,20.81095],[-156.6358,20.83776],[-156.67499,20.87388],[-156.67792,20.90153],[-156.65668,20.90233],[-156.55563,20.82742]]],[[[-75.84336,37.32862],[-75.84945,37.33425],[-75.83673,37.34566],[-75.84336,37.32862]]],[[[-75.77589,37.33429],[-75.79083,37.33656],[-75.77657,37.34383],[-75.77589,37.33429]]],[[[-75.75833,37.33783],[-75.76534,37.33669],[-75.76653,37.34761],[-75.75833,37.33783]]],[[[-75.86035,37.34819],[-75.85039,37.32702],[-75.86548,37.30252],[-75.89781,37.30439],[-75.87248,37.3608],[-75.85373,37.37702],[-75.84665,37.35594],[-75.86035,37.34819]]],[[[-75.72283,37.36394],[-75.71253,37.36135],[-75.72121,37.35029],[-75.77096,37.30555],[-75.78675,37.30241],[-75.72859,37.35324],[-75.73258,37.36606],[-75.72283,37.36394]]],[[[-75.80228,37.32783],[-75.81235,37.33494],[-75.79859,37.3436],[-75.79332,37.37973],[-75.78615,37.38404],[-75.80228,37.32783]]],[[[-75.77819,37.39242],[-75.79712,37.38483],[-75.80464,37.39686],[-75.77819,37.39242]]],[[[-75.82808,37.40347],[-75.81091,37.39886],[-75.82873,37.39033],[-75.84754,37.3968],[-75.83336,37.41406],[-75.82525,37.41382],[-75.82808,37.40347]]],[[[-75.72985,37.38549],[-75.73773,37.39027],[-75.73432,37.40014],[-75.72985,37.38549]]],[[[-76.25966,37.48703],[-76.30593,37.49453],[-76.30254,37.51939],[-76.27951,37.5147],[-76.25966,37.48703]]],[[[-75.73223,37.43002],[-75.73608,37.43422],[-75.73006,37.43857],[-75.73223,37.43002]]],[[[-75.71735,37.38056],[-75.72238,37.38435],[-75.69779,37.43439],[-75.70675,37.44057],[-75.68868,37.44227],[-75.69336,37.45285],[-75.66736,37.46202],[-75.66908,37.43984],[-75.71735,37.38056]]],[[[-75.69475,37.4597],[-75.70998,37.46834],[-75.68891,37.47177],[-75.69475,37.4597]]],[[[-75.72041,37.46867],[-75.72683,37.4793],[-75.72048,37.47865],[-75.72041,37.46867]]],[[[-75.68202,37.48153],[-75.71,37.47923],[-75.68977,37.48903],[-75.68202,37.48153]]],[[[-75.66143,37.49812],[-75.67395,37.49171],[-75.69013,37.50447],[-75.67705,37.52175],[-75.66425,37.52225],[-75.65795,37.52069],[-75.66143,37.49812]]],[[[-76.27869,37.61401],[-76.29883,37.61862],[-76.29894,37.64311],[-76.27441,37.61888],[-76.27869,37.61401]]],[[[-75.60023,37.5801],[-75.60092,37.56697],[-75.64284,37.49844],[-75.66237,37.48001],[-75.66807,37.482],[-75.6578,37.52341],[-75.69023,37.52534],[-75.70138,37.51163],[-75.71404,37.51384],[-75.70885,37.52456],[-75.71996,37.52309],[-75.71829,37.53302],[-75.69737,37.53327],[-75.71734,37.54024],[-75.71185,37.55686],[-75.69475,37.53909],[-75.66661,37.53276],[-75.65058,37.53951],[-75.65057,37.55085],[-75.63587,37.56536],[-75.6177,37.56841],[-75.61466,37.58192],[-75.60023,37.5801]]],[[[-75.62673,37.58458],[-75.62285,37.56993],[-75.63114,37.56702],[-75.6714,37.5751],[-75.66438,37.58713],[-75.67288,37.59148],[-75.62673,37.58458]]],[[[-85.88767,38.6794],[-86.09182,38.68527],[-86.22906,38.73418],[-86.25275,38.75344],[-86.25619,38.78408],[-86.22137,38.83393],[-86.10067,38.88325],[-85.76563,38.90801],[-85.70146,38.89911],[-85.65106,38.86811],[-85.6371,38.82453],[-85.61912,38.80703],[-85.61797,38.7699],[-85.71896,38.70166],[-85.82481,38.67752],[-85.88767,38.6794]]],[[[-75.8575,37.69059],[-75.86373,37.68215],[-75.87324,37.69015],[-75.8575,37.69059]]],[[[-75.85518,37.70231],[-75.85961,37.70698],[-75.85424,37.70954],[-75.85518,37.70231]]],[[[-75.58483,37.66262],[-75.61073,37.59042],[-75.62027,37.59707],[-75.66856,37.59634],[-75.65319,37.62352],[-75.64244,37.61774],[-75.64195,37.60502],[-75.61865,37.60564],[-75.60972,37.62078],[-75.63436,37.62791],[-75.63812,37.64482],[-75.60922,37.65252],[-75.60819,37.6611],[-75.58593,37.67491],[-75.57787,37.67329],[-75.58483,37.66262]]],[[[-75.77777,37.77164],[-75.80028,37.76416],[-75.80287,37.77059],[-75.78673,37.77872],[-75.77777,37.77164]]],[[[-75.88453,37.79254],[-75.89153,37.79229],[-75.89755,37.81243],[-75.89019,37.81992],[-75.88453,37.79254]]],[[[-75.56487,37.74273],[-75.57352,37.74437],[-75.56364,37.76583],[-75.55835,37.75568],[-75.56487,37.74273]]],[[[-75.98714,37.84089],[-75.99138,37.81289],[-75.98017,37.8035],[-75.99941,37.81585],[-75.99378,37.83609],[-76.00194,37.84858],[-75.99822,37.853],[-75.98714,37.84089]]],[[[-75.73544,37.80164],[-75.74175,37.80365],[-75.73721,37.81259],[-75.73111,37.8065],[-75.73544,37.80164]]],[[[-86.92307,38.76079],[-87.01738,38.752],[-87.18467,38.78633],[-87.30034,38.84812],[-87.36028,38.91608],[-87.34387,39.04151],[-87.30688,39.16536],[-87.21922,39.20082],[-87.07881,39.21626],[-86.89546,39.19113],[-86.70808,39.09672],[-86.63936,38.99598],[-86.64482,38.85908],[-86.77362,38.77458],[-86.92307,38.76079]]],[[[-75.50273,37.81466],[-75.58194,37.68431],[-75.59122,37.69595],[-75.56902,37.71928],[-75.55625,37.76241],[-75.53674,37.76768],[-75.5337,37.79162],[-75.52315,37.80353],[-75.52943,37.81689],[-75.50728,37.82751],[-75.49836,37.81996],[-75.50273,37.81466]]],[[[-75.89401,37.8849],[-75.90905,37.88761],[-75.91248,37.90132],[-75.90421,37.90334],[-75.89401,37.8849]]],[[[-75.49568,37.83711],[-75.49931,37.82407],[-75.50681,37.83611],[-75.49568,37.83711]]],[[[-75.90239,37.90465],[-75.90865,37.90801],[-75.90158,37.90916],[-75.90239,37.90465]]],[[[-75.90653,37.91184],[-75.91288,37.9151],[-75.90584,37.91682],[-75.90653,37.91184]]],[[[-157.24623,21.22093],[-157.21152,21.22089],[-157.1855,21.20292],[-157.05001,21.18583],[-156.97729,21.13558],[-156.95271,21.09749],[-156.95108,21.06567],[-157.00887,21.081],[-157.04686,21.10377],[-157.08182,21.10568],[-157.08862,21.11307],[-157.1026,21.10573],[-157.11238,21.13305],[-157.14276,21.15116],[-157.18173,21.14182],[-157.23439,21.09248],[-157.29948,21.09715],[-157.30596,21.10861],[-157.29094,21.14026],[-157.244,21.18485],[-157.24396,21.2158],[-157.253,21.22396],[-157.24623,21.22093]]],[[[-75.88775,37.91703],[-75.90033,37.92899],[-75.88297,37.92196],[-75.88775,37.91703]]],[[[-76.02414,37.93447],[-76.0251,37.96364],[-76.01587,37.94876],[-76.02414,37.93447]]],[[[-76.0405,37.94673],[-76.04706,37.97478],[-76.0396,37.96835],[-76.0405,37.94673]]],[[[-75.98899,37.95912],[-75.99563,37.94455],[-76.0019,37.9479],[-75.9989,37.96015],[-76.01155,37.96983],[-76.00881,37.98928],[-75.98899,37.95912]]],[[[-75.4441,37.89484],[-75.42854,37.89114],[-75.42894,37.8839],[-75.49081,37.83014],[-75.4923,37.84562],[-75.4441,37.89484]]],[[[-92.79506,39.33842],[-92.80841,39.33331],[-93.02973,39.34028],[-93.16825,39.29896],[-93.43057,39.157],[-93.69753,39.0796],[-94.06942,39.12742],[-94.12813,39.14819],[-94.15923,39.2268],[-93.88265,39.33096],[-93.51209,39.41905],[-93.32963,39.48552],[-93.26703,39.54222],[-93.01705,39.5803],[-92.83096,39.54198],[-92.7237,39.47351],[-92.72997,39.36324],[-92.79506,39.33842]]],[[[-76.01943,37.98442],[-76.03018,37.97232],[-76.05087,37.98888],[-76.03301,38.00589],[-76.02147,37.99895],[-76.01943,37.98442]]],[[[-75.43182,37.93752],[-75.42887,37.92744],[-75.41422,37.92832],[-75.4149,37.91609],[-75.43438,37.91221],[-75.44477,37.93568],[-75.43182,37.93752]]],[[[-76.00544,38.04046],[-75.9949,38.01313],[-75.9817,38.00164],[-75.99375,37.9832],[-76.00033,38.00459],[-76.01585,38.01702],[-76.02413,38.01168],[-76.02629,38.02077],[-76.03856,38.02047],[-76.03818,38.01049],[-76.04619,38.01874],[-76.04054,38.03862],[-76.00544,38.04046]]],[[[-76.7355,38.14624],[-76.75752,38.16805],[-76.74358,38.16502],[-76.7355,38.14624]]],[[[-76.47825,38.12328],[-76.46426,38.11999],[-76.46153,38.10546],[-76.46916,38.10417],[-76.48938,38.12247],[-76.47825,38.12328]]],[[[-75.38336,37.9477],[-75.4018,37.93108],[-75.41342,37.94281],[-75.40949,37.95039],[-75.38336,37.9477]]],[[[-75.31471,37.98393],[-75.34332,37.95315],[-75.34166,37.9413],[-75.35185,37.92622],[-75.41738,37.90302],[-75.36237,37.95742],[-75.34139,37.96669],[-75.3316,37.98496],[-75.31471,37.98393]]],[[[-76.0129,38.10537],[-75.99973,38.09162],[-76.00652,38.07402],[-76.01569,38.0832],[-76.02567,38.0806],[-76.02482,38.09419],[-76.03804,38.10568],[-76.0129,38.10537]]],[[[-76.07938,38.11568],[-76.08577,38.11802],[-76.08371,38.13387],[-76.07677,38.1297],[-76.07938,38.11568]]],[[[-76.02616,38.11506],[-76.04193,38.11615],[-76.03005,38.12553],[-76.02616,38.11506]]],[[[-76.05691,38.12811],[-76.06089,38.1336],[-76.05152,38.1344],[-76.05691,38.12811]]],[[[-76.84849,38.26677],[-76.83855,38.26445],[-76.83804,38.25629],[-76.85263,38.26226],[-76.84849,38.26677]]],[[[-76.01265,38.11761],[-76.01758,38.13444],[-76.00761,38.13568],[-76.01265,38.11761]]],[[[-75.94252,38.11402],[-75.9458,38.1254],[-75.93239,38.12296],[-75.94252,38.11402]]],[[[-76.08679,38.15611],[-76.08901,38.1586],[-76.08413,38.15687],[-76.08679,38.15611]]],[[[-76.03892,38.15011],[-76.05061,38.1507],[-76.05385,38.15863],[-76.03271,38.16396],[-76.0294,38.1577],[-76.03892,38.15011]]],[[[-75.32792,38.04483],[-75.35377,38.0403],[-75.34207,38.0605],[-75.32997,38.05484],[-75.32792,38.04483]]],[[[-75.32987,38.07796],[-75.34319,38.08228],[-75.33842,38.08537],[-75.32987,38.07796]]],[[[-75.28888,38.0795],[-75.30467,38.07933],[-75.29513,38.0855],[-75.28888,38.0795]]],[[[-157.70889,21.28325],[-157.71248,21.28452],[-157.70984,21.28549],[-157.70889,21.28325]]],[[[-75.89083,38.23076],[-75.8836,38.23722],[-75.87733,38.23194],[-75.89083,38.23076]]],[[[-157.71761,21.28519],[-157.71491,21.28451],[-157.71739,21.28316],[-157.71761,21.28519]]],[[[-75.85172,38.25019],[-75.85581,38.25003],[-75.84909,38.25313],[-75.85172,38.25019]]],[[[-157.7094,21.36464],[-157.69273,21.33181],[-157.64863,21.30982],[-157.65868,21.29274],[-157.68937,21.2687],[-157.69565,21.2726],[-157.69611,21.26298],[-157.70387,21.26298],[-157.70586,21.27824],[-157.68962,21.29634],[-157.69026,21.30844],[-157.72428,21.34245],[-157.72785,21.36266],[-157.71188,21.38877],[-157.70567,21.37991],[-157.7094,21.36464]]],[[[-157.87507,21.30983],[-157.8775,21.3076],[-157.8779,21.31173],[-157.87507,21.30983]]],[[[-157.87752,21.31961],[-157.86761,21.31042],[-157.87807,21.31388],[-157.87752,21.31961]]],[[[-157.96554,21.34616],[-157.96182,21.32067],[-157.96867,21.3318],[-157.96554,21.34616]]],[[[-157.95886,21.35138],[-157.95926,21.34814],[-157.96074,21.34997],[-157.95886,21.35138]]],[[[-157.96108,21.35229],[-157.95953,21.35248],[-157.96098,21.35027],[-157.96108,21.35229]]],[[[-157.96215,21.35178],[-157.96216,21.35173],[-157.96223,21.35181],[-157.96215,21.35178]]],[[[-157.9621,21.35216],[-157.96227,21.35186],[-157.96237,21.35199],[-157.9621,21.35216]]],[[[-157.96251,21.35239],[-157.96258,21.35225],[-157.96276,21.35246],[-157.96251,21.35239]]],[[[-157.96584,21.34657],[-157.96777,21.3473],[-157.96785,21.34925],[-157.96584,21.34657]]],[[[-157.95108,21.36889],[-157.95559,21.36184],[-157.95688,21.37032],[-157.95108,21.36889]]],[[[-157.96596,21.36615],[-157.95903,21.35965],[-157.96471,21.35522],[-157.96596,21.36615]]],[[[-157.97513,21.36559],[-157.97418,21.35857],[-157.97777,21.35966],[-157.97513,21.36559]]],[[[-75.1955,38.09183],[-75.23232,38.03585],[-75.29964,37.96119],[-75.33945,37.88723],[-75.35969,37.86978],[-75.38362,37.86968],[-75.3918,37.87993],[-75.35739,37.87968],[-75.34933,37.88803],[-75.34142,37.90409],[-75.357,37.89691],[-75.38193,37.90002],[-75.37111,37.91598],[-75.34405,37.9196],[-75.3142,37.9517],[-75.31861,37.95639],[-75.30302,37.98399],[-75.30574,37.99769],[-75.28036,38.00181],[-75.28649,38.00701],[-75.26959,38.01641],[-75.27291,38.02752],[-75.24516,38.03654],[-75.23469,38.07307],[-75.22675,38.06521],[-75.21525,38.07769],[-75.21502,38.08494],[-75.22772,38.09061],[-75.21124,38.09348],[-75.19069,38.13345],[-75.18646,38.15649],[-75.19211,38.16294],[-75.18099,38.18132],[-75.16921,38.18336],[-75.16384,38.20502],[-75.13192,38.2502],[-75.12065,38.2722],[-75.1226,38.28448],[-75.10947,38.29148],[-75.09796,38.32072],[-75.09223,38.31653],[-75.10692,38.27964],[-75.1515,38.20615],[-75.17022,38.13306],[-75.1955,38.09183]]],[[[-157.98814,21.36088],[-157.97082,21.3528],[-157.97148,21.3417],[-157.98905,21.35165],[-157.98814,21.36088]]],[[[-157.97504,21.37414],[-157.96794,21.3716],[-157.96877,21.3697],[-157.97504,21.37414]]],[[[-157.97584,21.37491],[-157.9761,21.375],[-157.97613,21.37553],[-157.97584,21.37491]]],[[[-158.00043,21.35978],[-157.99632,21.35855],[-157.99922,21.3564],[-158.00043,21.35978]]],[[[-158.0058,21.37165],[-158.00551,21.37069],[-158.00574,21.3711],[-158.0058,21.37165]]],[[[-75.13082,38.37531],[-75.13796,38.37691],[-75.12979,38.37728],[-75.13082,38.37531]]],[[[-75.24727,38.37306],[-75.1286,38.37119],[-75.13597,38.3609],[-75.16612,38.35468],[-75.15457,38.34856],[-75.13448,38.35271],[-75.12885,38.34535],[-75.1267,38.3571],[-75.11145,38.3568],[-75.09641,38.35016],[-75.09888,38.32845],[-75.13408,38.29241],[-75.13461,38.2761],[-75.1509,38.2619],[-75.14768,38.25232],[-75.17238,38.23148],[-75.18583,38.23219],[-75.19477,38.20879],[-75.20323,38.23796],[-75.17972,38.25882],[-75.17882,38.26878],[-75.19614,38.25868],[-75.20334,38.27196],[-75.20218,38.2529],[-75.22665,38.23885],[-75.24364,38.23916],[-75.23416,38.22357],[-75.24703,38.22381],[-75.24801,38.21113],[-75.25623,38.21038],[-75.24978,38.19167],[-75.26093,38.19097],[-75.25466,38.18541],[-75.26608,38.17565],[-75.26045,38.16829],[-75.27725,38.155],[-75.29396,38.12447],[-75.2935,38.10088],[-75.30274,38.10513],[-75.30072,38.11371],[-75.31738,38.10448],[-75.3347,38.1125],[-75.34001,38.09129],[-75.37428,38.07919],[-75.3756,38.07378],[-75.35645,38.06891],[-75.36422,38.04275],[-75.35748,38.03311],[-75.37543,38.03932],[-75.38005,38.02081],[-75.37157,38.01218],[-75.3905,38.00827],[-75.40346,37.99601],[-75.40041,37.98774],[-75.42763,37.99228],[-75.43292,37.95979],[-75.42156,37.95397],[-75.42159,37.94308],[-75.44581,37.93799],[-75.4412,37.91561],[-75.44862,37.89771],[-75.4763,37.88229],[-75.46439,37.90821],[-75.45162,37.91731],[-75.4726,37.918],[-75.4993,37.87806],[-75.49787,37.87211],[-75.47176,37.86944],[-75.4984,37.84083],[-75.49718,37.85258],[-75.5118,37.8517],[-75.51121,37.83036],[-75.53353,37.81657],[-75.53887,37.77137],[-75.5519,37.76726],[-75.5519,37.77815],[-75.55933,37.78111],[-75.5789,37.74183],[-75.59824,37.72838],[-75.61735,37.69724],[-75.5893,37.67728],[-75.60267,37.66637],[-75.61998,37.66919],[-75.62754,37.65809],[-75.64509,37.65638],[-75.67143,37.61956],[-75.66544,37.61166],[-75.69913,37.58958],[-75.69463,37.57538],[-75.64652,37.57296],[-75.6501,37.55991],[-75.66481,37.56763],[-75.6789,37.5649],[-75.67308,37.54249],[-75.68987,37.54347],[-75.71096,37.56273],[-75.72988,37.55651],[-75.75601,37.5106],[-75.73628,37.51044],[-75.73834,37.50415],[-75.7202,37.49543],[-75.70488,37.49994],[-75.7052,37.4936],[-75.72129,37.48548],[-75.73388,37.48905],[-75.74433,37.47757],[-75.74647,37.49261],[-75.77235,37.49749],[-75.80946,37.47503],[-75.82448,37.45281],[-75.81248,37.44927],[-75.81999,37.42636],[-75.79016,37.40821],[-75.80673,37.40146],[-75.82498,37.40746],[-75.82211,37.41871],[-75.83552,37.4173],[-75.86804,37.39242],[-75.86931,37.3784],[-75.88806,37.36217],[-75.89708,37.36743],[-75.93038,37.25319],[-75.91731,37.21197],[-75.93051,37.21418],[-75.93763,37.18626],[-75.93842,37.1577],[-75.93106,37.14252],[-75.95397,37.12232],[-75.97052,37.12643],[-75.98215,37.17395],[-76.01286,37.20932],[-76.01058,37.2333],[-75.97939,37.24464],[-75.99238,37.25137],[-75.99416,37.26276],[-76.00087,37.243],[-76.0129,37.24561],[-76.02757,37.26599],[-76.01561,37.28651],[-75.99108,37.29125],[-76.00437,37.29164],[-76.01318,37.30141],[-75.97506,37.3239],[-75.98986,37.32932],[-75.98076,37.33813],[-75.99494,37.34444],[-76.02509,37.30675],[-76.01913,37.33516],[-75.98918,37.36831],[-75.97247,37.36647],[-75.99114,37.38833],[-75.94864,37.39209],[-75.97394,37.4087],[-75.96182,37.41969],[-75.93864,37.41946],[-75.95098,37.42799],[-75.93695,37.44255],[-75.94315,37.44635],[-75.98325,37.42031],[-75.98599,37.41131],[-75.98709,37.4372],[-75.97705,37.45324],[-75.95307,37.46933],[-75.91643,37.45918],[-75.91262,37.46587],[-75.93858,37.48115],[-75.89077,37.48564],[-75.91773,37.49233],[-75.89992,37.50042],[-75.89124,37.52376],[-75.89566,37.52842],[-75.9322,37.49321],[-75.96534,37.47966],[-75.96034,37.51173],[-75.93719,37.54852],[-75.92868,37.5421],[-75.93028,37.55711],[-75.92363,37.55057],[-75.84816,37.55514],[-75.92331,37.56916],[-75.94053,37.5615],[-75.92947,37.58612],[-75.90207,37.57579],[-75.88674,37.58033],[-75.90552,37.58859],[-75.90611,37.6004],[-75.92378,37.59548],[-75.92846,37.60696],[-75.90462,37.6312],[-75.89692,37.61011],[-75.86715,37.60061],[-75.87627,37.6163],[-75.86171,37.61678],[-75.86426,37.62411],[-75.83058,37.63489],[-75.86804,37.63012],[-75.88306,37.62013],[-75.88661,37.63067],[-75.88001,37.63501],[-75.89449,37.64814],[-75.89112,37.65757],[-75.87275,37.65248],[-75.87687,37.66349],[-75.87137,37.66877],[-75.83936,37.66917],[-75.81748,37.65264],[-75.81504,37.66663],[-75.79956,37.66208],[-75.79233,37.67864],[-75.80554,37.67042],[-75.84812,37.68032],[-75.84586,37.70248],[-75.82267,37.70043],[-75.83879,37.71588],[-75.81905,37.71483],[-75.81278,37.72372],[-75.80823,37.70997],[-75.79588,37.72411],[-75.77378,37.7121],[-75.77302,37.70391],[-75.75635,37.71111],[-75.79596,37.73409],[-75.82157,37.73441],[-75.83076,37.72517],[-75.8131,37.7523],[-75.80009,37.74465],[-75.78469,37.76142],[-75.7776,37.75168],[-75.75409,37.74416],[-75.77017,37.76052],[-75.76373,37.77258],[-75.78574,37.78685],[-75.80725,37.78796],[-75.8141,37.77909],[-75.81517,37.79274],[-75.79582,37.80667],[-75.77182,37.80866],[-75.76329,37.80431],[-75.77763,37.79749],[-75.76929,37.78953],[-75.75481,37.79906],[-75.74744,37.77208],[-75.74377,37.78693],[-75.7231,37.78085],[-75.72502,37.80042],[-75.70292,37.78794],[-75.70699,37.7994],[-75.69996,37.80009],[-75.69953,37.8087],[-75.72227,37.80849],[-75.72376,37.82487],[-75.70963,37.81627],[-75.71053,37.83262],[-75.69876,37.83498],[-75.71254,37.83904],[-75.69768,37.85581],[-75.68743,37.82827],[-75.68049,37.83849],[-75.65841,37.83689],[-75.67394,37.85235],[-75.65293,37.86394],[-75.68524,37.85951],[-75.68904,37.86507],[-75.68048,37.88385],[-75.66018,37.8814],[-75.67756,37.8951],[-75.70265,37.89543],[-75.67392,37.90905],[-75.70808,37.90331],[-75.7233,37.91376],[-75.72509,37.90157],[-75.74742,37.89863],[-75.75962,37.89991],[-75.75981,37.90763],[-75.74281,37.90892],[-75.74539,37.9158],[-75.71909,37.93903],[-75.70197,37.93125],[-75.68142,37.94467],[-75.64966,37.93777],[-75.63733,37.95009],[-75.6472,37.97353],[-75.6614,37.96235],[-75.67568,37.9748],[-75.71051,37.98347],[-75.70441,37.99426],[-75.71259,37.99393],[-75.7349,37.96479],[-75.74069,37.96669],[-75.7385,37.98524],[-75.75009,37.98903],[-75.75392,37.97504],[-75.7872,37.97596],[-75.81265,37.9609],[-75.81818,37.97458],[-75.82905,37.9584],[-75.8186,37.95599],[-75.82296,37.94381],[-75.83048,37.94709],[-75.83422,37.93671],[-75.85124,37.93196],[-75.84751,37.94234],[-75.87088,37.94129],[-75.86341,37.93575],[-75.8689,37.9254],[-75.8845,37.9324],[-75.89472,37.94568],[-75.89253,37.96515],[-75.87948,37.9482],[-75.86007,37.95475],[-75.84572,37.96996],[-75.86805,37.96346],[-75.85845,38.00141],[-75.87248,38.00114],[-75.88343,37.9809],[-75.89982,37.9793],[-75.8739,38.01612],[-75.86105,38.01595],[-75.87078,38.02515],[-75.8596,38.02863],[-75.86868,38.04099],[-75.84937,38.04209],[-75.852,38.02898],[-75.82283,38.02677],[-75.81845,38.0394],[-75.83135,38.03776],[-75.83642,38.04599],[-75.79554,38.04452],[-75.79078,38.04808],[-75.79699,38.05769],[-75.76145,38.07714],[-75.77466,38.0873],[-75.7471,38.09008],[-75.77136,38.10357],[-75.79679,38.09123],[-75.78835,38.07706],[-75.80478,38.07457],[-75.80847,38.06691],[-75.8217,38.07616],[-75.851,38.07339],[-75.87289,38.06189],[-75.87197,38.07729],[-75.88424,38.07746],[-75.86371,38.08036],[-75.87512,38.0932],[-75.86048,38.09391],[-75.86389,38.09895],[-75.8495,38.11462],[-75.84859,38.10282],[-75.83286,38.09989],[-75.8404,38.12855],[-75.79453,38.13834],[-75.78421,38.12914],[-75.78049,38.13815],[-75.75931,38.14284],[-75.78437,38.14727],[-75.75072,38.15949],[-75.77627,38.16846],[-75.81073,38.14627],[-75.80918,38.16302],[-75.83331,38.15746],[-75.83763,38.14755],[-75.85202,38.15862],[-75.85233,38.14503],[-75.8681,38.14614],[-75.8753,38.13808],[-75.88491,38.15362],[-75.90271,38.14252],[-75.90602,38.15163],[-75.91597,38.15176],[-75.92781,38.14557],[-75.92112,38.13007],[-75.93971,38.1362],[-75.95095,38.13045],[-75.95097,38.1853],[-75.88618,38.20259],[-75.87932,38.1948],[-75.83537,38.22186],[-75.82147,38.21442],[-75.82629,38.23443],[-75.85515,38.22802],[-75.86132,38.24034],[-75.83642,38.25315],[-75.79642,38.25895],[-75.79233,38.26384],[-75.81798,38.26469],[-75.83727,38.25997],[-75.74316,38.33252],[-75.69174,38.3858],[-75.6228,38.42216],[-75.49626,38.41031],[-75.3213,38.41048],[-75.24727,38.37306]]],[[[-75.079,38.32624],[-75.08731,38.32323],[-75.08798,38.33867],[-75.07617,38.37651],[-75.06293,38.38024],[-75.079,38.32624]]],[[[-157.97979,21.46248],[-157.92156,21.38524],[-157.83243,21.30799],[-157.79559,21.29492],[-157.70932,21.29767],[-157.70013,21.28825],[-157.70784,21.28396],[-157.70946,21.29324],[-157.71616,21.28575],[-157.71655,21.2923],[-157.72806,21.28265],[-157.72278,21.28143],[-157.80548,21.26011],[-157.83226,21.28918],[-157.84587,21.29286],[-157.84248,21.29794],[-157.86192,21.29838],[-157.85515,21.31964],[-157.86439,21.31824],[-157.87073,21.32748],[-157.88142,21.32376],[-157.88191,21.33347],[-157.8993,21.3299],[-157.91968,21.31194],[-157.94803,21.31812],[-157.95779,21.33844],[-157.95538,21.35462],[-157.94304,21.35001],[-157.94055,21.35885],[-157.94723,21.36051],[-157.93059,21.36019],[-157.93498,21.36712],[-157.92819,21.37591],[-157.93892,21.39022],[-157.95448,21.39343],[-157.9668,21.38602],[-157.97734,21.39107],[-157.97734,21.37821],[-157.99194,21.38717],[-157.98555,21.36241],[-157.99776,21.38365],[-158.00796,21.37947],[-158.00764,21.37084],[-158.01408,21.37793],[-158.0211,21.37255],[-158.0213,21.35827],[-157.98172,21.34838],[-157.97205,21.32921],[-157.97916,21.32075],[-157.9706,21.3274],[-157.9778,21.31639],[-158.09482,21.29751],[-158.1139,21.33153],[-158.08674,21.34483],[-158.07367,21.36266],[-158.05584,21.4304],[-158.02495,21.46724],[-157.99761,21.47318],[-157.97979,21.46248]]],[[[-75.16082,38.79595],[-75.21557,38.77855],[-75.27286,38.79958],[-75.30384,38.83763],[-75.30489,38.88122],[-75.27207,38.89695],[-75.19081,38.80894],[-75.16082,38.79595]]],[[[-76.38537,39.23524],[-76.39069,39.2371],[-76.38639,39.24658],[-76.37088,39.25052],[-76.38537,39.23524]]],[[[-76.20316,39.25202],[-76.2356,39.2247],[-76.2089,39.27116],[-76.20316,39.25202]]],[[[-76.26816,39.28173],[-76.27393,39.29221],[-76.26195,39.29708],[-76.25855,39.28708],[-76.26816,39.28173]]],[[[-76.16945,39.28038],[-76.19724,39.25835],[-76.19858,39.28329],[-76.18732,39.28136],[-76.18533,39.29268],[-76.17575,39.2962],[-76.16945,39.28038]]],[[[-76.12288,39.32555],[-76.10693,39.32653],[-76.16024,39.28813],[-76.15608,39.29871],[-76.16564,39.29654],[-76.18089,39.30759],[-76.18004,39.32208],[-76.16554,39.33417],[-76.14295,39.33347],[-76.14559,39.3199],[-76.12889,39.32244],[-76.1275,39.3324],[-76.12288,39.32555]]],[[[-76.0292,39.36692],[-76.1005,39.3309],[-76.13091,39.3415],[-76.13429,39.35106],[-76.11804,39.36131],[-76.11299,39.37576],[-76.0292,39.36692]]],[[[-76.08183,39.47786],[-76.06935,39.47591],[-76.07134,39.4655],[-76.0602,39.45676],[-76.08138,39.43978],[-76.09249,39.45124],[-76.08953,39.48022],[-76.08183,39.47786]]],[[[-89.02323,40.63857],[-88.91006,40.45434],[-88.74989,40.32862],[-88.68657,40.25521],[-88.61058,40.20404],[-88.45563,40.21693],[-88.36897,40.25736],[-88.29887,40.32969],[-88.21013,40.38531],[-88.06131,40.3442],[-87.99516,40.21623],[-88.07577,40.06001],[-88.31774,39.91485],[-88.46286,39.89381],[-88.67689,39.89253],[-88.90691,39.9304],[-89.11174,39.92009],[-89.34039,39.76343],[-89.54304,39.5842],[-89.65904,39.43702],[-89.83517,39.39319],[-89.97996,39.44587],[-90.29711,39.5296],[-90.54729,39.56759],[-90.80053,39.57172],[-91.09573,39.60238],[-91.22837,39.67249],[-91.40198,39.70265],[-91.75236,39.64355],[-91.9083,39.57598],[-92.03063,39.58594],[-92.05102,39.54052],[-92.01928,39.49284],[-91.83976,39.42997],[-91.5962,39.44317],[-91.3227,39.47941],[-91.21799,39.40986],[-91.11889,39.23015],[-91.51472,39.16712],[-91.56037,39.25415],[-91.81976,39.32339],[-92.19595,39.44199],[-92.35345,39.51925],[-92.42666,39.58035],[-92.44477,39.70448],[-92.40536,39.7876],[-92.40296,39.82651],[-92.45938,39.887],[-92.53695,39.88318],[-92.63243,39.86692],[-92.69057,39.90135],[-92.73982,39.94197],[-92.88468,39.96611],[-92.99631,39.96957],[-93.07012,39.87433],[-93.15789,39.83795],[-93.50354,39.78914],[-93.60753,39.76587],[-93.61382,39.75304],[-93.7537,39.75657],[-93.80276,39.77427],[-93.82038,39.79248],[-93.86023,39.87539],[-93.85785,39.9327],[-93.7558,40.03679],[-93.76384,40.10256],[-93.84453,40.25205],[-94.14487,40.37358],[-94.21906,40.43252],[-94.1933,40.53855],[-94.04003,40.54345],[-93.86661,40.50671],[-93.68572,40.39575],[-93.50615,40.26816],[-93.20644,40.18538],[-92.92088,40.09073],[-92.32833,40.05788],[-92.22394,40.0736],[-92.18744,40.10477],[-92.19267,40.15698],[-92.25987,40.18544],[-92.30701,40.25867],[-92.2688,40.31581],[-92.0626,40.42524],[-91.97822,40.51958],[-91.96044,40.54905],[-91.96507,40.59654],[-91.90793,40.62389],[-91.83872,40.59752],[-91.77995,40.53605],[-91.56894,40.40325],[-91.49654,40.42386],[-91.48337,40.49428],[-91.46365,40.54667],[-91.37444,40.57834],[-91.29309,40.58549],[-91.21981,40.54732],[-91.07609,40.54855],[-90.88573,40.61666],[-90.73406,40.69106],[-90.68623,40.68906],[-90.46755,40.72697],[-90.21969,40.73167],[-90.12851,40.69424],[-90.02837,40.66581],[-89.95677,40.66194],[-89.67309,40.8233],[-89.47827,40.91227],[-89.26282,40.89961],[-89.14224,40.86925],[-89.05838,40.7871],[-89.02323,40.63857]]],[[[-92.05338,41.04345],[-92.01069,40.97086],[-92.01471,40.91187],[-92.05232,40.82457],[-92.166,40.7815],[-92.22394,40.74222],[-92.3051,40.70967],[-92.40614,40.73689],[-92.48214,40.78682],[-92.55682,40.86031],[-92.59859,40.95631],[-92.49928,41.02393],[-92.37143,41.03725],[-92.2526,41.03303],[-92.13143,41.0641],[-92.05338,41.04345]]],[[[-159.58834,21.8987],[-159.58841,21.89846],[-159.59124,21.89674],[-159.58834,21.8987]]],[[[-97.36765,41.36348],[-97.53246,41.34337],[-97.60587,41.34296],[-97.66148,41.39027],[-97.63478,41.46532],[-97.5618,41.52022],[-97.3136,41.54861],[-97.17529,41.49457],[-97.13837,41.46062],[-97.18409,41.41285],[-97.36765,41.36348]]],[[[-159.71341,22.15355],[-159.65847,22.17308],[-159.67326,22.12133],[-159.67135,22.04717],[-159.65044,21.99964],[-159.58139,21.96131],[-159.54156,21.91936],[-159.50729,21.90301],[-159.49499,21.88884],[-159.53694,21.88644],[-159.58391,21.90416],[-159.59733,21.90258],[-159.59727,21.89578],[-159.66139,21.95585],[-159.70258,21.96037],[-159.71223,21.97117],[-159.74057,21.97649],[-159.78097,22.02244],[-159.78645,22.03667],[-159.77466,22.07133],[-159.73393,22.10339],[-159.71341,22.15355]]],[[[-88.97762,41.32926],[-89.01358,41.19274],[-89.24759,41.33017],[-89.94302,41.4389],[-90.14916,41.45754],[-90.15148,41.54238],[-90.02123,41.59715],[-89.85311,41.61121],[-89.56211,41.60274],[-89.28815,41.53295],[-89.08183,41.42041],[-88.97762,41.32926]]],[[[-84.35871,41.17221],[-84.46882,41.17611],[-84.57305,41.21366],[-84.587,41.34542],[-84.53439,41.38154],[-84.31847,41.44978],[-84.21584,41.45339],[-84.00558,41.48737],[-83.88715,41.47539],[-83.89464,41.43493],[-83.92818,41.40397],[-84.28071,41.24692],[-84.35871,41.17221]]],[[[-74.0727,40.63071],[-74.05212,40.60054],[-74.12726,40.53425],[-74.13759,40.53164],[-74.12713,40.5406],[-74.13369,40.54566],[-74.14849,40.53085],[-74.19422,40.51092],[-74.23494,40.49909],[-74.25057,40.50423],[-74.23925,40.52861],[-74.24141,40.5436],[-74.21703,40.55378],[-74.20095,40.57267],[-74.18768,40.63604],[-74.07116,40.64703],[-74.0727,40.63071]]],[[[-73.82134,40.6045],[-73.83224,40.60465],[-73.82712,40.61637],[-73.84015,40.62879],[-73.83506,40.63916],[-73.82,40.63578],[-73.80957,40.61569],[-73.82134,40.6045]]],[[[-73.52023,41.0231],[-73.52691,41.02214],[-73.53003,41.02624],[-73.52023,41.0231]]],[[[-100.00673,42.78691],[-100.05191,42.7364],[-100.21688,42.71801],[-100.41943,42.75079],[-100.65718,42.74141],[-100.81674,42.80063],[-100.85988,42.87041],[-100.78706,42.96506],[-100.60286,42.99893],[-100.37861,43.01941],[-100.03931,42.88596],[-99.98692,42.80905],[-100.00673,42.78691]]],[[[-72.66644,40.9788],[-72.74419,40.93607],[-72.90485,40.90272],[-73.05193,40.82743],[-73.50206,40.74683],[-73.62988,40.70603],[-73.7568,40.58916],[-73.79637,40.58512],[-73.93531,40.54291],[-73.93382,40.55605],[-73.92278,40.56271],[-73.87422,40.56891],[-73.76117,40.61367],[-73.75944,40.63497],[-73.8105,40.6529],[-73.86695,40.64864],[-73.88177,40.63659],[-73.9152,40.63111],[-73.88706,40.6167],[-73.89692,40.60911],[-73.88191,40.60393],[-73.87696,40.58164],[-73.89215,40.57911],[-73.91526,40.60117],[-73.92555,40.6013],[-73.91809,40.58307],[-73.94959,40.5821],[-73.93401,40.57465],[-73.9886,40.56941],[-74.00787,40.57327],[-74.00898,40.57827],[-73.98956,40.58077],[-73.99718,40.59265],[-74.0374,40.60944],[-74.03748,40.63485],[-73.99988,40.66571],[-74.01659,40.6786],[-73.95995,40.71876],[-73.94822,40.75582],[-73.91525,40.79216],[-73.86487,40.79197],[-73.85553,40.77597],[-73.847,40.77723],[-73.85213,40.79181],[-73.83865,40.79662],[-73.77612,40.7967],[-73.75365,40.77235],[-73.75122,40.79681],[-73.75875,40.81189],[-73.75331,40.83495],[-73.72022,40.82224],[-73.7152,40.80493],[-73.69939,40.82966],[-73.73357,40.84738],[-73.72766,40.86499],[-73.71357,40.86933],[-73.67382,40.85516],[-73.64583,40.81029],[-73.65239,40.83806],[-73.64771,40.85478],[-73.65596,40.86443],[-73.63008,40.9008],[-73.52505,40.91691],[-73.50709,40.90665],[-73.51976,40.88825],[-73.52757,40.89155],[-73.52368,40.90056],[-73.53018,40.90746],[-73.57602,40.89909],[-73.56905,40.88719],[-73.56293,40.88846],[-73.5658,40.89485],[-73.54685,40.89819],[-73.54075,40.87677],[-73.50806,40.87218],[-73.51009,40.88628],[-73.49712,40.89379],[-73.48782,40.87867],[-73.47212,40.87479],[-73.47222,40.89249],[-73.4951,40.92189],[-73.48593,40.94534],[-73.43276,40.93224],[-73.4275,40.92489],[-73.45159,40.91213],[-73.43833,40.90828],[-73.42073,40.88621],[-73.41191,40.8965],[-73.42211,40.90121],[-73.39513,40.90893],[-73.37776,40.90003],[-73.36305,40.90386],[-73.35865,40.88836],[-73.35176,40.89505],[-73.35757,40.92419],[-73.3792,40.93317],[-73.38802,40.92288],[-73.40511,40.9209],[-73.39987,40.95439],[-73.39374,40.95565],[-73.34419,40.92396],[-73.32454,40.92998],[-73.23042,40.90565],[-73.22829,40.89608],[-73.19595,40.88098],[-73.1909,40.88679],[-73.2182,40.90725],[-73.15488,40.92788],[-73.15758,40.91976],[-73.17721,40.91467],[-73.17999,40.90429],[-73.1687,40.89592],[-73.14446,40.93041],[-73.14386,40.9481],[-73.15599,40.96784],[-73.11436,40.97478],[-73.10367,40.96686],[-73.12338,40.95997],[-73.10024,40.96045],[-73.09954,40.945],[-73.09304,40.95713],[-73.06829,40.95122],[-73.0883,40.97111],[-73.07608,40.9727],[-73.02736,40.95588],[-73.03311,40.96552],[-72.76403,40.96593],[-72.69774,40.97992],[-72.66644,40.9788]]],[[[-95.187,43.48333],[-95.15092,43.48473],[-95.07254,43.47138],[-94.71636,43.47037],[-94.52758,43.38089],[-94.51055,43.34386],[-94.60579,43.24673],[-94.6207,43.20508],[-94.71079,43.12793],[-95.0225,43.01236],[-95.74042,42.9584],[-95.76208,42.96208],[-95.80168,43.03938],[-95.8387,43.30029],[-95.87046,43.37162],[-95.90286,43.40148],[-95.90986,43.49042],[-95.81888,43.53123],[-95.6625,43.54178],[-95.33406,43.52065],[-95.187,43.48333]]],[[[-71.9348,41.28051],[-71.97382,41.27069],[-71.99545,41.25403],[-72.00492,41.26019],[-72.03646,41.25288],[-72.02121,41.27699],[-72.01116,41.2699],[-71.9928,41.28257],[-71.9287,41.29215],[-71.92458,41.28885],[-71.9348,41.28051]]],[[[-71.56064,41.2009],[-71.56558,41.18342],[-71.54953,41.15662],[-71.59965,41.14685],[-71.61145,41.1531],[-71.6057,41.1821],[-71.59458,41.18897],[-71.56266,41.17569],[-71.57239,41.18091],[-71.57489,41.20272],[-71.58686,41.20003],[-71.57715,41.21327],[-71.57724,41.22948],[-71.56057,41.22151],[-71.56064,41.2009]]],[[[-71.76386,41.33122],[-71.77739,41.32746],[-71.7677,41.33545],[-71.76386,41.33122]]],[[[-71.51426,41.37488],[-71.51463,41.37671],[-71.51427,41.37639],[-71.51426,41.37488]]],[[[-71.50593,41.38487],[-71.50723,41.38499],[-71.50395,41.38638],[-71.50593,41.38487]]],[[[-71.50099,41.38829],[-71.49984,41.38951],[-71.49993,41.389],[-71.50099,41.38829]]],[[[-71.49955,41.3898],[-71.49941,41.38996],[-71.49944,41.38989],[-71.49955,41.3898]]],[[[-71.49786,41.39015],[-71.49706,41.38996],[-71.49785,41.39111],[-71.49786,41.39015]]],[[[-71.49533,41.39306],[-71.49684,41.39282],[-71.49655,41.39435],[-71.49533,41.39306]]],[[[-71.49728,41.39748],[-71.49731,41.39744],[-71.49739,41.39768],[-71.49728,41.39748]]],[[[-71.49752,41.3981],[-71.49758,41.39866],[-71.49731,41.39842],[-71.49752,41.3981]]],[[[-71.50006,41.41423],[-71.50006,41.41466],[-71.49988,41.41461],[-71.50006,41.41423]]],[[[-124.16817,40.81577],[-124.15832,40.81386],[-124.17788,40.80633],[-124.16817,40.81577]]],[[[-71.39991,41.44907],[-71.40141,41.48834],[-71.38057,41.49104],[-71.3934,41.52419],[-71.38414,41.55822],[-71.37676,41.57092],[-71.36509,41.57227],[-71.35838,41.55003],[-71.3652,41.51417],[-71.35786,41.50645],[-71.36585,41.49284],[-71.35913,41.48194],[-71.38059,41.47743],[-71.39991,41.44907]]],[[[-71.27773,41.63616],[-71.28694,41.6389],[-71.28446,41.6457],[-71.27341,41.64568],[-71.27773,41.63616]]],[[[-71.2373,41.63256],[-71.27086,41.48408],[-71.29696,41.48535],[-71.30984,41.4513],[-71.32343,41.45993],[-71.35929,41.44933],[-71.36346,41.46243],[-71.34075,41.4792],[-71.33709,41.47102],[-71.3193,41.47826],[-71.32778,41.51776],[-71.31243,41.52546],[-71.30868,41.55359],[-71.27723,41.60302],[-71.27471,41.62072],[-71.25254,41.63793],[-71.23421,41.64357],[-71.2373,41.63256]]],[[[-71.29989,41.62212],[-71.30734,41.5949],[-71.32702,41.5804],[-71.33437,41.58313],[-71.32998,41.6258],[-71.35268,41.63536],[-71.3416,41.64851],[-71.3434,41.66486],[-71.3348,41.66303],[-71.32933,41.6385],[-71.29989,41.62212]]],[[[-70.07756,41.99077],[-70.07948,41.99115],[-70.07871,41.99133],[-70.07756,41.99077]]],[[[-70.07412,41.99052],[-70.0771,41.99074],[-70.07595,41.99115],[-70.07412,41.99052]]],[[[-82.69485,43.24261],[-83.04296,43.14163],[-83.34307,43.00197],[-83.60526,42.8645],[-83.7986,42.79861],[-83.87594,42.8195],[-83.91772,42.86232],[-83.92754,42.92754],[-83.98675,42.96553],[-84.1523,42.98714],[-84.54831,42.99838],[-84.6533,43.02965],[-84.69682,43.03372],[-84.73587,43.0213],[-84.76596,42.97596],[-84.75703,42.94304],[-84.69298,42.88894],[-84.50397,42.84702],[-84.20697,42.81964],[-84.15398,42.7953],[-84.16822,42.70383],[-84.22314,42.65008],[-84.43807,42.50669],[-84.63305,42.42024],[-85.00725,42.17305],[-85.16108,42.10843],[-85.26982,42.09858],[-85.382,42.12172],[-85.50341,42.19799],[-85.61208,42.29923],[-85.77408,42.40493],[-85.98619,42.42291],[-86.24567,42.50656],[-86.22727,42.59271],[-86.22957,42.64043],[-86.20941,42.69403],[-86.21536,42.9168],[-86.22697,42.98958],[-86.26103,43.10152],[-86.33791,43.22673],[-86.32345,43.2308],[-86.32096,43.21897],[-86.29709,43.21666],[-86.2442,43.2425],[-86.23972,43.26342],[-86.20196,43.27244],[-86.26175,43.25982],[-86.28318,43.24303],[-86.32843,43.24946],[-86.33346,43.24537],[-86.32405,43.24081],[-86.32657,43.23536],[-86.33979,43.23128],[-86.39971,43.32547],[-86.04481,43.48321],[-85.75761,43.69933],[-85.70417,43.78723],[-85.50466,43.86281],[-85.23249,43.90442],[-85.06999,43.95066],[-84.89312,44.01539],[-84.77014,44.02089],[-84.53075,43.99235],[-84.16182,43.88019],[-84.13389,43.81801],[-84.13872,43.72697],[-84.21628,43.66237],[-84.32771,43.62461],[-84.48237,43.55878],[-84.66476,43.52301],[-84.73732,43.51734],[-84.91369,43.44896],[-84.91111,43.39712],[-84.86103,43.33331],[-84.36093,43.33347],[-84.16467,43.3874],[-84.02918,43.40688],[-83.67339,43.42555],[-83.54507,43.5248],[-83.46368,43.56528],[-83.3942,43.66554],[-83.35832,43.75408],[-83.28252,43.85828],[-83.11853,43.94153],[-82.89908,43.95575],[-82.67904,43.89084],[-82.63585,43.83452],[-82.61435,43.77738],[-82.61762,43.75332],[-82.60719,43.71382],[-82.60085,43.60292],[-82.58542,43.54096],[-82.53953,43.43847],[-82.52882,43.29648],[-82.69485,43.24261]]],[[[-85.35187,42.66195],[-85.15026,42.63559],[-84.97128,42.67777],[-84.93736,42.74148],[-84.98106,42.82064],[-85.16905,42.86271],[-85.59319,42.86669],[-85.6465,42.82122],[-85.5781,42.74855],[-85.50714,42.6923],[-85.35187,42.66195]]],[[[-70.70374,42.14604],[-70.70434,42.14588],[-70.70431,42.14833],[-70.70374,42.14604]]],[[[-70.23396,42.05832],[-70.23357,42.0579],[-70.23416,42.05814],[-70.23396,42.05832]]],[[[-70.06633,42.04543],[-70.01952,41.99832],[-70.07207,41.99037],[-70.06362,41.99628],[-70.07819,41.99832],[-70.07951,41.99202],[-70.0956,42.03284],[-70.14489,42.06095],[-70.18682,42.05046],[-70.20087,42.03217],[-70.19724,42.02805],[-70.17894,42.02268],[-70.16841,42.03096],[-70.18977,42.0199],[-70.23332,42.05781],[-70.22584,42.06122],[-70.23941,42.06421],[-70.23751,42.06973],[-70.24468,42.06161],[-70.23809,42.07289],[-70.22102,42.0787],[-70.16784,42.07953],[-70.11061,42.06577],[-70.06633,42.04543]]],[[[-98.3326,44.46789],[-98.14716,44.31253],[-98.14466,44.18265],[-98.16232,44.10729],[-98.22833,44.0656],[-98.63812,44.04018],[-98.83743,44.00316],[-99.04494,43.93153],[-99.1562,43.84079],[-99.31712,43.81738],[-99.46102,43.84877],[-99.56864,43.92178],[-99.70907,43.96521],[-100.26112,43.86208],[-100.60248,43.86985],[-100.77458,43.90763],[-101.01321,44.05881],[-101.08622,44.17258],[-101.11075,44.23118],[-101.00592,44.38166],[-100.64346,44.55158],[-100.23253,44.59196],[-99.97312,44.58902],[-99.48444,44.5546],[-98.58447,44.55377],[-98.4302,44.53517],[-98.3326,44.46789]]],[[[-100.30537,44.01011],[-100.20486,43.96651],[-99.97239,44.02204],[-99.79175,44.04332],[-99.41706,44.04327],[-99.14902,44.14925],[-99.25199,44.23133],[-99.43588,44.32501],[-99.80695,44.37208],[-100.15652,44.37306],[-100.36969,44.28927],[-100.4137,44.16876],[-100.41101,44.07858],[-100.30537,44.01011]]],[[[-70.86336,42.26659],[-70.86439,42.26704],[-70.86336,42.26689],[-70.86336,42.26659]]],[[[-71.02031,42.29854],[-71.02033,42.29854],[-71.02031,42.29855],[-71.02031,42.29854]]],[[[-70.9369,42.29082],[-70.93786,42.28481],[-70.94888,42.28962],[-70.92893,42.3018],[-70.9369,42.29082]]],[[[-70.91869,42.30418],[-70.91961,42.30362],[-70.91961,42.30403],[-70.91869,42.30418]]],[[[-70.89666,42.30141],[-70.89272,42.30047],[-70.8966,42.29954],[-70.89666,42.30141]]],[[[-70.97506,42.3103],[-70.96907,42.32018],[-70.96139,42.32277],[-70.97506,42.3103]]],[[[-121.16978,42.30661],[-120.43828,41.66821],[-120.24874,41.42366],[-120.79297,41.26013],[-120.78714,41.0957],[-120.71167,41.03268],[-120.54441,40.98645],[-120.30574,40.80949],[-120.20602,40.68229],[-120.12843,40.40361],[-120.16574,40.07662],[-120.1657,40.00799],[-120.11846,39.88721],[-120.1181,39.77863],[-120.08201,39.72276],[-119.80623,39.71563],[-119.69498,39.74325],[-119.50396,39.84824],[-119.16561,39.84086],[-118.76415,39.57449],[-118.16647,39.86011],[-118.02478,39.95811],[-117.79075,39.98481],[-117.6764,39.75001],[-117.50407,39.28619],[-117.3039,39.04458],[-117.05817,38.56164],[-116.85187,38.47493],[-116.61155,38.40789],[-116.44721,38.2288],[-116.37978,37.96721],[-116.02386,37.52813],[-115.57119,37.03323],[-115.36803,36.96834],[-115.28982,36.93282],[-115.26889,36.88197],[-115.2715,36.83333],[-115.3019,36.77414],[-115.587,36.5525],[-115.70993,36.44158],[-115.80718,36.29251],[-115.80844,36.06894],[-115.7005,35.80338],[-115.53177,35.59024],[-115.36893,35.45444],[-114.99045,35.20311],[-114.90982,35.11977],[-114.87326,34.73906],[-114.7469,34.41627],[-114.63572,34.20887],[-114.58674,34.03104],[-114.66935,33.89477],[-114.72778,33.71826],[-114.78964,33.39804],[-114.85627,33.16711],[-114.93722,32.8361],[-114.93339,32.70328],[-115.94917,32.62856],[-116.08538,32.81898],[-116.07567,33.11721],[-116.19755,33.70881],[-116.12892,34.07465],[-116.25656,34.51719],[-116.40274,34.84368],[-116.7885,35.27844],[-117.13391,35.45618],[-117.36232,35.73375],[-117.50671,35.72762],[-117.61079,35.65379],[-117.94344,35.38975],[-117.97504,35.26596],[-118.10007,35.15768],[-118.21322,35.11484],[-118.38354,35.1118],[-118.59199,35.09527],[-118.67958,35.159],[-118.75378,35.24079],[-118.89545,35.35451],[-119.01223,35.49646],[-119.0489,35.64953],[-118.97676,35.73985],[-118.9422,35.89874],[-119.08862,36.22954],[-119.20042,36.36084],[-119.31991,36.65181],[-119.38495,36.7744],[-119.50117,36.85103],[-119.75276,36.93206],[-119.99198,36.99432],[-120.08617,37.07974],[-120.23065,37.23043],[-120.28011,37.37752],[-120.42519,37.46183],[-120.56555,37.57209],[-120.71036,37.71254],[-120.84183,37.86548],[-121.03872,38.15441],[-121.06433,38.31093],[-121.15204,38.45346],[-121.35161,38.4808],[-121.51921,38.46542],[-121.7488,38.46791],[-121.9756,38.5147],[-122.18981,38.63011],[-122.38568,38.77141],[-122.60506,38.87054],[-123.48656,39.03456],[-123.71956,39.12051],[-123.72208,39.1331],[-123.73788,39.13937],[-123.73598,39.15757],[-123.77262,39.19489],[-123.77642,39.23922],[-123.79259,39.27133],[-123.80353,39.27504],[-123.80441,39.28998],[-123.79783,39.2893],[-123.79601,39.29889],[-123.81235,39.30332],[-123.80176,39.31548],[-123.80598,39.32623],[-123.82755,39.34861],[-123.82413,39.36099],[-123.81866,39.35936],[-123.82561,39.36593],[-123.81945,39.37249],[-123.81888,39.42288],[-123.81071,39.42588],[-123.82031,39.43689],[-123.81336,39.44031],[-123.80549,39.48823],[-123.79062,39.49917],[-123.7688,39.55391],[-123.79028,39.604],[-123.78555,39.645],[-123.79579,39.68639],[-123.80903,39.70772],[-123.83217,39.72417],[-123.85103,39.82834],[-123.90701,39.86134],[-123.92969,39.90819],[-123.95708,39.92402],[-123.9778,39.95777],[-124.02305,39.99927],[-124.0558,40.0226],[-124.07245,40.01972],[-124.08217,40.03072],[-124.08537,40.07146],[-124.11268,40.10314],[-124.18844,40.1294],[-124.21885,40.1614],[-124.29405,40.20487],[-124.36335,40.25761],[-124.3641,40.27756],[-124.34989,40.31715],[-124.37173,40.38942],[-124.38954,40.40235],[-124.4112,40.43602],[-124.38381,40.49521],[-124.38661,40.50963],[-124.33121,40.61212],[-124.31933,40.62483],[-124.29774,40.61929],[-124.28589,40.63246],[-124.30683,40.63711],[-124.28734,40.66283],[-124.29297,40.66534],[-124.31971,40.63027],[-124.23583,40.75468],[-124.22713,40.74274],[-124.23895,40.73776],[-124.26614,40.6995],[-124.22373,40.68247],[-124.22726,40.69006],[-124.2124,40.70378],[-124.2226,40.7202],[-124.21503,40.73411],[-124.22078,40.73844],[-124.2053,40.7431],[-124.19932,40.75376],[-124.20328,40.76769],[-124.19828,40.76561],[-124.18298,40.80069],[-124.16051,40.81015],[-124.12855,40.80496],[-124.09046,40.82678],[-124.08929,40.84635],[-124.09716,40.85515],[-124.11996,40.85023],[-124.1537,40.86399],[-124.17405,40.82191],[-124.19073,40.80767],[-124.1993,40.78101],[-124.2215,40.75839],[-124.23216,40.76344],[-124.16039,40.87328],[-124.1317,40.94928],[-124.02004,40.85989],[-123.53503,40.90033],[-123.40205,41.16089],[-123.06471,41.51179],[-123.06286,41.67716],[-122.93602,41.74426],[-122.68724,41.81494],[-122.29581,41.89011],[-121.94013,42.01711],[-121.68469,42.13723],[-121.43823,42.27255],[-121.16978,42.30661]]],[[[-70.98682,42.4552],[-70.98733,42.45699],[-70.985,42.45911],[-70.98682,42.4552]]],[[[-87.48508,44.51056],[-87.50458,44.45749],[-87.52316,44.36884],[-87.5477,44.31586],[-87.53137,44.26799],[-87.8278,44.27417],[-88.11332,44.23485],[-88.26282,44.25295],[-88.27762,44.32064],[-88.24496,44.39363],[-88.05582,44.49812],[-87.97683,44.52977],[-87.94011,44.52897],[-87.91609,44.55407],[-87.7336,44.62679],[-87.39602,44.63946],[-87.44197,44.60114],[-87.48508,44.51056]]],[[[-70.72303,42.56848],[-70.72332,42.56833],[-70.72326,42.5684],[-70.72303,42.56848]]],[[[-70.72088,42.56956],[-70.72177,42.56911],[-70.72131,42.56947],[-70.72088,42.56956]]],[[[-70.65708,42.60619],[-70.66005,42.60675],[-70.65463,42.60874],[-70.65708,42.60619]]],[[[-70.69466,42.6321],[-70.69498,42.63185],[-70.69601,42.63222],[-70.69466,42.6321]]],[[[-70.62289,42.62045],[-70.62402,42.61978],[-70.62309,42.62079],[-70.62289,42.62045]]],[[[-70.68994,42.64089],[-70.69322,42.64014],[-70.69145,42.6413],[-70.68994,42.64089]]],[[[-70.6882,42.64506],[-70.68581,42.6425],[-70.69217,42.64217],[-70.6882,42.64506]]],[[[-70.68493,42.64551],[-70.68543,42.64326],[-70.68572,42.64499],[-70.68493,42.64551]]],[[[-70.74709,42.65805],[-70.75645,42.65719],[-70.76321,42.66586],[-70.74709,42.65805]]],[[[-70.62315,42.68137],[-70.62313,42.66106],[-70.59749,42.65755],[-70.59198,42.63702],[-70.63465,42.6175],[-70.63566,42.59998],[-70.6629,42.58015],[-70.6485,42.61419],[-70.66553,42.60781],[-70.68789,42.62131],[-70.6894,42.63087],[-70.67624,42.62749],[-70.66937,42.64076],[-70.67177,42.66092],[-70.67757,42.65188],[-70.68163,42.65811],[-70.64574,42.68787],[-70.62885,42.6914],[-70.62315,42.68137]]],[[[-88.29784,44.85331],[-88.41808,44.78868],[-88.72178,44.80748],[-88.90191,44.87673],[-88.95945,44.98868],[-88.8803,45.05916],[-88.69935,45.09006],[-88.45405,45.06659],[-88.28234,44.9304],[-88.2791,44.86337],[-88.29784,44.85331]]],[[[-87.31109,45.09753],[-87.31546,45.10217],[-87.30707,45.10157],[-87.31109,45.09753]]],[[[-106.78125,44.78497],[-106.87252,44.64606],[-107.10681,44.74833],[-107.32866,44.87004],[-107.33681,44.88389],[-107.19403,44.91765],[-106.75152,44.92554],[-106.72049,44.85052],[-106.78125,44.78497]]],[[[-87.33304,45.15818],[-87.33894,45.1597],[-87.33803,45.16471],[-87.33304,45.15818]]],[[[-87.26375,45.1607],[-87.26946,45.16399],[-87.26298,45.16434],[-87.26375,45.1607]]],[[[-87.25893,45.1693],[-87.26329,45.17439],[-87.25684,45.17383],[-87.25893,45.1693]]],[[[-87.01496,45.29386],[-86.98775,45.29336],[-86.97535,45.2785],[-86.989,45.26003],[-86.97938,45.2402],[-86.99124,45.23493],[-86.98448,45.22521],[-86.9894,45.21479],[-87.00828,45.21195],[-87.01424,45.22577],[-87.03272,45.23387],[-87.03999,45.22989],[-87.0491,45.24651],[-87.05567,45.24389],[-87.03794,45.21523],[-87.04523,45.2108],[-87.04944,45.1661],[-87.03396,45.14755],[-87.0525,45.13555],[-87.07178,45.15692],[-87.08548,45.15351],[-87.07992,45.12828],[-87.06327,45.12387],[-87.0528,45.10952],[-87.05358,45.08807],[-87.06119,45.09186],[-87.06679,45.08008],[-87.0863,45.09459],[-87.10132,45.0903],[-87.0826,45.07169],[-87.08386,45.06122],[-87.10914,45.07034],[-87.26607,45.08899],[-87.26488,45.12691],[-87.24344,45.12975],[-87.24145,45.16992],[-87.22575,45.17514],[-87.22605,45.166],[-87.17868,45.15149],[-87.17509,45.18066],[-87.15012,45.19165],[-87.12684,45.19124],[-87.13033,45.22055],[-87.1148,45.25682],[-87.08059,45.25348],[-87.07392,45.29448],[-87.0654,45.29707],[-87.05032,45.284],[-87.03213,45.28503],[-87.02387,45.29814],[-87.01496,45.29386]]],[[[-86.95052,45.30089],[-86.96441,45.31074],[-86.94963,45.30727],[-86.95052,45.30089]]],[[[-86.9228,45.33256],[-86.90362,45.30685],[-86.9041,45.29452],[-86.93636,45.33215],[-86.9228,45.33256]]],[[[-86.95157,45.35849],[-86.93727,45.3456],[-86.94794,45.33466],[-86.96325,45.34134],[-86.96071,45.35683],[-86.94857,45.35204],[-86.95157,45.35849]]],[[[-75.41047,43.11211],[-75.65726,43.07786],[-75.7324,43.09019],[-75.79325,43.11098],[-75.85646,43.14839],[-75.9174,43.16913],[-75.96495,43.16057],[-76.07583,43.09175],[-76.16289,43.05758],[-76.19684,43.05291],[-76.33503,43.09125],[-76.40925,43.1682],[-76.38981,43.25747],[-76.30277,43.39584],[-76.18819,43.52443],[-76.02516,43.66158],[-75.87267,43.81125],[-75.74958,43.8894],[-75.45613,44.00909],[-75.22663,44.09126],[-75.10177,44.15834],[-75.05506,44.17332],[-74.93792,44.15916],[-74.92387,44.08604],[-75.02826,43.8122],[-75.05608,43.77968],[-75.0686,43.65762],[-75.04087,43.54766],[-74.97088,43.38844],[-74.94342,43.27851],[-74.96107,43.22405],[-74.9552,43.20408],[-75.01193,43.16559],[-75.15651,43.13568],[-75.41047,43.11211]]],[[[-84.03245,46.1369],[-84.0293,46.13561],[-84.03514,46.13764],[-84.03245,46.1369]]],[[[-84.05835,46.14653],[-84.05272,46.14376],[-84.05972,46.1462],[-84.05835,46.14653]]],[[[-84.08171,46.15428],[-84.09012,46.15763],[-84.08486,46.158],[-84.08171,46.15428]]],[[[-84.14396,46.17644],[-84.15345,46.17878],[-84.14837,46.18155],[-84.14396,46.17644]]],[[[-84.11501,46.17777],[-84.1113,46.16414],[-84.13405,46.1781],[-84.11501,46.17777]]],[[[-84.13933,46.1956],[-84.14713,46.19802],[-84.14242,46.20115],[-84.13933,46.1956]]],[[[-84.2087,46.20365],[-84.21725,46.20334],[-84.21178,46.20966],[-84.2087,46.20365]]],[[[-84.2314,46.21228],[-84.23481,46.20867],[-84.24064,46.21105],[-84.2314,46.21228]]],[[[-84.14419,46.20667],[-84.14496,46.20348],[-84.1534,46.20638],[-84.14419,46.20667]]],[[[-84.22155,46.21211],[-84.22802,46.21497],[-84.22143,46.21578],[-84.22155,46.21211]]],[[[-84.15803,46.20554],[-84.16634,46.21209],[-84.15584,46.21192],[-84.15803,46.20554]]],[[[-84.17222,46.21357],[-84.17538,46.21683],[-84.16811,46.21808],[-84.17222,46.21357]]],[[[-84.19893,46.21998],[-84.2007,46.22596],[-84.19159,46.22306],[-84.19893,46.21998]]],[[[-84.16514,46.22765],[-84.17362,46.22963],[-84.16568,46.23132],[-84.16514,46.22765]]],[[[-84.15456,46.32231],[-84.13584,46.31191],[-84.10785,46.24865],[-84.11948,46.23602],[-84.1434,46.22911],[-84.14792,46.21269],[-84.16347,46.21892],[-84.15208,46.22513],[-84.17174,46.24563],[-84.18197,46.27284],[-84.20824,46.29298],[-84.19363,46.31565],[-84.20437,46.30987],[-84.21013,46.31455],[-84.19004,46.32429],[-84.15456,46.32231]]],[[[-84.2071,46.32596],[-84.20761,46.33009],[-84.20041,46.32905],[-84.2071,46.32596]]],[[[-84.20477,46.336],[-84.20736,46.33741],[-84.20009,46.33821],[-84.20477,46.336]]],[[[-84.18632,46.35539],[-84.19213,46.3587],[-84.18877,46.36047],[-84.18632,46.35539]]],[[[-84.23701,46.41353],[-84.24482,46.41641],[-84.23819,46.41768],[-84.23701,46.41353]]],[[[-84.51574,46.43849],[-84.52286,46.44318],[-84.5123,46.44349],[-84.51574,46.43849]]],[[[-84.95904,46.48592],[-84.965,46.48461],[-84.96621,46.48921],[-84.95904,46.48592]]],[[[-84.67315,46.49249],[-84.68294,46.49628],[-84.67163,46.4998],[-84.67315,46.49249]]],[[[-84.95011,46.52891],[-84.95608,46.5276],[-84.95005,46.53166],[-84.95011,46.52891]]],[[[-85.02062,46.53519],[-85.02919,46.53574],[-85.02318,46.53843],[-85.02062,46.53519]]],[[[-84.12238,46.52162],[-84.11995,46.51561],[-84.13745,46.50675],[-84.15074,46.46708],[-84.17687,46.45561],[-84.19076,46.41688],[-84.15682,46.3888],[-84.14731,46.35977],[-84.14106,46.36883],[-84.11166,46.32523],[-84.12301,46.32085],[-84.17322,46.33455],[-84.17089,46.36338],[-84.22397,46.3904],[-84.24916,46.46325],[-84.25951,46.46937],[-84.2514,46.45548],[-84.2633,46.45477],[-84.28566,46.47667],[-84.27998,46.4885],[-84.23645,46.50705],[-84.21245,46.53278],[-84.17643,46.52438],[-84.13862,46.52923],[-84.12238,46.52162]]],[[[-84.97056,46.75753],[-85.02263,46.71085],[-85.03695,46.60231],[-85.02623,46.54992],[-85.05508,46.5296],[-85.05726,46.52045],[-85.03811,46.49091],[-85.00473,46.47863],[-84.96451,46.47773],[-84.93586,46.48978],[-84.91981,46.47126],[-84.8585,46.46916],[-84.84511,46.45067],[-84.82681,46.44449],[-84.76785,46.45475],[-84.67721,46.48887],[-84.63113,46.48504],[-84.57459,46.43292],[-84.58387,46.43121],[-84.5915,46.44095],[-84.60225,46.43422],[-84.59614,46.41717],[-84.57648,46.41323],[-84.50461,46.43604],[-84.49966,46.44697],[-84.4829,46.43435],[-84.46634,46.43685],[-84.45331,46.45316],[-84.45408,46.47059],[-84.37678,46.49463],[-84.37523,46.50194],[-84.34282,46.50418],[-84.29921,46.4856],[-84.30019,46.476],[-84.25886,46.42994],[-84.24766,46.39125],[-84.22064,46.35322],[-84.21753,46.29085],[-84.19124,46.27116],[-84.17949,46.24989],[-84.18393,46.23576],[-84.1967,46.24651],[-84.21116,46.24675],[-84.21163,46.23302],[-84.23379,46.21919],[-84.24285,46.22346],[-84.2606,46.21591],[-84.37131,46.25414],[-84.67667,46.25819],[-85.49854,46.30731],[-85.6338,46.35378],[-86.08309,46.40202],[-86.07888,46.65666],[-85.97352,46.68107],[-85.97954,46.67283],[-85.95305,46.67502],[-85.9603,46.67964],[-85.88872,46.69218],[-85.73998,46.67861],[-85.4965,46.67797],[-85.24885,46.75622],[-85.16253,46.76642],[-85.05532,46.75982],[-84.97281,46.77453],[-84.95232,46.77247],[-84.97056,46.75753]]],[[[-88.63506,47.17604],[-88.63584,47.16611],[-88.63937,47.17168],[-88.63506,47.17604]]],[[[-67.8645,44.43598],[-67.85557,44.43454],[-67.85834,44.42179],[-67.87674,44.43107],[-67.87312,44.45612],[-67.86735,44.45653],[-67.8645,44.43598]]],[[[-88.63185,47.21726],[-88.63384,47.19177],[-88.64995,47.16922],[-88.59025,47.04775],[-88.4469,46.98536],[-88.58273,46.96522],[-88.80539,46.88952],[-88.76011,46.71915],[-88.49241,46.59478],[-88.47185,46.54581],[-88.48326,46.53017],[-88.54096,46.50286],[-88.67434,46.50064],[-88.8799,46.51278],[-88.97005,46.50089],[-89.03201,46.47706],[-89.16874,46.40269],[-89.18917,46.31146],[-89.17013,46.26592],[-89.0762,46.2248],[-88.86638,46.17077],[-88.57807,46.1408],[-88.15335,46.20249],[-87.83037,46.18985],[-87.58714,46.12318],[-87.31,45.96143],[-87.28408,45.80871],[-87.31022,45.71],[-87.26902,45.58142],[-87.25013,45.57113],[-87.33627,45.44212],[-87.5394,45.60872],[-87.91329,45.84333],[-88.39673,45.9916],[-88.80796,46.05845],[-89.1069,46.16792],[-89.3848,46.25881],[-89.46193,46.32164],[-89.45448,46.38825],[-89.42305,46.45358],[-89.33443,46.54725],[-89.1505,46.64336],[-89.09697,46.68123],[-89.01808,46.80578],[-89.14666,46.98366],[-89.12438,46.99473],[-89.08276,46.98495],[-89.02489,47.00164],[-89.01731,46.99489],[-88.9678,47.00451],[-88.94054,47.0229],[-88.88829,47.1042],[-88.84412,47.1169],[-88.81107,47.14364],[-88.77007,47.15305],[-88.6815,47.21558],[-88.65515,47.22565],[-88.63185,47.21726]]],[[[-88.67307,47.21885],[-88.67307,47.21884],[-88.67307,47.21885],[-88.67307,47.21885]]],[[[-88.67541,47.21739],[-88.67541,47.21739],[-88.67541,47.21739],[-88.67541,47.21739]]],[[[-88.68451,47.21318],[-88.68451,47.21318],[-88.6845,47.21318],[-88.68451,47.21318]]],[[[-88.68829,47.21113],[-88.68829,47.21113],[-88.68829,47.21113],[-88.68829,47.21113]]],[[[-88.7263,47.18813],[-88.7263,47.18813],[-88.7263,47.18813],[-88.7263,47.18813]]],[[[-88.72834,47.1867],[-88.72834,47.1867],[-88.72833,47.1867],[-88.72834,47.1867]]],[[[-88.74335,47.17425],[-88.74335,47.17425],[-88.74335,47.17425],[-88.74335,47.17425]]],[[[-88.74467,47.17303],[-88.74467,47.17302],[-88.74466,47.17303],[-88.74467,47.17303]]],[[[-88.74813,47.16986],[-88.74813,47.16985],[-88.74812,47.16986],[-88.74813,47.16986]]],[[[-88.75439,47.16312],[-88.75439,47.16311],[-88.75438,47.16312],[-88.75439,47.16312]]],[[[-88.76579,47.15512],[-88.7658,47.15511],[-88.76579,47.15512],[-88.76579,47.15512]]],[[[-88.77719,47.15056],[-88.77719,47.15056],[-88.77719,47.15056],[-88.77719,47.15056]]],[[[-88.80035,47.14675],[-88.80035,47.14675],[-88.80034,47.14675],[-88.80035,47.14675]]],[[[-88.80644,47.14354],[-88.80644,47.14353],[-88.80644,47.14354],[-88.80644,47.14354]]],[[[-88.81138,47.14256],[-88.81139,47.14255],[-88.81137,47.14256],[-88.81138,47.14256]]],[[[-88.81655,47.13999],[-88.81656,47.13998],[-88.81655,47.13999],[-88.81655,47.13999]]],[[[-88.82041,47.13805],[-88.82041,47.13804],[-88.8204,47.13805],[-88.82041,47.13805]]],[[[-88.82318,47.13573],[-88.82319,47.13573],[-88.82318,47.13573],[-88.82318,47.13573]]],[[[-88.82541,47.13358],[-88.82541,47.13358],[-88.82541,47.13358],[-88.82541,47.13358]]],[[[-88.82601,47.13262],[-88.826,47.13261],[-88.826,47.13262],[-88.82601,47.13262]]],[[[-88.82898,47.12967],[-88.82898,47.12967],[-88.82898,47.12967],[-88.82898,47.12967]]],[[[-88.83007,47.12844],[-88.83007,47.12843],[-88.83007,47.12844],[-88.83007,47.12844]]],[[[-88.83066,47.12754],[-88.83066,47.12753],[-88.83065,47.12754],[-88.83066,47.12754]]],[[[-88.83324,47.12544],[-88.83324,47.12544],[-88.83324,47.12544],[-88.83324,47.12544]]],[[[-88.83435,47.12336],[-88.83435,47.12336],[-88.83435,47.12336],[-88.83435,47.12336]]],[[[-88.83559,47.12179],[-88.8356,47.12178],[-88.83559,47.12179],[-88.83559,47.12179]]],[[[-88.83852,47.11938],[-88.83853,47.11937],[-88.83852,47.11938],[-88.83852,47.11938]]],[[[-88.84053,47.11777],[-88.84053,47.11776],[-88.84053,47.11776],[-88.84053,47.11777]]],[[[-88.84129,47.11719],[-88.84128,47.11719],[-88.84128,47.11719],[-88.84129,47.11719]]],[[[-88.84254,47.11626],[-88.84254,47.11626],[-88.84254,47.11626],[-88.84254,47.11626]]],[[[-88.85494,47.11433],[-88.85494,47.11433],[-88.85493,47.11433],[-88.85494,47.11433]]],[[[-88.86021,47.11099],[-88.86021,47.11099],[-88.8602,47.11099],[-88.86021,47.11099]]],[[[-88.86327,47.10977],[-88.86327,47.10977],[-88.86327,47.10977],[-88.86327,47.10977]]],[[[-88.86649,47.10867],[-88.86649,47.10867],[-88.86649,47.10867],[-88.86649,47.10867]]],[[[-88.87709,47.10606],[-88.87709,47.10606],[-88.87709,47.10606],[-88.87709,47.10606]]],[[[-88.89005,47.09951],[-88.89005,47.09951],[-88.89005,47.09951],[-88.89005,47.09951]]],[[[-88.89227,47.09582],[-88.89227,47.09582],[-88.89226,47.09582],[-88.89227,47.09582]]],[[[-88.89307,47.09532],[-88.89307,47.09532],[-88.89307,47.09532],[-88.89307,47.09532]]],[[[-88.89397,47.09448],[-88.89397,47.09448],[-88.89397,47.09448],[-88.89397,47.09448]]],[[[-88.89561,47.09289],[-88.89561,47.09289],[-88.89561,47.09289],[-88.89561,47.09289]]],[[[-88.897,47.0915],[-88.897,47.0915],[-88.89699,47.0915],[-88.897,47.0915]]],[[[-88.89788,47.09093],[-88.89788,47.09093],[-88.89788,47.09093],[-88.89788,47.09093]]],[[[-88.90015,47.0899],[-88.90014,47.08991],[-88.90015,47.08991],[-88.90015,47.0899]]],[[[-88.90273,47.08241],[-88.90272,47.08241],[-88.90271,47.08242],[-88.90273,47.08241]]],[[[-88.90441,47.07913],[-88.90441,47.07912],[-88.90441,47.07912],[-88.90441,47.07913]]],[[[-88.90676,47.07558],[-88.90676,47.07558],[-88.90676,47.07559],[-88.90676,47.07558]]],[[[-88.91149,47.06738],[-88.91148,47.06737],[-88.91148,47.06738],[-88.91149,47.06738]]],[[[-88.92223,47.04588],[-88.92223,47.04588],[-88.92223,47.04589],[-88.92223,47.04588]]],[[[-88.92493,47.04183],[-88.92492,47.04183],[-88.92492,47.04183],[-88.92493,47.04183]]],[[[-88.92907,47.03638],[-88.92907,47.03638],[-88.92907,47.03638],[-88.92907,47.03638]]],[[[-88.9503,47.0145],[-88.9503,47.01449],[-88.9503,47.0145],[-88.9503,47.0145]]],[[[-88.9614,47.0075],[-88.9614,47.0075],[-88.96139,47.0075],[-88.9614,47.0075]]],[[[-88.96804,47.00417],[-88.96804,47.00417],[-88.96804,47.00417],[-88.96804,47.00417]]],[[[-88.96924,47.00364],[-88.96924,47.00364],[-88.96924,47.00364],[-88.96924,47.00364]]],[[[-88.97195,47.00236],[-88.97195,47.00236],[-88.97195,47.00236],[-88.97195,47.00236]]],[[[-89.0445,46.99644],[-89.04451,46.99644],[-89.04451,46.99644],[-89.0445,46.99644]]],[[[-89.04101,46.9983],[-89.04102,46.9983],[-89.04102,46.9983],[-89.04101,46.9983]]],[[[-89.04906,46.99514],[-89.04906,46.99514],[-89.04906,46.99514],[-89.04906,46.99514]]],[[[-89.04989,46.99497],[-89.04989,46.99497],[-89.04989,46.99497],[-89.04989,46.99497]]],[[[-89.05047,46.99488],[-89.05047,46.99488],[-89.05047,46.99488],[-89.05047,46.99488]]],[[[-89.05283,46.99375],[-89.05283,46.99375],[-89.05283,46.99375],[-89.05283,46.99375]]],[[[-89.0559,46.9921],[-89.05591,46.99209],[-89.0559,46.9921],[-89.0559,46.9921]]],[[[-89.05868,46.99054],[-89.05868,46.99054],[-89.05868,46.99054],[-89.05868,46.99054]]],[[[-89.06063,46.9894],[-89.06063,46.9894],[-89.06062,46.9894],[-89.06063,46.9894]]],[[[-89.06328,46.98845],[-89.06328,46.98845],[-89.06327,46.98845],[-89.06328,46.98845]]],[[[-89.06888,46.98688],[-89.0686,46.98694],[-89.06872,46.98695],[-89.06888,46.98688]]],[[[-89.12349,46.99319],[-89.12349,46.99319],[-89.12349,46.99319],[-89.12349,46.99319]]],[[[-89.13805,46.98688],[-89.13805,46.98688],[-89.13804,46.98688],[-89.13805,46.98688]]],[[[-89.14285,46.98455],[-89.14285,46.98454],[-89.14284,46.98455],[-89.14285,46.98455]]],[[[-67.83993,44.45082],[-67.84159,44.46634],[-67.83405,44.45806],[-67.83993,44.45082]]],[[[-67.70798,44.45736],[-67.71492,44.4629],[-67.70786,44.46374],[-67.70798,44.45736]]],[[[-67.78309,44.48041],[-67.78899,44.47271],[-67.79913,44.47873],[-67.78309,44.48041]]],[[[-67.83429,44.48132],[-67.83997,44.48593],[-67.82897,44.49268],[-67.82655,44.4849],[-67.83429,44.48132]]],[[[-67.60017,44.44031],[-67.60709,44.44586],[-67.60004,44.44669],[-67.60017,44.44031]]],[[[-67.61159,44.44499],[-67.61852,44.45008],[-67.61147,44.45092],[-67.61159,44.44499]]],[[[-67.67273,44.45975],[-67.67967,44.46483],[-67.67261,44.46568],[-67.67273,44.45975]]],[[[-67.62025,44.45967],[-67.62717,44.46522],[-67.62012,44.46605],[-67.62025,44.45967]]],[[[-67.79944,44.49743],[-67.79573,44.48964],[-67.80986,44.48749],[-67.80398,44.49428],[-67.81922,44.50125],[-67.82161,44.51131],[-67.81264,44.51169],[-67.79944,44.49743]]],[[[-67.67495,44.4771],[-67.68189,44.48264],[-67.67419,44.48348],[-67.67495,44.4771]]],[[[-67.6979,44.4828],[-67.70483,44.48834],[-67.69778,44.48918],[-67.6979,44.4828]]],[[[-67.67154,44.48801],[-67.67848,44.49355],[-67.66826,44.49162],[-67.67154,44.48801]]],[[[-67.63443,44.48627],[-67.64136,44.49181],[-67.63116,44.48988],[-67.63443,44.48627]]],[[[-67.61462,44.48469],[-67.62154,44.49024],[-67.61134,44.48831],[-67.61462,44.48469]]],[[[-67.8298,44.51913],[-67.84055,44.52698],[-67.83009,44.5392],[-67.8298,44.51913]]],[[[-67.63238,44.49309],[-67.6393,44.49863],[-67.6291,44.4967],[-67.63238,44.49309]]],[[[-67.5406,44.47296],[-67.54753,44.47805],[-67.53982,44.47888],[-67.5406,44.47296]]],[[[-67.64426,44.50734],[-67.65243,44.51518],[-67.64093,44.5137],[-67.64426,44.50734]]],[[[-67.53787,44.48068],[-67.54801,44.48535],[-67.54655,44.49355],[-67.53059,44.49155],[-67.53787,44.48068]]],[[[-67.5567,44.49822],[-67.56363,44.50377],[-67.55342,44.50183],[-67.5567,44.49822]]],[[[-67.61869,44.5048],[-67.62688,44.51127],[-67.61254,44.52344],[-67.60763,44.51335],[-67.61869,44.5048]]],[[[-67.5833,44.45153],[-67.59164,44.45025],[-67.60915,44.50105],[-67.58887,44.52182],[-67.59071,44.49539],[-67.56491,44.47368],[-67.57587,44.47015],[-67.57037,44.45732],[-67.5833,44.45153]]],[[[-67.51562,44.50233],[-67.50936,44.49587],[-67.51774,44.49369],[-67.5367,44.5053],[-67.54902,44.49814],[-67.54633,44.50449],[-67.56533,44.51428],[-67.53774,44.51626],[-67.51562,44.50233]]],[[[-67.53554,44.529],[-67.54247,44.53455],[-67.53226,44.53261],[-67.53554,44.529]]],[[[-67.65837,44.53896],[-67.66587,44.5486],[-67.65533,44.56264],[-67.65102,44.55393],[-67.65837,44.53896]]],[[[-67.51896,44.55482],[-67.52846,44.55994],[-67.51167,44.56568],[-67.48932,44.56178],[-67.51896,44.55482]]],[[[-67.46159,44.56877],[-67.46596,44.57429],[-67.4544,44.57507],[-67.46159,44.56877]]],[[[-67.5047,44.59115],[-67.48572,44.57953],[-67.51705,44.58353],[-67.52252,44.56808],[-67.536,44.56686],[-67.5479,44.58022],[-67.54443,44.59204],[-67.52275,44.58679],[-67.51861,44.60043],[-67.5047,44.59115]]],[[[-67.39776,44.58444],[-67.39885,44.59266],[-67.39257,44.58711],[-67.39776,44.58444]]],[[[-67.35818,44.57711],[-67.36189,44.58263],[-67.35223,44.58479],[-67.35818,44.57711]]],[[[-67.39168,44.59714],[-67.39279,44.60444],[-67.38505,44.60663],[-67.39168,44.59714]]],[[[-67.37447,44.59282],[-67.37762,44.59559],[-67.37227,44.60465],[-67.37447,44.59282]]],[[[-87.61695,47.4227],[-87.58806,47.41604],[-87.60332,47.40764],[-87.65227,47.4146],[-87.62706,47.42676],[-87.61695,47.4227]]],[[[-67.28921,44.61639],[-67.26813,44.61293],[-67.29797,44.59962],[-67.31528,44.59984],[-67.32397,44.61227],[-67.31242,44.61212],[-67.31484,44.61763],[-67.30441,44.62434],[-67.28921,44.61639]]],[[[-87.79523,47.4708],[-87.71972,47.44298],[-87.71293,47.40167],[-87.75448,47.40543],[-87.77028,47.39242],[-87.79838,47.39308],[-87.81693,47.38417],[-87.85062,47.39625],[-87.96007,47.38503],[-87.96781,47.37208],[-87.9378,47.34527],[-87.94164,47.33742],[-88.06095,47.29614],[-88.09751,47.26126],[-88.122,47.2527],[-88.16775,47.21448],[-88.21761,47.2079],[-88.24222,47.18002],[-88.24425,47.15611],[-88.23271,47.14845],[-88.23784,47.14057],[-88.24771,47.13585],[-88.26261,47.14485],[-88.28101,47.13899],[-88.29835,47.2459],[-88.28443,47.42264],[-88.23354,47.43199],[-88.21994,47.44917],[-88.188,47.45692],[-88.15784,47.45545],[-88.03368,47.47159],[-88.04314,47.47563],[-87.94009,47.47949],[-87.88159,47.46905],[-87.81076,47.47664],[-87.79523,47.4708]]],[[[-87.84749,47.46921],[-87.84749,47.4692],[-87.84748,47.46921],[-87.84749,47.46921]]],[[[-87.96196,47.47914],[-87.96196,47.47914],[-87.96197,47.47914],[-87.96196,47.47914]]],[[[-87.95553,47.47903],[-87.95554,47.47903],[-87.95554,47.47903],[-87.95553,47.47903]]],[[[-87.9493,47.47892],[-87.9493,47.47892],[-87.9493,47.47892],[-87.9493,47.47892]]],[[[-87.94475,47.47924],[-87.94475,47.47924],[-87.94475,47.47924],[-87.94475,47.47924]]],[[[-88.02915,47.47201],[-88.02915,47.47201],[-88.02915,47.47201],[-88.02915,47.47201]]],[[[-88.02773,47.47133],[-88.02773,47.47132],[-88.02772,47.47133],[-88.02773,47.47133]]],[[[-88.06126,47.4683],[-88.06126,47.4683],[-88.06126,47.4683],[-88.06126,47.4683]]],[[[-88.07371,47.46791],[-88.07371,47.46791],[-88.0737,47.46791],[-88.07371,47.46791]]],[[[-88.11256,47.46283],[-88.11256,47.46282],[-88.11255,47.46283],[-88.11256,47.46283]]],[[[-88.19245,47.45473],[-88.19245,47.45472],[-88.19244,47.45473],[-88.19245,47.45473]]],[[[-88.21687,47.44542],[-88.21687,47.44542],[-88.21686,47.44543],[-88.21687,47.44542]]],[[[-88.22471,47.43691],[-88.22471,47.43691],[-88.22471,47.43691],[-88.22471,47.43691]]],[[[-87.74128,47.40559],[-87.74128,47.40559],[-87.74128,47.40559],[-87.74128,47.40559]]],[[[-88.2391,47.4301],[-88.2391,47.4301],[-88.23909,47.4301],[-88.2391,47.4301]]],[[[-88.24123,47.42933],[-88.24123,47.42933],[-88.24122,47.42933],[-88.24123,47.42933]]],[[[-88.2425,47.42886],[-88.2425,47.42885],[-88.24249,47.42886],[-88.2425,47.42886]]],[[[-88.25348,47.42659],[-88.25348,47.42659],[-88.25347,47.42659],[-88.25348,47.42659]]],[[[-88.25613,47.42615],[-88.25613,47.42615],[-88.25613,47.42615],[-88.25613,47.42615]]],[[[-88.26594,47.42473],[-88.26594,47.42473],[-88.26594,47.42473],[-88.26594,47.42473]]],[[[-87.78638,47.39372],[-87.78638,47.39371],[-87.78638,47.39371],[-87.78638,47.39372]]],[[[-87.78279,47.39318],[-87.78278,47.39318],[-87.78279,47.39318],[-87.78279,47.39318]]],[[[-87.87917,47.3956],[-87.87917,47.39559],[-87.87916,47.39559],[-87.87917,47.3956]]],[[[-87.86885,47.3946],[-87.86884,47.39459],[-87.86884,47.3946],[-87.86885,47.3946]]],[[[-87.87694,47.39497],[-87.87694,47.39497],[-87.87693,47.39497],[-87.87694,47.39497]]],[[[-87.91832,47.39244],[-87.91832,47.39243],[-87.91832,47.39244],[-87.91832,47.39244]]],[[[-87.98762,47.32277],[-87.98762,47.32277],[-87.98762,47.32277],[-87.98762,47.32277]]],[[[-88.16739,47.21484],[-88.16737,47.21483],[-88.16736,47.21483],[-88.16739,47.21484]]],[[[-88.1734,47.21514],[-88.17339,47.21513],[-88.17335,47.21514],[-88.1734,47.21514]]],[[[-88.18222,47.21265],[-88.18222,47.21265],[-88.18222,47.21265],[-88.18222,47.21265]]],[[[-88.20016,47.2098],[-88.20015,47.20979],[-88.20015,47.2098],[-88.20016,47.2098]]],[[[-88.19758,47.20949],[-88.19758,47.20949],[-88.19757,47.20949],[-88.19758,47.20949]]],[[[-88.20708,47.20989],[-88.20708,47.20989],[-88.20707,47.20989],[-88.20708,47.20989]]],[[[-88.25823,47.14485],[-88.25823,47.14485],[-88.25823,47.14485],[-88.25823,47.14485]]],[[[-88.26964,47.14418],[-88.26963,47.14418],[-88.26962,47.14418],[-88.26964,47.14418]]],[[[-88.25079,47.14012],[-88.2508,47.14011],[-88.25079,47.14011],[-88.25079,47.14012]]],[[[-87.84127,47.39249],[-87.84112,47.39246],[-87.84127,47.39251],[-87.84127,47.39249]]],[[[-87.83031,47.38993],[-87.83031,47.38993],[-87.83028,47.38993],[-87.83031,47.38993]]],[[[-87.82852,47.38928],[-87.82851,47.38928],[-87.82851,47.38928],[-87.82852,47.38928]]],[[[-87.82136,47.38558],[-87.82135,47.38558],[-87.82135,47.38558],[-87.82136,47.38558]]],[[[-87.74897,47.40498],[-87.74896,47.40497],[-87.74896,47.40498],[-87.74897,47.40498]]],[[[-89.2247,47.87534],[-89.25877,47.86822],[-89.24966,47.87577],[-89.2247,47.87534]]],[[[-88.79022,47.88363],[-88.79758,47.88213],[-88.79509,47.8877],[-88.77776,47.89351],[-88.79022,47.88363]]],[[[-122.28297,45.55367],[-122.31617,45.5546],[-122.33,45.56082],[-122.28297,45.55367]]],[[[-88.78988,47.93108],[-88.80807,47.93078],[-88.78886,47.94077],[-88.78988,47.93108]]],[[[-122.43201,45.57814],[-122.40415,45.58265],[-122.39816,45.57816],[-122.43201,45.57814]]],[[[-67.12209,44.74327],[-67.10436,44.73344],[-67.10519,44.72706],[-67.1245,44.7027],[-67.15065,44.68617],[-67.15948,44.6685],[-67.2117,44.66054],[-67.2169,44.65787],[-67.19539,44.64618],[-67.23795,44.63854],[-67.25044,44.65193],[-67.2468,44.66876],[-67.27447,44.66638],[-67.27315,44.64219],[-67.25607,44.63284],[-67.28068,44.62404],[-67.2915,44.62737],[-67.30483,44.65902],[-67.32731,44.65885],[-67.32973,44.66481],[-67.33025,44.66983],[-67.31359,44.66825],[-67.30748,44.68141],[-67.31174,44.69104],[-67.30109,44.7055],[-67.34366,44.69874],[-67.36085,44.70488],[-67.36752,44.69492],[-67.36058,44.68982],[-67.37151,44.68904],[-67.38874,44.69381],[-67.38245,44.71518],[-67.40424,44.71727],[-67.39685,44.70395],[-67.40635,44.68262],[-67.37946,44.6791],[-67.38935,44.66827],[-67.37412,44.66079],[-67.37057,44.64843],[-67.38291,44.64219],[-67.36581,44.63286],[-67.37439,44.62293],[-67.39223,44.62816],[-67.41163,44.59464],[-67.42948,44.62678],[-67.4228,44.63811],[-67.4304,44.6423],[-67.42317,44.64951],[-67.43464,44.6533],[-67.42915,44.66874],[-67.44973,44.66716],[-67.4444,44.64748],[-67.45055,44.63159],[-67.43232,44.61495],[-67.43506,44.60769],[-67.46091,44.59886],[-67.47346,44.61132],[-67.49779,44.61342],[-67.49354,44.63162],[-67.50732,44.64637],[-67.53734,44.62389],[-67.53502,44.64211],[-67.55579,44.66105],[-67.5508,44.62404],[-67.59255,44.62221],[-67.56705,44.61418],[-67.55834,44.60177],[-67.57651,44.56091],[-67.56647,44.55077],[-67.56675,44.53801],[-67.63999,44.52828],[-67.63338,44.53825],[-67.64298,44.5388],[-67.64223,44.54472],[-67.62406,44.55548],[-67.63998,44.56066],[-67.64617,44.57213],[-67.66351,44.57093],[-67.67756,44.54051],[-67.69804,44.54162],[-67.70705,44.5066],[-67.72258,44.49809],[-67.72153,44.51996],[-67.73185,44.51596],[-67.73603,44.49776],[-67.74623,44.50014],[-67.74393,44.52063],[-67.73487,44.52556],[-67.75628,44.54583],[-67.74244,44.56668],[-67.74812,44.57175],[-67.73474,44.60127],[-67.74038,44.60817],[-67.75525,44.60192],[-67.74965,44.59275],[-67.76665,44.57421],[-67.77158,44.55053],[-67.78899,44.54476],[-67.78132,44.54333],[-67.78421,44.52511],[-67.80536,44.52484],[-67.80757,44.54447],[-67.78882,44.55388],[-67.78774,44.5785],[-67.78001,44.58071],[-67.7916,44.6132],[-67.80721,44.56499],[-67.82594,44.5939],[-67.83651,44.57575],[-67.85175,44.58454],[-67.84241,44.5685],[-67.81945,44.56146],[-67.81848,44.54366],[-67.84633,44.56397],[-67.8522,44.55763],[-67.84673,44.54071],[-67.8559,44.52893],[-67.87878,44.53962],[-67.85561,44.50796],[-67.85519,44.49518],[-67.86967,44.47114],[-67.87862,44.47258],[-67.88101,44.48218],[-67.86734,44.49574],[-67.89568,44.48549],[-67.88204,44.45847],[-67.90033,44.39662],[-67.91765,44.43323],[-67.91532,44.45875],[-67.90319,44.45683],[-67.91371,44.47926],[-67.9071,44.49197],[-67.91672,44.49114],[-67.92785,44.47617],[-67.93613,44.47898],[-67.93754,44.47033],[-67.92615,44.46203],[-67.93407,44.44659],[-67.93203,44.41374],[-67.93784,44.41105],[-67.94989,44.41707],[-67.96085,44.45364],[-67.97974,44.47431],[-67.96999,44.48335],[-67.96839,44.50477],[-67.99275,44.50313],[-67.98212,44.48618],[-67.99591,44.46303],[-68.02501,44.4865],[-68.00973,44.43668],[-68.00117,44.45303],[-67.99042,44.44429],[-67.9827,44.44742],[-67.97489,44.41317],[-67.9623,44.40076],[-67.97446,44.39994],[-67.9817,44.38541],[-67.99376,44.39234],[-68.00114,44.41154],[-68.01215,44.40296],[-68.0217,44.40577],[-68.00976,44.39109],[-68.02328,44.38435],[-68.02301,44.35882],[-68.03249,44.36618],[-68.04277,44.36261],[-68.04415,44.34058],[-68.07085,44.60866],[-68.03688,44.75725],[-67.9627,45.01419],[-67.80143,45.14586],[-67.60867,45.16983],[-67.12209,44.74327]]],[[[-88.8168,47.96749],[-88.8243,47.96967],[-88.81764,47.97209],[-88.8168,47.96749]]],[[[-122.52039,45.57385],[-122.52194,45.58206],[-122.4643,45.56965],[-122.52226,45.57108],[-122.55809,45.5934],[-122.52039,45.57385]]],[[[-122.7321,45.63775],[-122.67063,45.61085],[-122.70872,45.6203],[-122.7321,45.63775]]],[[[-88.71835,48.10873],[-88.72719,48.10998],[-88.71579,48.11292],[-88.71835,48.10873]]],[[[-88.53554,48.10276],[-88.53305,48.10971],[-88.52956,48.10653],[-88.53554,48.10276]]],[[[-88.51974,48.11681],[-88.51717,48.121],[-88.51169,48.11878],[-88.51974,48.11681]]],[[[-88.67898,48.12456],[-88.68046,48.12823],[-88.67441,48.1297],[-88.67898,48.12456]]],[[[-88.64367,48.14124],[-88.65498,48.13554],[-88.66181,48.13728],[-88.65654,48.1415],[-88.60836,48.15838],[-88.58674,48.15963],[-88.64367,48.14124]]],[[[-88.56935,48.16634],[-88.57353,48.16996],[-88.56266,48.16874],[-88.56935,48.16634]]],[[[-88.43645,48.15903],[-88.4386,48.16315],[-88.43394,48.16598],[-88.43645,48.15903]]],[[[-88.5479,48.17311],[-88.55407,48.17532],[-88.54739,48.17819],[-88.5479,48.17311]]],[[[-88.42004,48.17631],[-88.4189,48.1837],[-88.41405,48.18008],[-88.42004,48.17631]]],[[[-88.48973,48.15275],[-88.5123,48.13859],[-88.45942,48.15778],[-88.64197,48.06936],[-88.64238,48.06106],[-88.63023,48.06171],[-88.61983,48.07431],[-88.58041,48.08919],[-88.5775,48.08232],[-88.59423,48.077],[-88.57671,48.07865],[-88.57489,48.06439],[-88.63327,48.03079],[-88.66226,48.02895],[-88.68245,48.00652],[-88.75737,47.98598],[-88.82941,47.98018],[-89.0008,47.90764],[-88.99544,47.89116],[-88.94956,47.89013],[-88.90279,47.90154],[-88.91582,47.88934],[-89.15249,47.82377],[-89.18852,47.83183],[-89.20342,47.84996],[-89.23116,47.85264],[-89.19737,47.88278],[-89.21236,47.88664],[-89.1548,47.91354],[-89.16235,47.91662],[-89.2159,47.89071],[-89.21999,47.90768],[-89.12218,47.95747],[-88.90266,48.02594],[-88.85158,48.0517],[-88.86143,48.04369],[-88.85329,48.04291],[-88.82179,48.05036],[-88.82398,48.05493],[-88.77445,48.06865],[-88.76359,48.0868],[-88.70142,48.10808],[-88.69456,48.10542],[-88.7081,48.08539],[-88.6848,48.11664],[-88.66997,48.11825],[-88.67549,48.12139],[-88.65603,48.1263],[-88.65958,48.13132],[-88.62287,48.14663],[-88.65208,48.12959],[-88.56543,48.14934],[-88.57532,48.14135],[-88.55784,48.14484],[-88.52672,48.16697],[-88.52975,48.1554],[-88.51564,48.15883],[-88.46635,48.18535],[-88.51338,48.15148],[-88.42792,48.19095],[-88.48973,48.15275]]],[[[-88.35856,48.22833],[-88.35671,48.23481],[-88.33721,48.24014],[-88.35856,48.22833]]],[[[-95.26368,48.36892],[-95.32207,48.27158],[-95.33945,48.21191],[-95.2932,48.14068],[-95.30092,48.11418],[-95.36665,48.07078],[-95.56645,48.05099],[-95.59771,48.0839],[-95.60465,48.13835],[-95.63464,48.18893],[-95.7625,48.24847],[-95.82545,48.31425],[-95.88893,48.35279],[-95.9849,48.3643],[-96.30581,48.31147],[-96.37009,48.27905],[-96.44267,48.18678],[-96.53081,48.13261],[-96.59465,48.13817],[-96.60254,48.16538],[-96.56524,48.31205],[-96.51072,48.34694],[-96.20783,48.50706],[-95.97448,48.54394],[-95.74464,48.56572],[-95.495,48.55051],[-95.27689,48.5139],[-95.2021,48.48205],[-95.18922,48.46063],[-95.19835,48.41717],[-95.26368,48.36892]]],[[[-122.7973,45.94211],[-122.805,45.95662],[-122.78973,45.95048],[-122.7973,45.94211]]],[[[-122.8593,46.01083],[-122.85428,45.99856],[-122.86775,46.00885],[-122.8593,46.01083]]],[[[-122.87938,46.07759],[-122.87602,46.05704],[-122.89551,46.0883],[-122.87938,46.07759]]],[[[-123.06596,46.17038],[-123.05061,46.16425],[-123.07313,46.16933],[-123.06596,46.17038]]],[[[-123.25724,46.14257],[-123.23048,46.14631],[-123.24657,46.13866],[-123.28136,46.13841],[-123.25724,46.14257]]],[[[-123.12392,46.17452],[-123.14548,46.17181],[-123.1657,46.1847],[-123.12392,46.17452]]],[[[-122.76209,47.12066],[-122.7605,47.11997],[-122.76262,47.12071],[-122.76209,47.12066]]],[[[-122.63189,47.15306],[-122.64043,47.14926],[-122.6324,47.16868],[-122.63189,47.15306]]],[[[-122.67381,47.17079],[-122.68463,47.15545],[-122.67623,47.14318],[-122.70109,47.14922],[-122.69485,47.14197],[-122.70213,47.14047],[-122.71036,47.14723],[-122.69389,47.13325],[-122.69765,47.1263],[-122.7124,47.12882],[-122.72974,47.14876],[-122.74046,47.15042],[-122.73937,47.15779],[-122.72273,47.15851],[-122.7272,47.17223],[-122.70641,47.18864],[-122.67881,47.18081],[-122.67381,47.17079]]],[[[-122.84902,47.16653],[-122.84095,47.16437],[-122.84329,47.14742],[-122.87813,47.15343],[-122.85467,47.15679],[-122.8609,47.16311],[-122.84902,47.16653]]],[[[-122.81029,47.16489],[-122.79872,47.15819],[-122.80114,47.15126],[-122.79389,47.15368],[-122.78575,47.12879],[-122.82752,47.14337],[-122.82073,47.17712],[-122.81029,47.16489]]],[[[-122.6992,47.23195],[-122.68054,47.23271],[-122.66592,47.21456],[-122.64996,47.21619],[-122.6428,47.20114],[-122.67519,47.19236],[-122.72292,47.20308],[-122.72842,47.20805],[-122.6992,47.23195]]],[[[-122.92001,47.17495],[-122.92068,47.16226],[-122.94986,47.16668],[-122.94009,47.1769],[-122.9444,47.18509],[-122.92001,47.17495]]],[[[-122.90845,47.20502],[-122.89175,47.1681],[-122.90971,47.18478],[-122.91562,47.18238],[-122.91995,47.1915],[-122.91287,47.19851],[-122.92279,47.19604],[-122.92725,47.22629],[-122.90845,47.20502]]],[[[-122.83165,47.25919],[-122.84168,47.25948],[-122.83281,47.27296],[-122.82402,47.26989],[-122.83165,47.25919]]],[[[-122.86394,47.28438],[-122.8704,47.2783],[-122.86483,47.27196],[-122.8699,47.24613],[-122.8548,47.23444],[-122.83972,47.20483],[-122.8528,47.17887],[-122.87821,47.16236],[-122.88906,47.20398],[-122.92506,47.2392],[-122.91002,47.28404],[-122.88737,47.28581],[-122.89117,47.28023],[-122.88113,47.27949],[-122.88406,47.28633],[-122.84856,47.30257],[-122.86394,47.28438]]],[[[-122.42586,47.42312],[-122.43777,47.41836],[-122.43539,47.40598],[-122.39237,47.39921],[-122.37661,47.3861],[-122.43294,47.36831],[-122.45359,47.34319],[-122.46429,47.3435],[-122.47598,47.35437],[-122.46522,47.37429],[-122.45313,47.37263],[-122.43213,47.38625],[-122.44005,47.40499],[-122.46198,47.40008],[-122.4617,47.39089],[-122.44566,47.39112],[-122.48218,47.38233],[-122.49001,47.3321],[-122.52303,47.34036],[-122.52741,47.3527],[-122.51421,47.37956],[-122.52751,47.39868],[-122.5126,47.41407],[-122.51244,47.45224],[-122.47859,47.48446],[-122.47474,47.51211],[-122.45299,47.50184],[-122.45785,47.48568],[-122.43314,47.46533],[-122.4415,47.45371],[-122.43967,47.43719],[-122.42586,47.42312]]],[[[-122.48411,47.5336],[-122.49611,47.53158],[-122.50456,47.5448],[-122.479,47.54195],[-122.48411,47.5336]]],[[[-122.4776,47.5843],[-122.51618,47.57362],[-122.52976,47.58555],[-122.51541,47.59523],[-122.4776,47.5843]]],[[[-122.49696,47.60334],[-122.4954,47.596],[-122.51366,47.5964],[-122.49696,47.60334]]],[[[-68.22419,47.34498],[-68.15761,47.32483],[-68.14124,47.29946],[-67.95453,47.19617],[-67.92981,47.15785],[-67.89234,47.12678],[-67.88272,47.10511],[-67.79086,47.06669],[-67.78147,46.39253],[-68.06664,46.40678],[-68.39002,46.33112],[-68.47413,46.23174],[-68.48256,46.04912],[-68.51386,45.75985],[-68.59517,45.53742],[-68.79014,45.36188],[-69.31637,45.08967],[-69.46538,44.98583],[-69.53254,44.95144],[-69.82196,44.68461],[-70.03737,44.45583],[-70.25271,44.15388],[-70.42461,43.9563],[-70.58925,43.70414],[-70.70941,43.56259],[-70.7568,43.55177],[-70.94059,43.55409],[-71.37549,43.40857],[-71.47712,43.38845],[-71.5985,43.31903],[-71.74529,43.18089],[-71.82866,43.08433],[-71.83013,43.02574],[-71.81095,43.01498],[-71.78992,42.98843],[-71.68798,42.95369],[-71.58276,42.98202],[-71.49231,43.04267],[-71.45452,43.03518],[-71.41451,42.99775],[-71.39768,42.82742],[-71.4429,42.74315],[-71.45617,42.61817],[-71.47486,42.52982],[-71.51049,42.47685],[-71.51669,42.4472],[-71.4772,42.41704],[-71.32975,42.40945],[-71.2933,42.4246],[-71.25193,42.47625],[-71.15467,42.69317],[-71.04476,42.80304],[-70.90412,42.87361],[-70.81583,42.87792],[-70.81216,42.82251],[-70.86595,42.81687],[-70.89214,42.82336],[-70.83678,42.79672],[-70.8193,42.79663],[-70.81787,42.81436],[-70.81037,42.81477],[-70.80509,42.78064],[-70.77047,42.70447],[-70.78404,42.70189],[-70.81231,42.74568],[-70.82461,42.69983],[-70.79653,42.70105],[-70.79034,42.69692],[-70.79604,42.68832],[-70.77669,42.69003],[-70.73507,42.67389],[-70.72896,42.66294],[-70.76372,42.67678],[-70.77187,42.67318],[-70.76226,42.63859],[-70.75034,42.64625],[-70.73736,42.63617],[-70.73539,42.6448],[-70.72291,42.64654],[-70.71964,42.66016],[-70.68424,42.64858],[-70.70372,42.63229],[-70.69238,42.63167],[-70.69068,42.62282],[-70.70465,42.62511],[-70.70879,42.61854],[-70.70715,42.61154],[-70.69551,42.62207],[-70.67392,42.60966],[-70.68465,42.58834],[-70.70955,42.57289],[-70.72948,42.57186],[-70.73323,42.57899],[-70.77353,42.55931],[-70.77765,42.56544],[-70.77102,42.57295],[-70.82248,42.55185],[-70.86848,42.54845],[-70.87905,42.54103],[-70.88855,42.545],[-70.8887,42.5561],[-70.88981,42.54686],[-70.89954,42.54703],[-70.92496,42.56086],[-70.91709,42.54973],[-70.93614,42.54701],[-70.89465,42.53655],[-70.89884,42.52481],[-70.89086,42.53415],[-70.88421,42.52659],[-70.86792,42.53325],[-70.89241,42.51905],[-70.88583,42.51776],[-70.88781,42.4978],[-70.87631,42.49966],[-70.86121,42.51822],[-70.8444,42.51594],[-70.85474,42.49179],[-70.83103,42.50318],[-70.83582,42.49052],[-70.87213,42.48313],[-70.8947,42.46052],[-70.91867,42.46807],[-70.93397,42.45938],[-70.93913,42.44204],[-70.93372,42.43184],[-70.90931,42.42632],[-70.90591,42.4167],[-70.92072,42.4242],[-70.93644,42.4167],[-70.94225,42.45888],[-70.96779,42.44532],[-70.98277,42.45255],[-70.9753,42.45768],[-70.98757,42.46044],[-70.97461,42.44679],[-70.98264,42.44217],[-70.97245,42.4432],[-70.98297,42.43194],[-70.99385,42.43752],[-71.00482,42.43006],[-70.99255,42.42413],[-70.99997,42.43097],[-70.98297,42.42837],[-70.97066,42.44208],[-70.96081,42.4413],[-70.98056,42.4267],[-70.99101,42.40617],[-70.96976,42.38741],[-70.96953,42.35852],[-70.95732,42.35455],[-70.95464,42.34462],[-70.9744,42.35923],[-70.97105,42.37142],[-70.99664,42.37341],[-70.98671,42.39274],[-70.99427,42.39331],[-70.98649,42.38755],[-70.99555,42.38178],[-71.00881,42.38478],[-71.01952,42.37729],[-71.01249,42.37198],[-71.00742,42.37755],[-71.0037,42.36555],[-70.98807,42.35793],[-71.00584,42.35557],[-71.00551,42.34845],[-71.04549,42.37132],[-71.04185,42.3821],[-71.01939,42.38657],[-71.00771,42.40168],[-71.01351,42.40304],[-71.0238,42.38602],[-71.04376,42.38522],[-71.0533,42.38855],[-71.04953,42.39417],[-71.07048,42.38968],[-71.07339,42.41998],[-71.07678,42.3973],[-71.10284,42.41454],[-71.07002,42.38559],[-71.04719,42.38276],[-71.05836,42.38118],[-71.04793,42.37963],[-71.06113,42.36986],[-71.04966,42.36773],[-71.04794,42.36016],[-71.06101,42.34317],[-71.03776,42.3513],[-71.02536,42.34357],[-71.04183,42.33932],[-71.0155,42.33895],[-71.02315,42.33577],[-71.01815,42.33142],[-71.04705,42.32771],[-71.04482,42.3168],[-71.03553,42.31403],[-71.05291,42.30641],[-71.03906,42.28576],[-71.06338,42.26723],[-71.0494,42.2667],[-71.05189,42.27762],[-71.03754,42.27677],[-71.03127,42.30039],[-71.02241,42.29405],[-70.99528,42.30435],[-71.02235,42.28809],[-70.99705,42.26576],[-70.97444,42.26327],[-70.95029,42.27222],[-70.95333,42.26082],[-70.96995,42.26097],[-70.95753,42.25569],[-70.9653,42.24926],[-70.97207,42.25693],[-70.9935,42.25605],[-70.97066,42.24715],[-70.97504,42.23761],[-70.96239,42.22686],[-70.97248,42.22237],[-70.95651,42.23485],[-70.95078,42.23113],[-70.95905,42.24355],[-70.93829,42.25334],[-70.93935,42.23961],[-70.92265,42.22056],[-70.91877,42.23868],[-70.92506,42.24454],[-70.90757,42.26082],[-70.89505,42.26045],[-70.89775,42.25032],[-70.88521,42.24562],[-70.87619,42.25574],[-70.86217,42.25839],[-70.86086,42.25183],[-70.85994,42.25813],[-70.84565,42.26],[-70.86175,42.2596],[-70.85609,42.26803],[-70.86798,42.26981],[-70.8662,42.27688],[-70.88293,42.27633],[-70.87745,42.28033],[-70.88609,42.30459],[-70.91792,42.30445],[-70.88192,42.30931],[-70.8755,42.29152],[-70.85277,42.26892],[-70.79668,42.25572],[-70.79291,42.23595],[-70.77962,42.2219],[-70.78823,42.23214],[-70.77947,42.24109],[-70.7737,42.23752],[-70.7654,42.25123],[-70.74737,42.22081],[-70.72036,42.20804],[-70.72704,42.20014],[-70.7235,42.18963],[-70.7227,42.19773],[-70.71423,42.19839],[-70.71515,42.1671],[-70.73963,42.17583],[-70.72548,42.16799],[-70.74241,42.16074],[-70.71779,42.16033],[-70.71485,42.15197],[-70.72009,42.15173],[-70.68431,42.12712],[-70.67887,42.11314],[-70.6958,42.10137],[-70.68305,42.10492],[-70.67734,42.11755],[-70.70494,42.16162],[-70.63953,42.08219],[-70.74703,42.10199],[-70.97194,42.06055],[-71.10005,41.93876],[-71.19202,41.79314],[-71.21615,41.70767],[-71.22704,41.71829],[-71.23142,41.70008],[-71.24003,41.69737],[-71.25658,41.71284],[-71.23765,41.67785],[-71.25865,41.64793],[-71.26909,41.65067],[-71.28009,41.6693],[-71.28746,41.67022],[-71.29797,41.65208],[-71.30656,41.65482],[-71.30712,41.67298],[-71.29479,41.68522],[-71.29537,41.70156],[-71.28238,41.72379],[-71.28536,41.75466],[-71.29709,41.74106],[-71.31918,41.76379],[-71.32168,41.75063],[-71.29469,41.72153],[-71.30457,41.70611],[-71.31744,41.72202],[-71.33773,41.72477],[-71.37148,41.76703],[-71.37267,41.7911],[-71.38804,41.80836],[-71.37012,41.84013],[-71.37502,41.8583],[-71.39295,41.8179],[-71.40466,41.81791],[-71.38375,41.79292],[-71.38627,41.75932],[-71.37399,41.74479],[-71.38017,41.72709],[-71.34882,41.71616],[-71.36605,41.71164],[-71.36486,41.69257],[-71.37597,41.66716],[-71.40421,41.6917],[-71.40606,41.68534],[-71.44725,41.6899],[-71.44604,41.66857],[-71.42575,41.67083],[-71.40917,41.6631],[-71.40492,41.62497],[-71.41597,41.62225],[-71.40308,41.61316],[-71.41599,41.60545],[-71.40189,41.59319],[-71.44795,41.57824],[-71.42281,41.54963],[-71.42166,41.4711],[-71.43147,41.46929],[-71.42842,41.45431],[-71.43792,41.44151],[-71.45073,41.45043],[-71.44957,41.50737],[-71.44371,41.515],[-71.45049,41.51464],[-71.45218,41.45391],[-71.47342,41.43919],[-71.45066,41.44935],[-71.44101,41.44197],[-71.45528,41.43391],[-71.45602,41.40757],[-71.47992,41.38081],[-71.48353,41.36108],[-71.51327,41.37514],[-71.50793,41.38397],[-71.49826,41.37983],[-71.4896,41.39305],[-71.49522,41.39773],[-71.49006,41.40882],[-71.50032,41.41135],[-71.49448,41.41984],[-71.49079,41.41077],[-71.49193,41.42886],[-71.49874,41.42856],[-71.49736,41.4179],[-71.51238,41.42249],[-71.50785,41.41868],[-71.52331,41.386],[-71.54151,41.39848],[-71.53097,41.38483],[-71.5406,41.38686],[-71.54195,41.37486],[-71.52776,41.38602],[-71.52315,41.37673],[-71.6385,41.35574],[-71.63857,41.3614],[-71.60178,41.37107],[-71.60888,41.36894],[-71.60566,41.37586],[-71.61286,41.37828],[-71.62795,41.36457],[-71.63759,41.37229],[-71.64471,41.3689],[-71.64402,41.38072],[-71.65181,41.38114],[-71.65431,41.36014],[-71.67516,41.35796],[-71.67231,41.36553],[-71.67841,41.36671],[-71.67683,41.35899],[-71.68617,41.36216],[-71.69817,41.34868],[-71.69411,41.34329],[-71.64621,41.35604],[-71.64839,41.3628],[-71.64238,41.35752],[-71.64205,41.36428],[-71.63887,41.35563],[-71.71655,41.33087],[-71.72272,41.33926],[-71.71208,41.33721],[-71.70852,41.35],[-71.71425,41.35157],[-71.75197,41.33134],[-71.71837,41.33154],[-71.75177,41.32537],[-71.76718,41.33596],[-71.69419,41.39671],[-71.60317,41.56438],[-71.52363,41.73989],[-71.50661,41.90615],[-71.51632,42.01066],[-71.50913,42.04985],[-71.55088,42.11863],[-71.59394,42.14371],[-71.94105,42.27836],[-72.06685,42.30301],[-72.17021,42.22445],[-72.20784,42.18243],[-72.21752,42.13497],[-72.22439,41.86774],[-72.42463,41.72665],[-72.51312,41.7274],[-72.62086,41.71543],[-72.65876,41.69245],[-72.71837,41.68947],[-73.14937,41.76582],[-73.19471,41.78621],[-73.3475,41.79295],[-73.67915,41.7595],[-73.69484,41.79178],[-73.67756,41.84302],[-73.57852,41.91736],[-73.45837,41.98777],[-73.33087,42.10034],[-73.26858,42.26944],[-73.2481,42.27571],[-73.05482,42.40325],[-73.02149,42.44727],[-72.98045,42.48048],[-72.92756,42.66842],[-72.89197,42.74373],[-72.85266,42.76055],[-72.76315,42.77334],[-72.57543,42.7733],[-72.38756,42.80716],[-72.26012,42.86911],[-72.22654,42.99823],[-72.34243,43.30549],[-72.36216,43.5014],[-72.30954,43.64518],[-72.16782,43.92596],[-72.11301,44.053],[-72.12597,44.12147],[-72.20643,44.15326],[-72.37214,44.16259],[-72.49216,44.21261],[-72.57177,44.34402],[-72.59808,44.52498],[-72.60961,44.73346],[-72.59825,44.91672],[-72.50411,45.00697],[-72.086,45.00361],[-71.52608,45.01536],[-71.50263,44.88894],[-71.74794,44.5116],[-71.72867,44.41972],[-71.68714,44.28497],[-71.63604,44.17589],[-71.60515,44.12406],[-71.53612,44.06057],[-71.48719,44.03177],[-71.47187,44.00062],[-71.46607,43.9554],[-71.52393,43.88412],[-71.55248,43.76856],[-71.51296,43.71125],[-71.34082,43.66079],[-71.05719,43.68149],[-70.90679,43.77264],[-70.73785,43.91504],[-70.63889,43.9761],[-70.58403,44.02205],[-70.48,44.16712],[-70.28644,44.39153],[-70.19563,44.62869],[-70.15887,44.85383],[-70.14775,45.07327],[-70.0017,45.44846],[-69.93092,45.60061],[-69.81226,45.80976],[-69.77532,46.0692],[-69.77025,46.38551],[-69.82768,46.45846],[-70.02727,46.55069],[-69.99811,46.69342],[-69.22514,47.46189],[-69.15348,47.4528],[-69.11396,47.4395],[-69.10925,47.42893],[-69.07846,47.42665],[-69.06174,47.43493],[-69.05035,47.42345],[-69.04501,47.42896],[-69.03495,47.40874],[-69.05566,47.3761],[-69.05154,47.26029],[-69.04486,47.2488],[-68.9608,47.20608],[-68.92147,47.19642],[-68.89749,47.17665],[-68.81139,47.21469],[-68.71923,47.24072],[-68.66187,47.23692],[-68.61243,47.24598],[-68.59769,47.2565],[-68.59219,47.2813],[-68.58215,47.28632],[-68.54945,47.28254],[-68.5193,47.29623],[-68.47522,47.29698],[-68.44395,47.28308],[-68.38047,47.28741],[-68.38133,47.33796],[-68.36313,47.35396],[-68.28552,47.36002],[-68.22943,47.35375],[-68.22419,47.34498]]],[[[-71.56619,41.37666],[-71.57204,41.37159],[-71.56358,41.37281],[-71.56619,41.37666]]],[[[-122.48943,47.62047],[-122.49166,47.61998],[-122.49094,47.62274],[-122.48943,47.62047]]],[[[-111.99981,48.99999],[-110.43786,49.00103],[-110.17839,48.776],[-110.10843,48.66422],[-110.02545,48.60105],[-109.95055,48.57655],[-109.8379,48.595],[-109.67324,48.58659],[-109.60134,48.51506],[-109.60013,48.49993],[-109.53671,48.38777],[-109.41648,48.2405],[-109.25856,48.13071],[-109.19338,48.0281],[-109.10901,47.94269],[-109.08622,47.87041],[-109.11434,47.82768],[-109.20623,47.76378],[-109.41288,47.67205],[-109.79217,47.53551],[-110.01418,47.46561],[-110.0717,47.41228],[-109.95947,47.3492],[-109.75195,47.30478],[-108.96098,47.23056],[-108.58227,47.25229],[-108.47157,47.28943],[-108.44905,47.38424],[-108.52707,47.48292],[-108.53067,47.62782],[-108.51147,47.77163],[-108.47153,47.92654],[-108.48445,48.09874],[-108.49871,48.17753],[-108.44269,48.27717],[-108.33707,48.33313],[-108.14863,48.38002],[-107.80126,48.44711],[-106.44713,48.68046],[-106.09503,48.81421],[-105.93282,48.98206],[-105.92336,49.00115],[-96.87796,49.00003],[-96.97673,48.91714],[-97.15481,48.57323],[-97.40173,48.41091],[-97.65679,48.20787],[-98.36775,47.77863],[-98.73022,47.63966],[-98.86929,47.60194],[-98.96897,47.50164],[-98.94864,47.36196],[-98.8654,47.22219],[-98.72738,47.07778],[-98.55051,46.92297],[-98.51779,46.86921],[-98.42085,46.74583],[-98.38375,46.71919],[-98.23136,46.65587],[-98.1277,46.54325],[-97.97031,46.45269],[-97.91365,46.43957],[-97.78438,46.34354],[-97.72167,46.2688],[-97.32045,46.19566],[-97.16646,46.18538],[-97.01249,46.1642],[-96.90472,46.08918],[-96.81217,46.0698],[-96.79602,46.05146],[-96.67701,46.01809],[-96.49129,46.0206],[-96.02931,45.99362],[-95.95344,45.96829],[-95.55896,45.73994],[-95.19646,45.61299],[-94.98259,45.57248],[-94.66347,45.53556],[-94.49971,45.49001],[-94.19368,45.2665],[-94.03993,45.08776],[-93.86623,44.98015],[-93.44208,44.7875],[-93.30758,44.67616],[-93.22053,44.55771],[-93.19277,44.42427],[-93.18212,44.41188],[-93.05282,44.36411],[-92.9801,44.2725],[-92.93832,44.18356],[-92.7414,44.05222],[-92.61594,44.06609],[-92.30669,44.13778],[-91.94066,44.17751],[-91.86765,44.20318],[-91.84927,44.23692],[-91.86072,44.29622],[-91.99364,44.39061],[-92.13069,44.4591],[-91.82017,44.55974],[-91.43257,44.5779],[-91.20201,44.53504],[-91.08791,44.36363],[-91.05628,44.18745],[-91.00542,44.10201],[-90.88523,44.1466],[-90.78093,44.14188],[-90.42726,44.06697],[-90.07272,44.00771],[-90.04635,43.80659],[-90.17215,43.70483],[-90.29202,43.66092],[-90.27697,43.57699],[-90.17278,43.58007],[-90.04065,43.63155],[-89.68199,43.74571],[-89.33126,43.77617],[-89.12311,43.77248],[-88.91691,43.75193],[-88.60184,43.6743],[-88.40223,43.60335],[-88.27077,43.54486],[-88.08632,43.54104],[-87.89215,43.61131],[-87.70492,43.69206],[-87.71431,43.6653],[-87.79079,43.56706],[-87.79402,43.48835],[-87.81844,43.44451],[-87.87434,43.37421],[-87.88914,43.3075],[-87.91105,43.25772],[-87.89674,43.19704],[-87.88162,43.17183],[-87.90157,43.12431],[-87.87401,43.09531],[-87.86389,43.07244],[-87.89599,43.04055],[-87.90655,43.01793],[-87.84826,42.96536],[-87.84151,42.90797],[-87.8506,42.89399],[-87.84364,42.87072],[-87.81351,42.8244],[-87.75894,42.78231],[-87.77944,42.7582],[-88.08111,42.83695],[-88.13824,42.86165],[-88.32089,42.8654],[-88.54258,42.82978],[-88.7368,42.73388],[-88.72675,42.62515],[-88.57425,42.56564],[-88.30401,42.53983],[-88.24032,42.50235],[-88.24842,42.43708],[-88.33972,42.35137],[-88.34058,42.25196],[-88.25694,42.1967],[-88.22536,42.08686],[-88.27309,41.97402],[-88.49783,41.78997],[-88.59706,41.53415],[-88.63644,41.49287],[-88.70114,41.47386],[-88.78295,41.48675],[-88.81994,41.52762],[-88.83276,41.59782],[-88.91989,41.74975],[-88.97705,41.89207],[-89.43406,41.92688],[-89.58061,41.92751],[-89.75344,41.87547],[-89.82986,41.86124],[-89.95317,41.9423],[-89.90162,42.12158],[-89.89724,42.2786],[-89.95651,42.36454],[-90.13655,42.37398],[-90.38985,42.56892],[-90.52308,42.72446],[-90.53518,42.84096],[-90.5292,42.85159],[-90.46549,42.88755],[-90.29454,43.04386],[-90.22217,43.17788],[-90.11343,43.43486],[-90.14778,43.46701],[-90.36157,43.53048],[-90.45052,43.59126],[-90.60745,43.67433],[-90.55237,43.72551],[-90.37229,43.72865],[-90.09974,43.84041],[-90.08985,43.91773],[-90.53128,43.939],[-90.92487,43.99514],[-91.40869,43.9019],[-91.83862,43.84276],[-92.16846,43.86435],[-92.38184,43.89335],[-92.61259,43.87749],[-92.70183,43.89191],[-92.98407,44.00398],[-93.08796,44.00696],[-93.19407,43.96851],[-93.28262,43.82183],[-93.26653,43.68891],[-93.17708,43.57168],[-93.18838,43.51421],[-93.22529,43.43814],[-93.32161,43.32217],[-93.45555,43.10047],[-93.53216,43.03724],[-93.5513,42.97848],[-93.53026,42.90686],[-93.56843,42.78935],[-93.66219,42.69691],[-93.79623,42.60537],[-93.92842,42.54919],[-94.07471,42.54055],[-94.17372,42.49526],[-94.26518,42.432],[-94.29075,42.39699],[-94.15659,42.18006],[-94.29315,41.98075],[-94.3431,41.89273],[-94.3634,41.67956],[-94.33396,41.53546],[-94.33415,41.46166],[-94.43822,41.22057],[-94.58505,41.10624],[-95.18464,41.13669],[-95.36958,41.1815],[-95.54123,41.18336],[-95.59938,41.13076],[-95.54396,41.0345],[-95.50295,40.93837],[-95.54804,40.81124],[-95.71602,40.76844],[-95.73503,40.71743],[-95.71044,40.69229],[-95.60683,40.65884],[-95.39911,40.63066],[-95.20068,40.58277],[-95.0888,40.54879],[-95.08448,40.52117],[-94.80612,40.51709],[-94.6443,40.44881],[-94.63516,40.39128],[-94.56484,40.20153],[-94.4686,40.15058],[-94.4268,40.10062],[-94.44149,39.98617],[-94.57315,39.93945],[-94.74532,39.9834],[-95.26001,40.25313],[-95.27699,40.31294],[-95.34454,40.3377],[-95.36182,40.3379],[-95.50112,40.28099],[-95.51398,40.24738],[-95.48215,40.14617],[-95.48145,40.05942],[-95.58027,39.99703],[-95.79682,40.00398],[-95.85316,40.03505],[-95.84273,40.13699],[-95.79623,40.23184],[-95.77635,40.35412],[-95.84779,40.42272],[-95.95606,40.45754],[-96.05574,40.4582],[-96.25534,40.43207],[-96.36096,40.38563],[-96.4658,40.39205],[-96.57877,40.44902],[-96.70146,40.4563],[-96.81475,40.44929],[-96.8909,40.41191],[-96.95032,40.62231],[-96.92556,40.67337],[-96.60134,40.70579],[-96.49406,40.73785],[-96.19804,40.75835],[-95.97003,40.79782],[-95.97678,40.87875],[-95.9394,40.99891],[-95.97615,41.10551],[-96.09009,41.14168],[-96.20453,41.13521],[-96.35745,41.07207],[-96.56707,41.03725],[-96.66836,41.00811],[-96.73463,41.00489],[-96.82596,40.97772],[-96.91718,40.90964],[-97.00626,40.80589],[-97.07176,40.76657],[-97.24461,40.75253],[-97.39931,40.75194],[-97.67254,40.77086],[-97.94708,40.86403],[-98.06662,40.92419],[-98.13984,40.93707],[-98.28737,40.87021],[-98.31903,40.7786],[-98.14172,40.54239],[-98.00882,40.4194],[-97.94812,40.34695],[-97.93852,40.31291],[-97.94299,40.24495],[-97.97793,40.17681],[-97.97028,40.12517],[-98.00099,40.069],[-98.2596,39.99403],[-98.30746,39.92213],[-98.28464,39.8471],[-97.8269,39.63686],[-97.58949,39.63106],[-97.46591,39.61483],[-97.34424,39.56993],[-97.26614,39.51079],[-97.20548,39.44321],[-97.23066,39.38122],[-97.29226,39.39485],[-97.48623,39.33229],[-97.56769,39.32865],[-97.78093,39.42307],[-98.01272,39.49827],[-98.37738,39.52293],[-98.5039,39.54346],[-98.55099,39.53083],[-98.62956,39.49195],[-98.66776,39.43094],[-98.6449,39.31038],[-98.59371,39.24311],[-98.2648,39.13398],[-97.43107,38.73281],[-97.13766,38.48278],[-97.0948,38.46406],[-97.02906,38.3934],[-96.95843,38.28471],[-96.92308,38.12838],[-96.85285,37.99923],[-96.86125,37.88141],[-96.90431,37.86662],[-96.91749,37.83237],[-96.93852,37.71704],[-96.93843,37.65114],[-96.90931,37.55495],[-96.90921,37.44977],[-96.9939,37.33681],[-97.0275,37.2106],[-96.96803,37.0845],[-96.87508,37.07792],[-96.79054,37.14432],[-96.64638,37.29027],[-96.52753,37.34315],[-96.47768,37.35415],[-96.15819,37.33101],[-96.01016,37.3367],[-95.85793,37.31965],[-95.5868,37.31051],[-95.29811,37.33374],[-95.05995,37.36369],[-94.81519,37.47101],[-94.6474,37.71691],[-94.52671,37.84456],[-94.35938,37.85426],[-94.25362,37.77414],[-94.14189,37.63533],[-94.08919,37.48476],[-94.05778,37.42166],[-93.92353,37.26473],[-93.54521,37.03177],[-93.4826,36.93025],[-93.44083,36.76013],[-93.41476,36.60991],[-93.35883,36.57581],[-93.17874,36.56395],[-93.07743,36.61931],[-93.07352,36.69719],[-93.25392,36.7092],[-93.27733,36.7359],[-93.25081,36.7741],[-93.01106,36.79271],[-92.93468,36.83575],[-92.85753,36.89172],[-92.80777,36.89657],[-92.67783,36.85965],[-92.47324,36.8329],[-92.39729,36.86263],[-92.39305,36.93398],[-92.39859,36.97969],[-92.44651,37.00745],[-92.63581,37.02069],[-92.80875,37.04744],[-92.81552,37.05932],[-92.79869,37.10078],[-92.58566,37.14395],[-92.46232,37.24832],[-92.356,37.29318],[-92.3201,37.32131],[-92.24545,37.45501],[-92.1244,37.52837],[-92.00819,37.52381],[-91.86926,37.4857],[-91.79027,37.42393],[-91.72888,37.34983],[-91.70759,37.33737],[-91.62761,37.25448],[-91.60554,37.21451],[-91.62434,37.18281],[-91.85306,37.10793],[-91.89776,37.05775],[-91.89553,36.96662],[-91.60394,36.7657],[-91.44526,36.68062],[-91.32458,36.64261],[-91.19915,36.66932],[-91.18606,36.73376],[-91.33455,36.95532],[-91.322,37.01329],[-91.16605,37.06888],[-90.90765,37.06483],[-90.61698,37.10046],[-90.46766,37.10105],[-90.44411,37.07986],[-90.29896,37.07208],[-90.18314,37.08218],[-90.14521,37.08983],[-90.13055,37.12241],[-89.99857,37.19045],[-89.86399,37.15885],[-89.77222,37.12103],[-89.71757,37.01881],[-89.58357,36.86265],[-89.41562,36.62159],[-89.38845,36.45436],[-89.41185,36.30648],[-89.51029,36.24184],[-89.59671,36.20907],[-89.63252,36.16984],[-89.69065,36.00363],[-89.69564,35.94077],[-89.65568,35.87024],[-89.48784,35.83278],[-89.37603,35.81797],[-89.28402,35.78921],[-89.05889,35.66833],[-88.77484,35.47364],[-88.83689,35.41058],[-89.05218,35.42942],[-89.56939,35.55823],[-89.80262,35.57316],[-90.09809,35.73955],[-90.24036,35.71138],[-90.48263,35.64004],[-90.82182,35.51453],[-90.91017,35.42723],[-90.94864,35.31289],[-90.97946,35.15676],[-90.92179,35.01607],[-90.80976,34.93389],[-90.69661,34.91535],[-90.4028,34.90872],[-90.35929,34.84121],[-90.26238,34.72987],[-90.07595,34.64947],[-89.96768,34.57992],[-89.83863,34.51525],[-89.67553,34.45473],[-89.57831,34.37419],[-89.49435,34.32882],[-89.4255,34.27889],[-89.29808,34.16806],[-89.19604,34.04435],[-89.17677,34.00919],[-89.08731,33.91362],[-88.72063,33.70487],[-88.60343,33.66173],[-88.52997,33.64793],[-88.36096,33.56384],[-88.27207,33.48767],[-88.24285,33.39984],[-88.23875,33.31923],[-88.24813,33.30668],[-88.45865,33.19637],[-88.62249,33.16486],[-88.75036,33.12835],[-88.83702,33.11956],[-88.93028,33.1325],[-89.25709,33.09521],[-89.60945,33.08696],[-89.74775,33.07323],[-89.87002,33.04422],[-89.97731,32.98579],[-90.10753,32.96183],[-90.27211,32.89539],[-90.42415,32.86136],[-90.601,32.75349],[-90.65733,32.65638],[-90.65634,32.52327],[-90.68598,32.42878],[-90.68765,32.34425],[-90.6197,31.94896],[-90.60597,31.71788],[-90.56228,31.62971],[-90.56976,31.53367],[-90.59646,31.44626],[-90.59382,31.30453],[-90.53494,31.25295],[-90.38719,31.29274],[-90.19865,31.36745],[-90.0196,31.47461],[-89.82983,31.554],[-89.58244,31.57679],[-89.50244,31.61341],[-89.44436,31.69538],[-89.37605,31.74983],[-89.30914,31.78825],[-89.14399,31.79311],[-89.0112,31.80919],[-88.9888,31.82524],[-88.8444,31.87091],[-88.75149,31.91563],[-88.60852,31.94814],[-88.50215,31.99393],[-88.36288,31.98886],[-88.29844,31.95368],[-88.08962,31.90469],[-87.55968,31.70332],[-87.32442,31.69188],[-87.09124,31.66341],[-86.78583,31.6583],[-86.59474,31.69064],[-86.44292,31.68736],[-86.28835,31.65671],[-86.18821,31.59877],[-86.19111,31.5291],[-86.29472,31.36675],[-86.30559,31.2836],[-86.23131,31.20072],[-86.10098,31.17052],[-86.06748,31.18933],[-86.02536,31.23376],[-85.99793,31.28402],[-85.95459,31.45181],[-85.8967,31.53434],[-85.82571,31.5979],[-85.47217,31.78294],[-85.33181,31.81708],[-85.1772,31.84075],[-84.98648,31.88318],[-84.83394,31.97977],[-84.7215,31.96857],[-84.68552,31.89737],[-84.64743,31.85246],[-84.56764,31.84911],[-84.52064,31.88107],[-84.50098,31.96273],[-84.52259,32.16374],[-84.50543,32.22698],[-84.32204,32.26993],[-84.16345,32.26834],[-84.02859,32.24471],[-83.95653,32.21491],[-83.90277,32.23029],[-83.89415,32.2832],[-83.90441,32.33828],[-83.88515,32.41691],[-83.86475,32.46306],[-83.83609,32.50299],[-83.7936,32.51782],[-83.79111,32.53291],[-83.76128,32.5604],[-83.76079,32.5915],[-83.78046,32.61325],[-83.84834,32.62498],[-83.97999,32.61669],[-84.06037,32.6375],[-84.09399,32.74637],[-84.10514,32.82156],[-84.07697,32.90368],[-84.1075,33.00995],[-84.1974,33.12219],[-84.22271,33.19471],[-84.30718,33.20095],[-84.40442,33.12541],[-84.57069,32.84281],[-84.73741,32.77093],[-84.95013,32.79613],[-85.0185,32.86005],[-84.99072,32.93614],[-84.98066,33.01871],[-85.00701,33.07731],[-85.01642,33.23004],[-85.06919,33.43536],[-85.12008,33.47607],[-85.18689,33.55635],[-85.26501,33.75125],[-85.25292,33.82404],[-85.25391,33.94574],[-85.33085,34.12112],[-85.3094,34.44449],[-85.38979,34.66098],[-85.52499,34.85764],[-85.68601,35.02316],[-85.76759,35.13418],[-85.76575,35.14812],[-85.81388,35.23647],[-85.82832,35.3173],[-85.78359,35.35984],[-85.75208,35.41521],[-85.77326,35.43093],[-85.929,35.40796],[-85.96026,35.44559],[-85.92678,35.49432],[-85.84887,35.53663],[-85.68906,35.57396],[-85.65716,35.56751],[-85.65147,35.54809],[-85.66278,35.51485],[-85.66745,35.45796],[-85.60281,35.41477],[-85.42501,35.33412],[-85.36657,35.32156],[-85.31919,35.32894],[-85.31202,35.37631],[-85.34845,35.41764],[-85.43963,35.46428],[-85.43698,35.51036],[-85.37936,35.56656],[-85.30921,35.60606],[-85.2052,35.62845],[-85.13204,35.70018],[-85.10575,35.7731],[-85.12773,35.82506],[-85.14704,35.84184],[-85.1248,35.8603],[-85.05716,35.89287],[-84.9218,35.90074],[-84.852,35.86154],[-84.75682,35.86971],[-84.76758,35.94227],[-84.74807,36.00817],[-84.69211,36.07748],[-84.66725,36.09472],[-84.53775,36.07213],[-84.47682,36.01435],[-84.39373,35.90173],[-84.36605,35.81643],[-84.25216,35.73695],[-84.08797,35.67829],[-84.09494,35.63692],[-84.16535,35.56495],[-84.25204,35.49938],[-84.26538,35.45401],[-84.2486,35.41477],[-84.18612,35.37061],[-84.01448,35.3192],[-83.95169,35.31231],[-83.88758,35.34739],[-83.87347,35.43013],[-83.87156,35.50952],[-83.84752,35.58178],[-83.81336,35.61079],[-83.77246,35.62611],[-83.73405,35.62991],[-83.6114,35.62685],[-83.44062,35.71307],[-83.3457,35.7483],[-83.15432,35.78574],[-83.05212,35.83699],[-82.961,35.846],[-82.8349,35.79383],[-82.77054,35.75514],[-82.56607,35.52808],[-82.4368,35.49555],[-82.2888,35.561],[-82.0402,35.632],[-81.9109,35.64645],[-81.82805,35.66827],[-81.79812,35.68334],[-81.80397,35.74974],[-81.82357,35.75854],[-81.97832,35.78266],[-82.07421,35.82079],[-82.21182,35.89992],[-82.30984,35.9402],[-82.36068,36.01218],[-82.37417,36.06504],[-82.26526,36.17933],[-82.23296,36.19409],[-82.20586,36.20646],[-82.08089,36.19906],[-82.04416,36.21576],[-82.01891,36.25262],[-82.00614,36.31713],[-82.03516,36.38962],[-82.04714,36.47527],[-82.012,36.55506],[-81.91963,36.65447],[-81.79922,36.72352],[-81.64362,36.76536],[-81.53367,36.80594],[-81.4162,36.87471],[-81.33045,36.95853],[-81.26203,36.98365],[-81.11605,37.00184],[-81.00841,37.03027],[-80.95007,37.08115],[-80.94313,37.2081],[-81.05244,37.27283],[-81.10817,37.28014],[-81.14128,37.29809],[-81.28019,37.31616],[-81.38162,37.31859],[-81.4863,37.30539],[-81.74801,37.21023],[-81.80621,37.19729],[-82.01986,37.11077],[-82.11948,37.00822],[-82.28479,36.94529],[-82.54157,36.99922],[-82.62889,36.93546],[-82.83696,36.87184],[-83.02245,36.8289],[-83.05807,36.83936],[-83.07811,36.86567],[-83.11484,36.89172],[-83.18609,36.92605],[-83.27295,36.93591],[-83.41374,36.93868],[-83.45924,36.96855],[-83.51439,37.02625],[-83.54679,37.09309],[-83.52991,37.18718],[-83.48959,37.27214],[-83.44991,37.32226],[-83.43743,37.3275],[-83.23115,37.34575],[-83.06218,37.37019],[-82.79403,37.38727],[-82.722,37.41379],[-82.58224,37.48294],[-82.5165,37.49486],[-82.45768,37.47267],[-82.33683,37.51573],[-82.34721,37.52516],[-82.20484,37.57679],[-81.98206,37.63218],[-81.78892,37.67023],[-81.59368,37.63198],[-81.29958,37.47734],[-81.15514,37.45172],[-81.08079,37.46959],[-80.98481,37.54663],[-80.94735,37.63823],[-80.87245,37.73868],[-80.786,37.80999],[-80.6715,37.9672],[-80.61169,38.07649],[-80.60363,38.11267],[-80.53551,38.16479],[-80.49799,38.17159],[-80.30384,38.26332],[-80.30796,38.35719],[-80.4729,38.44687],[-80.70858,38.43932],[-80.84556,38.45146],[-81.16334,38.33952],[-81.29399,38.31735],[-81.41686,38.264],[-81.64057,38.21637],[-81.80229,38.2089],[-81.89223,38.24751],[-81.91502,38.35355],[-81.70832,38.57596],[-81.47378,38.71204],[-81.20484,38.83652],[-80.95282,38.83862],[-80.73296,38.81684],[-80.64055,38.77747],[-80.61397,38.78147],[-80.39824,38.71391],[-80.38762,38.62223],[-79.93702,38.51237],[-79.8498,38.52206],[-79.72833,38.6495],[-79.42488,39.10365],[-79.26742,39.30895],[-78.78181,39.57176],[-78.54958,39.74437],[-78.41808,39.85876],[-78.35163,39.85892],[-78.2703,39.84677],[-78.1931,39.85917],[-78.0249,40.01558],[-77.82752,40.14296],[-77.68955,40.18695],[-77.61053,40.1992],[-77.5566,40.18543],[-77.47205,40.11253],[-77.41834,40.08513],[-77.31479,40.06889],[-77.22219,40.06517],[-77.14684,40.06411],[-77.12506,40.07536],[-77.07538,40.12719],[-77.05223,40.20979],[-76.97733,40.35055],[-76.93883,40.40622],[-76.92955,40.46458],[-76.8942,40.49974],[-76.84073,40.53471],[-76.73262,40.58099],[-76.54946,40.68372],[-76.50493,40.74473],[-76.48977,40.78365],[-76.21738,40.8322],[-75.99944,40.81608],[-75.86746,40.78071],[-75.72654,40.72422],[-75.62472,40.72307],[-75.52059,40.64529],[-75.51517,40.61666],[-75.46215,40.5965],[-75.42813,40.55298],[-75.4127,40.49713],[-75.39365,40.46282],[-75.37011,40.44325],[-75.3356,40.43063],[-75.29407,40.44315],[-75.26226,40.51764],[-75.24052,40.61154],[-75.25077,40.66126],[-75.23801,40.73201],[-75.11858,40.85901],[-75.10922,40.88904],[-75.1012,40.92985],[-75.10629,40.95888],[-75.14033,40.98589],[-75.13096,41.01592],[-75.04631,41.07511],[-75.04645,41.13496],[-75.05946,41.16888],[-75.00391,41.24018],[-74.93448,41.29497],[-74.75112,41.37911],[-74.6614,41.37742],[-74.54774,41.34675],[-74.50698,41.32794],[-74.42536,41.32852],[-74.35384,41.34395],[-74.27387,41.41424],[-74.21012,41.43454],[-74.18411,41.41222],[-74.19041,41.36397],[-74.25639,41.23479],[-74.24801,41.18905],[-74.16384,41.14052],[-74.04729,41.09115],[-73.9647,41.09725],[-73.81756,41.1617],[-73.74179,41.14775],[-73.63326,41.03523],[-73.54454,41.02751],[-73.58019,41.00128],[-73.58393,41.00715],[-73.57004,41.01498],[-73.57137,41.02177],[-73.58832,41.01483],[-73.59766,41.0279],[-73.63014,41.00266],[-73.64602,41.0057],[-73.67265,40.9477],[-73.70843,40.95275],[-73.71839,40.94381],[-73.71253,40.93511],[-73.71823,40.92566],[-73.7291,40.92899],[-73.74223,40.91465],[-73.7568,40.91576],[-73.75593,40.90168],[-73.78064,40.88568],[-73.78537,40.86623],[-73.80724,40.86653],[-73.80277,40.85014],[-73.80927,40.83253],[-73.79533,40.80603],[-73.8337,40.82695],[-73.85037,40.81492],[-73.86542,40.82101],[-73.86927,40.81199],[-73.88558,40.81583],[-73.91493,40.80667],[-73.96409,40.75147],[-73.97571,40.71895],[-74.00885,40.70029],[-74.0346,40.70378],[-74.05229,40.68615],[-74.08632,40.67085],[-74.06822,40.65854],[-74.09667,40.66317],[-74.09554,40.64865],[-74.13068,40.64831],[-74.09891,40.69584],[-74.10005,40.70763],[-74.12069,40.70316],[-74.16338,40.65021],[-74.20161,40.63488],[-74.21824,40.56372],[-74.25097,40.54701],[-74.25227,40.52343],[-74.26689,40.49035],[-74.28257,40.50035],[-74.31278,40.50403],[-74.35397,40.47369],[-74.32557,40.47185],[-74.31161,40.49223],[-74.30132,40.49494],[-74.27296,40.48219],[-74.26576,40.46586],[-74.21025,40.44488],[-74.21211,40.43581],[-74.19215,40.44211],[-74.17999,40.45705],[-74.15588,40.44746],[-74.1341,40.45285],[-74.0582,40.41905],[-73.99548,40.40702],[-73.98289,40.39382],[-73.98122,40.37476],[-74.00649,40.38575],[-74.06462,40.35513],[-74.05923,40.34876],[-74.00778,40.3726],[-73.98309,40.36707],[-73.98499,40.35302],[-74.00321,40.33722],[-74.0207,40.33638],[-74.016,40.31776],[-74.0057,40.32498],[-73.99548,40.32086],[-73.99117,40.33218],[-73.9791,40.33349],[-73.96925,40.36066],[-73.98619,40.43873],[-74.00428,40.44243],[-74.01261,40.46241],[-74.00471,40.46828],[-73.99327,40.46234],[-73.97238,40.42824],[-73.96365,40.38422],[-73.96526,40.3298],[-73.97693,40.30083],[-73.979,40.26592],[-74.00908,40.18443],[-74.05963,40.18597],[-74.04044,40.17321],[-74.01576,40.17629],[-74.02135,40.14384],[-74.02978,40.13583],[-74.26625,40.10406],[-74.38624,40.09636],[-74.51749,40.01184],[-74.75124,39.7088],[-74.75931,39.68753],[-74.83507,39.63779],[-74.93576,39.58192],[-75.02166,39.55852],[-75.13481,39.56207],[-75.30162,39.47439],[-75.41962,39.43532],[-75.47889,39.435],[-75.51369,39.45588],[-75.53333,39.45482],[-75.55862,39.44206],[-75.53785,39.42052],[-75.66781,39.38941],[-75.88353,39.4055],[-75.99038,39.38181],[-76.0366,39.38622],[-76.03744,39.40346],[-76.01217,39.41631],[-75.99264,39.41018],[-75.99249,39.41698],[-76.00433,39.4212],[-75.99866,39.43609],[-75.98662,39.44184],[-75.9706,39.46703],[-75.9488,39.45498],[-75.95805,39.46869],[-75.94712,39.47762],[-75.92584,39.46965],[-75.90596,39.47937],[-75.85417,39.45014],[-75.8315,39.4512],[-75.84866,39.45687],[-75.85435,39.46873],[-75.8645,39.46796],[-75.87076,39.48073],[-75.88687,39.48003],[-75.9015,39.49246],[-75.92838,39.48963],[-75.92274,39.5027],[-75.89339,39.50868],[-75.88423,39.51808],[-75.86278,39.51735],[-75.87751,39.52525],[-75.86839,39.53329],[-75.87843,39.5375],[-75.85129,39.5503],[-75.84664,39.57109],[-75.83058,39.56861],[-75.84137,39.59278],[-75.85284,39.58704],[-75.86328,39.57403],[-75.86048,39.56583],[-75.8756,39.55742],[-75.90211,39.51876],[-75.94263,39.52018],[-75.93143,39.51415],[-75.93455,39.50784],[-75.99755,39.46056],[-76.01188,39.45937],[-75.97942,39.52971],[-75.96557,39.53543],[-75.97334,39.56273],[-75.9644,39.56216],[-75.9514,39.58422],[-75.95533,39.5956],[-75.96919,39.58988],[-75.97434,39.57226],[-76.00014,39.56577],[-76.00303,39.54132],[-76.02731,39.55022],[-76.03467,39.56981],[-76.05568,39.5637],[-76.04461,39.55043],[-76.09318,39.53783],[-76.11717,39.50002],[-76.1319,39.50925],[-76.131,39.49382],[-76.11808,39.48326],[-76.11021,39.48997],[-76.09686,39.47123],[-76.1024,39.4314],[-76.16002,39.40755],[-76.17657,39.38189],[-76.18347,39.39465],[-76.22219,39.39415],[-76.22905,39.41008],[-76.22892,39.38379],[-76.18545,39.38425],[-76.19831,39.36443],[-76.22477,39.34884],[-76.25408,39.37497],[-76.24322,39.38302],[-76.24355,39.39844],[-76.22154,39.43132],[-76.23441,39.44459],[-76.22204,39.47031],[-76.28568,39.44238],[-76.27925,39.43506],[-76.25465,39.44524],[-76.25075,39.42979],[-76.25453,39.41759],[-76.26592,39.41272],[-76.26371,39.40318],[-76.27747,39.39923],[-76.27223,39.39238],[-76.28334,39.36846],[-76.26921,39.35971],[-76.26005,39.33877],[-76.28623,39.30321],[-76.29802,39.30877],[-76.29128,39.32094],[-76.30158,39.34552],[-76.29844,39.35546],[-76.32157,39.35976],[-76.30366,39.36367],[-76.31036,39.39048],[-76.36019,39.39991],[-76.37473,39.38564],[-76.4074,39.38956],[-76.40929,39.38323],[-76.38493,39.38029],[-76.37674,39.3707],[-76.36709,39.37922],[-76.34031,39.37898],[-76.34241,39.35905],[-76.32971,39.33536],[-76.35505,39.3501],[-76.36225,39.34609],[-76.35938,39.33926],[-76.37424,39.34031],[-76.36902,39.33164],[-76.34699,39.3328],[-76.34532,39.32553],[-76.31815,39.3144],[-76.33793,39.30461],[-76.35368,39.3238],[-76.38695,39.32591],[-76.38825,39.31912],[-76.36811,39.31396],[-76.36827,39.30399],[-76.37844,39.3],[-76.38066,39.30954],[-76.40027,39.31062],[-76.39895,39.31922],[-76.41152,39.31389],[-76.42387,39.32306],[-76.43823,39.31729],[-76.42774,39.30224],[-76.40283,39.2984],[-76.41258,39.28307],[-76.38096,39.2905],[-76.39068,39.27654],[-76.399,39.27706],[-76.40422,39.24628],[-76.43439,39.2547],[-76.43886,39.27424],[-76.43274,39.28597],[-76.46062,39.29074],[-76.45867,39.30205],[-76.49372,39.30461],[-76.48502,39.28867],[-76.45722,39.27892],[-76.4551,39.26123],[-76.43935,39.2407],[-76.41038,39.23138],[-76.39717,39.24078],[-76.39978,39.22494],[-76.42436,39.21019],[-76.435,39.21346],[-76.44113,39.19991],[-76.44876,39.20632],[-76.44558,39.2208],[-76.495,39.21169],[-76.49668,39.21896],[-76.47022,39.24186],[-76.4718,39.25638],[-76.49594,39.23029],[-76.51377,39.22907],[-76.51179,39.24356],[-76.53557,39.24238],[-76.5419,39.2583],[-76.57035,39.26305],[-76.5743,39.27985],[-76.6069,39.28734],[-76.60997,39.2792],[-76.58931,39.26772],[-76.61677,39.25749],[-76.62371,39.27386],[-76.62634,39.25166],[-76.61458,39.24252],[-76.5866,39.2473],[-76.56481,39.23173],[-76.58344,39.21509],[-76.5772,39.19193],[-76.60701,39.18127],[-76.58684,39.18067],[-76.59718,39.1608],[-76.56471,39.1941],[-76.56857,39.2168],[-76.53294,39.21698],[-76.53618,39.19661],[-76.51622,39.17968],[-76.51873,39.16973],[-76.54867,39.14956],[-76.51953,39.15432],[-76.5092,39.17192],[-76.50161,39.16279],[-76.51486,39.1493],[-76.51019,39.14337],[-76.46945,39.17069],[-76.47077,39.16118],[-76.43908,39.13689],[-76.46932,39.1385],[-76.45347,39.12659],[-76.47775,39.12951],[-76.48142,39.12229],[-76.44702,39.12155],[-76.44539,39.11111],[-76.43439,39.13322],[-76.42726,39.13407],[-76.43176,39.11099],[-76.41615,39.08411],[-76.42597,39.06108],[-76.43823,39.07343],[-76.44087,39.09566],[-76.46462,39.09359],[-76.46478,39.08181],[-76.49565,39.07889],[-76.51338,39.08311],[-76.51259,39.09761],[-76.52734,39.10316],[-76.527,39.08367],[-76.5164,39.07905],[-76.51651,39.0709],[-76.49231,39.06345],[-76.49124,39.05483],[-76.47985,39.06425],[-76.45504,39.05861],[-76.46175,39.04552],[-76.42732,39.04931],[-76.3888,39.0118],[-76.4204,38.99712],[-76.41178,39.0188],[-76.42678,39.00624],[-76.43136,39.0167],[-76.44142,39.0177],[-76.43444,39.00857],[-76.43813,38.99954],[-76.45867,39.01241],[-76.46465,39.00837],[-76.44826,38.99509],[-76.44961,38.98332],[-76.47794,38.98945],[-76.5141,39.02963],[-76.53527,39.04203],[-76.54326,39.06476],[-76.55511,39.06485],[-76.55853,39.0753],[-76.60942,39.08247],[-76.5758,39.06863],[-76.57591,39.06002],[-76.56229,39.05946],[-76.56007,39.04811],[-76.57192,39.0473],[-76.5745,39.03145],[-76.56259,39.03635],[-76.53013,39.02703],[-76.52499,39.01294],[-76.5067,39.00781],[-76.4865,38.97003],[-76.46992,38.97034],[-76.46433,38.94764],[-76.45358,38.95435],[-76.44359,38.94928],[-76.45737,38.93761],[-76.457,38.92174],[-76.46408,38.92316],[-76.45421,38.91039],[-76.46136,38.90682],[-76.48107,38.93463],[-76.50069,38.92799],[-76.51578,38.94896],[-76.52647,38.94587],[-76.52212,38.9617],[-76.53346,38.95454],[-76.53745,38.9659],[-76.54646,38.95645],[-76.56772,38.95933],[-76.57292,38.96934],[-76.5948,38.97086],[-76.59784,38.96409],[-76.57721,38.95759],[-76.57682,38.94172],[-76.5483,38.95148],[-76.54907,38.93789],[-76.53837,38.94144],[-76.54446,38.92788],[-76.5284,38.93456],[-76.50268,38.91214],[-76.49082,38.91386],[-76.48881,38.88846],[-76.51032,38.87232],[-76.50946,38.89135],[-76.52001,38.89823],[-76.52483,38.89192],[-76.53119,38.9024],[-76.54684,38.88167],[-76.54217,38.87665],[-76.52195,38.88601],[-76.51862,38.87012],[-76.52226,38.86289],[-76.53586,38.86255],[-76.54814,38.82774],[-76.51971,38.83296],[-76.52121,38.85291],[-76.50245,38.84234],[-76.49577,38.85543],[-76.48886,38.84223],[-76.49573,38.81554],[-76.50839,38.79661],[-76.52727,38.79766],[-76.53401,38.77868],[-76.55769,38.77388],[-76.55815,38.78431],[-76.56305,38.76984],[-76.54761,38.7321],[-76.52288,38.72919],[-76.51943,38.72236],[-76.52498,38.6594],[-76.50781,38.62256],[-76.51245,38.5392],[-76.49031,38.48145],[-76.37947,38.38667],[-76.38277,38.36268],[-76.41206,38.32668],[-76.42037,38.31996],[-76.43849,38.3251],[-76.43128,38.33637],[-76.44174,38.34326],[-76.45652,38.33568],[-76.45088,38.32022],[-76.45797,38.3162],[-76.47117,38.33716],[-76.46488,38.36703],[-76.47783,38.36441],[-76.4864,38.38126],[-76.47592,38.41697],[-76.48407,38.42203],[-76.48388,38.43608],[-76.49089,38.39625],[-76.50099,38.38772],[-76.51361,38.41003],[-76.53117,38.41515],[-76.5507,38.40353],[-76.54696,38.41981],[-76.59965,38.43471],[-76.58705,38.45547],[-76.59211,38.47363],[-76.6042,38.44698],[-76.61405,38.45884],[-76.6381,38.46173],[-76.64307,38.48986],[-76.66399,38.51131],[-76.65087,38.52618],[-76.66247,38.54167],[-76.64984,38.56515],[-76.66921,38.56981],[-76.66805,38.61966],[-76.68436,38.63654],[-76.68109,38.66552],[-76.68986,38.67193],[-76.685,38.68459],[-76.69258,38.69189],[-76.70349,38.66522],[-76.69177,38.65879],[-76.69329,38.62844],[-76.67758,38.61066],[-76.68382,38.57898],[-76.6789,38.54586],[-76.70651,38.54648],[-76.68141,38.53137],[-76.68473,38.4983],[-76.67484,38.48872],[-76.68491,38.48153],[-76.6621,38.47095],[-76.67037,38.46784],[-76.66116,38.45101],[-76.62847,38.43129],[-76.62863,38.41815],[-76.58141,38.39016],[-76.51415,38.37015],[-76.49853,38.3528],[-76.51966,38.35342],[-76.52389,38.34394],[-76.50804,38.34427],[-76.50884,38.32886],[-76.49406,38.33645],[-76.49484,38.32195],[-76.47777,38.32634],[-76.47733,38.31636],[-76.46225,38.30355],[-76.46881,38.29635],[-76.429,38.29193],[-76.41236,38.30629],[-76.3966,38.30162],[-76.39875,38.31433],[-76.36907,38.2991],[-76.38817,38.27707],[-76.38972,38.25215],[-76.37158,38.2121],[-76.31871,38.14859],[-76.31722,38.13271],[-76.32615,38.12283],[-76.33837,38.12703],[-76.35092,38.14709],[-76.35308,38.12127],[-76.34927,38.10356],[-76.33098,38.11336],[-76.33154,38.07801],[-76.31663,38.05973],[-76.31581,38.03842],[-76.32782,38.0544],[-76.3506,38.05552],[-76.35502,38.07188],[-76.37235,38.08609],[-76.37161,38.0956],[-76.38738,38.09756],[-76.40296,38.11085],[-76.38938,38.11934],[-76.39324,38.13478],[-76.40104,38.12216],[-76.40907,38.13266],[-76.41651,38.10462],[-76.43574,38.15012],[-76.41993,38.15043],[-76.40329,38.16751],[-76.4361,38.16599],[-76.4389,38.17462],[-76.42993,38.18769],[-76.44835,38.2096],[-76.47103,38.22158],[-76.47,38.21115],[-76.45256,38.20193],[-76.45101,38.18697],[-76.43926,38.19004],[-76.45828,38.17025],[-76.44849,38.15884],[-76.46199,38.15623],[-76.47358,38.16449],[-76.46157,38.1449],[-76.46292,38.13131],[-76.50122,38.15611],[-76.4993,38.16788],[-76.52148,38.17259],[-76.49274,38.13383],[-76.52547,38.13681],[-76.54125,38.18272],[-76.57025,38.20515],[-76.62444,38.22821],[-76.68,38.23676],[-76.67638,38.2467],[-76.64408,38.25328],[-76.62689,38.26857],[-76.62441,38.27988],[-76.64361,38.29271],[-76.64781,38.28412],[-76.64202,38.27819],[-76.66095,38.26337],[-76.67209,38.26344],[-76.67551,38.27208],[-76.68497,38.26443],[-76.68895,38.27534],[-76.69793,38.25863],[-76.69515,38.24547],[-76.71461,38.23335],[-76.71157,38.24331],[-76.7174,38.24652],[-76.70261,38.26002],[-76.70009,38.27541],[-76.70225,38.29265],[-76.71506,38.30089],[-76.72016,38.31769],[-76.72451,38.29415],[-76.71637,38.28821],[-76.72414,38.27466],[-76.71779,38.2651],[-76.72254,38.25969],[-76.73943,38.26977],[-76.72678,38.24612],[-76.75668,38.24495],[-76.74274,38.23262],[-76.7516,38.22543],[-76.77146,38.23144],[-76.77424,38.24641],[-76.79817,38.25698],[-76.80593,38.30325],[-76.8229,38.30788],[-76.81986,38.31873],[-76.83142,38.33829],[-76.79897,38.3576],[-76.83361,38.35552],[-76.83403,38.37366],[-76.85446,38.38781],[-76.8873,38.39251],[-76.90203,38.3867],[-76.88922,38.37304],[-76.86171,38.36428],[-76.8631,38.33982],[-76.87605,38.33535],[-76.85092,38.32298],[-76.84888,38.28944],[-76.83597,38.29073],[-76.82729,38.27753],[-76.88182,38.27691],[-76.90046,38.2906],[-76.92448,38.29435],[-76.91849,38.31018],[-76.89981,38.29831],[-76.89509,38.30281],[-76.90961,38.32056],[-76.92429,38.31791],[-76.93886,38.33021],[-76.93759,38.34335],[-76.95117,38.33163],[-76.97808,38.34307],[-76.98187,38.38706],[-77.01027,38.44201],[-77.02548,38.4534],[-77.01813,38.49779],[-77.05369,38.45169],[-77.04077,38.44983],[-77.04023,38.44349],[-77.07913,38.42233],[-77.08684,38.40876],[-77.10859,38.40611],[-77.1014,38.43192],[-77.10723,38.44054],[-77.09481,38.45546],[-77.13891,38.45152],[-77.14121,38.46059],[-77.14715,38.44837],[-77.11605,38.44057],[-77.12789,38.42112],[-77.12978,38.39666],[-77.14275,38.38672],[-77.21096,38.36152],[-77.25253,38.38835],[-77.2636,38.41556],[-77.25532,38.43232],[-77.27516,38.47813],[-77.25264,38.53066],[-77.21609,38.55098],[-77.23966,38.5397],[-77.23548,38.55782],[-77.199,38.55774],[-77.12526,38.59198],[-77.12521,38.60286],[-77.13876,38.60108],[-77.19543,38.56724],[-77.20424,38.57134],[-77.18769,38.5858],[-77.18171,38.608],[-77.13517,38.6115],[-77.11744,38.62459],[-77.10179,38.68663],[-77.05396,38.69915],[-77.04565,38.70774],[-77.03567,38.69954],[-77.00149,38.69714],[-77.03384,38.70996],[-77.0202,38.72078],[-77.02782,38.72897],[-77.02181,38.74572],[-77.00289,38.75063],[-77.02931,38.77249],[-77.01853,38.79647],[-77.02733,38.80375],[-77.02018,38.81324],[-77.02351,38.84634],[-77.00918,38.86849],[-76.97364,38.88104],[-77.02575,38.86675],[-77.03803,38.8881],[-77.06217,38.90314],[-77.07639,38.90134],[-77.04309,38.87547],[-77.03198,38.85439],[-77.04262,38.83692],[-77.03771,38.80735],[-77.04434,38.71545],[-77.10441,38.70076],[-77.12297,38.71018],[-77.12445,38.68301],[-77.14244,38.67384],[-77.16703,38.69742],[-77.16569,38.68425],[-77.17821,38.67995],[-77.13497,38.64967],[-77.1325,38.63466],[-77.16062,38.63972],[-77.16817,38.62491],[-77.20143,38.61646],[-77.21553,38.63667],[-77.19824,38.64315],[-77.19607,38.65581],[-77.236,38.66063],[-77.22715,38.64188],[-77.24745,38.63318],[-77.24814,38.61098],[-77.25942,38.60801],[-77.24813,38.59194],[-77.25602,38.58437],[-77.27368,38.58469],[-77.26269,38.57815],[-77.25675,38.56081],[-77.2768,38.54033],[-77.30862,38.55857],[-77.28439,38.52278],[-77.3089,38.49012],[-77.31859,38.46083],[-77.31341,38.39818],[-77.34655,38.42959],[-77.37324,38.44138],[-77.35771,38.42978],[-77.34953,38.40833],[-77.31544,38.38914],[-77.28648,38.35644],[-77.29716,38.35255],[-77.3028,38.36036],[-77.30773,38.35229],[-77.33577,38.35686],[-77.36531,38.35012],[-77.23849,38.33245],[-77.16764,38.34608],[-77.1352,38.36904],[-77.08937,38.36996],[-77.05669,38.39924],[-77.04192,38.40167],[-77.01338,38.37707],[-77.01551,38.33177],[-77.02407,38.32151],[-77.06454,38.32187],[-77.06916,38.30655],[-77.05594,38.31581],[-77.0303,38.31076],[-76.9985,38.27974],[-76.96732,38.2655],[-76.95844,38.25081],[-76.96151,38.23002],[-76.9732,38.24794],[-76.96568,38.21106],[-76.97719,38.21719],[-76.99922,38.20676],[-76.94758,38.20933],[-76.9157,38.19959],[-76.91939,38.17791],[-76.90363,38.19299],[-76.87791,38.17476],[-76.83729,38.16436],[-76.76919,38.16922],[-76.77317,38.15661],[-76.76443,38.15551],[-76.7506,38.13388],[-76.73072,38.13344],[-76.72024,38.11597],[-76.75286,38.10446],[-76.7349,38.09953],[-76.73397,38.07774],[-76.70451,38.068],[-76.69918,38.06969],[-76.72599,38.08754],[-76.72801,38.0962],[-76.70566,38.11473],[-76.71632,38.14264],[-76.68689,38.13108],[-76.70911,38.14746],[-76.70212,38.16181],[-76.66637,38.14738],[-76.63832,38.1159],[-76.64279,38.15137],[-76.61305,38.14841],[-76.60301,38.12097],[-76.61862,38.1109],[-76.60919,38.1125],[-76.53745,38.07768],[-76.51937,38.04731],[-76.53715,38.0414],[-76.55139,38.06532],[-76.55546,38.05136],[-76.56435,38.0484],[-76.54892,38.03941],[-76.55922,38.02652],[-76.54321,38.02159],[-76.57315,38.00327],[-76.54713,38.01126],[-76.53444,37.99236],[-76.53436,38.00913],[-76.52426,38.01297],[-76.53362,38.02725],[-76.51315,38.02766],[-76.46425,38.00832],[-76.46583,37.99839],[-76.47674,38.00319],[-76.50701,37.99169],[-76.5001,37.98925],[-76.50694,37.97899],[-76.47373,37.99087],[-76.46669,37.97755],[-76.49015,37.96089],[-76.48571,37.94083],[-76.47669,37.94741],[-76.47489,37.96278],[-76.45397,37.97451],[-76.46391,37.98836],[-76.44168,37.98917],[-76.44536,37.97067],[-76.43303,37.97217],[-76.43277,37.97852],[-76.3887,37.95699],[-76.40141,37.94643],[-76.38641,37.94197],[-76.38651,37.92565],[-76.37506,37.93443],[-76.3787,37.95855],[-76.35445,37.95204],[-76.35612,37.94029],[-76.34699,37.94912],[-76.2577,37.90779],[-76.25697,37.89779],[-76.27707,37.90512],[-76.26822,37.89401],[-76.29472,37.90196],[-76.29601,37.91243],[-76.32387,37.91633],[-76.29389,37.89423],[-76.29492,37.88383],[-76.27833,37.88974],[-76.28364,37.87491],[-76.27078,37.87548],[-76.26611,37.88896],[-76.25301,37.89497],[-76.24894,37.88125],[-76.24306,37.89561],[-76.23637,37.88863],[-76.25356,37.82922],[-76.26325,37.83446],[-76.26502,37.82045],[-76.27691,37.81533],[-76.28327,37.8164],[-76.27049,37.82876],[-76.27032,37.84599],[-76.28205,37.85809],[-76.29082,37.85741],[-76.28366,37.8477],[-76.29049,37.82475],[-76.29566,37.83986],[-76.31687,37.84857],[-76.31298,37.85754],[-76.33756,37.85546],[-76.34367,37.86287],[-76.35322,37.85768],[-76.38603,37.88165],[-76.44264,37.88127],[-76.44174,37.87489],[-76.38214,37.86341],[-76.38181,37.85751],[-76.39823,37.85521],[-76.39562,37.84788],[-76.36801,37.85262],[-76.34825,37.8376],[-76.33551,37.84906],[-76.32817,37.84342],[-76.33258,37.83583],[-76.32176,37.82965],[-76.3297,37.82125],[-76.30994,37.81982],[-76.31243,37.80265],[-76.35113,37.81092],[-76.35846,37.80294],[-76.31655,37.78825],[-76.31095,37.79627],[-76.28956,37.79253],[-76.28467,37.78424],[-76.30567,37.78389],[-76.30575,37.76847],[-76.31649,37.776],[-76.32253,37.77117],[-76.30095,37.74476],[-76.30353,37.73893],[-76.32732,37.75452],[-76.33344,37.77463],[-76.34152,37.77665],[-76.33903,37.75301],[-76.34818,37.74327],[-76.3227,37.73988],[-76.33585,37.73206],[-76.31764,37.72206],[-76.31108,37.72597],[-76.29875,37.70116],[-76.3031,37.69493],[-76.30866,37.70097],[-76.31213,37.6879],[-76.32251,37.7036],[-76.32405,37.69502],[-76.34145,37.69638],[-76.34579,37.71735],[-76.35953,37.69548],[-76.32916,37.68427],[-76.32261,37.67412],[-76.3624,37.68286],[-76.35588,37.67181],[-76.3364,37.6645],[-76.36218,37.66018],[-76.33286,37.65216],[-76.33212,37.64217],[-76.34918,37.63762],[-76.3238,37.63288],[-76.30895,37.6402],[-76.31372,37.624],[-76.33199,37.61813],[-76.33274,37.62767],[-76.35547,37.62645],[-76.35137,37.61364],[-76.36025,37.60979],[-76.38442,37.62946],[-76.4065,37.63002],[-76.43602,37.64709],[-76.40896,37.65458],[-76.41213,37.66236],[-76.42771,37.66503],[-76.42777,37.67773],[-76.44929,37.6497],[-76.45965,37.65222],[-76.45814,37.6608],[-76.47021,37.66428],[-76.46995,37.67062],[-76.45123,37.68739],[-76.45925,37.69031],[-76.46218,37.70399],[-76.44096,37.71071],[-76.41735,37.73234],[-76.43349,37.73637],[-76.44043,37.7234],[-76.45857,37.72113],[-76.46965,37.70644],[-76.47496,37.71881],[-76.4978,37.72981],[-76.49472,37.74833],[-76.51544,37.75428],[-76.51532,37.72843],[-76.4885,37.71507],[-76.47921,37.70033],[-76.48977,37.69833],[-76.47761,37.6826],[-76.50299,37.65919],[-76.49175,37.64939],[-76.5106,37.64351],[-76.53813,37.66777],[-76.54447,37.71281],[-76.55543,37.71535],[-76.57484,37.73985],[-76.58533,37.76912],[-76.57194,37.78376],[-76.60612,37.7737],[-76.6203,37.78355],[-76.60441,37.78771],[-76.62826,37.78873],[-76.63325,37.7952],[-76.6226,37.81444],[-76.64049,37.81894],[-76.65239,37.79745],[-76.67706,37.82297],[-76.66293,37.84169],[-76.68424,37.83311],[-76.67967,37.83074],[-76.68928,37.82325],[-76.73069,37.83825],[-76.74808,37.8722],[-76.71878,37.89149],[-76.71998,37.90602],[-76.7311,37.8895],[-76.74799,37.89034],[-76.75254,37.87775],[-76.76529,37.87984],[-76.78093,37.91465],[-76.8244,37.93919],[-76.84075,37.93909],[-76.85417,37.9557],[-76.84847,37.98415],[-76.86734,37.97911],[-76.89697,38.00015],[-76.90856,38.05254],[-76.92175,38.07685],[-76.98187,38.0976],[-76.98889,38.11497],[-77.01059,38.11314],[-77.01793,38.10377],[-77.04283,38.11153],[-77.05404,38.16162],[-77.06561,38.16593],[-77.07707,38.15573],[-77.09409,38.17239],[-77.11391,38.15691],[-77.12093,38.17518],[-77.16905,38.17247],[-77.20313,38.18717],[-77.1725,38.15576],[-77.14927,38.16801],[-77.13891,38.16238],[-77.12627,38.13675],[-77.11583,38.13382],[-77.09936,38.15435],[-77.09061,38.15328],[-77.08657,38.13371],[-77.07186,38.13614],[-77.06028,38.14996],[-77.05998,38.10598],[-77.03478,38.0896],[-77.00357,38.09623],[-76.99965,38.10794],[-76.99205,38.09055],[-76.93598,38.07125],[-76.91926,38.031],[-76.92449,38.01524],[-76.91609,38.00464],[-76.93008,37.98906],[-76.91359,37.97602],[-76.88211,37.97445],[-76.88979,37.95556],[-76.8472,37.922],[-76.82284,37.91785],[-76.82386,37.90563],[-76.79614,37.89776],[-76.7851,37.86487],[-76.73562,37.79982],[-76.71977,37.78767],[-76.68156,37.78136],[-76.67956,37.75728],[-76.62582,37.7465],[-76.6254,37.72745],[-76.60349,37.72194],[-76.59875,37.70913],[-76.60557,37.69841],[-76.59271,37.69992],[-76.57746,37.67325],[-76.61769,37.686],[-76.62215,37.67613],[-76.57742,37.65964],[-76.59963,37.657],[-76.57104,37.64452],[-76.53331,37.61368],[-76.43672,37.61628],[-76.42825,37.61016],[-76.43449,37.59989],[-76.42647,37.59697],[-76.42857,37.58841],[-76.3856,37.57371],[-76.34377,37.57353],[-76.32733,37.56403],[-76.2943,37.56226],[-76.30846,37.54358],[-76.332,37.55009],[-76.32532,37.54312],[-76.33122,37.5274],[-76.33928,37.54258],[-76.36509,37.53644],[-76.37235,37.54343],[-76.39588,37.53632],[-76.40378,37.54197],[-76.4204,37.51926],[-76.43044,37.52904],[-76.44526,37.5217],[-76.47511,37.54422],[-76.50013,37.54302],[-76.51344,37.55877],[-76.52464,37.55082],[-76.50601,37.54135],[-76.50686,37.53457],[-76.48473,37.53629],[-76.46115,37.51665],[-76.42891,37.50995],[-76.39949,37.51918],[-76.3973,37.53001],[-76.36217,37.52321],[-76.35646,37.50719],[-76.3243,37.4991],[-76.32703,37.48964],[-76.34629,37.48697],[-76.31051,37.48241],[-76.29978,37.48893],[-76.2811,37.47842],[-76.31627,37.46986],[-76.31617,37.46432],[-76.39924,37.43086],[-76.41195,37.44331],[-76.40798,37.42734],[-76.41533,37.42437],[-76.43247,37.42387],[-76.43428,37.45022],[-76.44546,37.45853],[-76.44652,37.43465],[-76.46339,37.41921],[-76.44586,37.42239],[-76.43924,37.41472],[-76.48145,37.40288],[-76.48954,37.41759],[-76.49534,37.40322],[-76.48171,37.39756],[-76.52608,37.37961],[-76.62033,37.36297],[-76.65553,37.39756],[-76.66181,37.41539],[-76.67181,37.41154],[-76.68547,37.41821],[-76.72069,37.45303],[-76.74196,37.48935],[-76.77988,37.51559],[-76.78764,37.54162],[-76.79856,37.52871],[-76.80994,37.55118],[-76.8214,37.55552],[-76.84732,37.5452],[-76.8577,37.53091],[-76.86968,37.53662],[-76.85099,37.55616],[-76.86034,37.5872],[-76.88727,37.58143],[-76.88347,37.55732],[-76.89335,37.55708],[-76.89976,37.57309],[-76.90955,37.57556],[-76.94425,37.56314],[-76.9553,37.54569],[-76.96504,37.54952],[-76.95479,37.56065],[-76.9626,37.58711],[-76.99051,37.58633],[-76.99092,37.57409],[-77.00315,37.57344],[-77.01332,37.58181],[-77.00479,37.59342],[-77.01983,37.59554],[-77.02462,37.57388],[-76.98799,37.55771],[-76.976,37.56879],[-76.97963,37.58157],[-76.96746,37.58086],[-76.96388,37.56673],[-76.9783,37.55252],[-76.97627,37.54386],[-76.95001,37.53062],[-76.91981,37.56444],[-76.90525,37.54917],[-76.8815,37.5473],[-76.87306,37.55619],[-76.8705,37.57926],[-76.86184,37.57771],[-76.86174,37.56411],[-76.88246,37.53644],[-76.87758,37.52681],[-76.85217,37.52309],[-76.83038,37.548],[-76.81637,37.54996],[-76.80396,37.52384],[-76.80656,37.50032],[-76.76705,37.48538],[-76.74427,37.44269],[-76.69477,37.4021],[-76.67282,37.36985],[-76.66077,37.36684],[-76.6584,37.35623],[-76.85405,37.28743],[-76.87068,37.27322],[-76.86983,37.28675],[-76.85278,37.29454],[-76.87035,37.3049],[-76.86434,37.31112],[-76.87595,37.32648],[-76.88515,37.31203],[-76.87745,37.30052],[-76.88384,37.28343],[-76.87962,37.26238],[-76.91733,37.23516],[-76.96013,37.25195],[-76.9835,37.27919],[-76.99018,37.30427],[-77.00239,37.31038],[-76.93551,37.34249],[-76.85671,37.35362],[-76.76787,37.37883],[-76.74266,37.4147],[-76.7556,37.46098],[-76.8113,37.48234],[-76.89365,37.50009],[-77.13293,37.48758],[-77.33798,37.54513],[-77.43342,37.5526],[-77.51818,37.54226],[-77.58439,37.50487],[-77.62509,37.44737],[-77.72392,37.34313],[-77.80763,37.27645],[-77.97349,37.22673],[-78.08623,37.20448],[-78.16656,37.16908],[-78.16649,37.1091],[-78.08622,37.08452],[-77.87199,37.06665],[-77.708,37.07147],[-77.62795,37.06032],[-77.42983,37.08223],[-77.2857,37.1073],[-77.19427,37.19707],[-77.15014,37.21397],[-77.08782,37.25577],[-77.07926,37.27117],[-77.06743,37.26049],[-77.05457,37.26477],[-77.01159,37.30426],[-76.99729,37.29943],[-76.99951,37.28496],[-76.98516,37.24702],[-77.00684,37.23885],[-77.01554,37.22044],[-76.97843,37.24099],[-76.94753,37.23127],[-76.92081,37.21241],[-76.9506,37.17621],[-77.01984,37.04717],[-77.11512,36.92244],[-77.38733,36.8268],[-77.61392,36.77187],[-77.71108,36.79296],[-77.82002,36.84823],[-77.91468,36.87952],[-78.03154,36.89804],[-78.27935,36.89918],[-78.49951,36.94945],[-78.70698,37.02428],[-78.74836,37.07904],[-78.70706,37.19129],[-78.66522,37.24958],[-78.60067,37.28826],[-78.48074,37.38309],[-78.3607,37.53174],[-78.23881,37.65849],[-78.17636,37.71352],[-77.92991,37.80991],[-77.78566,37.88431],[-77.69192,37.95042],[-77.69436,37.99398],[-77.78093,38.06163],[-77.8945,38.10645],[-77.94657,38.17392],[-77.95712,38.26726],[-77.95298,38.33674],[-78.01335,38.37308],[-78.07379,38.35547],[-78.1838,38.28076],[-78.28429,38.24227],[-78.40899,38.24511],[-78.48309,38.31022],[-78.4676,38.42642],[-78.39057,38.64647],[-78.25208,38.80333],[-78.08862,38.91855],[-77.93289,38.9755],[-77.82863,38.97015],[-77.73129,38.9388],[-77.56804,38.8646],[-77.53642,38.85961],[-77.44256,38.89112],[-77.41237,38.9286],[-77.40884,39.01579],[-77.38964,39.07424],[-77.30037,39.11898],[-77.22348,39.14258],[-77.08565,39.14352],[-76.96734,39.13403],[-76.80356,39.17982],[-76.79807,39.23536],[-76.816,39.27934],[-76.86431,39.32313],[-76.87861,39.35624],[-76.86048,39.39691],[-76.77786,39.463],[-76.59347,39.58939],[-76.51936,39.6003],[-76.45155,39.58909],[-76.29084,39.5367],[-76.23214,39.55258],[-76.13512,39.5954],[-76.05124,39.67381],[-75.97004,39.7655],[-75.96562,39.80056],[-75.91723,39.86792],[-75.86866,39.92238],[-75.83615,39.94685],[-75.79451,39.9534],[-75.74085,39.94662],[-75.57802,39.97502],[-75.46727,40.02431],[-75.34005,40.12701],[-75.27259,40.20785],[-75.28664,40.31897],[-75.39855,40.39065],[-75.53634,40.51893],[-75.7096,40.58462],[-75.87367,40.5922],[-76.0724,40.53703],[-76.17498,40.46167],[-76.24296,40.44883],[-76.29462,40.47342],[-76.40167,40.45488],[-76.52442,40.41875],[-76.55922,40.37225],[-76.5215,40.31794],[-76.04975,40.252],[-75.93621,40.22088],[-75.9114,40.19661],[-75.93179,40.16388],[-76.01253,40.12523],[-76.13708,40.00952],[-76.25359,39.95085],[-76.54625,39.88059],[-76.6306,39.88236],[-76.68104,39.90239],[-76.81782,39.98898],[-76.86169,39.98403],[-76.95701,39.92554],[-77.11061,39.87161],[-77.26817,39.78045],[-77.32286,39.7931],[-77.35457,39.87018],[-77.39076,39.91191],[-77.42824,39.93804],[-77.44522,39.96449],[-77.5159,40.03558],[-77.54793,40.11263],[-77.59573,40.13205],[-77.83361,40.0766],[-77.91625,40.04521],[-78.01016,39.8715],[-77.99727,39.80539],[-78.03767,39.7677],[-78.17764,39.69693],[-78.29819,39.6591],[-78.47437,39.62946],[-78.54509,39.6],[-78.56509,39.56301],[-78.57988,39.50529],[-78.56924,39.49536],[-78.67205,39.44813],[-78.86434,39.33092],[-78.97338,39.23373],[-79.01835,39.13799],[-79.01052,39.05612],[-78.98493,38.96089],[-78.8895,38.78007],[-78.80495,38.69763],[-78.80987,38.6499],[-78.84464,38.62273],[-78.97855,38.60834],[-79.11492,38.50533],[-79.54,38.58683],[-79.66855,38.55814],[-79.75082,38.35866],[-79.82118,38.09138],[-79.83612,37.98181],[-79.82029,37.91773],[-79.81792,37.79931],[-80.09018,37.49992],[-80.31663,37.34865],[-80.34545,37.2506],[-80.29968,37.17985],[-80.2185,37.11491],[-79.99317,37.08341],[-79.83486,37.08788],[-79.69823,37.05762],[-79.67239,37.02166],[-79.67366,36.95731],[-79.74577,36.88164],[-79.88503,36.86926],[-80.03438,36.84203],[-80.13402,36.73246],[-80.22233,36.60768],[-80.223,36.59169],[-80.28099,36.57987],[-80.55145,36.58539],[-80.74654,36.52043],[-80.86398,36.46466],[-81.06528,36.39183],[-81.11352,36.3898],[-81.15228,36.40758],[-81.19803,36.54425],[-81.22974,36.57283],[-81.29534,36.60708],[-81.34641,36.65615],[-81.40868,36.68846],[-81.52823,36.69882],[-81.71404,36.62853],[-81.77578,36.573],[-81.83798,36.4843],[-81.87417,36.41426],[-81.89326,36.34644],[-81.87217,36.29989],[-81.82602,36.25456],[-81.66971,36.20831],[-81.64845,36.17704],[-81.65174,36.13355],[-81.66404,36.1],[-81.71277,36.03599],[-81.72442,35.92331],[-81.72048,35.8745],[-81.70068,35.85],[-81.66458,35.85195],[-81.629,35.86493],[-81.48014,35.93089],[-81.39248,35.93542],[-81.12287,35.87981],[-80.72135,35.85468],[-80.46633,35.8746],[-79.57771,35.89883],[-79.43069,35.85193],[-79.38028,35.75191],[-79.37624,35.63353],[-79.4146,35.51304],[-79.44985,35.45098],[-79.53641,35.43859],[-79.63206,35.47794],[-79.67247,35.57638],[-79.83757,35.63408],[-79.99534,35.63164],[-80.23496,35.59021],[-80.4408,35.51001],[-80.70386,35.11],[-80.67765,34.9888],[-80.66436,34.96344],[-80.45775,34.75637],[-80.36637,34.50804],[-80.33579,34.26565],[-80.28795,34.14592],[-80.36373,34.00204],[-80.56023,33.79431],[-81.0785,33.44709],[-81.23299,33.38735],[-81.36164,33.311],[-81.46282,33.17795],[-81.55409,32.99467],[-81.56514,32.93796],[-81.61752,32.80639],[-81.66929,32.70789],[-81.67956,32.65458],[-81.65796,32.59698],[-81.56966,32.5225],[-81.56719,32.45303],[-81.62354,32.26982],[-81.58376,32.19118],[-81.37249,32.11058],[-81.00671,31.99475],[-81.01633,31.97254],[-81.01345,31.9579],[-80.96697,31.91693],[-80.92883,31.90985],[-80.98781,31.86029],[-80.99861,31.85957],[-80.99948,31.86825],[-81.07103,31.87634],[-81.09574,31.90322],[-81.0985,31.92379],[-81.11432,31.93956],[-81.13259,31.94351],[-81.12508,31.96437],[-81.14228,31.94459],[-81.11885,31.93052],[-81.10536,31.90748],[-81.10784,31.89384],[-81.12922,31.90241],[-81.14733,31.93601],[-81.16399,31.93947],[-81.17067,31.95417],[-81.18363,31.95438],[-81.18485,31.94802],[-81.1583,31.92889],[-81.18908,31.92802],[-81.14663,31.91957],[-81.1381,31.89207],[-81.08984,31.8794],[-81.09182,31.86392],[-81.13341,31.86143],[-81.15146,31.87404],[-81.16865,31.90078],[-81.18792,31.90793],[-81.20752,31.90004],[-81.19627,31.92038],[-81.20419,31.92826],[-81.23983,31.90328],[-81.24233,31.91199],[-81.26218,31.91731],[-81.25713,31.92635],[-81.27151,31.93524],[-81.2734,31.94758],[-81.28849,31.94918],[-81.27919,31.92943],[-81.26791,31.92698],[-81.26985,31.91196],[-81.24617,31.90931],[-81.23954,31.89142],[-81.20652,31.92054],[-81.22009,31.89294],[-81.17522,31.89678],[-81.1582,31.86229],[-81.14007,31.85287],[-81.10239,31.84996],[-81.06263,31.82192],[-81.03793,31.81784],[-81.06498,31.76904],[-81.09327,31.7572],[-81.13501,31.72277],[-81.17018,31.76213],[-81.16277,31.78026],[-81.17684,31.80102],[-81.1708,31.78221],[-81.1777,31.76316],[-81.16473,31.74151],[-81.17523,31.72982],[-81.25588,31.75984],[-81.26641,31.77141],[-81.26969,31.79381],[-81.30893,31.79852],[-81.31611,31.81642],[-81.32157,31.81285],[-81.31283,31.79265],[-81.27737,31.78755],[-81.27639,31.75834],[-81.23201,31.74305],[-81.18863,31.70813],[-81.2048,31.6833],[-81.23265,31.68967],[-81.26564,31.68197],[-81.27163,31.67842],[-81.26544,31.66646],[-81.20207,31.6609],[-81.17612,31.66641],[-81.16793,31.67175],[-81.19265,31.67307],[-81.19084,31.68171],[-81.15166,31.70069],[-81.13449,31.69858],[-81.13114,31.657],[-81.13417,31.64245],[-81.14281,31.64077],[-81.13131,31.62643],[-81.16774,31.56177],[-81.17857,31.55784],[-81.18429,31.56615],[-81.18154,31.59257],[-81.19437,31.62016],[-81.21155,31.62135],[-81.24228,31.64237],[-81.19809,31.59831],[-81.19901,31.58099],[-81.21556,31.56163],[-81.23535,31.56605],[-81.23503,31.556],[-81.24739,31.55574],[-81.25936,31.57373],[-81.2598,31.5532],[-81.28694,31.56548],[-81.30919,31.55532],[-81.31679,31.57734],[-81.3227,31.55187],[-81.36575,31.54841],[-81.36016,31.5328],[-81.3505,31.53221],[-81.33353,31.54747],[-81.32726,31.53916],[-81.31116,31.53847],[-81.29489,31.52086],[-81.26717,31.53456],[-81.25974,31.53129],[-81.26429,31.51904],[-81.29238,31.50103],[-81.41326,31.50508],[-81.44555,31.53956],[-81.4743,31.5572],[-81.84378,31.57171],[-81.90241,31.60734],[-81.9304,31.6499],[-81.90487,31.69913],[-81.85428,31.74221],[-81.82356,31.84715],[-81.83355,31.89889],[-81.88229,31.94746],[-81.99859,32.00651],[-82.03301,32.06935],[-82.06598,32.10301],[-82.08536,32.10329],[-82.18508,31.97947],[-82.2288,31.89461],[-82.28917,31.84447],[-82.35513,31.77527],[-82.56666,31.50635],[-82.66258,31.4245],[-82.72808,31.31101],[-82.7982,31.22576],[-82.87335,31.18543],[-83.04123,31.18991],[-83.13597,31.22384],[-83.17188,31.20337],[-83.2519,31.0942],[-83.30316,31.03959],[-83.46253,30.99537],[-83.5995,30.92886],[-83.72903,30.76721],[-83.83728,30.66564],[-83.85202,30.62623],[-83.93685,30.49206],[-84.01023,30.29153],[-84.0804,30.16268],[-84.09382,30.09788],[-84.10596,30.10577],[-84.10965,30.10118],[-84.1012,30.09433],[-84.10911,30.08974],[-84.12601,30.09613],[-84.13918,30.08239],[-84.17524,30.07363],[-84.1834,30.07764],[-84.17456,30.09973],[-84.19197,30.09787],[-84.20417,30.12348],[-84.21099,30.10699],[-84.23522,30.08817],[-84.24472,30.09322],[-84.24636,30.1092],[-84.27063,30.1064],[-84.27892,30.06289],[-84.28318,30.0725],[-84.29892,30.05922],[-84.327,30.08015],[-84.33434,30.0696],[-84.34333,30.07553],[-84.34654,30.06592],[-84.36435,30.05761],[-84.36734,30.01732],[-84.37894,30.01819],[-84.37584,30.03102],[-84.3843,30.03694],[-84.38846,30.02502],[-84.38676,29.99894],[-84.36987,29.99396],[-84.37624,30.00401],[-84.371,30.00952],[-84.35876,29.98438],[-84.34136,29.98307],[-84.34552,29.9684],[-84.42516,29.98415],[-84.43684,30.00104],[-84.45108,30.00189],[-84.43572,29.98868],[-84.4446,29.97445],[-84.44085,29.96119],[-84.38816,29.96231],[-84.37127,29.95184],[-84.34081,29.94789],[-84.33268,29.92788],[-84.34626,29.89698],[-84.37712,29.89271],[-84.42632,29.90356],[-84.42793,29.90905],[-84.37786,29.89824],[-84.3621,29.90608],[-84.44489,29.9305],[-84.49125,29.91073],[-84.52852,29.91319],[-84.71145,29.81827],[-84.75536,29.78821],[-84.85746,29.7476],[-84.88871,29.72216],[-84.90036,29.73122],[-84.91454,29.73019],[-84.91632,29.73688],[-84.89372,29.74823],[-84.87104,29.78963],[-84.84585,29.79487],[-84.85341,29.81359],[-84.86171,29.80299],[-84.88335,29.8106],[-84.87582,29.79509],[-84.8899,29.78444],[-84.90932,29.78521],[-84.89246,29.90141],[-84.89125,30.02385],[-84.81608,30.25345],[-84.69964,30.42072],[-84.48833,30.54841],[-84.36349,30.59912],[-84.24344,30.67188],[-84.23355,30.73559],[-84.28245,30.79882],[-84.30895,30.80685],[-84.56742,30.83597],[-84.63732,30.85507],[-84.70475,30.86254],[-84.88875,30.85136],[-85.24789,30.78956],[-85.48467,30.71353],[-85.77135,30.5126],[-86.02267,30.2804],[-86.30623,30.36485],[-86.41258,30.38035],[-86.50908,30.38283],[-86.51649,30.40005],[-86.49676,30.41377],[-86.48762,30.4094],[-86.48418,30.41817],[-86.44817,30.40113],[-86.4368,30.41054],[-86.33491,30.38667],[-86.32808,30.38864],[-86.31333,30.42921],[-86.28908,30.39587],[-86.27813,30.40204],[-86.24557,30.3931],[-86.22989,30.4012],[-86.25774,30.41207],[-86.26239,30.40785],[-86.26532,30.41786],[-86.24501,30.43063],[-86.19051,30.39467],[-86.16612,30.39378],[-86.15944,30.38156],[-86.11907,30.37685],[-86.1056,30.38855],[-86.12006,30.39468],[-86.11068,30.4008],[-86.1334,30.41866],[-86.12247,30.42665],[-86.15657,30.43331],[-86.15844,30.44425],[-86.15497,30.45301],[-86.13648,30.45566],[-86.15242,30.45718],[-86.13316,30.47082],[-86.13359,30.48728],[-86.1614,30.45609],[-86.19172,30.4596],[-86.20289,30.48088],[-86.19197,30.48888],[-86.19711,30.5025],[-86.21555,30.47834],[-86.24323,30.4819],[-86.24106,30.49932],[-86.26081,30.48474],[-86.29973,30.47342],[-86.32956,30.47828],[-86.39249,30.45405],[-86.40913,30.46101],[-86.42,30.45208],[-86.44613,30.49268],[-86.44323,30.50235],[-86.41826,30.50107],[-86.41527,30.50754],[-86.45093,30.51132],[-86.45355,30.49251],[-86.46555,30.48584],[-86.47905,30.51161],[-86.49315,30.52135],[-86.47796,30.4755],[-86.50079,30.45897],[-86.53881,30.45352],[-86.55613,30.43116],[-86.58279,30.43603],[-86.57647,30.45448],[-86.5945,30.45451],[-86.58656,30.47163],[-86.59219,30.48202],[-86.59581,30.46226],[-86.60431,30.46297],[-86.59826,30.4558],[-86.60497,30.45015],[-86.59258,30.44403],[-86.59956,30.43014],[-86.61676,30.43752],[-86.6325,30.43256],[-86.58884,30.42628],[-86.58468,30.4122],[-86.59509,30.406],[-86.77754,30.41115],[-86.9387,30.39782],[-87.0763,30.37895],[-87.1841,30.34476],[-87.2065,30.36242],[-87.1776,30.36829],[-87.1806,30.37736],[-87.14959,30.37001],[-87.13269,30.38514],[-87.08721,30.40153],[-87.0226,30.40286],[-86.98605,30.41759],[-86.93704,30.45506],[-86.91528,30.43962],[-86.87658,30.43972],[-86.91346,30.44791],[-86.92827,30.4617],[-86.94962,30.4657],[-87.02158,30.50447],[-87.00918,30.5135],[-87.01231,30.52669],[-86.99475,30.52533],[-87.00273,30.54021],[-86.98955,30.54286],[-87.0024,30.54571],[-86.99154,30.55378],[-86.99804,30.55727],[-86.98648,30.57496],[-87.00153,30.58004],[-87.01728,30.60386],[-87.03019,30.60808],[-87.02964,30.59346],[-87.00594,30.56986],[-87.01788,30.54803],[-87.0404,30.53964],[-87.06433,30.45571],[-87.0847,30.44736],[-87.09485,30.44936],[-87.09845,30.4607],[-87.09501,30.50975],[-87.10096,30.52697],[-87.13404,30.53152],[-87.1345,30.54341],[-87.12138,30.54744],[-87.12351,30.56156],[-87.13211,30.55034],[-87.14604,30.5536],[-87.14375,30.56327],[-87.15549,30.57849],[-87.18711,30.58582],[-87.17996,30.55217],[-87.19047,30.54958],[-87.17246,30.53683],[-87.14998,30.49035],[-87.15965,30.48001],[-87.1726,30.43068],[-87.18761,30.42154],[-87.187,30.44673],[-87.20708,30.4585],[-87.19133,30.43517],[-87.19485,30.41676],[-87.21071,30.40211],[-87.22689,30.40942],[-87.27266,30.3742],[-87.2826,30.38443],[-87.28225,30.37574],[-87.30307,30.3797],[-87.32329,30.36856],[-87.2666,30.36843],[-87.26462,30.34515],[-87.30752,30.34524],[-87.31966,30.33114],[-87.38448,30.32367],[-87.41823,30.30752],[-87.31845,30.32751],[-87.31267,30.32382],[-87.32173,30.31689],[-87.52629,30.27912],[-87.4506,30.29689],[-87.45331,30.311],[-87.49844,30.31415],[-87.49762,30.31967],[-87.42516,30.32149],[-87.43921,30.32838],[-87.41659,30.34465],[-87.41942,30.3615],[-87.41015,30.36819],[-87.42083,30.37015],[-87.43081,30.35519],[-87.44139,30.36767],[-87.42581,30.37503],[-87.42377,30.40255],[-87.39935,30.40148],[-87.39022,30.41137],[-87.3452,30.42511],[-87.36234,30.45524],[-87.38772,30.45355],[-87.4179,30.46497],[-87.43573,30.48547],[-87.44043,30.47712],[-87.43339,30.46392],[-87.39549,30.43954],[-87.40167,30.42348],[-87.43337,30.41544],[-87.4496,30.39883],[-87.45256,30.38005],[-87.48652,30.34179],[-87.49689,30.36823],[-87.50322,30.36588],[-87.50395,30.33934],[-87.51799,30.36117],[-87.51887,30.34698],[-87.52676,30.34279],[-87.51507,30.3397],[-87.52065,30.32043],[-87.53763,30.32347],[-87.5443,30.30694],[-87.55666,30.32192],[-87.56074,30.31044],[-87.57031,30.31355],[-87.57811,30.30341],[-87.58574,30.31981],[-87.57394,30.34829],[-87.58558,30.34817],[-87.59177,30.33576],[-87.60377,30.36263],[-87.61796,30.35471],[-87.60515,30.34661],[-87.61722,30.33916],[-87.60659,30.33561],[-87.59682,30.31787],[-87.6145,30.29482],[-87.58588,30.29098],[-87.51623,30.30537],[-87.54301,30.28865],[-87.56418,30.28937],[-87.56091,30.28208],[-87.57509,30.27416],[-87.56087,30.27175],[-87.65675,30.24993],[-87.81272,30.22863],[-87.95239,30.23056],[-88.02913,30.22246],[-88.03168,30.21692],[-88.02121,30.23228],[-87.96099,30.23493],[-87.95579,30.23958],[-87.96436,30.24587],[-87.94501,30.25802],[-87.90078,30.238],[-87.87012,30.23793],[-87.82699,30.25173],[-87.78103,30.25411],[-87.74825,30.28926],[-87.74255,30.26233],[-87.72419,30.27169],[-87.74045,30.2985],[-87.76042,30.28958],[-87.83449,30.35504],[-87.84105,30.36823],[-87.83545,30.38202],[-87.81807,30.38772],[-87.82799,30.41138],[-87.83651,30.41403],[-87.84843,30.39833],[-87.84387,30.37826],[-87.84913,30.37636],[-87.87254,30.38293],[-87.91221,30.41079],[-87.92436,30.4701],[-87.93994,30.48178],[-87.90513,30.55449],[-87.91842,30.58633],[-87.9193,30.63707],[-87.93986,30.65829],[-87.93258,30.66707],[-88.03503,30.68947],[-88.0352,30.66981],[-88.05673,30.65625],[-88.06285,30.6429],[-88.06047,30.60179],[-88.07492,30.58009],[-88.08851,30.56892],[-88.10357,30.57922],[-88.11455,30.59735],[-88.10265,30.61353],[-88.11014,30.61662],[-88.1204,30.59818],[-88.13049,30.59803],[-88.13498,30.58333],[-88.11751,30.58588],[-88.10979,30.57181],[-88.0905,30.56249],[-88.08479,30.54154],[-88.10582,30.50465],[-88.09981,30.46815],[-88.1129,30.46018],[-88.10528,30.42278],[-88.1121,30.36505],[-88.1401,30.30927],[-88.14835,30.32471],[-88.13498,30.34458],[-88.14641,30.33343],[-88.15032,30.34389],[-88.16082,30.33962],[-88.15737,30.32594],[-88.19687,30.31665],[-88.19238,30.32998],[-88.20102,30.33854],[-88.18567,30.36394],[-88.21312,30.36032],[-88.26071,30.38152],[-88.28776,30.38338],[-88.28415,30.38801],[-88.29545,30.39606],[-88.30658,30.37255],[-88.31659,30.36964],[-88.31261,30.3816],[-88.31977,30.39383],[-88.35073,30.40429],[-88.35864,30.40279],[-88.36465,30.38759],[-88.37652,30.39745],[-88.37782,30.38462],[-88.41083,30.38522],[-88.40185,30.35672],[-88.39084,30.35192],[-88.40796,30.34217],[-88.41558,30.35875],[-88.44262,30.35685],[-88.45421,30.33139],[-88.47507,30.31979],[-88.50412,30.32339],[-88.51275,30.34318],[-88.51765,30.33547],[-88.53391,30.34392],[-88.5757,30.34585],[-88.58605,30.35925],[-88.57742,30.36828],[-88.60126,30.36768],[-88.6045,30.39516],[-88.61545,30.3738],[-88.64057,30.36039],[-88.66756,30.36072],[-88.70545,30.34196],[-88.72397,30.34218],[-88.81387,30.38481],[-88.78218,30.37897],[-88.77627,30.3844],[-88.84369,30.41074],[-88.85516,30.42367],[-88.83082,30.42204],[-88.85292,30.43279],[-88.87851,30.42117],[-88.92977,30.43128],[-88.9532,30.4219],[-88.99554,30.42596],[-88.99255,30.40992],[-88.91561,30.42017],[-88.87916,30.41203],[-88.8607,30.40635],[-88.85933,30.39032],[-88.93451,30.39291],[-89.04961,30.37795],[-89.08042,30.36906],[-89.08897,30.36227],[-89.08589,30.35356],[-89.10061,30.36283],[-89.27901,30.30421],[-89.29382,30.30476],[-89.29413,30.33084],[-89.24955,30.34427],[-89.28547,30.35229],[-89.27159,30.36546],[-89.31344,30.36207],[-89.31173,30.37624],[-89.3361,30.37593],[-89.35521,30.36918],[-89.37819,30.34141],[-89.36181,30.3372],[-89.34059,30.34394],[-89.32697,30.32602],[-89.32657,30.31092],[-89.37818,30.27233],[-89.42062,30.25289],[-89.41867,30.22955],[-89.44525,30.20681],[-89.44063,30.1871],[-89.46396,30.17441],[-89.4687,30.17718],[-89.4586,30.18719],[-89.46806,30.19365],[-89.4834,30.19189],[-89.48874,30.18231],[-89.52904,30.18584],[-89.53137,30.17673],[-89.54819,30.18069],[-89.56525,30.17367],[-89.57406,30.15827],[-89.59327,30.15036],[-89.62587,30.15642],[-89.58603,30.16626],[-89.58938,30.18096],[-89.61688,30.18006],[-89.61546,30.17272],[-89.63268,30.15882],[-89.62777,30.14226],[-89.67716,30.10647],[-89.6906,30.07099],[-89.72992,30.05836],[-89.71749,30.02336],[-89.73549,30.01999],[-89.75882,30.03868],[-89.80459,30.04397],[-89.83069,30.03155],[-89.85815,30.00313],[-89.84021,29.95157],[-89.82782,29.93902],[-89.78737,29.93382],[-89.7263,29.95666],[-89.71287,29.94407],[-89.74213,29.93081],[-89.73744,29.90371],[-89.69448,29.87004],[-89.64039,29.86455],[-89.5915,29.88432],[-89.59239,29.91456],[-89.57322,29.96872],[-89.57997,29.99585],[-89.50265,30.03247],[-89.49502,30.02089],[-89.48962,30.02582],[-89.46288,30.01938],[-89.45516,30.03297],[-89.46243,30.03768],[-89.4669,30.02723],[-89.4704,30.03508],[-89.45424,30.04852],[-89.45234,30.06176],[-89.42822,30.05581],[-89.4398,30.03543],[-89.41823,30.03364],[-89.41797,30.02311],[-89.4532,30.02698],[-89.45204,30.01002],[-89.47193,29.99436],[-89.43759,29.99738],[-89.43319,29.98356],[-89.48007,29.9849],[-89.46365,29.96673],[-89.47963,29.96016],[-89.4608,29.95431],[-89.4546,29.97023],[-89.44491,29.95768],[-89.43656,29.97538],[-89.42497,29.97516],[-89.43073,29.95558],[-89.42508,29.94952],[-89.41619,29.96813],[-89.40297,29.96971],[-89.40342,29.95231],[-89.39622,29.96591],[-89.38087,29.96836],[-89.38167,29.95785],[-89.39277,29.95669],[-89.37785,29.94266],[-89.41993,29.9453],[-89.43506,29.93002],[-89.44697,29.93803],[-89.45821,29.93137],[-89.44194,29.92877],[-89.43956,29.91865],[-89.43116,29.91758],[-89.4335,29.90801],[-89.39053,29.87925],[-89.4417,29.89625],[-89.44108,29.87884],[-89.42094,29.86334],[-89.43861,29.85131],[-89.42533,29.83548],[-89.41173,29.83247],[-89.42725,29.82178],[-89.4264,29.81351],[-89.37043,29.80144],[-89.36236,29.788],[-89.35122,29.79144],[-89.34208,29.77935],[-89.3556,29.78466],[-89.36527,29.77706],[-89.38914,29.78944],[-89.41527,29.75421],[-89.41547,29.78811],[-89.42277,29.79054],[-89.43199,29.77926],[-89.43752,29.78945],[-89.43253,29.79989],[-89.44166,29.81334],[-89.46543,29.83074],[-89.51172,29.83113],[-89.5181,29.85003],[-89.52522,29.81627],[-89.54244,29.82207],[-89.54283,29.80559],[-89.50072,29.80712],[-89.49415,29.81799],[-89.51368,29.81514],[-89.49975,29.82542],[-89.45804,29.81045],[-89.46827,29.80056],[-89.50195,29.79981],[-89.50456,29.77878],[-89.5197,29.78318],[-89.51586,29.78998],[-89.5337,29.79122],[-89.53036,29.77742],[-89.53728,29.77342],[-89.51397,29.75926],[-89.5444,29.76164],[-89.53037,29.75451],[-89.52699,29.74208],[-89.56068,29.73994],[-89.57927,29.75401],[-89.60904,29.73942],[-89.62801,29.76036],[-89.6149,29.75876],[-89.61043,29.77059],[-89.62665,29.77408],[-89.6341,29.79345],[-89.63945,29.78942],[-89.63306,29.76961],[-89.64956,29.76027],[-89.64404,29.74872],[-89.66983,29.74733],[-89.64901,29.73827],[-89.64113,29.71477],[-89.58572,29.70235],[-89.62076,29.68601],[-89.55764,29.66795],[-89.54798,29.67694],[-89.53604,29.67077],[-89.5457,29.66224],[-89.52003,29.65948],[-89.4826,29.62259],[-89.54901,29.65542],[-89.57997,29.65597],[-89.61429,29.67032],[-89.61344,29.6616],[-89.62024,29.66263],[-89.64033,29.67993],[-89.66946,29.69234],[-89.68319,29.6889],[-89.70599,29.70303],[-89.71448,29.6995],[-89.70628,29.68975],[-89.66503,29.67898],[-89.67115,29.6635],[-89.66398,29.65559],[-89.65125,29.66133],[-89.65633,29.66875],[-89.64749,29.66494],[-89.64046,29.65107],[-89.66204,29.64823],[-89.66067,29.63904],[-89.62662,29.63571],[-89.63002,29.62477],[-89.62194,29.61088],[-89.66191,29.63035],[-89.68134,29.62976],[-89.68623,29.62205],[-89.67132,29.60806],[-89.69615,29.60022],[-89.68637,29.61564],[-89.71757,29.62899],[-89.72571,29.64058],[-89.77206,29.63308],[-89.71108,29.6133],[-89.73583,29.60912],[-89.7135,29.59868],[-89.73771,29.59495],[-89.76941,29.60966],[-89.75094,29.61395],[-89.78169,29.62452],[-89.7875,29.62278],[-89.78209,29.60528],[-89.69609,29.57914],[-89.70515,29.57196],[-89.67968,29.53808],[-89.68197,29.52941],[-89.69459,29.52732],[-89.64924,29.51602],[-89.63337,29.49924],[-89.62286,29.50044],[-89.62523,29.48856],[-89.59155,29.49485],[-89.59444,29.48298],[-89.57909,29.46712],[-89.57388,29.46612],[-89.57467,29.47713],[-89.56356,29.45951],[-89.54766,29.46748],[-89.546,29.44911],[-89.51697,29.45822],[-89.53935,29.44212],[-89.55539,29.4502],[-89.56445,29.44348],[-89.55787,29.4342],[-89.54313,29.4376],[-89.52661,29.40521],[-89.52621,29.40016],[-89.54439,29.40599],[-89.54667,29.42024],[-89.5702,29.42158],[-89.57206,29.40923],[-89.55709,29.40025],[-89.55932,29.39433],[-89.51353,29.38296],[-89.4665,29.4018],[-89.45364,29.39239],[-89.42018,29.3913],[-89.42827,29.38182],[-89.42374,29.3744],[-89.40384,29.39557],[-89.39667,29.38993],[-89.40075,29.37304],[-89.38083,29.39512],[-89.34558,29.38204],[-89.33127,29.38909],[-89.32791,29.37756],[-89.34362,29.37696],[-89.3502,29.36517],[-89.35515,29.37627],[-89.3694,29.37151],[-89.37486,29.38308],[-89.38292,29.37453],[-89.38002,29.3653],[-89.39407,29.36832],[-89.38179,29.35754],[-89.40319,29.35933],[-89.37414,29.35005],[-89.34905,29.32892],[-89.33279,29.3506],[-89.32518,29.34174],[-89.30729,29.34551],[-89.30178,29.3564],[-89.266,29.34466],[-89.25855,29.31057],[-89.281,29.29177],[-89.26795,29.2915],[-89.26881,29.27868],[-89.26147,29.27944],[-89.26276,29.29002],[-89.25087,29.30445],[-89.2413,29.31021],[-89.23153,29.30451],[-89.22478,29.32179],[-89.21232,29.31878],[-89.21145,29.33114],[-89.20324,29.32501],[-89.19881,29.35289],[-89.19185,29.32109],[-89.16738,29.31736],[-89.1679,29.29857],[-89.15434,29.29736],[-89.16785,29.28159],[-89.13871,29.29564],[-89.12719,29.27796],[-89.1362,29.27357],[-89.1307,29.26473],[-89.14505,29.25633],[-89.11976,29.26358],[-89.11586,29.25386],[-89.11677,29.24012],[-89.14011,29.24613],[-89.15752,29.24009],[-89.13042,29.23766],[-89.13064,29.23033],[-89.17209,29.22343],[-89.14912,29.22293],[-89.15825,29.21396],[-89.14431,29.20861],[-89.13077,29.22574],[-89.10792,29.22065],[-89.12263,29.19942],[-89.13674,29.19927],[-89.15083,29.18076],[-89.10977,29.19271],[-89.11214,29.20102],[-89.09934,29.21037],[-89.07833,29.1966],[-89.07181,29.20563],[-89.08271,29.20771],[-89.08046,29.21316],[-89.02448,29.21648],[-89.07216,29.19325],[-89.07314,29.17767],[-89.08558,29.16281],[-89.07951,29.15579],[-89.08692,29.15228],[-89.10122,29.16316],[-89.10978,29.15601],[-89.10615,29.13711],[-89.08696,29.13302],[-89.07499,29.14972],[-89.07059,29.13953],[-89.06318,29.14304],[-89.06821,29.13168],[-89.0595,29.12643],[-89.02664,29.14358],[-89.03501,29.12542],[-89.05293,29.11894],[-89.04846,29.1115],[-89.03953,29.11359],[-89.04771,29.10139],[-89.05803,29.10529],[-89.06276,29.06823],[-89.07048,29.07161],[-89.06888,29.09085],[-89.08337,29.11274],[-89.10399,29.12101],[-89.08097,29.06955],[-89.09771,29.06763],[-89.09665,29.08643],[-89.11235,29.12073],[-89.15407,29.14],[-89.13585,29.11987],[-89.12026,29.11769],[-89.13423,29.10332],[-89.11426,29.10884],[-89.10694,29.09124],[-89.12633,29.06918],[-89.14982,29.06832],[-89.13547,29.05975],[-89.15052,29.06191],[-89.14094,29.05023],[-89.14429,29.0425],[-89.15454,29.04869],[-89.15957,29.03641],[-89.17708,29.04413],[-89.13841,28.99235],[-89.14507,28.9778],[-89.15115,28.9839],[-89.14621,28.99297],[-89.16192,29.00846],[-89.17907,29.01021],[-89.17581,29.01473],[-89.20528,29.04198],[-89.2211,29.07352],[-89.2375,29.08442],[-89.24511,29.11166],[-89.25097,29.10673],[-89.25602,29.11326],[-89.26799,29.09469],[-89.25367,29.0843],[-89.24943,29.06723],[-89.25542,29.05772],[-89.31585,29.03923],[-89.34276,29.00581],[-89.34395,28.99987],[-89.32763,29.00688],[-89.37172,28.95268],[-89.41005,28.91855],[-89.42352,28.9211],[-89.40989,28.94563],[-89.41044,28.96584],[-89.4012,28.96061],[-89.40564,28.97033],[-89.37711,28.9863],[-89.33455,29.04144],[-89.33478,29.05292],[-89.34779,29.05364],[-89.35215,29.06658],[-89.32237,29.049],[-89.28897,29.09008],[-89.29352,29.11495],[-89.28413,29.11522],[-89.28685,29.13087],[-89.27294,29.12416],[-89.27382,29.14988],[-89.28354,29.15741],[-89.29983,29.1527],[-89.29971,29.11783],[-89.31386,29.11536],[-89.3057,29.16796],[-89.32992,29.17992],[-89.32676,29.16105],[-89.33623,29.15803],[-89.32561,29.14497],[-89.32474,29.11834],[-89.31653,29.11266],[-89.3372,29.10023],[-89.353,29.07394],[-89.35139,29.09593],[-89.34338,29.10311],[-89.34791,29.10962],[-89.36068,29.09978],[-89.36222,29.08054],[-89.37932,29.08455],[-89.35482,29.1249],[-89.3824,29.08645],[-89.39789,29.09226],[-89.40587,29.08599],[-89.41057,29.12737],[-89.39509,29.14175],[-89.42283,29.13816],[-89.48591,29.22652],[-89.4766,29.24469],[-89.46528,29.2376],[-89.46341,29.24995],[-89.48121,29.24845],[-89.49298,29.23674],[-89.50001,29.2488],[-89.51472,29.2454],[-89.51756,29.23582],[-89.49778,29.2327],[-89.49862,29.21942],[-89.56584,29.24862],[-89.57225,29.24277],[-89.61124,29.2508],[-89.66693,29.28432],[-89.66786,29.28938],[-89.65955,29.28694],[-89.62202,29.25924],[-89.62583,29.27582],[-89.61018,29.27463],[-89.61722,29.28714],[-89.64232,29.28619],[-89.64948,29.2932],[-89.61176,29.32006],[-89.61367,29.35127],[-89.60097,29.38086],[-89.65519,29.41297],[-89.66747,29.42602],[-89.65481,29.43039],[-89.68017,29.44365],[-89.69119,29.46676],[-89.70308,29.47383],[-89.70792,29.46795],[-89.7325,29.47019],[-89.72861,29.45592],[-89.72062,29.4622],[-89.71458,29.4511],[-89.70183,29.45914],[-89.66555,29.41819],[-89.66362,29.38698],[-89.65041,29.39272],[-89.65963,29.40205],[-89.65634,29.40841],[-89.63991,29.39437],[-89.63215,29.36719],[-89.6506,29.38401],[-89.66589,29.37877],[-89.6666,29.37052],[-89.64568,29.37017],[-89.64947,29.36473],[-89.63003,29.34514],[-89.63028,29.35706],[-89.62203,29.35188],[-89.61581,29.32609],[-89.6311,29.32039],[-89.65029,29.3276],[-89.6866,29.29336],[-89.73289,29.30376],[-89.72852,29.31286],[-89.73523,29.31664],[-89.74787,29.31272],[-89.73969,29.30387],[-89.82896,29.30941],[-89.80157,29.31953],[-89.794,29.33226],[-89.77247,29.3365],[-89.77907,29.34578],[-89.77355,29.3599],[-89.76861,29.34607],[-89.76385,29.34874],[-89.75725,29.36377],[-89.76813,29.36945],[-89.768,29.40062],[-89.78311,29.3784],[-89.79184,29.38633],[-89.77555,29.41495],[-89.81623,29.39634],[-89.83242,29.39796],[-89.83121,29.4062],[-89.81595,29.41009],[-89.82361,29.41938],[-89.81247,29.427],[-89.81863,29.43305],[-89.83613,29.42186],[-89.84233,29.42608],[-89.82798,29.43686],[-89.83999,29.43797],[-89.83708,29.45305],[-89.81621,29.44906],[-89.81646,29.46282],[-89.86107,29.48413],[-89.8917,29.47175],[-89.89629,29.47823],[-89.88361,29.48355],[-89.88718,29.48864],[-89.91154,29.47479],[-89.90806,29.49262],[-89.92015,29.4905],[-89.91717,29.50925],[-89.92772,29.50574],[-89.93609,29.47882],[-89.92463,29.47544],[-89.92899,29.46634],[-89.91383,29.46474],[-89.94378,29.45967],[-89.98658,29.46761],[-89.98487,29.47538],[-89.95507,29.47221],[-89.96755,29.47697],[-89.96007,29.48512],[-89.96416,29.49022],[-89.99066,29.50251],[-89.99559,29.51954],[-90.00915,29.52339],[-90.0119,29.51655],[-90.00438,29.49674],[-89.98366,29.48408],[-89.98897,29.48048],[-90.013,29.48448],[-90.01903,29.49877],[-90.03219,29.49528],[-90.06698,29.51363],[-90.07617,29.5275],[-90.0609,29.53142],[-90.07856,29.54082],[-90.0964,29.53967],[-90.08558,29.529],[-90.10858,29.5325],[-90.11676,29.54498],[-90.11248,29.54996],[-90.14031,29.54711],[-90.13958,29.52785],[-90.12395,29.52215],[-90.1502,29.51928],[-90.16885,29.56534],[-90.15239,29.57842],[-90.13136,29.58137],[-90.11201,29.64115],[-90.11578,29.6664],[-90.12521,29.66789],[-90.13006,29.59648],[-90.1528,29.5853],[-90.14709,29.61364],[-90.15689,29.6243],[-90.14906,29.68606],[-90.20669,29.69501],[-90.20473,29.68582],[-90.16075,29.6775],[-90.16208,29.66011],[-90.17554,29.67264],[-90.17801,29.6493],[-90.16559,29.6377],[-90.17,29.62446],[-90.1541,29.60227],[-90.16562,29.57125],[-90.20875,29.56261],[-90.22158,29.54088],[-90.2292,29.58177],[-90.22992,29.72551],[-90.27993,29.94132],[-90.35269,30.10518],[-90.43028,30.21075],[-90.56513,30.36863],[-90.60753,30.39122],[-90.79471,30.40168],[-90.97228,30.39221],[-91.1743,30.5078],[-91.28331,30.53244],[-91.48255,30.53277],[-91.63085,30.46356],[-91.78699,30.44222],[-91.86416,30.44574],[-91.89552,30.47577],[-91.89092,30.55188],[-91.83937,30.77304],[-91.84152,30.99776],[-91.83391,31.1213],[-91.74437,31.33343],[-91.76225,31.38887],[-91.82233,31.42337],[-91.86603,31.43584],[-92.04611,31.42791],[-92.14857,31.48522],[-92.38009,31.69057],[-92.44688,31.72496],[-92.52238,31.73284],[-92.57682,31.70236],[-92.69647,31.65603],[-92.82521,31.58843],[-92.93752,31.50596],[-93.05667,31.45923],[-93.22148,31.42066],[-93.40452,31.41379],[-94.04178,31.20939],[-94.3432,31.18694],[-94.64578,31.11434],[-95.24506,31.18379],[-95.63786,31.1986],[-95.7658,31.14068],[-95.83707,30.98338],[-95.89563,30.9049],[-96.06897,30.84698],[-96.28719,30.91742],[-96.50616,30.89854],[-96.62134,30.89883],[-96.70183,30.97796],[-96.68997,31.15565],[-96.71292,31.25437],[-96.78231,31.2939],[-96.97913,31.3333],[-97.1297,31.34288],[-97.36132,31.34204],[-97.5232,31.31157],[-97.70768,31.24121],[-97.90391,31.2099],[-97.97369,31.23882],[-97.96321,31.31788],[-97.77958,31.4577],[-97.0614,31.77701],[-96.99864,31.837],[-96.94518,31.94475],[-96.93364,32.05317],[-96.94545,32.15169],[-97.02747,32.21069],[-97.32007,32.19998],[-97.67019,32.09942],[-97.86778,32.00911],[-98.12355,31.93749],[-98.35741,31.96415],[-98.55958,32.13865],[-98.622,32.31503],[-98.59029,32.47312],[-98.19837,32.91165],[-98.1552,32.94044],[-98.12769,32.96989],[-98.09932,33.16691],[-98.2119,33.28361],[-98.45312,33.47709],[-98.61282,33.52717],[-98.86558,33.48368],[-99.17948,33.37285],[-99.30166,33.34767],[-99.33628,33.33123],[-99.50038,33.31084],[-99.52544,33.29971],[-99.72427,33.11127],[-99.7677,33.00522],[-99.68705,32.95478],[-99.63797,32.90351],[-99.64859,32.7589],[-99.7385,32.63851],[-99.96749,32.47488],[-100.02073,32.46153],[-100.08257,32.41279],[-100.21254,32.38453],[-100.3331,32.33404],[-100.42317,32.32821],[-100.55387,32.34852],[-100.80339,32.35352],[-101.00341,32.28051],[-101.09863,32.2356],[-101.18109,32.15669],[-101.25947,32.13559],[-101.26834,32.13947],[-101.27992,32.12875],[-101.43335,32.08316],[-101.63718,32.10096],[-101.85502,32.09148],[-101.97611,32.03341],[-102.06255,31.92419],[-102.00584,31.76891],[-101.91676,31.58872],[-101.8484,31.48649],[-101.75334,31.45121],[-101.63375,31.52223],[-101.55408,31.74934],[-101.44561,31.75385],[-101.33566,31.732],[-101.3534,31.49442],[-101.47658,31.21288],[-101.56663,31.16957],[-101.82812,31.15815],[-102.09463,31.22492],[-102.29998,31.29408],[-102.41864,31.44628],[-102.34776,31.54199],[-102.25683,31.57276],[-102.25106,31.71786],[-102.35204,31.8314],[-102.40946,31.98648],[-102.4003,32.07903],[-102.31147,32.14916],[-102.12727,32.1974],[-101.94787,32.324],[-101.7925,32.59376],[-101.76341,32.67057],[-101.73055,32.85343],[-101.69637,33.20276],[-101.74163,33.28516],[-101.85794,33.27923],[-101.92923,33.25754],[-102.0985,33.18425],[-102.37591,33.07923],[-102.50594,32.99754],[-102.99418,32.49546],[-103.4442,32.18916],[-103.59404,32.03417],[-103.83062,31.91219],[-104.12491,32.09577],[-104.28569,32.18561],[-104.56749,32.15099],[-104.71475,32.10987],[-104.81592,32.03257],[-104.8126,31.87081],[-104.67585,31.71304],[-104.30666,31.51146],[-104.16473,31.41823],[-104.10215,31.3575],[-104.11773,31.10792],[-104.18144,30.90368],[-104.18326,30.71426],[-104.11449,30.57815],[-103.9624,30.4907],[-103.82493,30.42376],[-103.77399,30.3404],[-103.75777,30.22234],[-103.71055,30.10621],[-103.58722,30.04891],[-103.42361,30.05738],[-103.00934,30.20286],[-102.76752,30.31838],[-102.57864,30.43358],[-102.53887,30.52937],[-102.46087,30.59705],[-102.36278,30.61941],[-102.25278,30.59355],[-102.18644,30.48801],[-102.05931,30.42011],[-102.00052,30.28802],[-101.93539,30.25925],[-101.82695,30.27718],[-101.7325,30.31054],[-101.4841,30.04824],[-101.32187,29.78447],[-101.24156,29.62749],[-101.14468,29.4726],[-101.17885,29.51508],[-101.25914,29.52289],[-101.26245,29.53385],[-101.24358,29.56844],[-101.25194,29.60134],[-101.24914,29.62474],[-101.26287,29.63053],[-101.27795,29.62165],[-101.27753,29.59417],[-101.28664,29.57252],[-101.30769,29.57777],[-101.31361,29.58686],[-101.30238,29.64015],[-101.30625,29.65293],[-101.33842,29.66125],[-101.36397,29.65085],[-101.37654,29.68139],[-101.37474,29.69928],[-101.39806,29.71135],[-101.39842,29.73334],[-101.41757,29.74683],[-101.39955,29.76905],[-101.44705,29.74965],[-101.45877,29.78889],[-101.50356,29.76537],[-101.53815,29.75939],[-101.53732,29.79972],[-101.54595,29.8115],[-101.56982,29.79422],[-101.57983,29.76842],[-101.6078,29.77351],[-101.62978,29.76814],[-101.64527,29.75417],[-101.66345,29.76992],[-101.67742,29.75871],[-101.68711,29.77002],[-101.70905,29.76326],[-101.72141,29.7759],[-101.73478,29.77255],[-101.72404,29.8496],[-101.76348,29.91144],[-101.84247,29.94457],[-101.9397,29.94806],[-102.20383,30.01129],[-102.30916,30.07885],[-102.455,30.07034],[-102.54816,30.07818],[-102.56367,30.05782],[-102.6016,30.04573],[-102.93382,29.81658],[-103.18394,29.6723],[-103.41279,29.58284],[-103.51556,29.5718],[-103.84732,29.7249],[-104.04035,29.79466],[-104.28251,29.84398],[-104.51084,30.14141],[-104.58259,30.14561],[-104.6883,30.08271],[-104.69753,30.13196],[-104.68753,30.14201],[-104.68841,30.17588],[-104.70561,30.20859],[-104.70947,30.23911],[-104.7325,30.26194],[-104.75109,30.26297],[-104.74955,30.27312],[-104.76355,30.27709],[-104.76559,30.30311],[-104.77957,30.30663],[-104.79508,30.32748],[-104.81198,30.33544],[-104.82201,30.35287],[-104.81247,30.36199],[-104.81907,30.37498],[-104.83657,30.37513],[-104.85692,30.38751],[-104.85679,30.41225],[-104.84866,30.4181],[-104.86763,30.44291],[-104.8685,30.49324],[-104.8989,30.56652],[-104.92094,30.58843],[-104.92196,30.60533],[-104.93503,30.60154],[-104.9785,30.61698],[-104.98868,30.66184],[-105.00443,30.68447],[-105.03144,30.68233],[-105.04572,30.68946],[-105.04792,30.68203],[-105.06483,30.68858],[-105.06439,30.69868],[-105.08482,30.70186],[-105.08843,30.71725],[-105.09964,30.71765],[-105.11392,30.73301],[-105.11372,30.74675],[-105.16156,30.75368],[-105.15838,30.77077],[-105.16684,30.77815],[-105.17804,30.76985],[-105.19649,30.79186],[-105.21958,30.7862],[-105.21234,30.79798],[-105.21762,30.80552],[-105.26078,30.79706],[-105.29253,30.82622],[-105.301,30.82535],[-105.30815,30.81219],[-105.3421,30.84214],[-105.35302,30.83795],[-105.36606,30.84968],[-105.3993,30.85218],[-105.39481,30.87299],[-105.40377,30.87942],[-105.40172,30.88867],[-105.44747,30.91847],[-105.45593,30.91713],[-105.45497,30.92679],[-105.46831,30.92659],[-105.49124,30.94193],[-105.50141,30.96614],[-105.51958,30.96615],[-105.5336,30.98376],[-105.56034,30.99203],[-105.60179,31.08146],[-105.64163,31.10048],[-105.65416,31.11906],[-105.71393,31.13934],[-105.73591,31.16245],[-105.77215,31.16744],[-105.7857,31.19967],[-105.86928,31.28816],[-105.897,31.2931],[-105.90872,31.31397],[-105.93962,31.31827],[-105.9548,31.36412],[-105.9767,31.36981],[-106.00463,31.39163],[-106.07708,31.39777],[-106.11018,31.4234],[-106.14292,31.42984],[-106.17338,31.4556],[-106.21408,31.47438],[-106.23279,31.51001],[-106.18908,31.61832],[-106.06587,31.65562],[-105.90067,31.60424],[-105.77354,31.54958],[-105.59225,31.58017],[-105.44067,31.65142],[-105.38943,31.76885],[-105.4247,31.88933],[-105.47887,31.94568],[-105.52076,31.96487],[-105.63507,31.97838],[-105.84156,31.98444],[-106.03025,32.00839],[-106.1374,32.05928],[-106.22005,32.08523],[-106.34142,32.20575],[-106.48959,32.45442],[-106.61526,32.49997],[-106.75392,32.45103],[-106.9824,32.24982],[-107.06757,32.12675],[-107.26144,31.99269],[-107.33219,31.89227],[-107.35658,31.7842],[-107.55232,31.78418],[-107.53615,31.964],[-107.54891,32.22737],[-107.50669,32.36048],[-107.42827,32.42399],[-107.15277,32.51681],[-106.8663,32.67525],[-106.7726,32.74589],[-106.66159,32.74923],[-106.50165,32.70689],[-106.36356,32.63371],[-106.27844,32.50545],[-106.1334,32.23931],[-106.06999,32.20919],[-105.98977,32.21289],[-105.73817,32.18656],[-105.26123,32.11479],[-104.89317,32.11076],[-104.71522,32.16981],[-104.61018,32.2364],[-104.31313,32.31675],[-104.12428,32.26715],[-104.0737,32.11552],[-103.83837,32.09127],[-103.15279,32.50523],[-103.01449,32.95931],[-102.69431,33.18122],[-102.29634,33.29486],[-101.95931,33.31239],[-101.90376,33.45604],[-101.75873,33.56093],[-101.62247,33.44232],[-101.50894,33.1081],[-101.41787,33.01157],[-101.24828,32.95832],[-100.9361,32.81941],[-100.82493,32.65498],[-100.65248,32.57718],[-100.43215,32.56566],[-100.33141,32.53865],[-100.23901,32.53527],[-100.07295,32.56337],[-100.04332,32.59466],[-100.02521,32.7816],[-100.04439,32.82665],[-100.03176,32.90628],[-99.90285,33.23779],[-99.65022,33.5444],[-99.41672,33.68753],[-99.10784,33.73334],[-98.74989,33.73982],[-98.53467,33.72352],[-98.38819,33.55845],[-98.31436,33.43159],[-98.14679,33.36478],[-98.05102,33.31666],[-97.95467,33.21928],[-97.96428,33.06179],[-98.0447,32.90354],[-97.93721,32.81605],[-97.62857,32.62173],[-97.5462,32.62227],[-97.48865,32.78011],[-97.45488,32.98695],[-97.34905,33.07602],[-96.9351,33.2935],[-96.88766,33.35253],[-96.94711,33.40166],[-97.10163,33.41125],[-97.26797,33.40092],[-97.4466,33.44928],[-97.54269,33.55688],[-97.56814,33.73366],[-97.48598,33.90122],[-97.23483,33.90234],[-96.87604,33.92266],[-96.68465,33.91274],[-96.56521,33.86338],[-96.49392,33.76491],[-96.25596,33.65584],[-95.87422,33.67293],[-95.53807,33.80723],[-95.1783,33.87141],[-95.02268,33.87889],[-95.00863,33.88593],[-94.94134,33.8708],[-94.85165,33.89717],[-94.73278,33.90203],[-94.60662,33.86481],[-94.43898,33.80221],[-94.30854,33.77503],[-94.20629,33.79365],[-94.1543,33.8273],[-94.16874,33.90082],[-94.26254,34.01446],[-94.42946,34.24797],[-94.52198,34.28817],[-94.68008,34.2738],[-94.80451,34.24122],[-94.87413,34.18321],[-94.97273,34.15349],[-95.25112,34.1789],[-95.4017,34.20897],[-95.66135,34.2204],[-95.80618,34.27279],[-95.79383,34.41719],[-95.68774,34.54367],[-95.28677,34.74145],[-94.88264,34.85879],[-94.62865,34.88211],[-94.40622,34.85334],[-94.25327,34.80481],[-94.00235,34.74329],[-93.79505,34.67192],[-93.68348,34.57146],[-93.43366,34.31711],[-93.41104,34.30973],[-93.28851,34.22476],[-93.1856,34.10583],[-93.13304,33.96508],[-92.84264,33.7452],[-92.72611,33.63755],[-92.68078,33.5313],[-92.64059,33.46893],[-92.58302,33.41225],[-92.5342,33.34167],[-92.47733,33.23374],[-92.45214,33.11545],[-92.45723,32.90954],[-92.44072,32.75044],[-92.37247,32.72665],[-92.29075,32.71812],[-92.20057,32.74618],[-92.08472,32.80076],[-92.0257,32.81287],[-91.87549,32.88567],[-91.76094,32.99156],[-91.67033,33.0534],[-91.4601,33.051],[-90.53259,32.91922],[-90.45143,32.97942],[-90.28174,33.0779],[-90.17302,33.15789],[-89.79063,33.3301],[-89.60845,33.50043],[-89.51122,33.64924],[-89.39426,33.75943],[-89.37034,33.83725],[-89.41455,33.92841],[-89.52736,34.07413],[-89.62536,34.16217],[-89.76176,34.23859],[-89.88006,34.2534],[-90.1374,34.33779],[-90.3206,34.33268],[-90.49157,34.37648],[-90.60194,34.41722],[-90.73366,34.52991],[-90.72012,34.60039],[-90.70249,34.79839],[-90.78948,34.8394],[-90.88687,34.8272],[-91.15782,34.83048],[-91.14531,34.97312],[-91.31865,34.88424],[-91.38804,34.83119],[-91.51351,34.81246],[-91.53535,34.90838],[-91.48967,35.08406],[-91.21881,35.25606],[-91.21224,35.38749],[-91.10761,35.53193],[-90.97364,35.76837],[-90.73666,35.73896],[-90.50985,35.77968],[-90.12242,35.90249],[-89.9453,35.86613],[-89.84384,35.89951],[-89.8342,36.00378],[-89.80939,36.09405],[-89.76936,36.1703],[-89.81363,36.22533],[-89.90596,36.29624],[-90.01606,36.35498],[-90.05474,36.47507],[-90.0565,36.52438],[-90.06722,36.52719],[-90.06504,36.76948],[-90.38398,36.8364],[-90.57831,36.76252],[-90.76008,36.71263],[-91.24189,36.55058],[-91.76056,36.46141],[-91.98528,36.34765],[-92.07246,36.11319],[-92.02889,35.98833],[-91.93531,35.84497],[-91.86413,35.67782],[-91.83726,35.4632],[-91.85335,35.42101],[-92.04173,35.37112],[-92.11392,35.38878],[-92.21376,35.44007],[-92.28612,35.46063],[-92.39627,35.46483],[-92.52247,35.44585],[-92.64924,35.41492],[-92.75201,35.41852],[-92.83183,35.43901],[-93.06951,35.54145],[-93.31765,35.59049],[-93.44328,35.58234],[-93.64572,35.58446],[-93.87961,35.65383],[-93.89297,35.69761],[-93.96158,35.83494],[-94.01074,35.89934],[-94.24755,35.99454],[-94.37272,36.03198],[-94.42815,36.07136],[-94.43118,36.11314],[-94.40288,36.17863],[-94.33659,36.20159],[-94.14169,36.15215],[-94.01116,36.13869],[-93.92759,36.15407],[-93.82515,36.20368],[-93.75064,36.20873],[-93.6815,36.29386],[-93.69725,36.336],[-93.80637,36.45355],[-93.88553,36.55983],[-93.93666,36.71403],[-93.97051,36.74961],[-94.10421,36.82571],[-94.48359,36.81288],[-94.80597,36.78401],[-95.05696,36.78452],[-95.39341,36.86701],[-95.61215,36.96101],[-95.77215,37.07433],[-95.94093,37.10896],[-96.12086,37.10185],[-96.31145,37.0779],[-96.50206,37.0204],[-96.62924,36.8877],[-96.69276,36.77142],[-96.81916,36.71332],[-96.99815,36.75478],[-97.14594,36.84594],[-97.24104,36.88722],[-97.30427,36.87868],[-97.56722,36.80257],[-97.83072,36.80901],[-98.02048,36.95864],[-98.04681,37.00861],[-98.08326,37.25765],[-98.21236,37.42103],[-98.40362,37.50111],[-98.50069,37.59868],[-98.52498,37.7384],[-98.39948,37.80597],[-98.16706,37.83342],[-98.0836,37.90844],[-97.88338,37.99268],[-97.64992,37.99444],[-97.45876,37.97908],[-97.29992,38.0292],[-97.34283,38.09492],[-97.38476,38.10892],[-97.24779,38.10781],[-97.08109,38.14864],[-97.07246,38.18937],[-97.08332,38.21645],[-97.06392,38.27097],[-97.07291,38.33214],[-97.09953,38.36791],[-97.28036,38.42903],[-97.35563,38.51041],[-97.42764,38.55672],[-97.55378,38.61426],[-97.78452,38.6424],[-97.98835,38.68887],[-98.13487,38.65809],[-98.31199,38.63407],[-98.56447,38.62565],[-98.67072,38.59388],[-98.8876,38.55062],[-99.02707,38.49414],[-99.0551,38.45628],[-99.08592,38.44612],[-99.20896,38.28728],[-99.33903,38.03754],[-99.49173,37.85306],[-99.61538,37.75967],[-99.67516,37.76252],[-99.66808,37.79277],[-99.58229,37.90162],[-99.5258,37.99185],[-99.53623,38.05061],[-99.62693,38.13199],[-99.8555,38.18272],[-99.98487,38.17859],[-100.14909,38.11407],[-100.22248,38.06431],[-100.31268,38.04344],[-100.36003,38.07131],[-100.36423,38.14205],[-100.39767,38.19107],[-100.58426,38.19458],[-100.74079,38.18538],[-100.90981,38.27863],[-101.09895,38.44371],[-101.11942,38.49199],[-101.12554,38.53056],[-101.15686,38.56634],[-101.29416,38.55461],[-101.46422,38.57083],[-101.64473,38.62181],[-101.75747,38.68755],[-101.82629,38.77892],[-101.8401,38.85513],[-101.61923,38.9895],[-101.56534,39.09243],[-101.5576,39.19328],[-101.62528,39.2671],[-101.77625,39.3134],[-101.94109,39.35098],[-102.07349,39.39565],[-102.14868,39.40378],[-102.25321,39.36453],[-102.26758,39.26161],[-102.26181,39.1286],[-102.28323,39.03518],[-102.42379,39.00303],[-102.5241,39.00909],[-102.68937,39.03014],[-102.94003,39.11305],[-102.99255,39.10885],[-103.0636,39.06627],[-103.11058,39.07278],[-103.18757,39.1243],[-103.20591,39.17203],[-103.36665,39.30567],[-103.48565,39.38457],[-103.62612,39.42434],[-103.80991,39.39526],[-103.9107,39.40852],[-103.95151,39.44407],[-103.91031,39.53165],[-103.94251,39.60558],[-103.99493,39.631],[-104.11994,39.63325],[-104.12757,39.70859],[-103.97928,39.86268],[-103.8592,39.9521],[-103.70798,40.04257],[-103.49043,40.21719],[-103.40681,40.43434],[-103.14086,40.57147],[-102.99295,40.56822],[-102.9121,40.39814],[-102.81319,40.27033],[-102.63012,40.18423],[-102.34745,40.12083],[-101.95491,39.96275],[-101.71988,39.95791],[-101.58178,39.99866],[-101.55879,40.07755],[-101.57753,40.21871],[-101.59577,40.276],[-101.55587,40.31884],[-101.46376,40.37199],[-101.29127,40.4062],[-101.17311,40.31476],[-101.04211,40.24627],[-101.03927,40.23152],[-101.0513,40.22564],[-101.01149,40.20324],[-100.92352,40.03555],[-100.83012,39.89327],[-100.78094,39.74148],[-100.69899,39.56138],[-100.61611,39.48174],[-100.51903,39.42029],[-100.38404,39.19114],[-100.28165,39.13825],[-100.13394,39.13581],[-99.86108,39.16299],[-99.84846,39.21654],[-99.85128,39.26961],[-99.87984,39.36915],[-99.9965,39.44674],[-100.08735,39.54175],[-100.07033,39.57067],[-99.99301,39.63098],[-99.77138,39.77003],[-99.49108,39.82952],[-99.32457,39.90729],[-99.1517,40.06533],[-99.01778,40.10854],[-98.94545,40.10296],[-98.81268,40.13195],[-98.76921,40.1989],[-98.78647,40.23298],[-98.88426,40.24326],[-98.91547,40.28069],[-98.89675,40.31927],[-98.84537,40.32802],[-98.72463,40.37693],[-98.5783,40.40524],[-98.50744,40.44804],[-98.38,40.45316],[-98.31571,40.43838],[-98.26011,40.38682],[-98.22526,40.41712],[-98.25557,40.48038],[-98.3424,40.53551],[-98.35088,40.64936],[-98.34175,40.68092],[-98.34474,40.70344],[-98.56626,40.83672],[-98.7324,40.91603],[-99.04603,41.02671],[-99.07514,41.08066],[-99.01409,41.17702],[-98.85205,41.27498],[-98.67879,41.31163],[-98.52175,41.26613],[-98.34573,41.17983],[-98.25187,41.06519],[-98.15972,41.02533],[-98.07739,41.02616],[-97.87316,41.12649],[-97.72877,41.06128],[-97.71302,40.89392],[-97.67007,40.89034],[-97.6012,40.94332],[-97.48061,40.99534],[-97.30701,41.04075],[-96.96335,41.05045],[-96.58567,41.15781],[-96.47068,41.27097],[-96.37388,41.4692],[-96.25797,41.5893],[-96.13292,41.62413],[-96.01792,41.60926],[-95.93286,41.50939],[-95.91528,41.3887],[-95.88736,41.33177],[-95.79221,41.30266],[-95.68645,41.30371],[-95.3382,41.46125],[-95.08957,41.5113],[-94.71403,41.51745],[-94.57071,41.50317],[-94.52166,41.53776],[-94.49948,41.57938],[-94.52855,41.62693],[-94.5729,41.86165],[-94.66846,42.00771],[-94.69677,42.11488],[-94.6589,42.19234],[-94.55636,42.2895],[-94.41304,42.36975],[-94.39396,42.45224],[-94.45523,42.554],[-94.53847,42.73309],[-94.51091,42.82734],[-94.45356,42.83815],[-94.37284,42.81888],[-94.28491,42.77574],[-94.16598,42.69638],[-94.11102,42.64788],[-94.06305,42.6291],[-93.95357,42.62672],[-93.81653,42.65066],[-93.79256,42.66338],[-93.68384,42.75666],[-93.52333,43.22073],[-93.4269,43.34866],[-93.42287,43.42965],[-93.55673,43.51779],[-93.76493,43.52819],[-93.91568,43.48863],[-93.95447,43.45188],[-94.09644,43.4388],[-94.66557,43.56225],[-94.85729,43.63511],[-94.87159,43.65682],[-94.82397,43.75283],[-94.76906,43.83797],[-94.74381,43.92896],[-94.74099,44.02031],[-94.75385,44.09042],[-94.82,44.13985],[-94.9019,44.16796],[-94.99814,44.21322],[-95.02003,44.25031],[-95.12178,44.31396],[-95.56705,44.31068],[-95.70115,44.34192],[-95.7547,44.452],[-95.76707,44.62432],[-95.87693,44.88359],[-95.92684,45.12637],[-95.99337,45.29389],[-96.11412,45.44018],[-96.19789,45.49454],[-96.29772,45.47879],[-96.36692,45.45209],[-96.40562,45.3929],[-96.42155,45.2959],[-96.39975,45.12336],[-96.41575,45.00488],[-96.46219,44.87037],[-96.60999,44.62457],[-96.8367,44.53336],[-97.06427,44.5242],[-97.292,44.52596],[-97.82964,44.62901],[-98.01125,44.67166],[-98.0628,44.6965],[-98.08555,44.69776],[-98.17465,44.73641],[-98.57525,44.94405],[-98.88031,45.11786],[-98.99065,45.23263],[-99.13838,45.29188],[-99.34497,45.35675],[-99.55113,45.40076],[-100.07143,45.48533],[-100.20047,45.53021],[-100.32137,45.60263],[-100.2747,45.645],[-100.13127,45.71033],[-100.09619,45.79356],[-100.17569,46.01139],[-100.30173,46.16629],[-100.31126,46.21112],[-100.24373,46.31762],[-100.23934,46.83741],[-100.13836,47.32241],[-100.01089,47.54758],[-99.90111,47.65967],[-99.82082,47.78863],[-99.87258,48.05629],[-100.32574,48.41576],[-100.8755,48.64354],[-101.16442,48.70875],[-101.52154,48.73967],[-102.26944,48.6437],[-102.54916,48.65283],[-102.88303,48.70632],[-103.41002,48.76607],[-103.58402,48.79256],[-103.93099,48.7833],[-104.51528,48.72116],[-104.88453,48.61414],[-105.38625,48.29421],[-105.54199,48.16702],[-105.64945,48.02707],[-105.77917,47.88566],[-105.95473,47.74898],[-106.05041,47.61744],[-105.99207,47.52745],[-105.88288,47.47991],[-105.55134,47.46996],[-105.4559,47.43688],[-105.44668,47.36714],[-105.47455,47.32743],[-105.52418,47.29295],[-105.72572,47.27056],[-105.91237,47.26968],[-106.0378,47.21654],[-106.17732,47.10754],[-106.43704,46.96006],[-106.62952,46.88464],[-106.80262,46.87109],[-107.00268,46.90231],[-107.2336,46.99813],[-107.53642,47.05389],[-107.90355,47.08322],[-108.42662,47.00301],[-109.3456,46.90288],[-110.15273,46.97043],[-110.64942,46.99931],[-110.9095,46.97793],[-111.10814,46.86118],[-111.25995,46.75615],[-111.31298,46.64855],[-111.28876,46.46163],[-111.27722,46.28694],[-111.44634,46.17975],[-111.61331,46.1064],[-111.86024,46.12498],[-112.05392,46.16303],[-112.25306,46.26118],[-112.5963,46.3483],[-112.8172,46.27434],[-112.93607,46.21105],[-113.02065,46.1083],[-113.09481,46.06353],[-113.46209,45.31635],[-113.68121,45.18884],[-113.93905,44.91282],[-114.12013,44.74152],[-114.5006,44.32576],[-114.77531,44.13279],[-115.12901,43.95529],[-115.28116,43.91253],[-115.82878,43.87823],[-116.00019,43.80063],[-116.1332,43.63657],[-116.15228,43.59159],[-116.40099,43.46467],[-116.60038,43.43402],[-116.81331,43.49059],[-116.9845,43.52129],[-117.19095,43.54468],[-117.38999,43.76459],[-117.42081,43.88483],[-117.3861,43.96241],[-117.27579,44.02619],[-117.16688,44.11165],[-116.7509,44.03499],[-116.65115,44.05004],[-116.42998,44.28943],[-116.32212,44.32459],[-116.2865,44.41108],[-116.25614,44.51515],[-116.05742,44.64497],[-115.78093,44.77098],[-115.50524,44.82372],[-115.4768,44.90736],[-115.5071,45.04458],[-115.6446,45.1738],[-116.26928,45.23108],[-116.41364,45.29608],[-116.44011,45.36649],[-116.44068,45.45873],[-116.4001,45.52374],[-116.3773,45.61102],[-116.20594,45.68776],[-116.00024,45.75743],[-115.76852,46.0696],[-115.76328,46.3744],[-115.87321,46.49755],[-115.83777,46.61628],[-115.76022,46.69046],[-115.63472,46.73675],[-115.49424,46.81115],[-115.43041,46.97113],[-115.37809,47.21138],[-115.40116,47.38326],[-115.399,47.5179],[-115.36076,47.67],[-115.36158,47.92639],[-115.3939,48.0222],[-115.51199,48.19103],[-115.54554,48.30559],[-115.57297,48.44614],[-115.64329,48.60607],[-115.72035,48.83434],[-115.69672,49.00172],[-111.99981,48.99999]]],[[[-110.64443,47.89581],[-110.54494,47.90568],[-110.45554,47.97943],[-110.42184,48.05137],[-110.43377,48.13593],[-110.52442,48.21299],[-110.78417,48.27849],[-110.95373,48.24215],[-111.06458,48.24552],[-111.13825,48.26587],[-111.31485,48.50713],[-111.43036,48.63264],[-111.6036,48.77162],[-111.76047,48.87011],[-111.86764,48.91563],[-111.9951,48.94416],[-112.20903,48.89237],[-112.34155,48.82158],[-112.409,48.72688],[-112.31011,48.37724],[-112.21526,48.24716],[-111.88876,48.03548],[-111.33612,47.92261],[-110.74557,47.89069],[-110.64443,47.89581]]],[[[-113.22224,46.41277],[-113.05357,46.41734],[-112.84837,46.4575],[-112.54377,46.55607],[-112.40778,46.55601],[-111.79811,46.51454],[-111.65054,46.56214],[-111.49268,46.66566],[-111.4239,46.81447],[-111.34967,46.94028],[-111.2906,47.03302],[-111.23571,47.09385],[-110.98103,47.12828],[-110.85503,47.12552],[-110.74676,47.15228],[-110.7343,47.2007],[-110.8017,47.24888],[-110.97205,47.34939],[-111.68127,47.59744],[-112.22251,47.64836],[-112.93955,47.5662],[-113.29822,47.43672],[-113.53947,47.25739],[-113.66883,47.0046],[-113.73384,46.81502],[-113.70328,46.65317],[-113.6238,46.52113],[-113.51629,46.45561],[-113.22224,46.41277]]],[[[-98.55099,45.46014],[-98.3941,45.32884],[-98.27361,45.3107],[-97.97929,45.15591],[-97.80232,45.09069],[-97.74495,45.04125],[-97.72495,44.99344],[-97.76318,44.95895],[-97.85906,44.90348],[-97.89664,44.83473],[-97.81842,44.76687],[-97.58615,44.69308],[-97.15785,44.63416],[-96.8786,44.64823],[-96.7046,44.74264],[-96.62232,44.8524],[-96.62201,44.94824],[-96.65042,45.00901],[-96.76146,45.08776],[-96.93763,45.15413],[-96.95779,45.23892],[-96.91855,45.27498],[-96.73507,45.29113],[-96.53613,45.32317],[-96.50513,45.40398],[-96.51241,45.47949],[-96.61816,45.58099],[-96.70147,45.71051],[-96.85552,45.81863],[-96.94366,45.86906],[-97.09354,45.89945],[-97.27239,45.90793],[-97.42519,45.85374],[-97.52664,45.79072],[-97.65359,45.74535],[-97.80726,45.79795],[-97.88516,45.88673],[-97.89945,45.91565],[-97.99738,45.96338],[-98.02324,46.07961],[-98.14057,46.15938],[-98.30018,46.17796],[-98.55663,46.17497],[-98.77407,46.15417],[-98.97626,46.06171],[-98.93251,45.89251],[-98.78815,45.76061],[-98.63021,45.5752],[-98.55099,45.46014]]],[[[-94.98625,44.38435],[-94.7939,44.25779],[-94.65261,44.20174],[-94.57009,43.96911],[-94.49409,43.89977],[-94.43018,43.80754],[-94.28726,43.67053],[-94.22463,43.57977],[-94.15179,43.55593],[-94.09771,43.54922],[-93.98044,43.56911],[-93.8586,43.60278],[-93.83985,43.63484],[-93.77911,43.65498],[-93.549,43.882],[-93.42384,44.06993],[-93.41799,44.18614],[-93.42754,44.19561],[-93.41026,44.26427],[-93.54008,44.45821],[-93.72147,44.56207],[-93.80138,44.61634],[-93.82292,44.63904],[-94.20891,44.91263],[-94.42802,45.00803],[-94.47374,45.04204],[-94.59331,45.32635],[-94.73177,45.41995],[-94.79074,45.42086],[-94.80228,45.42934],[-95.02575,45.45745],[-95.36838,45.44501],[-95.69951,45.40669],[-95.81796,45.37442],[-95.78378,45.29943],[-95.58531,45.20641],[-95.39305,45.07905],[-95.29823,44.90469],[-95.25571,44.72174],[-95.17788,44.56328],[-95.02351,44.42905],[-94.98625,44.38435]]],[[[-98.70214,40.23387],[-98.58257,40.20235],[-98.48945,40.22296],[-98.41286,40.26531],[-98.39545,40.28608],[-98.39544,40.34992],[-98.51443,40.34805],[-98.68133,40.33307],[-98.70214,40.23387]]],[[[-101.06992,39.70294],[-101.2809,39.75216],[-101.44172,39.71216],[-101.49945,39.61031],[-101.59487,39.56924],[-101.91244,39.72574],[-101.99184,39.71711],[-102.01498,39.61066],[-101.99091,39.48081],[-101.96909,39.44295],[-101.66468,39.45206],[-101.32,39.39462],[-101.30604,39.20892],[-101.36694,39.1342],[-101.34062,39.05827],[-101.25741,39.04336],[-101.16298,38.94611],[-101.15175,38.86384],[-101.02591,38.64764],[-101.00332,38.6239],[-101.00453,38.58303],[-101.0396,38.51652],[-101.05312,38.47135],[-100.97219,38.39298],[-100.79222,38.32703],[-100.76938,38.26555],[-100.72724,38.22541],[-100.25128,38.21987],[-100.07401,38.27513],[-100.0084,38.28619],[-99.98321,38.31291],[-100.12462,38.47214],[-100.17433,38.50788],[-100.28421,38.55021],[-100.48284,38.59742],[-100.54037,38.63839],[-100.66368,38.67511],[-100.77362,38.8909],[-100.8365,39.13839],[-100.82794,39.34281],[-100.74547,39.45322],[-100.9108,39.60999],[-101.06992,39.70294]]],[[[-99.89446,38.54591],[-99.75386,38.52547],[-99.68052,38.56075],[-99.69942,38.62822],[-99.83411,38.73751],[-99.89959,38.87237],[-99.89914,38.91113],[-99.93714,38.91548],[-100.05489,38.82372],[-100.11447,38.8091],[-100.09891,38.74602],[-99.99722,38.65839],[-99.89446,38.54591]]],[[[-102.58693,39.64684],[-102.71499,39.6882],[-103.00999,39.63615],[-103.23918,39.54891],[-103.30766,39.47912],[-103.19032,39.27693],[-103.09569,39.18709],[-102.99616,39.1826],[-102.92766,39.25221],[-102.56178,39.48716],[-102.51887,39.57426],[-102.58693,39.64684]]],[[[-92.12181,36.53962],[-92.01463,36.52926],[-91.98061,36.54739],[-91.9781,36.58631],[-92.15359,36.67133],[-92.21965,36.66739],[-92.24083,36.59017],[-92.12181,36.53962]]],[[[-93.81007,36.14235],[-93.84219,36.09956],[-93.85651,36.00652],[-93.89172,35.92249],[-93.86185,35.8708],[-93.80878,35.8652],[-93.81314,35.85024],[-93.73115,35.84813],[-93.63685,35.89483],[-93.60119,36.00869],[-93.64395,36.1238],[-93.72948,36.15171],[-93.81007,36.14235]]],[[[-95.15191,32.72914],[-94.96278,32.9185],[-94.93376,32.99261],[-94.91785,33.07088],[-95.01106,33.10769],[-95.16005,33.06587],[-95.29186,33.06238],[-95.48067,32.99991],[-95.53702,32.93179],[-95.54031,32.90316],[-95.56509,32.88307],[-95.68357,32.85481],[-95.8248,32.88568],[-96.00126,32.94616],[-96.19119,32.83915],[-96.27477,32.7018],[-96.35758,32.64312],[-96.45174,32.64348],[-96.5462,32.56501],[-96.5936,32.44696],[-96.59387,32.35833],[-96.50043,32.26944],[-96.33629,32.28853],[-96.26535,32.37683],[-96.17001,32.55356],[-96.10978,32.71071],[-96.0387,32.7496],[-95.96788,32.75892],[-95.83897,32.6988],[-95.7691,32.63909],[-95.78973,32.60967],[-95.8684,32.58217],[-95.92583,32.51865],[-95.93691,32.46907],[-95.91587,32.3735],[-95.87951,32.29894],[-95.80468,32.27005],[-95.68145,32.27656],[-95.59969,32.3212],[-95.48363,32.42513],[-95.54983,32.52865],[-95.52854,32.64688],[-95.36271,32.67367],[-95.29016,32.66031],[-95.20287,32.67942],[-95.15191,32.72914]]],[[[-92.1056,32.63616],[-92.19294,32.58216],[-92.25877,32.50161],[-92.28784,32.39394],[-92.22489,32.29533],[-92.15573,32.30529],[-92.14248,32.4008],[-92.07318,32.53877],[-91.99422,32.58024],[-91.96096,32.62363],[-91.97427,32.65621],[-92.1056,32.63616]]],[[[-91.77948,32.41136],[-91.89428,32.26476],[-91.95431,32.13635],[-91.93743,32.09012],[-91.91042,32.0612],[-91.66585,32.01976],[-91.50381,31.96127],[-91.47558,31.95793],[-91.44364,31.96698],[-91.41026,31.99713],[-91.39804,32.03021],[-91.41462,32.09717],[-91.36607,32.24998],[-91.31431,32.35445],[-91.3227,32.3917],[-91.34607,32.41576],[-91.46188,32.47035],[-91.58713,32.51092],[-91.70746,32.48704],[-91.77948,32.41136]]],[[[-92.20598,32.11206],[-92.28738,32.11538],[-92.37652,32.09251],[-92.4189,31.89318],[-92.3829,31.8653],[-92.36485,31.86201],[-92.11981,31.87042],[-92.07861,31.93218],[-92.06171,32.00553],[-92.11331,32.08706],[-92.20598,32.11206]]],[[[-93.79926,31.95814],[-93.54904,31.9575],[-93.52341,32.02719],[-93.6097,32.16445],[-93.64908,32.26785],[-93.72677,32.3704],[-93.79491,32.39867],[-93.87626,32.4114],[-93.93383,32.38648],[-93.95517,32.31835],[-93.96032,32.17582],[-93.95083,32.09101],[-93.93995,32.0515],[-93.88211,31.97315],[-93.79926,31.95814]]],[[[-92.81451,32.10481],[-92.61491,32.04491],[-92.48976,32.05329],[-92.49607,32.22443],[-92.79595,32.47208],[-93.06512,32.57991],[-93.17928,32.58287],[-93.2679,32.4995],[-93.33873,32.40703],[-93.3206,32.30565],[-93.27496,32.27603],[-93.01316,32.19058],[-92.81451,32.10481]]],[[[-96.01194,33.05447],[-95.98732,33.14282],[-96.06898,33.27127],[-96.22244,33.37054],[-96.36451,33.44989],[-96.45954,33.4699],[-96.62611,33.45067],[-96.78076,33.3722],[-96.81642,33.29354],[-96.75722,33.16565],[-96.60346,33.0769],[-96.44985,33.02729],[-96.31988,33.00709],[-96.10696,33.01576],[-96.01194,33.05447]]],[[[-94.48161,33.20196],[-94.4075,33.04303],[-94.40429,33.00202],[-94.36968,32.9717],[-94.25154,32.96908],[-94.13239,32.99584],[-94.10363,33.02959],[-94.10822,33.06025],[-94.09087,33.09418],[-94.09211,33.11322],[-94.04556,33.21879],[-93.97959,33.26458],[-93.79919,33.30736],[-93.71799,33.37037],[-93.68606,33.45247],[-93.7121,33.51837],[-93.75402,33.54455],[-93.83548,33.56709],[-93.89992,33.54254],[-94.06363,33.4024],[-94.37908,33.44892],[-94.50193,33.58257],[-94.68915,33.70416],[-94.8583,33.77764],[-94.93041,33.73979],[-95.05176,33.65326],[-95.07715,33.58483],[-95.05485,33.49942],[-95.01139,33.52626],[-94.90036,33.52444],[-94.74386,33.44305],[-94.48161,33.20196]]],[[[-93.47963,33.58358],[-93.52953,33.55071],[-93.57015,33.43382],[-93.55665,33.18744],[-93.56156,33.06946],[-93.54582,32.96269],[-93.55396,32.89892],[-93.51998,32.8029],[-93.44528,32.7743],[-93.34421,32.77124],[-93.26628,32.81634],[-93.15419,32.91309],[-93.01979,32.94034],[-92.84179,32.95008],[-92.79924,33.03833],[-92.85915,33.10907],[-92.91761,33.12753],[-92.93003,33.14805],[-93.14802,33.30293],[-93.28324,33.46465],[-93.36121,33.58509],[-93.44369,33.60723],[-93.47963,33.58358]]],[[[-93.65773,34.1716],[-93.65235,34.3029],[-93.65876,34.30265],[-93.6582,34.31645],[-93.71492,34.34759],[-93.77262,34.35504],[-93.85253,34.3512],[-93.90435,34.32293],[-93.91337,34.2758],[-93.79388,34.02735],[-93.69578,33.97542],[-93.6234,34.03096],[-93.65773,34.1716]]],[[[-95.31948,34.3737],[-94.87924,34.42544],[-94.76626,34.44847],[-94.68293,34.50528],[-94.68061,34.58853],[-94.75156,34.61481],[-94.87436,34.60449],[-94.98195,34.62441],[-95.46272,34.57886],[-95.59843,34.4947],[-95.60483,34.40207],[-95.52707,34.3722],[-95.31948,34.3737]]],[[[-101.70628,31.22877],[-101.6327,31.21642],[-101.58486,31.22883],[-101.54487,31.27198],[-101.52725,31.33488],[-101.56392,31.3903],[-101.6753,31.42178],[-101.83054,31.42272],[-101.90548,31.45301],[-101.97267,31.50432],[-102.02801,31.51212],[-102.11897,31.50527],[-102.2572,31.43131],[-102.2735,31.40202],[-102.23651,31.34942],[-102.14943,31.31992],[-102.04776,31.29881],[-101.91953,31.28919],[-101.83837,31.25401],[-101.77127,31.24923],[-101.70628,31.22877]]],[[[-83.53873,31.25509],[-83.4753,31.27869],[-83.33322,31.29804],[-83.23291,31.34228],[-83.20352,31.39215],[-83.21007,31.41236],[-83.19144,31.48171],[-83.12808,31.55496],[-83.03905,31.55475],[-82.97329,31.53034],[-82.88082,31.51335],[-82.76695,31.50978],[-82.70349,31.54497],[-82.60802,31.75987],[-82.6019,31.79422],[-82.4826,31.98703],[-82.21154,32.24243],[-82.12872,32.29915],[-81.98964,32.48352],[-81.87689,32.67415],[-81.73468,32.72617],[-81.65006,32.90451],[-81.65596,32.99512],[-81.64948,33.05282],[-81.55785,33.22791],[-81.50888,33.43221],[-81.53531,33.47641],[-81.5516,33.47985],[-81.58637,33.5526],[-81.66666,33.5827],[-81.68658,33.52068],[-81.71203,33.34944],[-81.77509,33.30606],[-82.05097,33.25783],[-82.36577,33.26467],[-82.55255,33.28685],[-82.70797,33.34095],[-82.84541,33.39993],[-82.87612,33.44119],[-82.74905,33.58855],[-82.71664,33.70138],[-82.64392,33.77017],[-82.63293,33.87056],[-82.6926,33.88777],[-82.81532,33.87266],[-82.86337,33.8396],[-82.90228,33.70537],[-82.99716,33.5836],[-83.02272,33.45192],[-83.14407,33.37651],[-83.28442,33.35121],[-83.29748,33.33913],[-83.30244,33.30809],[-83.28961,33.30317],[-83.21152,33.21209],[-83.23852,33.1647],[-83.26093,33.0895],[-83.22823,33.03496],[-83.20153,32.94606],[-83.28019,32.84254],[-83.37041,32.75204],[-83.40628,32.6784],[-83.38602,32.60586],[-83.31856,32.59194],[-83.29263,32.59483],[-83.26966,32.5776],[-83.24379,32.54077],[-83.25848,32.5021],[-83.31255,32.46816],[-83.39918,32.38415],[-83.45077,32.26896],[-83.4595,32.07443],[-83.44361,31.88365],[-83.4239,31.84017],[-83.42387,31.80165],[-83.40151,31.74497],[-83.41154,31.70662],[-83.48881,31.67521],[-83.59704,31.70285],[-83.60424,31.71314],[-83.72027,31.71378],[-83.7555,31.66722],[-83.76155,31.46116],[-83.633,31.26638],[-83.59188,31.23803],[-83.53873,31.25509]]],[[[-83.73252,34.39478],[-83.67881,34.57502],[-83.66585,34.5985],[-83.60811,34.63225],[-83.57685,34.69014],[-83.48863,34.71588],[-83.36131,34.72925],[-83.29873,34.83075],[-83.28173,34.84204],[-83.24701,34.88791],[-83.15778,34.94658],[-83.03905,34.98576],[-82.95901,34.99221],[-82.91872,34.96082],[-82.94051,34.84108],[-82.9014,34.77395],[-82.85848,34.75145],[-82.67834,34.6977],[-82.55353,34.62917],[-82.41323,34.57452],[-82.38919,34.55037],[-82.30506,34.52116],[-82.19134,34.45326],[-82.06265,34.42374],[-81.99181,34.3507],[-81.98976,34.25981],[-81.93875,34.22431],[-81.91198,34.2146],[-81.86707,34.21956],[-81.74499,34.30429],[-81.59737,34.47185],[-81.56275,34.55717],[-81.55461,34.59802],[-81.57069,34.63987],[-81.53363,34.73846],[-81.46988,34.81247],[-81.43733,34.87371],[-81.46449,34.9444],[-81.58097,35.0352],[-81.72645,35.13797],[-81.82444,35.16738],[-81.94451,35.14003],[-81.9971,35.08054],[-82.07147,34.96432],[-82.15636,34.89966],[-82.24567,34.91927],[-82.29387,35.00565],[-82.29705,35.05607],[-82.26307,35.22258],[-82.28247,35.28881],[-82.30304,35.31551],[-82.35308,35.33378],[-82.53223,35.33968],[-82.56218,35.39122],[-82.58265,35.46141],[-82.75324,35.43028],[-82.92052,35.45556],[-82.93121,35.47375],[-82.88046,35.52698],[-82.8597,35.58136],[-82.85198,35.70445],[-82.86655,35.73029],[-82.91568,35.7671],[-82.95141,35.78337],[-83.05924,35.79165],[-83.1239,35.74189],[-83.19675,35.72347],[-83.28095,35.72167],[-83.34972,35.69886],[-83.44088,35.64402],[-83.51621,35.61035],[-83.5674,35.5912],[-83.71328,35.56344],[-83.74134,35.54769],[-83.80706,35.37594],[-83.83206,35.33188],[-83.87258,35.2989],[-83.92136,35.28485],[-83.94213,35.26591],[-84.12031,35.17386],[-84.17046,35.06777],[-84.17392,35.00228],[-84.13217,34.9681],[-84.04766,34.91989],[-83.97547,34.90896],[-83.88892,34.91736],[-83.70329,34.96613],[-83.60516,34.96441],[-83.54102,34.93368],[-83.52792,34.87594],[-83.54855,34.82827],[-83.59107,34.77635],[-83.65678,34.66849],[-83.7431,34.5792],[-83.87004,34.50818],[-83.99178,34.46671],[-84.04856,34.47025],[-84.09763,34.49491],[-84.12751,34.48621],[-84.12537,34.45874],[-84.09583,34.38834],[-84.03884,34.33503],[-83.94634,34.29789],[-83.8278,34.3182],[-83.73252,34.39478]]],[[[-84.35039,34.89928],[-84.3825,34.95639],[-84.38151,35.01348],[-84.29474,35.12459],[-84.28823,35.16416],[-84.32533,35.22757],[-84.37396,35.25001],[-84.42229,35.20146],[-84.50336,35.14102],[-84.55474,35.12219],[-84.65641,35.00541],[-84.69286,34.82814],[-84.66422,34.64404],[-84.57316,34.59421],[-84.43744,34.56637],[-84.27054,34.62897],[-84.25163,34.79471],[-84.35039,34.89928]]],[[[-84.7411,35.27593],[-84.65585,35.37817],[-84.66711,35.41676],[-84.74356,35.41525],[-84.81904,35.43584],[-84.8602,35.54101],[-84.93262,35.5636],[-84.97625,35.56801],[-85.08102,35.52516],[-85.10906,35.49815],[-85.14034,35.39646],[-85.11058,35.18803],[-85.06675,35.17214],[-84.91932,35.18619],[-84.82941,35.21627],[-84.7411,35.27593]]],[[[-82.98976,37.34006],[-83.09581,37.34127],[-83.23041,37.31948],[-83.26357,37.30576],[-83.32284,37.24044],[-83.38512,37.14271],[-83.41501,37.0697],[-83.42001,37.01136],[-83.4196,36.98296],[-83.39902,36.97411],[-83.32296,36.96556],[-83.21739,36.9566],[-83.07714,36.96303],[-82.94419,36.94769],[-82.82727,36.95546],[-82.46639,37.09996],[-82.257,37.16033],[-82.17697,37.22017],[-82.16446,37.24982],[-82.1639,37.32571],[-82.18632,37.36949],[-82.22717,37.40286],[-82.29263,37.41078],[-82.52734,37.3668],[-82.72061,37.34811],[-82.83054,37.35658],[-82.98976,37.34006]]],[[[-84.63119,36.0023],[-84.69192,35.99528],[-84.70546,35.97694],[-84.68564,35.91906],[-84.63976,35.87693],[-84.57496,35.87958],[-84.50491,35.91439],[-84.51542,35.95757],[-84.63119,36.0023]]],[[[-89.55966,42.66179],[-89.49888,42.66144],[-89.44095,42.72709],[-89.4079,42.83127],[-89.29032,42.97304],[-89.13351,43.1337],[-88.88904,43.33679],[-88.76748,43.40191],[-88.64107,43.45428],[-88.595,43.53109],[-88.66876,43.60011],[-89.05461,43.45306],[-89.41014,43.28681],[-89.50002,43.17336],[-89.6753,42.89695],[-89.71182,42.82239],[-89.69312,42.75867],[-89.63827,42.69919],[-89.55966,42.66179]]],[[[-89.36175,42.01523],[-89.12293,41.99344],[-88.96496,41.99931],[-88.90635,42.03205],[-88.88043,42.07438],[-88.91256,42.19401],[-89.03693,42.31083],[-89.16727,42.37745],[-89.29335,42.38481],[-89.4383,42.34425],[-89.5965,42.23728],[-89.66399,42.10335],[-89.65776,42.09373],[-89.57747,42.05839],[-89.36175,42.01523]]],[[[-122.30205,48.00566],[-122.32717,48.0104],[-122.33418,48.01952],[-122.32142,48.02199],[-122.30205,48.00566]]],[[[-122.68552,48.10202],[-122.68567,48.10192],[-122.68585,48.10215],[-122.68552,48.10202]]],[[[-123.1726,47.5656],[-123.20345,47.39645],[-123.15585,47.31627],[-122.74344,47.44097],[-122.54311,47.57654],[-122.54746,47.5658],[-122.53137,47.56603],[-122.54116,47.55715],[-122.53741,47.54432],[-122.54546,47.52304],[-122.50246,47.51999],[-122.49345,47.51046],[-122.52908,47.47085],[-122.53177,47.42805],[-122.54837,47.42366],[-122.54011,47.41643],[-122.5528,47.39417],[-122.53545,47.3742],[-122.57079,47.32862],[-122.58173,47.33627],[-122.56605,47.30571],[-122.54889,47.29125],[-122.55046,47.27744],[-122.58115,47.25538],[-122.59885,47.26615],[-122.58993,47.27961],[-122.61195,47.2995],[-122.61654,47.29667],[-122.59778,47.27443],[-122.61436,47.27051],[-122.64469,47.27923],[-122.64911,47.27135],[-122.64358,47.26592],[-122.62628,47.26756],[-122.602,47.23944],[-122.58862,47.23873],[-122.60061,47.21695],[-122.62157,47.22536],[-122.66785,47.27289],[-122.66813,47.28116],[-122.65393,47.27587],[-122.65414,47.2823],[-122.67842,47.28927],[-122.68607,47.27858],[-122.69424,47.28304],[-122.69205,47.29733],[-122.68706,47.28821],[-122.67736,47.29756],[-122.68908,47.3084],[-122.67647,47.33113],[-122.6618,47.33228],[-122.6688,47.3216],[-122.65292,47.32644],[-122.65334,47.33931],[-122.67016,47.34226],[-122.62232,47.37197],[-122.63045,47.39575],[-122.62628,47.41145],[-122.63781,47.39564],[-122.63132,47.38148],[-122.68951,47.36127],[-122.69574,47.3676],[-122.69744,47.35838],[-122.69069,47.35665],[-122.71231,47.34343],[-122.73509,47.3449],[-122.73331,47.33206],[-122.72534,47.33357],[-122.75231,47.28211],[-122.76733,47.27221],[-122.74869,47.27389],[-122.75414,47.25772],[-122.73506,47.26584],[-122.73785,47.24971],[-122.72042,47.2477],[-122.72227,47.22331],[-122.74448,47.20963],[-122.74973,47.22654],[-122.7565,47.20989],[-122.74799,47.19533],[-122.7395,47.20052],[-122.7532,47.17227],[-122.76634,47.16654],[-122.7775,47.1806],[-122.77116,47.18989],[-122.78299,47.1851],[-122.80662,47.21228],[-122.79826,47.22115],[-122.82339,47.23314],[-122.82981,47.24497],[-122.81995,47.26812],[-122.79333,47.28971],[-122.7814,47.31151],[-122.79195,47.30766],[-122.78909,47.34034],[-122.76568,47.33981],[-122.78722,47.34405],[-122.7846,47.36478],[-122.80843,47.35795],[-122.81596,47.38173],[-122.81174,47.39468],[-122.81948,47.40558],[-122.8268,47.40454],[-122.82317,47.39633],[-122.83319,47.37731],[-122.82494,47.37101],[-122.82499,47.35354],[-122.84046,47.3188],[-122.86152,47.30971],[-122.86925,47.32015],[-122.86533,47.30412],[-122.92221,47.28843],[-122.92869,47.24695],[-122.93873,47.24769],[-122.93519,47.20639],[-122.99105,47.20172],[-123.00409,47.21113],[-123.06945,47.21039],[-123.04404,47.22603],[-123.02983,47.22124],[-123.04706,47.23516],[-123.0125,47.25648],[-123.01991,47.25818],[-123.09619,47.21173],[-123.09531,47.20623],[-123.00849,47.20416],[-122.99621,47.19703],[-122.94439,47.20255],[-122.94013,47.19573],[-122.95795,47.1729],[-123.00135,47.1616],[-123.24864,47.19025],[-123.35303,47.38025],[-123.38844,47.40817],[-123.4709,47.43047],[-123.60742,47.43835],[-123.78587,47.39977],[-124.0144,47.24685],[-124.19215,47.16445],[-124.23708,47.28628],[-124.13058,47.3489],[-123.88215,47.4542],[-123.83816,47.61532],[-123.87455,47.69791],[-124.06911,47.821],[-124.08109,47.93132],[-123.90014,47.92369],[-123.5678,47.87063],[-123.51042,47.75859],[-123.1726,47.5656]]],[[[-122.65493,48.40231],[-122.63532,48.40537],[-122.63043,48.4013],[-122.63573,48.39706],[-122.62621,48.39675],[-122.60633,48.41228],[-122.59016,48.39544],[-122.58416,48.39923],[-122.57793,48.3744],[-122.5957,48.35706],[-122.51791,48.32314],[-122.50491,48.29795],[-122.53293,48.28279],[-122.55595,48.28153],[-122.55835,48.2718],[-122.56498,48.28831],[-122.58291,48.29728],[-122.61538,48.29448],[-122.62672,48.26801],[-122.64676,48.27924],[-122.63328,48.28175],[-122.63553,48.28818],[-122.64571,48.28848],[-122.66035,48.27995],[-122.65092,48.26165],[-122.66045,48.24259],[-122.71045,48.23765],[-122.73179,48.22763],[-122.71983,48.21491],[-122.64842,48.22709],[-122.60929,48.21201],[-122.58613,48.18699],[-122.55838,48.12378],[-122.57125,48.1033],[-122.54673,48.07647],[-122.54805,48.05387],[-122.53692,48.04389],[-122.54011,48.01665],[-122.51999,48.0211],[-122.5084,48.0397],[-122.51797,48.06445],[-122.51214,48.07283],[-122.52512,48.09891],[-122.49059,48.09757],[-122.4467,48.05486],[-122.37582,48.03464],[-122.37232,48.00703],[-122.35272,47.98287],[-122.34736,47.96037],[-122.35286,47.94049],[-122.37665,47.92313],[-122.37613,47.90517],[-122.40615,47.9172],[-122.43108,47.9164],[-122.44514,47.93554],[-122.4411,47.95864],[-122.47648,47.98993],[-122.50606,47.98582],[-122.51849,47.9732],[-122.54195,47.96779],[-122.55293,47.97362],[-122.54269,47.99127],[-122.54706,48.00134],[-122.58183,48.01143],[-122.60818,48.03269],[-122.59302,48.04445],[-122.61306,48.07871],[-122.59734,48.1149],[-122.60731,48.15117],[-122.63212,48.16463],[-122.6779,48.157],[-122.68879,48.17851],[-122.70963,48.19386],[-122.76744,48.22014],[-122.75904,48.25118],[-122.66849,48.36102],[-122.66371,48.40079],[-122.65493,48.40231]]],[[[-122.70679,48.46797],[-122.69164,48.46266],[-122.69895,48.45793],[-122.70679,48.46797]]],[[[-122.70392,48.48371],[-122.68566,48.48722],[-122.68535,48.47799],[-122.70223,48.47404],[-122.7112,48.47759],[-122.70392,48.48371]]],[[[-122.78563,48.52395],[-122.79688,48.51499],[-122.78445,48.50965],[-122.81538,48.48052],[-122.82436,48.48406],[-122.81454,48.49485],[-122.82733,48.50987],[-122.83544,48.50835],[-122.83571,48.51573],[-122.81699,48.52528],[-122.78563,48.52395]]],[[[-122.5766,48.54429],[-122.57134,48.52913],[-122.59206,48.53805],[-122.63045,48.52547],[-122.64759,48.52891],[-122.65165,48.5487],[-122.64336,48.56545],[-122.65088,48.58658],[-122.63654,48.58587],[-122.62653,48.57171],[-122.5766,48.54429]]],[[[-122.88138,48.57269],[-122.88211,48.55559],[-122.87183,48.55391],[-122.87622,48.54368],[-122.85235,48.5427],[-122.87405,48.50308],[-122.85078,48.48086],[-122.86297,48.46079],[-122.84256,48.46068],[-122.85436,48.44848],[-122.84747,48.44583],[-122.82285,48.46101],[-122.83268,48.46962],[-122.81937,48.47769],[-122.81168,48.47181],[-122.81725,48.45649],[-122.79993,48.44754],[-122.81365,48.43208],[-122.80255,48.4258],[-122.85712,48.43089],[-122.86174,48.42712],[-122.85335,48.4208],[-122.88385,48.41844],[-122.89217,48.42291],[-122.87675,48.42871],[-122.88789,48.43591],[-122.86742,48.43395],[-122.86433,48.44231],[-122.89388,48.45057],[-122.91006,48.44707],[-122.92144,48.46026],[-122.94042,48.45855],[-122.93301,48.51454],[-122.91902,48.52263],[-122.91608,48.51668],[-122.9325,48.50116],[-122.91381,48.51071],[-122.91938,48.55033],[-122.89104,48.55774],[-122.89207,48.56696],[-122.88138,48.57269]]],[[[-122.80834,48.58777],[-122.78482,48.57799],[-122.76985,48.5593],[-122.80974,48.53187],[-122.82323,48.54734],[-122.81595,48.553],[-122.82762,48.55558],[-122.82893,48.57311],[-122.82787,48.58144],[-122.80834,48.58777]]],[[[-122.70115,48.60196],[-122.69019,48.60029],[-122.6891,48.5883],[-122.69801,48.59],[-122.66526,48.56835],[-122.69475,48.55403],[-122.68245,48.55284],[-122.68285,48.54452],[-122.71675,48.54029],[-122.72264,48.55313],[-122.7175,48.56198],[-122.73836,48.57412],[-122.73669,48.58523],[-122.71433,48.60868],[-122.70115,48.60196]]],[[[-122.6707,48.62877],[-122.6602,48.62061],[-122.65911,48.60862],[-122.69772,48.62142],[-122.6707,48.62877]]],[[[-122.58014,48.65416],[-122.57713,48.64543],[-122.59091,48.64984],[-122.58508,48.65917],[-122.58014,48.65416]]],[[[-123.00459,48.58717],[-122.96334,48.59575],[-122.93779,48.58696],[-122.9402,48.57861],[-122.93257,48.57504],[-122.92546,48.58533],[-122.90145,48.58112],[-122.92052,48.56278],[-122.95106,48.55948],[-122.94125,48.55226],[-122.94852,48.54659],[-122.97945,48.5539],[-122.98803,48.56437],[-122.97082,48.55959],[-122.97938,48.5696],[-122.99622,48.58224],[-123.01394,48.58238],[-123.00459,48.58717]]],[[[-123.04535,48.61831],[-123.03628,48.61293],[-123.04924,48.61316],[-123.05087,48.62006],[-123.04535,48.61831]]],[[[-122.61078,48.71469],[-122.60484,48.69999],[-122.61485,48.69291],[-122.63201,48.69588],[-122.64893,48.7118],[-122.61526,48.70538],[-122.61417,48.71371],[-122.62528,48.71955],[-122.61078,48.71469]]],[[[-123.1452,48.6257],[-123.13633,48.6254],[-123.14572,48.62153],[-123.13817,48.62029],[-123.10625,48.62366],[-123.09492,48.61324],[-123.10469,48.60197],[-123.10046,48.59836],[-123.07645,48.59464],[-123.04756,48.57069],[-123.01035,48.56027],[-123.00376,48.54839],[-123.01905,48.53888],[-122.99955,48.52768],[-122.98558,48.53624],[-122.96764,48.53009],[-122.98002,48.51556],[-123.01366,48.52281],[-123.02209,48.49449],[-123.00601,48.4837],[-123.00551,48.47078],[-122.98676,48.46096],[-122.96362,48.46045],[-122.96596,48.46825],[-122.95834,48.46469],[-122.9579,48.45316],[-123.03497,48.45871],[-123.06204,48.47253],[-123.06712,48.48029],[-123.06061,48.48779],[-123.07355,48.48802],[-123.07256,48.48019],[-123.09098,48.48169],[-123.15021,48.51521],[-123.17423,48.56925],[-123.1525,48.57105],[-123.15078,48.57894],[-123.16071,48.57182],[-123.17053,48.57856],[-123.16827,48.58969],[-123.15881,48.59172],[-123.15922,48.58524],[-123.14675,48.5804],[-123.15478,48.59318],[-123.14259,48.59526],[-123.13478,48.60418],[-123.13843,48.61012],[-123.16982,48.59428],[-123.16154,48.60829],[-123.14869,48.61085],[-123.15429,48.61444],[-123.1452,48.6257]]],[[[-123.17271,48.61455],[-123.18509,48.60092],[-123.16878,48.60215],[-123.17941,48.59548],[-123.17562,48.58632],[-123.18317,48.58756],[-123.18568,48.5986],[-123.19819,48.58819],[-123.20124,48.59599],[-123.19225,48.60909],[-123.17783,48.62323],[-123.17271,48.61455]]],[[[-122.76167,48.69478],[-122.7651,48.69518],[-122.76895,48.7076],[-122.76167,48.69478]]],[[[-123.10612,48.63706],[-123.12382,48.63626],[-123.16393,48.64983],[-123.10612,48.63706]]],[[[-122.66423,48.70001],[-122.61756,48.67161],[-122.60702,48.64174],[-122.6724,48.67909],[-122.68912,48.70933],[-122.71662,48.7149],[-122.72133,48.73239],[-122.71026,48.74828],[-122.68933,48.73567],[-122.66423,48.70001]]],[[[-122.94186,48.71209],[-122.87495,48.71232],[-122.73931,48.66049],[-122.76527,48.64205],[-122.797,48.63276],[-122.80742,48.61919],[-122.7986,48.60132],[-122.81516,48.60705],[-122.82856,48.60037],[-122.82934,48.62206],[-122.84637,48.62178],[-122.86498,48.64549],[-122.87379,48.64395],[-122.88106,48.65584],[-122.88005,48.68405],[-122.89825,48.69621],[-122.89803,48.69021],[-122.90703,48.69375],[-122.92036,48.6852],[-122.90825,48.67154],[-122.90686,48.65263],[-122.88181,48.6392],[-122.87573,48.62267],[-122.86103,48.6123],[-122.86267,48.60118],[-122.88882,48.58965],[-122.89867,48.5978],[-122.92705,48.5913],[-122.95208,48.60427],[-122.94816,48.6265],[-122.98494,48.64295],[-122.99143,48.63452],[-122.97652,48.61908],[-122.97459,48.60479],[-123.00146,48.59462],[-123.00304,48.60013],[-122.98754,48.60456],[-122.99947,48.63068],[-123.01849,48.6114],[-123.03015,48.63059],[-123.00665,48.65735],[-122.95524,48.6869],[-122.94186,48.71209]]],[[[-123.13297,48.66012],[-123.1628,48.67156],[-123.15398,48.67312],[-123.13297,48.66012]]],[[[-122.83811,48.75083],[-122.82561,48.74503],[-122.84617,48.747],[-122.83811,48.75083]]],[[[-123.00647,48.72297],[-123.00175,48.70688],[-123.0098,48.7035],[-123.0079,48.68967],[-123.03276,48.67952],[-123.04231,48.67935],[-123.036,48.6924],[-123.06915,48.70196],[-123.04749,48.70698],[-123.04109,48.71772],[-123.00647,48.72297]]],[[[-123.20374,48.68788],[-123.2048,48.68047],[-123.16232,48.67666],[-123.16897,48.67237],[-123.16461,48.66599],[-123.20193,48.67729],[-123.17944,48.66155],[-123.21387,48.6692],[-123.23451,48.68913],[-123.20374,48.68788]]],[[[-122.9136,48.75972],[-122.88316,48.74961],[-122.91261,48.75142],[-122.90517,48.7534],[-122.9136,48.75972]]],[[[-122.91127,48.77039],[-122.87551,48.76453],[-122.91789,48.76473],[-122.91127,48.77039]]],[[[-122.94115,48.78328],[-122.96868,48.78835],[-122.93993,48.78746],[-122.94115,48.78328]]],[[[-122.75386,49.00329],[-121.19349,49.00061],[-121.10811,48.73577],[-121.05146,48.22019],[-120.97513,47.88902],[-120.82585,47.62177],[-120.83351,47.51622],[-120.95648,47.3597],[-121.01328,47.25624],[-121.30275,47.1966],[-121.44059,47.06706],[-121.51373,46.86876],[-121.43423,46.60069],[-121.44437,46.36707],[-121.46952,46.20373],[-121.44091,46.1465],[-120.82391,46.13612],[-120.60992,46.11496],[-120.42474,46.05828],[-120.21858,46.04127],[-120.16186,46.07215],[-120.23318,46.1458],[-120.62784,46.36613],[-120.5899,46.5055],[-120.50669,46.56427],[-120.36641,46.52701],[-120.29437,46.44835],[-120.10191,46.42622],[-119.95008,46.31594],[-119.72646,46.08963],[-119.5964,45.84647],[-119.6304,45.74342],[-119.73872,45.58907],[-120.00766,45.36198],[-120.6434,45.19546],[-120.69937,45.18924],[-120.91066,45.19134],[-121.08882,45.23302],[-121.27238,45.3141],[-121.4527,45.43627],[-121.65168,45.55484],[-121.82711,45.60993],[-122.01031,45.60908],[-122.2498,45.52928],[-122.49825,45.39968],[-123.26445,45.14585],[-123.49943,45.03699],[-123.81672,44.84932],[-124.06427,44.75141],[-124.07516,44.77709],[-124.0687,44.78867],[-124.07432,44.79766],[-124.06343,44.81074],[-124.06706,44.83073],[-124.05225,44.843],[-124.02556,44.92362],[-124.02913,44.89338],[-124.00835,44.90261],[-124.00762,44.91359],[-124.0201,44.91783],[-124.01481,44.92756],[-124.02661,44.93136],[-124.00997,45.02041],[-124.01487,45.02759],[-124.00706,45.03876],[-124.01126,45.04505],[-123.97624,45.02997],[-124.01663,45.04902],[-124.00972,45.07664],[-123.77886,45.25637],[-123.63721,45.42049],[-123.44935,45.72698],[-123.39278,45.97111],[-123.30569,46.13918],[-123.26602,46.13277],[-123.23346,46.13893],[-123.20066,46.1721],[-123.17413,46.18179],[-123.14801,46.16947],[-123.09734,46.16678],[-123.06733,46.15498],[-123.03873,46.12849],[-122.99902,46.11961],[-122.90631,46.07869],[-122.86594,45.99469],[-122.82413,45.96062],[-122.82548,45.92443],[-122.8184,45.92776],[-122.81777,45.90992],[-122.7931,45.85816],[-122.80213,45.85481],[-122.79686,45.85352],[-122.80556,45.84056],[-122.83029,45.83785],[-122.82297,45.83386],[-122.83653,45.8295],[-122.86536,45.79469],[-122.85371,45.79764],[-122.8165,45.8358],[-122.80812,45.83914],[-122.8137,45.83035],[-122.80468,45.83417],[-122.79092,45.85179],[-122.80126,45.81089],[-122.7696,45.76338],[-122.78145,45.68999],[-122.76781,45.65317],[-122.79389,45.63489],[-122.79736,45.62202],[-122.78236,45.60216],[-122.7874,45.63545],[-122.76449,45.65139],[-122.68409,45.60423],[-122.60254,45.59912],[-122.54306,45.57031],[-122.49982,45.56044],[-122.37578,45.56907],[-122.32741,45.53728],[-122.2618,45.54089],[-122.1786,45.56892],[-122.19062,45.55551],[-122.20879,45.55345],[-122.18795,45.5528],[-122.16302,45.57048],[-122.06525,45.59177],[-121.93737,45.63846],[-121.94083,45.64782],[-121.95256,45.64815],[-121.9737,45.63192],[-122.01598,45.62917],[-122.06298,45.60577],[-122.14342,45.59384],[-122.21168,45.56465],[-122.26685,45.55982],[-122.32616,45.56315],[-122.3546,45.57968],[-122.39629,45.58093],[-122.39124,45.58649],[-122.43857,45.57988],[-122.61809,45.61743],[-122.64138,45.61249],[-122.66635,45.61941],[-122.745,45.65335],[-122.76186,45.66999],[-122.76838,45.68909],[-122.75803,45.72997],[-122.75869,45.76885],[-122.78758,45.81183],[-122.77788,45.87195],[-122.80467,45.90948],[-122.79657,45.93983],[-122.78516,45.95055],[-122.83002,45.97955],[-122.87535,46.03828],[-122.86747,46.05628],[-122.87228,46.08092],[-122.90838,46.09952],[-122.89343,46.10345],[-122.94588,46.10252],[-123.00508,46.14128],[-123.02821,46.14498],[-123.04478,46.1662],[-123.12656,46.19167],[-123.17059,46.19174],[-123.27278,46.15305],[-123.29765,46.15465],[-123.22791,46.28859],[-122.60598,46.65619],[-122.55024,46.70952],[-122.50088,46.80762],[-122.55671,46.94697],[-122.70185,47.09945],[-122.68278,47.0999],[-122.65127,47.13393],[-122.61986,47.15233],[-122.61248,47.17128],[-122.58441,47.19008],[-122.56393,47.23864],[-122.52928,47.28373],[-122.5484,47.31838],[-122.50864,47.30747],[-122.47852,47.28355],[-122.44611,47.2716],[-122.43139,47.24791],[-122.43526,47.26624],[-122.42248,47.26274],[-122.43201,47.26904],[-122.41718,47.26419],[-122.42407,47.27145],[-122.4126,47.26747],[-122.42149,47.2747],[-122.41156,47.2776],[-122.39188,47.26684],[-122.41369,47.28171],[-122.40915,47.28636],[-122.39092,47.27972],[-122.41748,47.29728],[-122.44431,47.30104],[-122.44249,47.30704],[-122.42881,47.31918],[-122.32335,47.34727],[-122.32754,47.40147],[-122.34804,47.41683],[-122.3521,47.4416],[-122.38046,47.45041],[-122.35991,47.48105],[-122.39848,47.51732],[-122.39886,47.55365],[-122.41961,47.57453],[-122.38263,47.59528],[-122.34966,47.56858],[-122.34017,47.5411],[-122.31087,47.52447],[-122.30516,47.51167],[-122.2951,47.51134],[-122.33354,47.54395],[-122.34412,47.56221],[-122.33997,47.60551],[-122.41621,47.64175],[-122.43627,47.66126],[-122.40836,47.67131],[-122.40497,47.69345],[-122.37852,47.70854],[-122.37366,47.72655],[-122.38204,47.7605],[-122.39729,47.77871],[-122.39472,47.80314],[-122.3355,47.85183],[-122.32874,47.89843],[-122.3059,47.94986],[-122.23685,47.96686],[-122.21703,47.98277],[-122.21854,47.9892],[-122.22723,47.98587],[-122.216,47.99522],[-122.22168,48.00529],[-122.21429,48.00676],[-122.20615,48.03082],[-122.17899,48.02562],[-122.18396,48.03478],[-122.16699,48.03222],[-122.20293,48.03685],[-122.20995,48.0469],[-122.2352,48.03092],[-122.28779,48.05192],[-122.28593,48.05794],[-122.27366,48.05394],[-122.27724,48.06127],[-122.29282,48.06291],[-122.34109,48.09639],[-122.3673,48.13753],[-122.36744,48.16566],[-122.3545,48.18657],[-122.36409,48.21365],[-122.38005,48.22681],[-122.37566,48.23886],[-122.38611,48.22535],[-122.39036,48.23174],[-122.42415,48.22852],[-122.4298,48.23628],[-122.45063,48.23046],[-122.44049,48.20846],[-122.47779,48.18765],[-122.47675,48.17568],[-122.43809,48.12827],[-122.37739,48.08853],[-122.35622,48.05747],[-122.38682,48.06398],[-122.40307,48.08819],[-122.42315,48.10404],[-122.4463,48.10925],[-122.46522,48.13065],[-122.48858,48.12018],[-122.51346,48.13688],[-122.5366,48.18404],[-122.53143,48.19195],[-122.53864,48.20568],[-122.53558,48.23755],[-122.52854,48.25102],[-122.5003,48.25835],[-122.47912,48.25311],[-122.46274,48.2718],[-122.39828,48.24778],[-122.39279,48.26861],[-122.38713,48.26038],[-122.38614,48.27286],[-122.36112,48.29902],[-122.38124,48.29091],[-122.36871,48.30353],[-122.38289,48.30103],[-122.37981,48.31169],[-122.39329,48.30874],[-122.39841,48.32158],[-122.44371,48.33803],[-122.49007,48.36691],[-122.50754,48.36066],[-122.48742,48.36879],[-122.49046,48.37936],[-122.50415,48.38286],[-122.50719,48.37127],[-122.53311,48.37506],[-122.53433,48.39211],[-122.55312,48.40568],[-122.55419,48.41813],[-122.57121,48.41926],[-122.55699,48.42085],[-122.54576,48.45241],[-122.55436,48.44489],[-122.57614,48.4455],[-122.58035,48.42835],[-122.60804,48.42286],[-122.61317,48.41356],[-122.65448,48.40923],[-122.65003,48.41854],[-122.66288,48.41649],[-122.67199,48.42466],[-122.67601,48.44306],[-122.65389,48.45263],[-122.65446,48.4697],[-122.67776,48.49519],[-122.696,48.49075],[-122.701,48.4976],[-122.68372,48.50987],[-122.67061,48.505],[-122.60184,48.52498],[-122.58566,48.5086],[-122.58954,48.48131],[-122.58289,48.46525],[-122.57063,48.46451],[-122.57752,48.48841],[-122.55617,48.50165],[-122.52635,48.46239],[-122.48046,48.45196],[-122.4674,48.46969],[-122.4839,48.49761],[-122.48375,48.5147],[-122.47305,48.52085],[-122.49479,48.54132],[-122.50299,48.56429],[-122.54769,48.5775],[-122.55712,48.57413],[-122.55944,48.58287],[-122.55349,48.5885],[-122.53815,48.57764],[-122.49584,48.57548],[-122.48379,48.55995],[-122.45705,48.55478],[-122.46538,48.55974],[-122.43324,48.5782],[-122.42432,48.5991],[-122.51364,48.66529],[-122.49923,48.66272],[-122.49133,48.67208],[-122.49613,48.69465],[-122.50442,48.69776],[-122.50481,48.68852],[-122.51925,48.71372],[-122.48608,48.74516],[-122.48772,48.75392],[-122.56786,48.78141],[-122.59766,48.77312],[-122.64835,48.71504],[-122.67148,48.73271],[-122.64309,48.7826],[-122.67727,48.80287],[-122.70188,48.80295],[-122.69662,48.78916],[-122.70679,48.78669],[-122.71435,48.84714],[-122.79203,48.89583],[-122.74545,48.91462],[-122.74677,48.9331],[-122.76635,48.94434],[-122.79337,48.93327],[-122.81984,48.94532],[-122.81418,48.9593],[-122.77153,48.99376],[-122.76926,48.98778],[-122.78476,48.98013],[-122.78104,48.97186],[-122.74357,48.95905],[-122.73003,48.96389],[-122.72904,48.97501],[-122.7473,48.98721],[-122.75386,49.00329]]],[[[-123.02361,48.98576],[-123.01993,48.97935],[-123.02662,48.97507],[-123.08,48.97271],[-123.08948,49.00354],[-123.03529,49.0036],[-123.02361,48.98576]]],[[[-130.69083,54.75947],[-130.67049,54.76465],[-130.64173,54.73245],[-130.65116,54.72595],[-130.67934,54.73525],[-130.67401,54.7474],[-130.68885,54.74201],[-130.70751,54.75873],[-130.69083,54.75947]]],[[[-130.7191,54.76099],[-130.68724,54.73509],[-130.68338,54.72031],[-130.73539,54.7497],[-130.73871,54.75532],[-130.7191,54.76099]]],[[[-130.73297,54.77843],[-130.72679,54.76997],[-130.74422,54.7697],[-130.73297,54.77843]]],[[[-130.62862,54.81292],[-130.62168,54.80442],[-130.63092,54.8066],[-130.62862,54.81292]]],[[[-130.71692,54.80893],[-130.72644,54.80151],[-130.73619,54.80645],[-130.73014,54.81812],[-130.71692,54.80893]]],[[[-131.19371,54.87649],[-131.20507,54.8659],[-131.20601,54.87233],[-131.19371,54.87649]]],[[[-131.28247,54.86843],[-131.2661,54.87384],[-131.25185,54.8656],[-131.26204,54.85862],[-131.26921,54.86617],[-131.29747,54.86068],[-131.28247,54.86843]]],[[[-131.01006,54.97313],[-131.00078,54.97053],[-131.00443,54.96608],[-131.01364,54.96914],[-131.01006,54.97313]]],[[[-131.23552,54.98346],[-131.24617,54.98838],[-131.24317,54.99468],[-131.2351,54.99579],[-131.23552,54.98346]]],[[[-131.31816,54.99161],[-131.31258,54.99189],[-131.31725,54.98472],[-131.30219,54.98425],[-131.33902,54.97308],[-131.32856,54.9828],[-131.33313,54.993],[-131.31816,54.99161]]],[[[-131.45027,54.96422],[-131.40692,54.96059],[-131.41245,54.96945],[-131.39135,54.97427],[-131.39769,54.95756],[-131.3777,54.97567],[-131.35398,54.97447],[-131.3543,54.9795],[-131.34786,54.97199],[-131.35762,54.96956],[-131.34613,54.95685],[-131.28476,54.98369],[-131.27542,54.99801],[-131.24645,55.00164],[-131.25898,54.9792],[-131.24518,54.96595],[-131.25522,54.96079],[-131.23449,54.94549],[-131.25728,54.93161],[-131.24709,54.93036],[-131.24991,54.92588],[-131.29413,54.92],[-131.26596,54.91589],[-131.2213,54.92632],[-131.19672,54.91819],[-131.21462,54.89776],[-131.25191,54.88937],[-131.2219,54.88017],[-131.23897,54.8757],[-131.28318,54.88582],[-131.31052,54.87344],[-131.32074,54.88246],[-131.32483,54.86476],[-131.34795,54.85499],[-131.3907,54.87187],[-131.38732,54.89096],[-131.36486,54.91037],[-131.36553,54.91999],[-131.38185,54.90679],[-131.3993,54.90688],[-131.38936,54.90291],[-131.39421,54.89346],[-131.43064,54.90237],[-131.47341,54.95627],[-131.45027,54.96422]]],[[[-131.24424,55.03219],[-131.23764,55.02649],[-131.25428,55.01104],[-131.27919,55.01641],[-131.26879,55.02522],[-131.25916,55.01805],[-131.25653,55.02848],[-131.24424,55.03219]]],[[[-131.19422,55.10276],[-131.18842,55.10486],[-131.17385,55.08335],[-131.19367,55.06847],[-131.18662,55.05133],[-131.19484,55.04063],[-131.24245,55.06641],[-131.23329,55.07845],[-131.2406,55.08508],[-131.22506,55.08915],[-131.21256,55.11067],[-131.19422,55.10276]]],[[[-131.53188,55.03616],[-131.53145,55.03445],[-131.53516,55.03945],[-131.53188,55.03616]]],[[[-131.53319,55.05676],[-131.54314,55.05249],[-131.53623,55.04088],[-131.5528,55.06317],[-131.53319,55.05676]]],[[[-131.32531,55.18147],[-131.33455,55.18496],[-131.33039,55.18666],[-131.32531,55.18147]]],[[[-131.32862,55.16376],[-131.35045,55.16079],[-131.3835,55.19107],[-131.32862,55.16376]]],[[[-131.56031,55.15305],[-131.57335,55.15892],[-131.56279,55.16089],[-131.56031,55.15305]]],[[[-131.03722,55.30085],[-131.02922,55.30058],[-131.02697,55.28405],[-131.04235,55.29006],[-131.04355,55.30153],[-131.03722,55.30085]]],[[[-131.42832,55.21576],[-131.43615,55.21737],[-131.4296,55.21899],[-131.42832,55.21576]]],[[[-131.38071,55.24535],[-131.38675,55.24919],[-131.37786,55.25028],[-131.38071,55.24535]]],[[[-130.96567,55.3779],[-130.94626,55.37906],[-130.92789,55.34095],[-130.94377,55.32002],[-130.96617,55.31303],[-130.96535,55.33585],[-130.98192,55.3611],[-130.96567,55.3779]]],[[[-131.39589,55.23714],[-131.42478,55.2362],[-131.45661,55.26367],[-131.41034,55.25358],[-131.39589,55.23714]]],[[[-131.49739,55.26399],[-131.51088,55.26531],[-131.5019,55.26733],[-131.49739,55.26399]]],[[[-131.47025,55.28053],[-131.4773,55.28211],[-131.47078,55.28329],[-131.47025,55.28053]]],[[[-131.48308,55.25443],[-131.47708,55.25013],[-131.49207,55.24373],[-131.47269,55.22853],[-131.42913,55.2071],[-131.41552,55.21582],[-131.39344,55.20417],[-131.38898,55.19215],[-131.39661,55.19604],[-131.39641,55.18964],[-131.36278,55.15707],[-131.3525,55.11471],[-131.36216,55.10542],[-131.37877,55.11508],[-131.38349,55.10746],[-131.35794,55.09935],[-131.37912,55.0863],[-131.35744,55.07968],[-131.35169,55.05665],[-131.35784,55.034],[-131.3795,55.02371],[-131.37169,55.0221],[-131.37839,55.01865],[-131.3741,55.01349],[-131.38498,55.00789],[-131.45095,55.00811],[-131.45256,55.01638],[-131.47654,55.00661],[-131.49749,55.01227],[-131.50795,55.05417],[-131.53792,55.06604],[-131.54526,55.09047],[-131.55316,55.09116],[-131.56234,55.07599],[-131.59631,55.12161],[-131.57463,55.12698],[-131.54393,55.11373],[-131.53081,55.13527],[-131.53756,55.14003],[-131.53061,55.14622],[-131.55005,55.15183],[-131.56066,55.16676],[-131.58396,55.16517],[-131.60628,55.1745],[-131.56494,55.17237],[-131.59978,55.21131],[-131.59887,55.23047],[-131.60564,55.23523],[-131.6021,55.24792],[-131.58776,55.25618],[-131.5922,55.2691],[-131.51026,55.24611],[-131.54164,55.26166],[-131.56221,55.28191],[-131.53951,55.27622],[-131.52727,55.26124],[-131.48308,55.25443]]],[[[-131.25713,55.3625],[-131.25095,55.36001],[-131.25922,55.35754],[-131.25713,55.3625]]],[[[-131.63666,55.27313],[-131.64238,55.26279],[-131.64412,55.27015],[-131.63666,55.27313]]],[[[-130.9049,55.44934],[-130.89556,55.43165],[-130.89974,55.40073],[-130.9234,55.43446],[-130.91202,55.45782],[-130.90285,55.46069],[-130.9049,55.44934]]],[[[-131.32093,55.40792],[-131.3268,55.40536],[-131.32595,55.41401],[-131.31719,55.41328],[-131.32093,55.40792]]],[[[-131.59441,55.30661],[-131.61531,55.30585],[-131.65294,55.3243],[-131.65383,55.33254],[-131.59441,55.30661]]],[[[-130.92463,55.57201],[-130.93128,55.57772],[-130.92913,55.58267],[-130.92463,55.57201]]],[[[-131.49739,55.45444],[-131.50566,55.46063],[-131.4968,55.46082],[-131.49739,55.45444]]],[[[-131.49193,55.49583],[-131.47942,55.4918],[-131.48319,55.48598],[-131.50893,55.47762],[-131.50884,55.48721],[-131.49193,55.49583]]],[[[-131.73156,55.36078],[-131.62296,55.30105],[-131.61556,55.28531],[-131.63613,55.27905],[-131.67098,55.30152],[-131.69144,55.30576],[-131.68245,55.28952],[-131.68557,55.27225],[-131.66822,55.2512],[-131.68509,55.25032],[-131.68292,55.23766],[-131.81665,55.41609],[-131.73156,55.36078]]],[[[-131.79976,55.48365],[-131.80703,55.48339],[-131.80274,55.48647],[-131.79976,55.48365]]],[[[-131.82802,55.48259],[-131.81598,55.48227],[-131.8284,55.47804],[-131.82802,55.48259]]],[[[-131.75261,55.51705],[-131.76084,55.51499],[-131.76139,55.52734],[-131.75261,55.51705]]],[[[-131.75521,55.53355],[-131.76661,55.54163],[-131.75289,55.54171],[-131.75521,55.53355]]],[[[-131.80066,55.53937],[-131.77459,55.53318],[-131.77306,55.5135],[-131.82756,55.48806],[-131.83973,55.50619],[-131.82486,55.51994],[-131.83054,55.52923],[-131.80066,55.53937]]],[[[-131.72008,55.53897],[-131.73131,55.54887],[-131.72284,55.56278],[-131.70992,55.56288],[-131.70577,55.555],[-131.72008,55.53897]]],[[[-131.69185,55.56648],[-131.69693,55.56388],[-131.7022,55.56814],[-131.69185,55.56648]]],[[[-131.67806,55.57659],[-131.68268,55.56987],[-131.69049,55.57283],[-131.67806,55.57659]]],[[[-131.67138,55.57914],[-131.68216,55.58492],[-131.67563,55.58565],[-131.67138,55.57914]]],[[[-131.94367,55.58472],[-131.95978,55.60167],[-131.93763,55.58959],[-131.94367,55.58472]]],[[[-131.96358,55.60806],[-132.01325,55.66317],[-131.98742,55.6429],[-131.96358,55.60806]]],[[[-132.01542,55.66689],[-132.01506,55.66525],[-132.02035,55.67132],[-132.01542,55.66689]]],[[[-131.67974,55.8587],[-131.66376,55.85552],[-131.66898,55.85156],[-131.71663,55.85517],[-131.67974,55.8587]]],[[[-131.54361,55.90592],[-131.50811,55.91126],[-131.45794,55.9335],[-131.37963,55.93433],[-131.3694,55.94725],[-131.38205,55.95129],[-131.36277,55.95663],[-131.35636,55.95552],[-131.35947,55.94877],[-131.29638,55.96827],[-131.26027,55.97033],[-131.20217,55.92421],[-131.15964,55.90229],[-131.06842,55.82534],[-131.04468,55.79624],[-131.04305,55.78111],[-131.06566,55.7668],[-131.04363,55.76789],[-131.03101,55.7492],[-130.98357,55.71517],[-130.96503,55.6917],[-130.97123,55.68689],[-130.96102,55.66142],[-130.94452,55.65675],[-130.94069,55.61002],[-130.95389,55.59266],[-130.96527,55.59945],[-130.97306,55.59469],[-130.96807,55.58082],[-130.93787,55.58389],[-130.94152,55.55752],[-130.96866,55.57536],[-130.98011,55.57393],[-130.97867,55.54966],[-130.98732,55.53671],[-130.9722,55.51975],[-130.99225,55.49806],[-130.97881,55.49577],[-130.99668,55.47171],[-130.98301,55.46393],[-130.98981,55.46051],[-130.98079,55.43188],[-130.98978,55.42305],[-130.97646,55.41985],[-130.97156,55.39044],[-130.99042,55.37921],[-131.00774,55.40539],[-131.02507,55.40872],[-131.0371,55.40136],[-131.02639,55.35806],[-131.01334,55.34482],[-131.02965,55.34995],[-131.03806,55.33104],[-131.05626,55.32572],[-131.05074,55.30954],[-131.06418,55.25745],[-131.10004,55.24358],[-131.09487,55.23929],[-131.10115,55.23265],[-131.14983,55.22604],[-131.14507,55.2099],[-131.15935,55.19529],[-131.16845,55.20016],[-131.18552,55.1893],[-131.23282,55.19587],[-131.26148,55.20502],[-131.26705,55.22165],[-131.28665,55.22548],[-131.2898,55.23425],[-131.32918,55.24053],[-131.29036,55.253],[-131.24163,55.28434],[-131.21361,55.32409],[-131.20822,55.34584],[-131.18666,55.36067],[-131.20168,55.37898],[-131.19884,55.39122],[-131.21712,55.39318],[-131.23172,55.40781],[-131.23722,55.40114],[-131.22907,55.38626],[-131.2368,55.38103],[-131.25307,55.39525],[-131.27764,55.38234],[-131.28676,55.38765],[-131.29419,55.37738],[-131.27993,55.36733],[-131.28624,55.36023],[-131.28131,55.35322],[-131.25464,55.3309],[-131.25577,55.31951],[-131.26825,55.31489],[-131.2867,55.28212],[-131.30033,55.27388],[-131.32515,55.26553],[-131.34273,55.28253],[-131.34601,55.2735],[-131.33739,55.26318],[-131.34418,55.25928],[-131.36142,55.26302],[-131.36454,55.27225],[-131.4065,55.26031],[-131.45192,55.27952],[-131.45101,55.27218],[-131.45824,55.27194],[-131.47203,55.29566],[-131.48226,55.2978],[-131.45403,55.31704],[-131.38761,55.34103],[-131.38608,55.36519],[-131.34218,55.37935],[-131.33034,55.37716],[-131.33413,55.37133],[-131.31638,55.37215],[-131.3263,55.3857],[-131.27546,55.42886],[-131.27358,55.43976],[-131.28801,55.432],[-131.29148,55.43759],[-131.28723,55.4644],[-131.29796,55.47798],[-131.29876,55.49445],[-131.30661,55.49653],[-131.33367,55.54121],[-131.34327,55.58352],[-131.357,55.59993],[-131.35544,55.64919],[-131.36783,55.63817],[-131.36798,55.58658],[-131.35129,55.55912],[-131.35807,55.55567],[-131.34845,55.5467],[-131.34899,55.53302],[-131.34179,55.53233],[-131.34316,55.51822],[-131.32897,55.50682],[-131.33435,55.48461],[-131.32596,55.46334],[-131.31397,55.45428],[-131.33425,55.43619],[-131.32613,55.42864],[-131.34275,55.42321],[-131.3349,55.41293],[-131.41477,55.36745],[-131.39954,55.35876],[-131.40041,55.34965],[-131.44811,55.33741],[-131.44678,55.34285],[-131.45714,55.34362],[-131.48305,55.32385],[-131.47133,55.34634],[-131.44612,55.35836],[-131.43587,55.37357],[-131.42212,55.37452],[-131.44153,55.38151],[-131.46334,55.40592],[-131.46303,55.41779],[-131.48647,55.44224],[-131.46978,55.46594],[-131.48244,55.45947],[-131.49102,55.47115],[-131.45888,55.49621],[-131.44962,55.51739],[-131.43427,55.51783],[-131.43734,55.52797],[-131.45209,55.5339],[-131.45571,55.52123],[-131.47463,55.50855],[-131.49294,55.50226],[-131.48803,55.5117],[-131.51586,55.50705],[-131.53588,55.4734],[-131.50661,55.43326],[-131.50893,55.41689],[-131.47895,55.40229],[-131.46704,55.37498],[-131.47397,55.36103],[-131.52153,55.32364],[-131.5177,55.31302],[-131.5293,55.29144],[-131.54776,55.29108],[-131.6445,55.33821],[-131.69686,55.35386],[-131.73911,55.38473],[-131.72411,55.40029],[-131.74526,55.39723],[-131.83178,55.44754],[-131.82509,55.46973],[-131.78424,55.47683],[-131.70427,55.5262],[-131.70372,55.5417],[-131.68595,55.56038],[-131.6465,55.53232],[-131.65296,55.55031],[-131.64812,55.5593],[-131.65496,55.56406],[-131.62665,55.58288],[-131.65818,55.57328],[-131.6574,55.58194],[-131.64347,55.58428],[-131.64524,55.59163],[-131.58272,55.58663],[-131.59333,55.59425],[-131.61214,55.5916],[-131.7015,55.61285],[-131.72287,55.63628],[-131.70398,55.65812],[-131.71056,55.66606],[-131.70525,55.68052],[-131.6847,55.69318],[-131.64779,55.69852],[-131.62639,55.69334],[-131.63918,55.70421],[-131.63784,55.71923],[-131.62186,55.72562],[-131.57296,55.7201],[-131.51177,55.73336],[-131.57625,55.72841],[-131.62185,55.73475],[-131.64559,55.7231],[-131.6575,55.72573],[-131.66063,55.70893],[-131.67751,55.71032],[-131.68264,55.70727],[-131.67508,55.70112],[-131.69733,55.69672],[-131.71895,55.70874],[-131.73029,55.72731],[-131.71816,55.72698],[-131.72722,55.73453],[-131.71724,55.74658],[-131.6893,55.75081],[-131.6724,55.76768],[-131.62044,55.75936],[-131.58213,55.77925],[-131.56751,55.77061],[-131.54627,55.77227],[-131.54621,55.76405],[-131.52211,55.77886],[-131.49163,55.78389],[-131.53214,55.80198],[-131.54042,55.81774],[-131.56417,55.81569],[-131.54966,55.79702],[-131.55263,55.79117],[-131.57296,55.79085],[-131.56998,55.7967],[-131.62647,55.78235],[-131.6754,55.79788],[-131.69832,55.78666],[-131.70354,55.79183],[-131.70168,55.80364],[-131.71373,55.8236],[-131.706,55.83753],[-131.5467,55.82887],[-131.52483,55.8369],[-131.45893,55.82902],[-131.44521,55.84504],[-131.50457,55.83631],[-131.48813,55.84677],[-131.55922,55.85161],[-131.55494,55.86289],[-131.56635,55.87143],[-131.56319,55.8791],[-131.57613,55.87993],[-131.59638,55.89877],[-131.58457,55.91212],[-131.54361,55.90592]]],[[[-131.82308,55.84622],[-131.84081,55.84806],[-131.84185,55.85493],[-131.81685,55.85244],[-131.82308,55.84622]]],[[[-131.65496,55.9082],[-131.63526,55.90992],[-131.63437,55.90168],[-131.61376,55.89562],[-131.59781,55.87417],[-131.59121,55.87535],[-131.58796,55.85746],[-131.59827,55.85136],[-131.66646,55.86152],[-131.67864,55.87099],[-131.69295,55.86546],[-131.6751,55.88321],[-131.68747,55.88128],[-131.68935,55.88772],[-131.65496,55.9082]]],[[[-131.44153,55.99416],[-131.42795,55.99102],[-131.40639,55.96937],[-131.40993,55.95807],[-131.43491,55.94422],[-131.45906,55.94722],[-131.50656,55.91897],[-131.52645,55.91545],[-131.5638,55.91654],[-131.57511,55.92645],[-131.61277,55.92434],[-131.44153,55.99416]]],[[[-132.15535,55.92176],[-132.17331,55.92128],[-132.16652,55.92476],[-132.15535,55.92176]]],[[[-132.18154,55.92011],[-132.19603,55.92227],[-132.18129,55.92329],[-132.18154,55.92011]]],[[[-132.04465,55.98292],[-132.05043,55.98215],[-132.05313,55.98906],[-132.04465,55.98292]]],[[[-132.03942,55.99739],[-132.04821,55.99989],[-132.04154,56.00155],[-132.03942,55.99739]]],[[[-132.09737,56.03895],[-132.10369,56.04139],[-132.09855,56.04445],[-132.09737,56.03895]]],[[[-132.10614,56.03096],[-132.11341,56.03205],[-132.11429,56.04165],[-132.10614,56.03096]]],[[[-132.10224,56.04956],[-132.10859,56.052],[-132.1044,56.05327],[-132.10224,56.04956]]],[[[-132.13494,56.05993],[-132.14806,56.05933],[-132.15087,56.06533],[-132.13494,56.05993]]],[[[-132.02686,56.08281],[-132.02004,56.08629],[-132.0085,56.07734],[-131.98383,56.01879],[-131.99006,56.00253],[-132.00675,55.99793],[-132.01213,55.98164],[-132.03391,55.97444],[-132.02675,55.99251],[-132.04181,56.00839],[-132.03156,56.01407],[-132.03862,56.02792],[-132.05004,56.01772],[-132.06736,56.0259],[-132.06482,56.03724],[-132.07109,56.04059],[-132.03652,56.09491],[-132.02835,56.09471],[-132.02686,56.08281]]],[[[-132.09021,56.078],[-132.09847,56.07683],[-132.09145,56.08304],[-132.09021,56.078]]],[[[-132.1019,56.08513],[-132.1113,56.09037],[-132.10134,56.09241],[-132.1019,56.08513]]],[[[-132.07187,56.10309],[-132.07715,56.10869],[-132.07059,56.10898],[-132.07187,56.10309]]],[[[-131.91602,56.21545],[-131.92589,56.21525],[-131.93764,56.23197],[-131.91602,56.21545]]],[[[-132.20317,56.18422],[-132.21541,56.18496],[-132.20375,56.18743],[-132.20317,56.18422]]],[[[-132.15657,56.36323],[-132.16591,56.35981],[-132.17432,56.36821],[-132.15657,56.36323]]],[[[-133.89338,55.93476],[-133.87554,55.9351],[-133.90085,55.90855],[-133.91834,55.85653],[-133.93102,55.87084],[-133.92745,55.8822],[-133.93879,55.88367],[-133.9442,55.89329],[-133.94524,55.91382],[-133.89338,55.93476]]],[[[-132.50768,56.3373],[-132.43403,56.35444],[-132.41796,56.34863],[-132.38155,56.30498],[-132.39785,56.28391],[-132.3839,56.26035],[-132.40488,56.25397],[-132.39717,56.24696],[-132.41381,56.23228],[-132.41158,56.21718],[-132.43689,56.20725],[-132.4887,56.20561],[-132.50995,56.19466],[-132.50882,56.18688],[-132.49176,56.1847],[-132.4861,56.19553],[-132.46791,56.19742],[-132.42508,56.1883],[-132.40729,56.19658],[-132.38713,56.22623],[-132.37383,56.22867],[-132.3237,56.19565],[-132.32984,56.17891],[-132.29914,56.19509],[-132.24356,56.19245],[-132.26191,56.18832],[-132.19262,56.17212],[-132.1227,56.12257],[-132.12925,56.11223],[-132.10563,56.11075],[-132.09974,56.1024],[-132.12529,56.08934],[-132.12856,56.07893],[-132.1379,56.08508],[-132.13372,56.09684],[-132.1451,56.09757],[-132.15425,56.08502],[-132.15116,56.07218],[-132.18283,56.07476],[-132.19652,56.0883],[-132.21976,56.08383],[-132.22841,56.12097],[-132.2641,56.13639],[-132.23513,56.1079],[-132.22341,56.06796],[-132.16935,56.04798],[-132.20113,56.04919],[-132.21723,56.04136],[-132.17301,56.03211],[-132.17832,56.02676],[-132.15703,56.00619],[-132.18218,55.98672],[-132.15549,55.98381],[-132.13846,55.97199],[-132.13128,55.9595],[-132.13749,55.94231],[-132.15883,55.9296],[-132.19391,55.93956],[-132.20151,55.95753],[-132.18813,55.98367],[-132.20256,55.99769],[-132.20983,55.9445],[-132.22084,55.93882],[-132.21984,55.93058],[-132.24037,55.92313],[-132.40146,56.10629],[-132.47021,56.12824],[-132.4699,56.15688],[-132.45629,56.16389],[-132.46129,56.17448],[-132.4746,56.17203],[-132.48304,56.13233],[-132.70392,56.20251],[-132.68715,56.20643],[-132.71932,56.21663],[-132.68914,56.2402],[-132.66599,56.22973],[-132.66397,56.23561],[-132.60625,56.23948],[-132.57792,56.2959],[-132.54711,56.31396],[-132.52983,56.31406],[-132.54918,56.31993],[-132.54496,56.33397],[-132.50768,56.3373]]],[[[-134.122,55.93759],[-134.13356,55.92992],[-134.13974,55.94455],[-134.11942,55.94304],[-134.122,55.93759]]],[[[-134.13636,55.94999],[-134.14118,55.95276],[-134.13628,55.95319],[-134.13636,55.94999]]],[[[-134.12357,55.97451],[-134.10979,55.97122],[-134.11661,55.95851],[-134.12548,55.96268],[-134.12357,55.97451]]],[[[-134.1005,55.98528],[-134.10805,55.97577],[-134.11525,55.98129],[-134.1005,55.98528]]],[[[-134.33384,55.92483],[-134.31311,55.90102],[-134.31765,55.91973],[-134.31032,55.92014],[-134.30166,55.90505],[-134.29821,55.91597],[-134.2695,55.92719],[-134.26226,55.88248],[-134.24898,55.89607],[-134.23122,55.89003],[-134.23008,55.90598],[-134.20729,55.90674],[-134.2067,55.89671],[-134.19696,55.89573],[-134.18431,55.91615],[-134.15165,55.9223],[-134.11856,55.91067],[-134.13683,55.89439],[-134.16455,55.89095],[-134.22689,55.86402],[-134.25579,55.84096],[-134.27521,55.84336],[-134.27311,55.82694],[-134.28457,55.82154],[-134.28926,55.83068],[-134.33141,55.83366],[-134.34584,55.84332],[-134.34233,55.85834],[-134.28191,55.87531],[-134.29802,55.88224],[-134.32088,55.87645],[-134.34264,55.8866],[-134.34169,55.89389],[-134.35715,55.89351],[-134.36747,55.90861],[-134.33384,55.92483]]],[[[-132.49732,56.44101],[-132.4816,56.4416],[-132.40625,56.40946],[-132.41333,56.39092],[-132.40299,56.38568],[-132.44049,56.39196],[-132.4491,56.38667],[-132.44815,56.37662],[-132.47562,56.37264],[-132.49149,56.35748],[-132.5541,56.3574],[-132.56023,56.38898],[-132.55335,56.40571],[-132.50811,56.44032],[-132.49732,56.44101]]],[[[-132.23883,56.41986],[-132.24529,56.41089],[-132.2235,56.38258],[-132.18673,56.36759],[-132.16675,56.34889],[-132.13848,56.34183],[-132.13533,56.35042],[-132.09003,56.37121],[-132.01954,56.34623],[-132.00316,56.32484],[-132.002,56.29882],[-131.92368,56.20242],[-131.94591,56.19159],[-132.00432,56.18942],[-132.01874,56.21396],[-132.05814,56.23454],[-132.0134,56.17871],[-132.02524,56.1334],[-132.05715,56.14422],[-132.05803,56.12281],[-132.07576,56.11595],[-132.11753,56.16805],[-132.14096,56.18275],[-132.15012,56.18114],[-132.13108,56.16244],[-132.14864,56.15785],[-132.14708,56.16739],[-132.15766,56.17904],[-132.16092,56.16863],[-132.17452,56.17306],[-132.16983,56.1807],[-132.2063,56.19706],[-132.26711,56.20667],[-132.31066,56.22818],[-132.30938,56.23454],[-132.33204,56.23914],[-132.34862,56.27097],[-132.36902,56.28464],[-132.35375,56.30254],[-132.346,56.34158],[-132.35877,56.34734],[-132.37194,56.37042],[-132.34597,56.39902],[-132.34916,56.41186],[-132.38953,56.44738],[-132.40168,56.48594],[-132.39534,56.49355],[-132.36895,56.49252],[-132.33408,56.47169],[-132.27764,56.46405],[-132.24852,56.4447],[-132.23883,56.41986]]],[[[-132.48679,56.49822],[-132.49627,56.5048],[-132.48208,56.50678],[-132.48679,56.49822]]],[[[-133.64318,56.21155],[-133.63622,56.20053],[-133.65262,56.20026],[-133.65403,56.20666],[-133.64318,56.21155]]],[[[-132.64396,56.48454],[-132.62226,56.48776],[-132.57915,56.46457],[-132.58608,56.45969],[-132.58051,56.45639],[-132.61152,56.44972],[-132.65534,56.47474],[-132.65711,56.48571],[-132.64396,56.48454]]],[[[-133.66739,56.2223],[-133.65848,56.21947],[-133.66204,56.21176],[-133.68152,56.21699],[-133.66739,56.2223]]],[[[-133.25693,56.33277],[-133.23265,56.32421],[-133.20566,56.33794],[-133.17962,56.33208],[-133.18073,56.32617],[-133.1458,56.30103],[-133.31794,56.29453],[-133.32482,56.30549],[-133.29219,56.31733],[-133.27404,56.33621],[-133.25693,56.33277]]],[[[-133.87383,56.17703],[-133.88202,56.17711],[-133.87949,56.17982],[-133.87383,56.17703]]],[[[-132.55028,56.52551],[-132.53557,56.52293],[-132.55841,56.51519],[-132.55028,56.52551]]],[[[-132.44344,56.52694],[-132.46082,56.51499],[-132.4789,56.51674],[-132.48038,56.54321],[-132.4496,56.54529],[-132.44344,56.52694]]],[[[-132.60642,56.51479],[-132.57515,56.51234],[-132.57503,56.50185],[-132.56307,56.49523],[-132.58014,56.48692],[-132.61458,56.49125],[-132.6083,56.49888],[-132.62302,56.50144],[-132.62418,56.50921],[-132.60642,56.51479]]],[[[-132.76645,56.49508],[-132.77723,56.49482],[-132.77042,56.49789],[-132.76645,56.49508]]],[[[-132.53525,56.56439],[-132.51711,56.56311],[-132.53138,56.53606],[-132.57328,56.52825],[-132.53525,56.56439]]],[[[-132.92469,56.46009],[-132.876,56.45924],[-132.8315,56.44386],[-132.73218,56.46117],[-132.67537,56.4455],[-132.6315,56.4214],[-132.64051,56.40973],[-132.63083,56.40635],[-132.64306,56.39565],[-132.62558,56.39804],[-132.61869,56.39016],[-132.64899,56.38027],[-132.64696,56.37339],[-132.67968,56.35124],[-132.67569,56.33612],[-132.65372,56.31929],[-132.65674,56.31068],[-132.64957,56.3069],[-132.65627,56.27922],[-132.71328,56.26118],[-132.83039,56.2425],[-132.94146,56.2775],[-132.96013,56.29801],[-133.07166,56.33495],[-133.07447,56.36005],[-133.06183,56.36532],[-133.06228,56.37262],[-133.049,56.37423],[-133.04828,56.38789],[-133.02709,56.39893],[-133.03692,56.40001],[-133.01117,56.41872],[-133.01557,56.42881],[-132.98819,56.43155],[-132.98259,56.4433],[-132.97588,56.43043],[-132.96286,56.42702],[-132.95885,56.45475],[-132.92469,56.46009]]],[[[-132.71265,56.52277],[-132.72492,56.52483],[-132.71909,56.52563],[-132.71265,56.52277]]],[[[-132.44245,56.60029],[-132.40378,56.60766],[-132.43357,56.57321],[-132.44359,56.57205],[-132.45951,56.59335],[-132.44245,56.60029]]],[[[-134.24767,56.16265],[-134.25921,56.15908],[-134.25335,56.16497],[-134.24767,56.16265]]],[[[-133.08078,56.47544],[-133.05893,56.46689],[-133.07749,56.45944],[-133.09781,56.46568],[-133.1026,56.46895],[-133.08078,56.47544]]],[[[-133.12914,56.46663],[-133.10231,56.45847],[-133.12624,56.45884],[-133.13999,56.46452],[-133.12914,56.46663]]],[[[-133.60567,56.35828],[-133.53045,56.34464],[-133.48354,56.34451],[-133.46845,56.33155],[-133.44535,56.33308],[-133.43659,56.32613],[-133.3537,56.34006],[-133.31472,56.32858],[-133.34494,56.31533],[-133.34726,56.29987],[-133.33843,56.29375],[-133.53918,56.2859],[-133.61716,56.20578],[-133.63886,56.21742],[-133.62395,56.24368],[-133.65459,56.28139],[-133.61876,56.29465],[-133.62009,56.30287],[-133.64287,56.30951],[-133.63984,56.30264],[-133.65314,56.29869],[-133.65117,56.30732],[-133.66163,56.31382],[-133.65117,56.32965],[-133.63814,56.32631],[-133.60927,56.30639],[-133.59534,56.2839],[-133.57828,56.3001],[-133.61287,56.3201],[-133.61586,56.32788],[-133.60509,56.33003],[-133.63088,56.34445],[-133.60567,56.35828]]],[[[-133.6382,56.34681],[-133.6456,56.3469],[-133.63886,56.35138],[-133.6382,56.34681]]],[[[-133.62027,56.36392],[-133.62047,56.35846],[-133.63454,56.3568],[-133.62027,56.36392]]],[[[-133.06826,56.50941],[-133.08118,56.51508],[-133.07756,56.52095],[-133.06826,56.50941]]],[[[-133.3044,56.4633],[-133.29375,56.46133],[-133.29976,56.45641],[-133.31775,56.4603],[-133.3044,56.4633]]],[[[-133.09012,56.51796],[-133.10158,56.52042],[-133.09645,56.52353],[-133.09012,56.51796]]],[[[-133.93129,56.28645],[-133.96642,56.29359],[-133.95868,56.30583],[-133.94066,56.30385],[-133.93129,56.28645]]],[[[-132.54607,56.67443],[-132.56893,56.66806],[-132.56574,56.67847],[-132.54404,56.67986],[-132.54607,56.67443]]],[[[-133.06186,56.53619],[-133.0752,56.53458],[-133.08461,56.5443],[-133.06186,56.53619]]],[[[-133.97814,56.31556],[-133.97919,56.30737],[-133.9874,56.3079],[-133.97814,56.31556]]],[[[-133.69011,56.39113],[-133.70342,56.38763],[-133.69739,56.39485],[-133.69011,56.39113]]],[[[-133.42003,56.4626],[-133.43068,56.46456],[-133.42565,56.46632],[-133.42003,56.4626]]],[[[-132.58114,56.67194],[-132.5819,56.66057],[-132.59018,56.66074],[-132.59534,56.68316],[-132.58025,56.68514],[-132.58114,56.67194]]],[[[-133.70308,56.39719],[-133.72048,56.3951],[-133.71775,56.40236],[-133.70308,56.39719]]],[[[-133.06113,56.58128],[-132.98996,56.59469],[-132.97979,56.58404],[-132.98302,56.57043],[-132.96622,56.55967],[-132.97629,56.54252],[-132.98995,56.55004],[-133.00092,56.54612],[-132.98504,56.51898],[-133.00188,56.51334],[-133.04674,56.52501],[-133.05727,56.54477],[-133.07808,56.55832],[-133.07172,56.56915],[-133.07688,56.58107],[-133.06113,56.58128]]],[[[-132.64214,56.69228],[-132.64727,56.69011],[-132.6494,56.69561],[-132.64214,56.69228]]],[[[-132.98674,56.60784],[-132.98456,56.60234],[-132.99447,56.60296],[-132.98674,56.60784]]],[[[-133.01117,56.60096],[-133.01891,56.59608],[-133.02784,56.59942],[-133.01117,56.60096]]],[[[-133.03975,56.59369],[-133.06546,56.59319],[-133.05536,56.59621],[-133.03975,56.59369]]],[[[-133.03846,56.60232],[-133.05166,56.60345],[-133.04657,56.60564],[-133.03846,56.60232]]],[[[-132.55771,56.73617],[-132.56116,56.73442],[-132.5699,56.74052],[-132.55771,56.73617]]],[[[-133.80544,56.41784],[-133.79084,56.41086],[-133.7871,56.39898],[-133.80372,56.39505],[-133.82406,56.40299],[-133.81687,56.4216],[-133.80544,56.41784]]],[[[-133.83109,56.41536],[-133.83605,56.41495],[-133.83506,56.41996],[-133.83109,56.41536]]],[[[-133.85593,56.46479],[-133.85123,56.45655],[-133.86351,56.45986],[-133.85593,56.46479]]],[[[-134.24167,56.37355],[-134.25054,56.38318],[-134.24318,56.3804],[-134.24167,56.37355]]],[[[-134.07566,56.42569],[-134.08701,56.43306],[-134.07793,56.43345],[-134.07566,56.42569]]],[[[-133.18201,56.66607],[-133.17221,56.66273],[-133.18312,56.66016],[-133.19182,56.66895],[-133.18201,56.66607]]],[[[-133.78783,56.47643],[-133.78075,56.46588],[-133.78598,56.45773],[-133.81034,56.47028],[-133.8236,56.46904],[-133.84827,56.49798],[-133.83905,56.50199],[-133.78783,56.47643]]],[[[-133.77178,56.53639],[-133.76958,56.52817],[-133.7853,56.52788],[-133.77178,56.53639]]],[[[-133.70929,56.54895],[-133.71752,56.5504],[-133.71805,56.55861],[-133.70929,56.54895]]],[[[-134.08469,56.45992],[-134.04528,56.4209],[-134.05762,56.4219],[-134.0792,56.44895],[-134.09635,56.45591],[-134.08469,56.45992]]],[[[-134.12093,56.46338],[-134.10297,56.45551],[-134.11556,56.44649],[-134.12676,56.46069],[-134.12093,56.46338]]],[[[-133.84205,56.538],[-133.85355,56.54039],[-133.84853,56.54216],[-133.84205,56.538]]],[[[-134.19877,56.45299],[-134.20188,56.46167],[-134.19535,56.45798],[-134.19877,56.45299]]],[[[-134.21169,56.46583],[-134.21193,56.45445],[-134.22257,56.45907],[-134.21991,56.46725],[-134.21169,56.46583]]],[[[-134.23829,56.45735],[-134.24964,56.46744],[-134.23571,56.46234],[-134.23829,56.45735]]],[[[-134.21985,56.46999],[-134.22567,56.46866],[-134.22788,56.48097],[-134.21883,56.47954],[-134.21985,56.46999]]],[[[-132.82143,56.8487],[-132.82883,56.85065],[-132.81958,56.85185],[-132.82143,56.8487]]],[[[-133.69942,56.61717],[-133.70609,56.61587],[-133.70322,56.62677],[-133.69506,56.62304],[-133.69942,56.61717]]],[[[-132.9356,56.8229],[-132.91752,56.80392],[-132.82058,56.79356],[-132.8004,56.76906],[-132.76325,56.75016],[-132.74469,56.71383],[-132.71318,56.69911],[-132.68587,56.69723],[-132.69593,56.68284],[-132.64246,56.67452],[-132.64649,56.66367],[-132.6402,56.65808],[-132.63466,56.66663],[-132.6213,56.66773],[-132.63614,56.64387],[-132.61434,56.63433],[-132.60021,56.60945],[-132.5488,56.60933],[-132.54036,56.58683],[-132.62384,56.5525],[-132.6444,56.55472],[-132.68554,56.53274],[-132.70638,56.5304],[-132.72815,56.53947],[-132.74144,56.55203],[-132.73995,56.56293],[-132.75536,56.56823],[-132.75451,56.555],[-132.78495,56.54463],[-132.75997,56.5469],[-132.76207,56.53965],[-132.72872,56.51716],[-132.74492,56.50926],[-132.77201,56.5125],[-132.78008,56.50216],[-132.81432,56.49641],[-132.88297,56.5104],[-132.90502,56.50076],[-132.95971,56.51354],[-132.96674,56.53553],[-132.95452,56.56175],[-132.97103,56.57751],[-132.97348,56.60762],[-132.93033,56.63786],[-132.92168,56.62952],[-132.89812,56.63503],[-132.91983,56.64725],[-132.91584,56.65903],[-132.93331,56.673],[-132.9468,56.71377],[-132.93691,56.72681],[-132.97887,56.7799],[-132.98456,56.79731],[-132.98162,56.80545],[-132.9356,56.8229]]],[[[-134.85465,56.31255],[-134.86698,56.3153],[-134.86448,56.32167],[-134.85134,56.31892],[-134.85465,56.31255]]],[[[-132.94852,56.83041],[-132.94619,56.82763],[-132.95818,56.82192],[-132.94852,56.83041]]],[[[-133.26813,56.75842],[-133.26845,56.7516],[-133.27756,56.75264],[-133.26813,56.75842]]],[[[-133.25007,56.77046],[-133.26142,56.777],[-133.25548,56.77919],[-133.25007,56.77046]]],[[[-133.72983,56.67169],[-133.7365,56.67085],[-133.73876,56.6777],[-133.72983,56.67169]]],[[[-132.90523,56.8866],[-132.91736,56.89365],[-132.90818,56.89349],[-132.90523,56.8866]]],[[[-132.94037,56.90041],[-132.93351,56.88891],[-132.94893,56.89692],[-132.94037,56.90041]]],[[[-133.72028,56.70666],[-133.73009,56.71132],[-133.7266,56.71629],[-133.72028,56.70666]]],[[[-133.72756,56.73634],[-133.7224,56.74084],[-133.71515,56.73439],[-133.71885,56.72395],[-133.74543,56.72469],[-133.74688,56.73108],[-133.73519,56.73232],[-133.7347,56.74598],[-133.72756,56.73634]]],[[[-134.16651,56.63723],[-134.17315,56.63683],[-134.1689,56.64135],[-134.16651,56.63723]]],[[[-134.30582,56.59622],[-134.31316,56.60263],[-134.30242,56.60075],[-134.30582,56.59622]]],[[[-133.70391,56.76979],[-133.70891,56.76938],[-133.71123,56.77442],[-133.70391,56.76979]]],[[[-133.91362,56.7172],[-133.92456,56.71275],[-133.9159,56.72405],[-133.91362,56.7172]]],[[[-134.29958,56.61895],[-134.30625,56.61717],[-134.30861,56.62356],[-134.29958,56.61895]]],[[[-132.8241,56.99904],[-132.83007,56.99733],[-132.80974,56.98694],[-132.82264,56.98171],[-132.8583,57.00192],[-132.85827,57.0165],[-132.83651,57.01566],[-132.8212,57.00536],[-132.8241,56.99904]]],[[[-133.75437,56.80356],[-133.72423,56.80734],[-133.72776,56.80191],[-133.71795,56.79635],[-133.73491,56.78787],[-133.7472,56.79392],[-133.73523,56.80244],[-133.75437,56.80356]]],[[[-134.31966,56.65413],[-134.32477,56.64688],[-134.33454,56.65741],[-134.33027,56.6633],[-134.31966,56.65413]]],[[[-133.83521,56.80254],[-133.81855,56.80283],[-133.82624,56.79653],[-133.83521,56.80254]]],[[[-133.89454,56.82495],[-133.88796,56.8217],[-133.9021,56.82274],[-133.89454,56.82495]]],[[[-133.92827,56.86805],[-133.94326,56.86955],[-133.95531,56.88559],[-133.92827,56.86805]]],[[[-134.98604,56.60365],[-135.00344,56.60274],[-135.01088,56.60911],[-134.98604,56.60365]]],[[[-134.29071,56.81789],[-134.29572,56.81792],[-134.29648,56.82111],[-134.29071,56.81789]]],[[[-135.14264,56.59811],[-135.15011,56.59992],[-135.14017,56.60448],[-135.14264,56.59811]]],[[[-133.18531,57.09919],[-133.19463,57.09751],[-133.20589,57.10769],[-133.20691,57.12091],[-133.19074,57.12477],[-133.18531,57.09919]]],[[[-133.8937,56.93421],[-133.89226,56.92646],[-133.86016,56.91023],[-133.87938,56.9104],[-133.87508,56.91401],[-133.92537,56.93768],[-133.92269,56.94357],[-133.8937,56.93421]]],[[[-134.03595,56.89991],[-134.07406,56.9125],[-134.05985,56.91239],[-134.03595,56.89991]]],[[[-134.31115,56.83941],[-134.32602,56.84768],[-134.30857,56.84349],[-134.31115,56.83941]]],[[[-134.02503,56.93306],[-133.99294,56.91413],[-134.02854,56.92671],[-134.02503,56.93306]]],[[[-134.34429,56.85234],[-134.33761,56.85321],[-134.33272,56.8459],[-134.34429,56.85234]]],[[[-134.06528,56.92882],[-134.08851,56.93628],[-134.07097,56.93523],[-134.06528,56.92882]]],[[[-134.11722,56.92466],[-134.13727,56.92526],[-134.14212,56.93212],[-134.11722,56.92466]]],[[[-134.1193,56.94243],[-134.14522,56.94306],[-134.14995,56.95493],[-134.1193,56.94243]]],[[[-134.26917,56.93568],[-134.22992,56.9327],[-134.18265,56.9151],[-134.15584,56.91764],[-134.07467,56.88883],[-134.02721,56.883],[-134.00788,56.85734],[-134.01403,56.84601],[-134.00678,56.83639],[-134.02349,56.83516],[-134.00701,56.82819],[-134.00556,56.81999],[-133.98262,56.83528],[-133.97057,56.81924],[-133.98565,56.81664],[-133.97657,56.81337],[-133.97687,56.8029],[-134.00588,56.80861],[-134.01287,56.79683],[-133.98989,56.78434],[-133.96015,56.80458],[-133.9468,56.80538],[-133.93387,56.76337],[-133.91485,56.75911],[-133.94629,56.73661],[-133.93494,56.72695],[-133.96038,56.71033],[-133.96325,56.69714],[-133.9561,56.68524],[-133.96752,56.66348],[-133.99852,56.65281],[-134.03161,56.65764],[-134.05343,56.64779],[-134.0086,56.6488],[-134.00127,56.64373],[-134.00325,56.63236],[-133.97342,56.63165],[-133.98151,56.63901],[-133.94237,56.67191],[-133.93667,56.69691],[-133.92138,56.70816],[-133.90065,56.70615],[-133.86536,56.74453],[-133.87079,56.7842],[-133.88303,56.79251],[-133.8931,56.78988],[-133.89513,56.80537],[-133.88329,56.81118],[-133.84436,56.80308],[-133.84063,56.78984],[-133.82229,56.79012],[-133.83356,56.77611],[-133.77901,56.78878],[-133.76938,56.77867],[-133.73281,56.77647],[-133.73941,56.75423],[-133.76833,56.73585],[-133.76433,56.73126],[-133.77469,56.71998],[-133.76255,56.71029],[-133.77301,56.67168],[-133.7645,56.67797],[-133.74883,56.67462],[-133.73536,56.65627],[-133.72525,56.66026],[-133.73056,56.65075],[-133.71685,56.64013],[-133.73597,56.63896],[-133.73623,56.63168],[-133.72388,56.62882],[-133.73319,56.62345],[-133.69735,56.6053],[-133.71114,56.59042],[-133.72359,56.58964],[-133.74613,56.56073],[-133.78093,56.55972],[-133.79618,56.57444],[-133.79419,56.58445],[-133.80889,56.59097],[-133.8052,56.60232],[-133.8198,56.61203],[-133.82454,56.5934],[-133.83933,56.59764],[-133.83976,56.60994],[-133.88207,56.60852],[-133.9497,56.62006],[-133.932,56.60169],[-133.90279,56.60871],[-133.88994,56.59493],[-133.85631,56.5846],[-133.85007,56.57224],[-133.85703,56.56138],[-133.9081,56.56959],[-133.93645,56.56256],[-133.90252,56.56225],[-133.87229,56.55013],[-133.88581,56.54069],[-133.87885,56.52514],[-133.90046,56.52169],[-133.89154,56.51569],[-133.93438,56.52018],[-133.94477,56.50433],[-133.9934,56.50839],[-133.96819,56.4936],[-133.90628,56.49259],[-133.87365,56.47908],[-133.87139,56.47223],[-133.87969,56.47049],[-133.86921,56.46265],[-133.87436,56.45586],[-133.8371,56.43364],[-133.8592,56.43932],[-133.85694,56.43247],[-133.86609,56.42982],[-133.89447,56.44603],[-133.95421,56.43426],[-133.8901,56.42685],[-133.89528,56.41916],[-133.87709,56.39393],[-133.90105,56.39188],[-133.92286,56.4062],[-133.92789,56.40351],[-133.91677,56.38974],[-133.9336,56.37713],[-133.87658,56.35703],[-133.87047,56.36791],[-133.86753,56.35648],[-133.83771,56.33661],[-133.83402,56.32291],[-133.86828,56.30547],[-133.85314,56.28983],[-133.87737,56.27685],[-133.89035,56.28198],[-133.89389,56.30069],[-133.91111,56.30222],[-133.95345,56.34542],[-133.98902,56.3685],[-133.99093,56.35895],[-133.97969,56.34838],[-133.99216,56.34393],[-133.9762,56.32648],[-134.00382,56.30895],[-133.98262,56.30193],[-133.98935,56.29652],[-133.99541,56.25557],[-133.97908,56.25224],[-133.98279,56.2664],[-133.97756,56.27774],[-133.96453,56.27353],[-133.96755,56.28267],[-133.92089,56.27725],[-133.91564,56.26034],[-133.90267,56.25476],[-133.88465,56.22634],[-133.90505,56.20238],[-133.91484,56.20384],[-133.91457,56.21295],[-133.94159,56.2141],[-133.95986,56.20651],[-133.95029,56.19686],[-133.95371,56.19188],[-133.96743,56.19975],[-133.97982,56.19621],[-133.94646,56.18681],[-133.93486,56.16301],[-133.95072,56.15267],[-133.93293,56.14476],[-133.94138,56.13573],[-133.96439,56.13182],[-133.95311,56.12581],[-133.96045,56.09761],[-133.9731,56.0836],[-133.99193,56.08239],[-134.02509,56.09543],[-134.04346,56.11198],[-134.02694,56.14921],[-134.03246,56.157],[-134.01409,56.17052],[-134.03595,56.18027],[-134.00707,56.18869],[-134.01508,56.19514],[-134.03566,56.1912],[-134.06197,56.22057],[-134.06055,56.2438],[-134.0447,56.25415],[-134.04108,56.26688],[-134.0533,56.30206],[-134.06876,56.30856],[-134.06841,56.32222],[-134.08332,56.31778],[-134.07344,56.28536],[-134.08587,56.28135],[-134.07488,56.26168],[-134.07781,56.24302],[-134.0871,56.23216],[-134.10506,56.23594],[-134.10288,56.25779],[-134.11507,56.26289],[-134.11658,56.23465],[-134.12897,56.23064],[-134.09716,56.22358],[-134.09824,56.21265],[-134.11803,56.20778],[-134.09603,56.20261],[-134.10541,56.18718],[-134.09732,56.18303],[-134.10166,56.17303],[-134.11715,56.17634],[-134.11736,56.16768],[-134.1402,56.17104],[-134.14528,56.16424],[-134.15326,56.17296],[-134.19402,56.18235],[-134.19376,56.19419],[-134.20389,56.18014],[-134.18131,56.16404],[-134.17981,56.15765],[-134.18969,56.15544],[-134.16692,56.14845],[-134.17568,56.12299],[-134.14159,56.1469],[-134.11129,56.14759],[-134.1025,56.13841],[-134.11388,56.10796],[-134.09055,56.0923],[-134.12203,56.07476],[-134.14528,56.09361],[-134.15511,56.09232],[-134.11031,56.05235],[-134.11411,56.02959],[-134.13344,56.00512],[-134.17763,56.0346],[-134.14959,56.04853],[-134.15189,56.05447],[-134.22988,56.07368],[-134.22786,56.0919],[-134.20951,56.10955],[-134.25913,56.12217],[-134.26133,56.13449],[-134.23491,56.14571],[-134.21041,56.14373],[-134.21515,56.15151],[-134.20446,56.15417],[-134.24488,56.17904],[-134.26317,56.16503],[-134.25386,56.18],[-134.25759,56.19825],[-134.24756,56.20776],[-134.2613,56.21696],[-134.25542,56.22376],[-134.27774,56.25624],[-134.27425,56.26715],[-134.24698,56.27564],[-134.2352,56.24914],[-134.20665,56.24212],[-134.22918,56.26368],[-134.23053,56.2769],[-134.20098,56.31407],[-134.19034,56.31217],[-134.18081,56.29707],[-134.15389,56.28869],[-134.18117,56.31712],[-134.16858,56.32842],[-134.20227,56.32956],[-134.24376,56.31252],[-134.24889,56.30299],[-134.23235,56.30744],[-134.23912,56.29792],[-134.2903,56.28639],[-134.29927,56.29009],[-134.29557,56.31193],[-134.28809,56.31598],[-134.27425,56.30861],[-134.26003,56.32128],[-134.2901,56.33923],[-134.2939,56.3552],[-134.26314,56.3705],[-134.22625,56.36343],[-134.24706,56.39227],[-134.23064,56.38943],[-134.23931,56.40816],[-134.23426,56.41359],[-134.24741,56.41504],[-134.25126,56.42873],[-134.238,56.43138],[-134.22504,56.42037],[-134.18723,56.41465],[-134.1819,56.43192],[-134.19826,56.43796],[-134.18726,56.45064],[-134.15384,56.39665],[-134.18047,56.38545],[-134.16903,56.38127],[-134.18171,56.36724],[-134.17189,56.36398],[-134.14916,56.38569],[-134.12052,56.37774],[-134.13901,56.397],[-134.12047,56.41418],[-134.09781,56.3967],[-134.08443,56.40434],[-134.08507,56.37884],[-134.06905,56.3942],[-134.06171,56.39096],[-134.05964,56.37591],[-134.07625,56.36966],[-134.0539,56.34261],[-134.04793,56.35076],[-134.05742,56.36541],[-134.04262,56.36484],[-134.04645,56.37581],[-134.0405,56.38305],[-134.04894,56.4068],[-134.03376,56.41989],[-134.04883,56.44233],[-134.07155,56.45709],[-134.06803,56.46617],[-134.0795,56.46945],[-134.07441,56.47488],[-134.09089,56.47683],[-134.09476,56.48687],[-134.051,56.48608],[-134.04393,56.47191],[-134.03716,56.47823],[-134.03894,56.50466],[-134.04802,56.50518],[-134.05657,56.49432],[-134.06473,56.49803],[-134.05538,56.50843],[-134.0626,56.51715],[-134.07583,56.51679],[-134.07335,56.54956],[-134.08559,56.55604],[-134.09145,56.55381],[-134.08576,56.54921],[-134.09743,56.54565],[-134.09357,56.53469],[-134.1083,56.54163],[-134.10289,56.52565],[-134.11168,56.50385],[-134.13472,56.50812],[-134.1285,56.49168],[-134.14193,56.48312],[-134.15159,56.49412],[-134.14714,56.50775],[-134.15882,56.50328],[-134.17437,56.51022],[-134.20108,56.53591],[-134.18854,56.54174],[-134.19091,56.54723],[-134.21657,56.54603],[-134.26835,56.56366],[-134.32149,56.55578],[-134.32464,56.5649],[-134.22347,56.6112],[-134.17449,56.61407],[-134.19504,56.62194],[-134.18981,56.6333],[-134.11583,56.64007],[-134.12125,56.62189],[-134.11464,56.62093],[-134.10514,56.6368],[-134.0792,56.64617],[-134.14447,56.65667],[-134.18557,56.63782],[-134.26056,56.621],[-134.26497,56.60782],[-134.28309,56.6143],[-134.28109,56.63114],[-134.29337,56.63941],[-134.28173,56.64116],[-134.29564,56.65035],[-134.27646,56.65525],[-134.26253,56.64697],[-134.21375,56.67717],[-134.23598,56.68597],[-134.22921,56.6923],[-134.23984,56.70011],[-134.23835,56.6919],[-134.26418,56.68796],[-134.26041,56.66927],[-134.3014,56.65312],[-134.33098,56.66968],[-134.34514,56.66748],[-134.35076,56.67844],[-134.35914,56.67393],[-134.36983,56.67991],[-134.3933,56.71645],[-134.35415,56.72081],[-134.34652,56.72942],[-134.39571,56.72102],[-134.40311,56.72607],[-134.40529,56.74566],[-134.39341,56.75926],[-134.40073,56.76977],[-134.39563,56.77566],[-134.43042,56.84048],[-134.41596,56.85771],[-134.39754,56.86172],[-134.38598,56.85438],[-134.38498,56.86393],[-134.36591,56.85655],[-134.35462,56.83509],[-134.32482,56.82309],[-134.31804,56.82761],[-134.3008,56.8134],[-134.29772,56.80108],[-134.30962,56.7884],[-134.29468,56.78559],[-134.29194,56.79786],[-134.28272,56.80055],[-134.28322,56.81739],[-134.29888,56.82705],[-134.3052,56.84529],[-134.34336,56.8578],[-134.34911,56.86284],[-134.33985,56.86734],[-134.35881,56.88018],[-134.35434,56.89701],[-134.32419,56.90094],[-134.3207,56.90866],[-134.29497,56.89941],[-134.2981,56.9099],[-134.16007,56.84392],[-134.11417,56.84451],[-134.13134,56.85966],[-134.14632,56.86113],[-134.14095,56.87612],[-134.15252,56.88166],[-134.1474,56.88572],[-134.22301,56.90398],[-134.22786,56.91175],[-134.20615,56.9107],[-134.20603,56.91662],[-134.23919,56.92957],[-134.24756,56.92917],[-134.24524,56.92005],[-134.26354,56.92472],[-134.2742,56.93434],[-134.26917,56.93568]]],[[[-135.0384,56.7498],[-135.07581,56.73795],[-135.05005,56.7589],[-135.03841,56.75845],[-135.0384,56.7498]]],[[[-135.28942,56.71988],[-135.28441,56.71716],[-135.29516,56.70985],[-135.29937,56.71621],[-135.28942,56.71988]]],[[[-135.23797,56.7341],[-135.21804,56.74188],[-135.23208,56.72228],[-135.22123,56.71547],[-135.22615,56.70499],[-135.24025,56.70268],[-135.24115,56.71224],[-135.2569,56.70629],[-135.24855,56.7013],[-135.25684,56.69719],[-135.26854,56.70718],[-135.27848,56.70169],[-135.27936,56.70988],[-135.24787,56.72134],[-135.2761,56.71718],[-135.27282,56.72265],[-135.25539,56.72724],[-135.25461,56.73453],[-135.23797,56.7341]]],[[[-133.91155,57.09142],[-133.88538,57.09528],[-133.80701,57.07679],[-133.72982,57.07555],[-133.68679,57.05825],[-133.60795,57.05692],[-133.57251,57.04013],[-133.49567,57.03192],[-133.42214,57.00686],[-133.36695,57.00386],[-133.34151,57.01035],[-133.33584,57.00618],[-133.3545,57.00142],[-133.32726,56.9924],[-133.34421,56.98808],[-133.32094,56.98412],[-133.31318,56.95305],[-133.30133,56.95562],[-133.2961,56.94234],[-133.30141,56.93649],[-133.29021,56.92541],[-133.26932,56.92511],[-133.25458,56.93583],[-133.28852,56.96136],[-133.29439,56.97874],[-133.31699,56.99681],[-133.32012,57.00187],[-133.30805,57.00898],[-133.08983,56.99802],[-133.03774,56.95439],[-133.00472,56.94611],[-132.98706,56.93262],[-132.96665,56.89402],[-132.97065,56.88225],[-132.9574,56.88021],[-132.9498,56.86687],[-132.94228,56.83759],[-132.98189,56.81548],[-133.00003,56.81897],[-133.00834,56.83505],[-133.06136,56.84183],[-133.01055,56.82507],[-133.00733,56.8077],[-132.99598,56.80205],[-132.99375,56.76694],[-132.96468,56.73594],[-132.95858,56.71124],[-132.96546,56.69222],[-132.93956,56.66536],[-132.95086,56.65644],[-132.94451,56.65132],[-132.97275,56.62082],[-132.99958,56.6158],[-133.00928,56.60503],[-133.02744,56.6067],[-133.05069,56.62165],[-133.05413,56.63492],[-133.19069,56.70856],[-133.21514,56.73579],[-133.20113,56.73286],[-133.23369,56.76476],[-133.20917,56.77214],[-133.23255,56.77112],[-133.23435,56.78526],[-133.27054,56.81265],[-133.28135,56.81326],[-133.27567,56.79269],[-133.28309,56.79416],[-133.29851,56.83855],[-133.3192,56.84203],[-133.30808,56.83003],[-133.31124,56.81596],[-133.29905,56.80941],[-133.30303,56.79535],[-133.34388,56.83144],[-133.37668,56.84417],[-133.3787,56.83646],[-133.36155,56.82803],[-133.36365,56.8185],[-133.33925,56.80496],[-133.32996,56.7898],[-133.33202,56.78118],[-133.34617,56.78137],[-133.33809,56.7758],[-133.35187,56.76597],[-133.32248,56.75327],[-133.32488,56.73736],[-133.31104,56.73079],[-133.26847,56.73384],[-133.27147,56.74071],[-133.26165,56.73738],[-133.25272,56.75],[-133.25174,56.73587],[-133.22057,56.70991],[-133.23824,56.68831],[-133.23322,56.67184],[-133.26227,56.67226],[-133.25698,56.66125],[-133.26372,56.64176],[-133.24042,56.64325],[-133.24631,56.65882],[-133.21996,56.65434],[-133.18216,56.62963],[-133.17136,56.62993],[-133.18418,56.63923],[-133.14786,56.63549],[-133.09981,56.61788],[-133.11086,56.61305],[-133.09882,56.60511],[-133.12148,56.6],[-133.17177,56.62173],[-133.18547,56.61328],[-133.10524,56.57742],[-133.10822,56.56791],[-133.09742,56.5527],[-133.10184,56.5473],[-133.09072,56.53847],[-133.09136,56.52618],[-133.14374,56.53702],[-133.1438,56.51971],[-133.12328,56.51666],[-133.14426,56.51061],[-133.12534,56.49254],[-133.13585,56.48086],[-133.14998,56.47926],[-133.15317,56.46518],[-133.2052,56.4482],[-133.23203,56.45725],[-133.22733,56.46903],[-133.24125,56.4542],[-133.25419,56.45985],[-133.24134,56.46969],[-133.25798,56.46674],[-133.25101,56.47438],[-133.2558,56.4781],[-133.28591,56.47033],[-133.29477,56.47501],[-133.27959,56.48163],[-133.30762,56.48294],[-133.32908,56.46547],[-133.35939,56.47044],[-133.37319,56.49478],[-133.40371,56.4961],[-133.40091,56.50335],[-133.42189,56.49588],[-133.45534,56.50679],[-133.45964,56.50275],[-133.45057,56.50217],[-133.44298,56.48613],[-133.42191,56.47629],[-133.42798,56.46954],[-133.44419,56.47749],[-133.45685,56.47082],[-133.43499,56.46051],[-133.44268,56.45424],[-133.49727,56.45174],[-133.51598,56.43831],[-133.53255,56.43669],[-133.66033,56.44],[-133.67371,56.45791],[-133.66932,56.46515],[-133.67669,56.48983],[-133.66983,56.49614],[-133.6809,56.53315],[-133.6796,56.54635],[-133.65911,56.56343],[-133.68854,56.57378],[-133.70282,56.56801],[-133.68897,56.58471],[-133.66404,56.58717],[-133.64782,56.6002],[-133.66605,56.59995],[-133.6623,56.61175],[-133.68145,56.60968],[-133.67589,56.62556],[-133.68494,56.62748],[-133.68294,56.63703],[-133.71563,56.65059],[-133.71022,56.66283],[-133.71808,56.67521],[-133.73774,56.68316],[-133.71865,56.68296],[-133.73243,56.69267],[-133.71392,56.69931],[-133.69141,56.72366],[-133.70975,56.72249],[-133.70296,56.74974],[-133.71442,56.75487],[-133.68798,56.7728],[-133.71399,56.79039],[-133.67046,56.79629],[-133.69248,56.80973],[-133.69941,56.82575],[-133.6867,56.83107],[-133.69446,56.84709],[-133.685,56.85473],[-133.71259,56.85366],[-133.70324,56.83489],[-133.77506,56.80696],[-133.78153,56.81294],[-133.76479,56.8155],[-133.76101,56.82867],[-133.80373,56.82227],[-133.82242,56.83702],[-133.83828,56.83717],[-133.83468,56.84533],[-133.82052,56.84474],[-133.82439,56.85389],[-133.85773,56.85466],[-133.87052,56.84612],[-133.86179,56.85879],[-133.84075,56.86406],[-133.88047,56.87536],[-133.87339,56.86118],[-133.88097,56.85897],[-133.90439,56.88468],[-133.89919,56.89101],[-133.90743,56.89473],[-133.90554,56.90245],[-133.88639,56.9],[-133.86033,56.87836],[-133.83349,56.8822],[-133.81447,56.8761],[-133.81336,56.88474],[-133.79403,56.88865],[-133.75763,56.87827],[-133.77242,56.8857],[-133.7396,56.89264],[-133.84194,56.90505],[-133.83837,56.9123],[-133.87226,56.92445],[-133.89759,56.94381],[-133.89655,56.95017],[-133.95772,56.97575],[-133.98641,56.9983],[-134.00893,57.00166],[-134.01535,57.01173],[-134.05362,57.0225],[-134.02668,57.02684],[-134.01883,57.0377],[-134.03003,57.05782],[-134.01212,57.06906],[-133.96174,57.0691],[-133.94201,57.08395],[-133.92176,57.08696],[-133.91901,57.09467],[-133.91155,57.09142]]],[[[-135.28957,56.73809],[-135.27289,56.73221],[-135.30191,56.72258],[-135.28957,56.73809]]],[[[-135.28217,56.75085],[-135.31862,56.73301],[-135.28968,56.75312],[-135.28217,56.75085]]],[[[-133.57328,57.21129],[-133.57047,57.21854],[-133.56292,57.21755],[-133.57328,57.21129]]],[[[-135.30384,56.75399],[-135.32203,56.74075],[-135.32708,56.74847],[-135.30384,56.75399]]],[[[-135.3927,56.73872],[-135.39937,56.74007],[-135.38694,56.74466],[-135.3927,56.73872]]],[[[-133.28306,57.30454],[-133.28655,57.30231],[-133.2956,57.30744],[-133.28306,57.30454]]],[[[-133.987,57.12621],[-133.97179,57.12881],[-133.98053,57.1175],[-133.9981,57.12038],[-133.987,57.12621]]],[[[-135.19507,56.79929],[-135.20151,56.75875],[-135.23302,56.74276],[-135.23722,56.74822],[-135.2721,56.73859],[-135.26969,56.74997],[-135.24476,56.75504],[-135.25724,56.75683],[-135.25397,56.76594],[-135.27973,56.75678],[-135.26734,56.7691],[-135.2815,56.77181],[-135.20345,56.8061],[-135.19507,56.79929]]],[[[-133.53893,57.24776],[-133.51828,57.21656],[-133.52268,57.21206],[-133.55442,57.2402],[-133.54413,57.24418],[-133.54722,57.2515],[-133.53893,57.24776]]],[[[-135.3332,56.77987],[-135.33805,56.76529],[-135.34151,56.7794],[-135.3332,56.77987]]],[[[-133.4791,57.30529],[-133.46421,57.29782],[-133.48699,57.29856],[-133.4791,57.30529]]],[[[-135.35146,56.77481],[-135.36472,56.76886],[-135.37314,56.77839],[-135.36902,56.7825],[-135.37999,56.79613],[-135.37426,56.8048],[-135.34658,56.78712],[-135.35146,56.77481]]],[[[-135.39077,56.79017],[-135.40563,56.77874],[-135.41317,56.78327],[-135.38678,56.80795],[-135.38094,56.80614],[-135.39077,56.79017]]],[[[-135.41036,56.82881],[-135.4012,56.83157],[-135.38686,56.81569],[-135.40844,56.80605],[-135.40276,56.82064],[-135.42182,56.81056],[-135.41036,56.82881]]],[[[-135.39046,56.84071],[-135.39969,56.84478],[-135.38967,56.84436],[-135.39046,56.84071]]],[[[-135.44793,56.83323],[-135.45684,56.81134],[-135.46776,56.81768],[-135.45963,56.8341],[-135.44793,56.83323]]],[[[-135.41806,56.84654],[-135.42043,56.83561],[-135.43462,56.83556],[-135.42559,56.84834],[-135.41806,56.84654]]],[[[-135.4838,56.83355],[-135.4771,56.83085],[-135.48528,56.81897],[-135.49042,56.82898],[-135.4838,56.83355]]],[[[-135.46798,56.83453],[-135.47724,56.84177],[-135.46552,56.83772],[-135.46798,56.83453]]],[[[-135.43311,56.84968],[-135.44068,56.8542],[-135.43064,56.85242],[-135.43311,56.84968]]],[[[-133.79398,57.29058],[-133.80246,57.28975],[-133.7963,57.29697],[-133.79398,57.29058]]],[[[-134.25541,57.15725],[-134.28896,57.16246],[-134.26351,57.17232],[-134.26447,57.16641],[-134.25274,57.16407],[-134.25541,57.15725]]],[[[-135.39513,56.88577],[-135.39754,56.87757],[-135.40842,56.88026],[-135.39513,56.88577]]],[[[-133.82128,57.30814],[-133.8089,57.29891],[-133.8127,57.28621],[-133.83861,57.29465],[-133.833,57.31143],[-133.82128,57.30814]]],[[[-133.84664,57.28153],[-133.84082,57.27874],[-133.85116,57.27247],[-133.86283,57.27712],[-133.87072,57.29495],[-133.86365,57.30444],[-133.84848,57.30293],[-133.84664,57.28153]]],[[[-133.44065,57.41176],[-133.45336,57.41192],[-133.44466,57.41681],[-133.44065,57.41176]]],[[[-135.37107,56.90132],[-135.35848,56.89544],[-135.37354,56.89813],[-135.37107,56.90132]]],[[[-134.05603,57.251],[-134.06342,57.25879],[-134.0557,57.26374],[-134.04996,57.25687],[-134.05603,57.251]]],[[[-135.3845,56.90766],[-135.37449,56.9086],[-135.37944,56.90312],[-135.3845,56.90766]]],[[[-135.52668,56.85751],[-135.51004,56.86076],[-135.51563,56.84344],[-135.5299,56.8493],[-135.54471,56.83603],[-135.55324,56.84828],[-135.57163,56.85002],[-135.55605,56.86785],[-135.52668,56.85751]]],[[[-135.44368,56.89608],[-135.43851,56.88244],[-135.45699,56.89056],[-135.4554,56.89785],[-135.44368,56.89608]]],[[[-133.99444,57.281],[-134.00469,57.27654],[-134.01964,57.28576],[-133.99444,57.281]]],[[[-133.99836,57.29195],[-134.00768,57.29067],[-133.99656,57.29604],[-133.99836,57.29195]]],[[[-135.5702,56.8646],[-135.57857,56.86729],[-135.56196,56.87192],[-135.5702,56.8646]]],[[[-135.44088,56.93979],[-135.44672,56.93885],[-135.44678,56.94341],[-135.44088,56.93979]]],[[[-135.34948,57.00245],[-135.34441,56.99791],[-135.35865,56.99696],[-135.37127,57.00193],[-135.34948,57.00245]]],[[[-135.32122,57.02801],[-135.32538,57.0239],[-135.33634,57.03115],[-135.32122,57.02801]]],[[[-133.59386,57.50279],[-133.57183,57.50118],[-133.59083,57.49366],[-133.59386,57.50279]]],[[[-133.84252,57.43439],[-133.85437,57.43495],[-133.86242,57.44868],[-133.84252,57.43439]]],[[[-135.35834,57.05203],[-135.34734,57.04068],[-135.39258,57.03736],[-135.38431,57.04786],[-135.37171,57.04607],[-135.37264,57.05426],[-135.35834,57.05203]]],[[[-133.86992,57.45284],[-133.88247,57.45887],[-133.87565,57.45972],[-133.86992,57.45284]]],[[[-135.40316,57.08284],[-135.40642,57.07373],[-135.41483,57.07597],[-135.41069,57.08054],[-135.4166,57.08371],[-135.40316,57.08284]]],[[[-135.48557,57.09211],[-135.4889,57.08982],[-135.49321,57.09799],[-135.48557,57.09211]]],[[[-135.44207,57.10547],[-135.43276,57.10004],[-135.43342,57.08547],[-135.4654,57.09036],[-135.45789,57.09494],[-135.46976,57.10354],[-135.45896,57.11314],[-135.44207,57.10547]]],[[[-135.43641,57.1246],[-135.42881,57.12099],[-135.433,57.12052],[-135.43641,57.1246]]],[[[-135.4773,57.10124],[-135.48319,57.10213],[-135.47497,57.11627],[-135.4773,57.10124]]],[[[-135.42133,57.1292],[-135.43566,57.13234],[-135.41639,57.13741],[-135.42133,57.1292]]],[[[-134.87427,57.28141],[-134.89034,57.2746],[-134.88614,57.26732],[-134.90554,57.27507],[-134.89199,57.29053],[-134.87427,57.28141]]],[[[-135.44346,57.15052],[-135.44422,57.14414],[-135.45266,57.14639],[-135.44346,57.15052]]],[[[-134.90378,57.29691],[-134.91225,57.29009],[-134.92574,57.2992],[-134.90378,57.29691]]],[[[-135.4385,57.15782],[-135.44523,57.1578],[-135.44785,57.16552],[-135.4385,57.15782]]],[[[-135.41852,57.17746],[-135.4312,57.18105],[-135.42449,57.18335],[-135.41852,57.17746]]],[[[-133.44504,57.69895],[-133.46639,57.69967],[-133.47881,57.70892],[-133.47098,57.71201],[-133.44504,57.69895]]],[[[-135.55137,57.1651],[-135.56215,57.15504],[-135.5698,57.16002],[-135.56826,57.16867],[-135.55137,57.1651]]],[[[-134.5664,57.46499],[-134.60036,57.46328],[-134.60877,57.47014],[-134.5664,57.46499]]],[[[-135.51844,57.21667],[-135.45379,57.16868],[-135.52596,57.15429],[-135.50554,57.13845],[-135.5376,57.14514],[-135.55208,57.15691],[-135.53966,57.17062],[-135.51532,57.17573],[-135.51467,57.18893],[-135.51735,57.19984],[-135.5275,57.20207],[-135.53306,57.17929],[-135.5515,57.17375],[-135.54863,57.20699],[-135.53939,57.20839],[-135.54381,57.22293],[-135.52866,57.22437],[-135.51844,57.21667]]],[[[-135.4598,57.24512],[-135.39483,57.24398],[-135.39055,57.23944],[-135.40064,57.23622],[-135.39534,57.21485],[-135.44045,57.18011],[-135.45818,57.18369],[-135.51182,57.22489],[-135.48177,57.24731],[-135.4598,57.24512]]],[[[-134.48047,57.537],[-134.47114,57.53513],[-134.4959,57.52842],[-134.50626,57.51663],[-134.52321,57.52033],[-134.48047,57.537]]],[[[-133.62232,57.75518],[-133.64184,57.75948],[-133.64492,57.76816],[-133.62037,57.76107],[-133.62232,57.75518]]],[[[-134.99416,57.41934],[-134.91193,57.42659],[-134.85349,57.41061],[-134.82889,57.41422],[-134.84087,57.38876],[-134.80385,57.34412],[-134.81157,57.32274],[-134.80573,57.30954],[-134.81339,57.30136],[-134.83109,57.30912],[-134.82522,57.2991],[-134.83031,57.29456],[-134.84121,57.31368],[-134.8657,57.31963],[-134.95691,57.37975],[-135.00687,57.39887],[-134.99416,57.41934]]],[[[-134.04752,57.7919],[-134.0445,57.77686],[-134.05913,57.77425],[-134.05619,57.78832],[-134.04752,57.7919]]],[[[-134.05492,57.80333],[-134.07029,57.80571],[-134.0598,57.81291],[-134.05492,57.80333]]],[[[-135.83056,57.33691],[-135.78994,57.33536],[-135.78635,57.32628],[-135.79455,57.3144],[-135.78161,57.30219],[-135.77398,57.34047],[-135.75454,57.34105],[-135.74143,57.3211],[-135.72992,57.33664],[-135.71715,57.33262],[-135.69828,57.31863],[-135.69878,57.30133],[-135.68407,57.28276],[-135.68902,57.27681],[-135.65752,57.26334],[-135.69129,57.30729],[-135.68813,57.31823],[-135.67458,57.31739],[-135.62352,57.29855],[-135.57462,57.25147],[-135.57084,57.226],[-135.60123,57.22813],[-135.64806,57.25383],[-135.66402,57.24965],[-135.62226,57.22529],[-135.61423,57.19985],[-135.60225,57.18853],[-135.61716,57.17389],[-135.60361,57.16896],[-135.60067,57.14394],[-135.58796,57.13808],[-135.58391,57.14857],[-135.56542,57.14911],[-135.56098,57.13366],[-135.57422,57.1213],[-135.56826,57.11542],[-135.57732,57.104],[-135.56954,57.09083],[-135.59868,57.07431],[-135.60085,57.05336],[-135.60918,57.04968],[-135.60241,57.04607],[-135.6298,57.02909],[-135.6328,57.00905],[-135.67731,57.01382],[-135.82845,56.98922],[-135.85967,56.99857],[-135.85491,57.00998],[-135.84238,57.01189],[-135.85346,57.02046],[-135.84374,57.03464],[-135.84748,57.08695],[-135.82897,57.08571],[-135.82924,57.09755],[-135.80826,57.0986],[-135.80677,57.1068],[-135.76153,57.11255],[-135.7501,57.12901],[-135.75699,57.13716],[-135.73198,57.14777],[-135.74898,57.15632],[-135.72394,57.16648],[-135.77358,57.16527],[-135.78719,57.17201],[-135.81057,57.16412],[-135.83092,57.1708],[-135.81736,57.20366],[-135.81946,57.22139],[-135.80536,57.23195],[-135.80745,57.24968],[-135.83495,57.23585],[-135.83965,57.22034],[-135.87929,57.22097],[-135.83358,57.2486],[-135.86179,57.26433],[-135.8384,57.27451],[-135.84479,57.29449],[-135.82384,57.30191],[-135.86921,57.32618],[-135.83056,57.33691]]],[[[-135.56809,57.42395],[-135.57312,57.4212],[-135.57738,57.42254],[-135.56809,57.42395]]],[[[-135.58349,57.43298],[-135.59456,57.43611],[-135.58782,57.43796],[-135.58349,57.43298]]],[[[-135.87128,57.41126],[-135.86518,57.40448],[-135.90416,57.40465],[-135.89859,57.41834],[-135.87128,57.41126]]],[[[-134.14028,57.88717],[-134.153,57.89409],[-134.14611,57.89495],[-134.14028,57.88717]]],[[[-135.39577,57.55746],[-135.32155,57.53539],[-135.29322,57.5027],[-135.3084,57.49038],[-135.36011,57.48114],[-135.41758,57.45685],[-135.42005,57.45047],[-135.40206,57.43552],[-135.39609,57.4328],[-135.392,57.44647],[-135.34813,57.47162],[-135.29557,57.4795],[-135.28278,57.47316],[-135.30565,57.46673],[-135.3005,57.45992],[-135.26915,57.46545],[-135.25562,57.47185],[-135.26584,57.4782],[-135.22516,57.48829],[-135.1903,57.48106],[-135.15622,57.45609],[-135.21299,57.44008],[-135.2179,57.41369],[-135.2069,57.41734],[-135.19854,57.4351],[-135.16295,57.44198],[-135.06281,57.41978],[-135.07213,57.41431],[-135.06534,57.40931],[-135.02805,57.40569],[-135.02805,57.39886],[-134.97046,57.3793],[-134.91131,57.33286],[-134.92399,57.32832],[-134.94849,57.34244],[-135.02379,57.35154],[-135.07959,57.34106],[-135.07198,57.33606],[-135.00431,57.34108],[-135.00094,57.33653],[-135.01276,57.3338],[-135.00516,57.32925],[-134.97809,57.33335],[-134.95189,57.32515],[-135.0136,57.28875],[-135.00684,57.27966],[-135.01528,57.27146],[-135.01191,57.25827],[-134.9925,57.26782],[-134.9984,57.27283],[-134.99587,57.29149],[-134.96038,57.30786],[-134.93926,57.29784],[-134.94434,57.29011],[-134.93506,57.28191],[-134.94606,57.27237],[-134.92836,57.25961],[-134.86083,57.2682],[-134.84148,57.25271],[-134.89214,57.2382],[-134.83985,57.23906],[-134.83994,57.21994],[-134.86605,57.22634],[-134.87198,57.21588],[-134.81148,57.18213],[-134.79981,57.16209],[-134.83352,57.15213],[-134.85125,57.13622],[-134.87143,57.1367],[-134.84708,57.12803],[-134.81333,57.15119],[-134.81255,57.14072],[-134.82857,57.13164],[-134.82438,57.12708],[-134.7932,57.13887],[-134.79241,57.1325],[-134.80672,57.12933],[-134.78576,57.12066],[-134.77669,57.09105],[-134.79354,57.08243],[-134.81365,57.0902],[-134.83551,57.08341],[-134.87076,57.088],[-134.90021,57.06845],[-134.87334,57.07071],[-134.86071,57.08253],[-134.82297,57.07201],[-134.77511,57.07649],[-134.75921,57.06736],[-134.75432,57.04504],[-134.76693,57.04188],[-134.74852,57.03638],[-134.74856,57.03046],[-134.78884,57.02371],[-134.74193,57.01816],[-134.75036,57.01317],[-134.74637,56.98312],[-134.76737,56.97497],[-134.74395,56.97174],[-134.73981,56.96399],[-134.75248,56.94991],[-134.73238,56.95078],[-134.72745,56.94029],[-134.72507,56.92299],[-134.75181,56.92441],[-134.73517,56.91345],[-134.71511,56.91432],[-134.70183,56.90109],[-134.70449,56.88288],[-134.71537,56.88018],[-134.70376,56.86968],[-134.71218,56.86105],[-134.7022,56.85693],[-134.70391,56.85056],[-134.81058,56.87716],[-134.71402,56.84057],[-134.69732,56.84189],[-134.70075,56.83234],[-134.67745,56.82591],[-134.68171,56.8159],[-134.67092,56.81086],[-134.67688,56.79676],[-134.66774,56.79355],[-134.66703,56.78126],[-134.70368,56.77953],[-134.75608,56.78966],[-134.71953,56.77501],[-134.66631,56.76896],[-134.65313,56.75436],[-134.65571,56.74526],[-134.64492,56.7425],[-134.65664,56.73479],[-134.6857,56.74033],[-134.70665,56.72034],[-134.73737,56.72678],[-134.75908,56.71316],[-134.75496,56.70769],[-134.72582,56.71447],[-134.69843,56.7103],[-134.67913,56.73166],[-134.64338,56.73066],[-134.63605,56.71425],[-134.6444,56.71062],[-134.63036,56.70239],[-134.6404,56.69604],[-134.62664,56.66048],[-134.63828,56.65778],[-134.62107,56.63815],[-134.63526,56.62909],[-134.62453,56.62405],[-134.63535,56.61953],[-134.62548,56.61221],[-134.6339,56.59948],[-134.62598,56.56348],[-134.63524,56.54803],[-134.64678,56.55215],[-134.64986,56.57676],[-134.67191,56.61006],[-134.67176,56.62782],[-134.68165,56.63422],[-134.68586,56.62603],[-134.67139,56.57545],[-134.68142,56.56636],[-134.67254,56.54312],[-134.74196,56.55239],[-134.76522,56.53923],[-134.73041,56.5469],[-134.69075,56.54089],[-134.67511,56.53174],[-134.6793,56.52583],[-134.72315,56.52366],[-134.74976,56.50185],[-134.73655,56.4991],[-134.70746,56.51952],[-134.67193,56.51944],[-134.66047,56.5062],[-134.66715,56.49893],[-134.65889,56.498],[-134.66308,56.49254],[-134.64826,56.48567],[-134.6541,56.48022],[-134.64341,56.47427],[-134.65183,56.45881],[-134.64867,56.44422],[-134.65615,56.43924],[-134.71962,56.44395],[-134.75927,56.43857],[-134.66196,56.43378],[-134.64719,56.42691],[-134.65216,56.42283],[-134.64229,56.42006],[-134.63504,56.40228],[-134.64338,56.3941],[-134.69783,56.38469],[-134.72745,56.38977],[-134.7325,56.37703],[-134.65169,56.3873],[-134.65175,56.38046],[-134.64098,56.38726],[-134.63701,56.3704],[-134.65622,56.34358],[-134.72805,56.31233],[-134.75528,56.29736],[-134.76027,56.28689],[-134.70169,56.31546],[-134.65224,56.3299],[-134.63582,56.32484],[-134.63935,56.30207],[-134.6863,56.28991],[-134.65258,56.29346],[-134.65595,56.2839],[-134.68312,56.27623],[-134.6733,56.27347],[-134.68258,56.2448],[-134.64458,56.27066],[-134.6242,56.25601],[-134.64647,56.24424],[-134.64801,56.25563],[-134.65541,56.25429],[-134.64981,56.23832],[-134.66073,56.21239],[-134.65265,56.19961],[-134.67427,56.16322],[-134.68644,56.17692],[-134.69875,56.17422],[-134.71013,56.18427],[-134.68129,56.2047],[-134.70496,56.21752],[-134.69252,56.23343],[-134.73862,56.2135],[-134.77547,56.21996],[-134.78363,56.22817],[-134.76471,56.23497],[-134.7959,56.23366],[-134.81063,56.24097],[-134.79995,56.2446],[-134.78254,56.27372],[-134.76777,56.27233],[-134.76851,56.28417],[-134.79815,56.27238],[-134.81383,56.25646],[-134.82938,56.26605],[-134.81292,56.27377],[-134.84244,56.28475],[-134.84073,56.2975],[-134.79372,56.32795],[-134.80193,56.33207],[-134.82912,56.32072],[-134.84647,56.30252],[-134.83568,56.3262],[-134.8134,56.34119],[-134.82819,56.34623],[-134.80916,56.36578],[-134.80907,56.38309],[-134.81398,56.3872],[-134.82392,56.37765],[-134.84391,56.32575],[-134.86611,56.32623],[-134.84795,56.34352],[-134.85943,56.35447],[-134.8611,56.34581],[-134.8718,56.34401],[-134.87522,56.30984],[-134.89739,56.31578],[-134.90476,56.32536],[-134.89653,56.32854],[-134.90307,56.3454],[-134.89315,56.35906],[-134.90963,56.3536],[-134.92278,56.36409],[-134.90871,56.38776],[-134.92518,56.39552],[-134.92519,56.38641],[-134.93427,56.38277],[-134.93015,56.37821],[-134.94745,56.37822],[-134.9565,56.38961],[-134.93752,56.40281],[-134.94739,56.41921],[-134.93418,56.42922],[-134.92182,56.42649],[-134.92179,56.43696],[-134.90281,56.44423],[-134.90525,56.45425],[-134.96389,56.41876],[-134.97789,56.42787],[-134.96552,56.43379],[-134.98696,56.44154],[-134.99518,56.45748],[-134.98446,56.46977],[-134.9531,56.46384],[-134.94481,56.47568],[-134.96544,56.48479],[-134.96711,56.47432],[-134.9861,56.47569],[-134.97287,56.50074],[-134.97782,56.50438],[-135.00344,56.46704],[-135.01169,56.47205],[-135.00922,56.48116],[-135.03153,56.49527],[-135.02823,56.50757],[-135.03734,56.51713],[-135.02163,56.5144],[-135.02742,56.52351],[-135.01088,56.52897],[-135.05388,56.52578],[-135.0663,56.54034],[-135.04731,56.55401],[-135.01088,56.53944],[-135.06139,56.56994],[-135.03658,56.59636],[-135.02085,56.59955],[-135.01339,56.58452],[-134.9935,56.57223],[-134.98523,56.58043],[-135.00345,56.58817],[-135.00925,56.59955],[-134.9935,56.5909],[-134.98688,56.59773],[-134.967,56.59362],[-134.95046,56.57176],[-134.943,56.5754],[-134.94712,56.58907],[-134.97196,56.6041],[-134.93544,56.62822],[-134.9188,56.65188],[-134.8931,56.64685],[-134.90218,56.65916],[-134.89632,56.67782],[-134.8523,56.68187],[-134.87053,56.691],[-134.88633,56.68737],[-134.83123,56.74742],[-134.84621,56.7447],[-134.96778,56.62095],[-135.01008,56.64098],[-134.98185,56.71338],[-134.95524,56.71838],[-134.98516,56.72476],[-135.01342,56.68333],[-135.01505,56.65874],[-135.04654,56.61639],[-135.10122,56.59723],[-135.1294,56.60085],[-135.14269,56.61268],[-135.13277,56.61815],[-135.13698,56.63955],[-135.12789,56.65139],[-135.15528,56.64864],[-135.14463,56.68234],[-135.11063,56.70195],[-135.09989,56.71926],[-135.04503,56.7284],[-135.06,56.73613],[-135.02591,56.74115],[-134.99762,56.75526],[-135.02176,56.75481],[-135.01511,56.7621],[-135.03927,56.77985],[-135.04508,56.76482],[-135.13891,56.70875],[-135.15462,56.68871],[-135.17453,56.6864],[-135.1803,56.67546],[-135.19028,56.68],[-135.211,56.67223],[-135.23269,56.68676],[-135.22858,56.69406],[-135.20203,56.70138],[-135.20705,56.70638],[-135.20041,56.70821],[-135.17127,56.6987],[-135.20964,56.72641],[-135.20478,56.74691],[-135.16404,56.75289],[-135.15328,56.76565],[-135.13248,56.76841],[-135.09424,56.79166],[-135.09678,56.80168],[-135.08596,56.80715],[-135.01847,56.81947],[-135.04097,56.82356],[-135.08431,56.81625],[-135.10843,56.80303],[-135.10924,56.79347],[-135.18403,56.75605],[-135.1708,56.77519],[-135.18584,56.78655],[-135.18097,56.81297],[-135.15604,56.82803],[-135.12851,56.82487],[-135.12516,56.8185],[-135.10849,56.82216],[-135.10851,56.82807],[-135.14188,56.8335],[-135.12024,56.84491],[-135.1211,56.85128],[-135.19269,56.8216],[-135.20191,56.83115],[-135.19367,56.84755],[-135.1987,56.853],[-135.21192,56.83113],[-135.2027,56.82295],[-135.20514,56.81247],[-135.22762,56.80879],[-135.27575,56.78138],[-135.31569,56.77764],[-135.26584,56.79233],[-135.31824,56.78355],[-135.31498,56.79085],[-135.29751,56.79408],[-135.34838,56.80032],[-135.34098,56.81036],[-135.35933,56.81258],[-135.32599,56.81358],[-135.33033,56.83133],[-135.36521,56.81757],[-135.38108,56.82026],[-135.37534,56.82938],[-135.38373,56.83482],[-135.37214,56.84213],[-135.39144,56.85392],[-135.39153,56.86211],[-135.38154,56.86441],[-135.38834,56.87577],[-135.38434,56.89263],[-135.32991,56.87777],[-135.34588,56.8882],[-135.35016,56.89911],[-135.34436,56.90549],[-135.31743,56.88281],[-135.32839,56.89416],[-135.32425,56.89918],[-135.30076,56.88512],[-135.34723,56.85495],[-135.33797,56.84588],[-135.32227,56.8623],[-135.31305,56.85915],[-135.284,56.87833],[-135.14138,56.91773],[-135.13807,56.92501],[-135.24743,56.9039],[-135.29158,56.88742],[-135.3202,56.91193],[-135.33269,56.90781],[-135.3631,56.94049],[-135.40839,56.95173],[-135.37916,56.95593],[-135.3877,56.97274],[-135.36179,56.97646],[-135.39118,56.98411],[-135.37279,56.98735],[-135.35848,56.98103],[-135.32671,56.98566],[-135.3191,56.97703],[-135.31162,56.98388],[-135.27123,56.95712],[-135.22095,56.94629],[-135.22016,56.95403],[-135.24697,56.95763],[-135.31672,56.99252],[-135.25565,57.00267],[-135.28753,57.00761],[-135.27837,57.01582],[-135.21795,57.00184],[-135.23308,57.01182],[-135.20379,57.01688],[-135.2365,57.02137],[-135.22065,57.03324],[-135.17357,57.01056],[-135.1525,56.981],[-135.12406,56.98603],[-135.15845,57.00193],[-135.14592,57.01014],[-135.20051,57.031],[-135.19973,57.04147],[-135.21228,57.03735],[-135.22826,57.04506],[-135.24913,57.02954],[-135.27935,57.03403],[-135.28948,57.04311],[-135.33985,57.04753],[-135.40165,57.09832],[-135.39098,57.12156],[-135.37258,57.13163],[-135.37439,57.14438],[-135.3266,57.16135],[-135.27778,57.1601],[-135.28208,57.17238],[-135.36724,57.18536],[-135.34435,57.16949],[-135.3779,57.15802],[-135.39707,57.14021],[-135.41999,57.15834],[-135.4226,57.16561],[-135.3951,57.19164],[-135.37157,57.19763],[-135.38007,57.20398],[-135.37085,57.20992],[-135.37439,57.22629],[-135.34168,57.24323],[-135.34182,57.25687],[-135.3662,57.24862],[-135.4345,57.24476],[-135.50127,57.25497],[-135.50954,57.24356],[-135.5524,57.23291],[-135.6039,57.28682],[-135.54473,57.28254],[-135.62882,57.31036],[-135.6316,57.32399],[-135.65445,57.32569],[-135.68879,57.35281],[-135.67887,57.36515],[-135.66358,57.36205],[-135.65101,57.36894],[-135.52733,57.36271],[-135.48319,57.35333],[-135.48847,57.36696],[-135.56911,57.38208],[-135.59993,57.40242],[-135.60979,57.38371],[-135.62935,57.38907],[-135.62954,57.39908],[-135.5486,57.4254],[-135.56749,57.43988],[-135.52945,57.44823],[-135.53246,57.47961],[-135.54818,57.50775],[-135.51592,57.50971],[-135.44343,57.5573],[-135.39577,57.55746]]],[[[-134.16753,57.86098],[-134.10643,57.79961],[-134.10358,57.7773],[-134.11995,57.77287],[-134.13903,57.79847],[-134.18796,57.8311],[-134.19359,57.84751],[-134.17217,57.84646],[-134.21747,57.89269],[-134.19347,57.89071],[-134.16753,57.86098]]],[[[-134.25379,57.88199],[-134.2649,57.88433],[-134.26551,57.89661],[-134.25379,57.88199]]],[[[-134.14248,57.90265],[-134.15784,57.90731],[-134.16517,57.92464],[-134.14248,57.90265]]],[[[-134.05213,57.97068],[-134.05388,57.96978],[-134.0598,57.97347],[-134.05213,57.97068]]],[[[-135.56081,57.60778],[-135.52839,57.60519],[-135.51201,57.59343],[-135.53751,57.58878],[-135.56749,57.59911],[-135.56081,57.60778]]],[[[-134.18485,57.92886],[-134.17479,57.91788],[-134.17676,57.90743],[-134.19698,57.92485],[-134.20258,57.90578],[-134.23778,57.90736],[-134.27752,57.93898],[-134.28408,57.95448],[-134.24538,57.95334],[-134.18485,57.92886]]],[[[-136.02587,57.5402],[-136.0189,57.53479],[-136.03168,57.5356],[-136.02587,57.5402]]],[[[-136.05448,57.55861],[-136.04996,57.54955],[-136.06952,57.54939],[-136.086,57.5597],[-136.06376,57.5558],[-136.0743,57.56663],[-136.06843,57.56987],[-136.05448,57.55861]]],[[[-134.10262,58.08429],[-134.14568,58.08959],[-134.14974,58.10008],[-134.10314,58.09748],[-134.10262,58.08429]]],[[[-135.03786,57.86693],[-135.04987,57.86738],[-135.04387,57.87375],[-135.03786,57.86693]]],[[[-135.58884,57.65405],[-135.61588,57.63891],[-135.6373,57.6438],[-135.71784,57.70387],[-135.68456,57.70587],[-135.58884,57.65405]]],[[[-136.1364,57.59246],[-136.14144,57.58969],[-136.15017,57.59643],[-136.1364,57.59246]]],[[[-135.10317,57.89191],[-135.09543,57.89328],[-135.08426,57.88919],[-135.10317,57.89191]]],[[[-136.09289,57.61742],[-136.09983,57.62146],[-136.09052,57.62381],[-136.09289,57.61742]]],[[[-135.10404,57.89737],[-135.11348,57.89645],[-135.1178,57.90145],[-135.10404,57.89737]]],[[[-136.2081,57.62091],[-136.22106,57.62578],[-136.22217,57.63351],[-136.2081,57.62091]]],[[[-136.18862,57.62473],[-136.20965,57.64137],[-136.18548,57.63295],[-136.18862,57.62473]]],[[[-136.22428,57.64531],[-136.23189,57.64342],[-136.23641,57.65065],[-136.22428,57.64531]]],[[[-135.83295,57.76546],[-135.82262,57.7628],[-135.82857,57.7614],[-135.83295,57.76546]]],[[[-136.17757,57.70309],[-136.16565,57.70456],[-136.13695,57.6889],[-136.15534,57.67645],[-136.16985,57.67632],[-136.18232,57.64026],[-136.20667,57.65413],[-136.22721,57.65575],[-136.2291,57.66119],[-136.21718,57.66222],[-136.24572,57.6724],[-136.24257,57.68016],[-136.2504,57.68418],[-136.23023,57.69348],[-136.20371,57.69283],[-136.2062,57.71555],[-136.17757,57.70309]]],[[[-136.27633,57.71622],[-136.25263,57.72328],[-136.22974,57.7044],[-136.26423,57.68859],[-136.27138,57.69762],[-136.26482,57.70542],[-136.2874,57.71519],[-136.27633,57.71622]]],[[[-134.59731,58.18187],[-134.58693,58.17912],[-134.59476,58.17778],[-134.59731,58.18187]]],[[[-136.28209,57.75756],[-136.27048,57.76769],[-136.25852,57.74461],[-136.27668,57.72622],[-136.29741,57.73192],[-136.30132,57.74508],[-136.31954,57.75171],[-136.30965,57.76228],[-136.28209,57.75756]]],[[[-136.32668,57.78257],[-136.33028,57.78708],[-136.3234,57.78624],[-136.32668,57.78257]]],[[[-134.72936,58.2427],[-134.73714,58.2459],[-134.73359,58.2568],[-134.72498,58.24769],[-134.72936,58.2427]]],[[[-136.38299,57.79833],[-136.38991,57.80008],[-136.37981,57.80473],[-136.38299,57.79833]]],[[[-134.72915,58.27134],[-134.72747,58.26225],[-134.73958,58.26818],[-134.72915,58.27134]]],[[[-135.46665,58.09481],[-135.46744,58.08981],[-135.48217,58.09293],[-135.46665,58.09481]]],[[[-134.57807,58.34049],[-134.53365,58.34352],[-134.4964,58.33019],[-134.3465,58.25358],[-134.25834,58.19489],[-134.32253,58.19207],[-134.46843,58.22641],[-134.51369,58.21477],[-134.58465,58.22685],[-134.63733,58.24838],[-134.69243,58.29808],[-134.67852,58.29805],[-134.67319,58.31121],[-134.60959,58.32286],[-134.60163,58.33466],[-134.57807,58.34049]]],[[[-136.42958,57.83115],[-136.43841,57.83364],[-136.43525,57.84005],[-136.42476,57.83562],[-136.42958,57.83115]]],[[[-135.111,58.19565],[-135.13358,58.20972],[-135.11536,58.20474],[-135.111,58.19565]]],[[[-135.2625,58.17725],[-135.25553,58.1718],[-135.26069,58.16634],[-135.2625,58.17725]]],[[[-134.64942,58.3398],[-134.65561,58.3289],[-134.67042,58.32803],[-134.66507,58.34121],[-134.64942,58.3398]]],[[[-135.07029,58.20614],[-135.06162,58.19978],[-135.06853,58.19159],[-135.0564,58.18932],[-135.06766,58.18613],[-135.1093,58.20793],[-135.07982,58.2034],[-135.09461,58.2234],[-135.08942,58.23068],[-135.07029,58.20614]]],[[[-135.05474,58.2357],[-135.066,58.23161],[-135.07383,58.24251],[-135.05474,58.2357]]],[[[-134.73652,58.32819],[-134.75123,58.33913],[-134.73302,58.33136],[-134.73652,58.32819]]],[[[-134.69286,58.34764],[-134.7085,58.3504],[-134.69797,58.35902],[-134.69286,58.34764]]],[[[-135.49241,58.14473],[-135.50539,58.14514],[-135.49766,58.1488],[-135.49241,58.14473]]],[[[-136.49058,57.87034],[-136.49579,57.8721],[-136.48823,57.87582],[-136.49058,57.87034]]],[[[-135.49293,58.18156],[-135.50597,58.1856],[-135.49039,58.18612],[-135.49293,58.18156]]],[[[-136.32215,58.00458],[-136.33423,58.00491],[-136.32309,58.00685],[-136.32215,58.00458]]],[[[-134.96085,58.40801],[-134.93732,58.39709],[-134.91735,58.37207],[-134.90265,58.33251],[-134.8853,58.31795],[-134.874,58.31885],[-134.90253,58.37252],[-134.89643,58.37479],[-134.87215,58.34612],[-134.84173,58.33973],[-134.80703,58.31831],[-134.80716,58.29467],[-134.78635,58.28645],[-134.78206,58.27736],[-134.75692,58.27185],[-134.74834,58.25774],[-134.7553,58.25685],[-134.73725,58.23271],[-134.71215,58.22538],[-134.7159,58.1922],[-134.70048,58.17216],[-134.70835,58.16263],[-134.69628,58.15669],[-134.6426,58.15837],[-134.6061,58.1719],[-134.57062,58.16815],[-134.56189,58.17312],[-134.57052,58.17678],[-134.57122,58.18952],[-134.55819,58.1922],[-134.52291,58.1748],[-134.44848,58.17267],[-134.33735,58.14122],[-134.3368,58.12484],[-134.32323,58.11067],[-134.2958,58.09916],[-134.32804,58.13071],[-134.32789,58.13844],[-134.31301,58.14655],[-134.28022,58.14272],[-134.26613,58.15401],[-134.20443,58.16501],[-134.17698,58.15437],[-134.18245,58.14213],[-134.17219,58.13751],[-134.1682,58.12294],[-134.22965,58.12106],[-134.19115,58.10308],[-134.18187,58.09301],[-134.19082,58.08034],[-134.18407,58.07302],[-134.15333,58.05917],[-134.13909,58.04134],[-134.09495,58.01374],[-134.09189,57.99826],[-134.10257,57.98515],[-134.00112,57.91752],[-134.00655,57.90802],[-133.99901,57.90113],[-134.00861,57.89621],[-133.98024,57.86687],[-133.9856,57.85964],[-133.92725,57.8314],[-133.9285,57.81822],[-133.90323,57.8039],[-133.91184,57.77487],[-133.89208,57.74967],[-133.89504,57.73742],[-133.87981,57.73137],[-133.8974,57.71606],[-133.89673,57.68239],[-133.86683,57.65665],[-133.81316,57.62793],[-133.80634,57.60285],[-133.81273,57.59017],[-133.80455,57.58008],[-133.81771,57.56883],[-133.84293,57.57817],[-133.86007,57.60153],[-133.85862,57.62017],[-133.93709,57.67546],[-133.9786,57.68764],[-133.97887,57.7072],[-134.00246,57.71967],[-133.99541,57.7269],[-134.00387,57.73015],[-134.00165,57.74787],[-134.02257,57.76487],[-134.01346,57.78436],[-134.03103,57.79996],[-134.02321,57.80354],[-134.02968,57.81768],[-134.10091,57.84824],[-134.10415,57.85554],[-134.09049,57.85271],[-134.12008,57.87066],[-134.1401,57.92947],[-134.15774,57.94778],[-134.14472,57.95224],[-134.18979,57.97574],[-134.19376,57.99031],[-134.24383,58.02564],[-134.24282,58.03246],[-134.1698,57.98334],[-134.16022,57.98782],[-134.24157,58.05019],[-134.25753,58.07075],[-134.27408,58.06311],[-134.31493,58.09335],[-134.32277,58.08975],[-134.32216,58.07657],[-134.27707,58.04357],[-134.27375,58.03764],[-134.28161,58.0336],[-134.26555,58.01759],[-134.31089,58.03558],[-134.3436,58.03893],[-134.25062,57.99021],[-134.23386,57.96874],[-134.24682,57.967],[-134.33231,57.99749],[-134.34705,57.99302],[-134.31893,57.97696],[-134.32337,57.9697],[-134.27804,57.91397],[-134.29027,57.90403],[-134.28183,57.89625],[-134.29514,57.87586],[-134.29274,57.8663],[-134.30839,57.85729],[-134.30797,57.83409],[-134.29107,57.82217],[-134.28045,57.83849],[-134.28794,57.8499],[-134.28354,57.85442],[-134.2394,57.8719],[-134.20942,57.83078],[-134.15491,57.77903],[-134.12935,57.73882],[-134.06637,57.69515],[-134.04899,57.67455],[-134.09102,57.66667],[-134.09842,57.64398],[-134.07345,57.65335],[-134.01285,57.65334],[-133.9986,57.64412],[-134.00412,57.62961],[-133.98002,57.6376],[-133.94074,57.61044],[-133.95223,57.56777],[-133.94761,57.5518],[-133.86809,57.48377],[-133.86112,57.46277],[-133.88721,57.46983],[-133.94812,57.53407],[-133.96277,57.52782],[-133.96473,57.51919],[-133.94692,57.51767],[-133.9255,57.4952],[-133.93071,57.49115],[-133.91999,57.48059],[-133.93528,57.48072],[-133.92284,57.4706],[-133.94225,57.47487],[-133.94617,57.48536],[-133.97191,57.47694],[-134.00203,57.49265],[-134.04795,57.4912],[-134.08481,57.51104],[-134.08754,57.50378],[-134.10962,57.50439],[-134.06092,57.48219],[-134.06109,57.47628],[-134.1113,57.47119],[-134.11315,57.46529],[-133.9903,57.45752],[-133.9719,57.44827],[-133.98003,57.43059],[-134.00416,57.41714],[-133.99666,57.41208],[-133.97204,57.41415],[-133.96578,57.42501],[-133.93586,57.43341],[-133.93718,57.41749],[-133.9094,57.41133],[-133.92322,57.43057],[-133.91102,57.44093],[-133.88312,57.38425],[-133.86889,57.37912],[-133.87941,57.36738],[-133.86864,57.36046],[-133.88512,57.34741],[-133.94652,57.33111],[-133.95177,57.32524],[-133.9461,57.31655],[-133.96506,57.30397],[-133.98539,57.30232],[-133.99611,57.3115],[-133.96807,57.31673],[-133.96621,57.32309],[-133.99514,57.3165],[-134.05057,57.32969],[-134.08327,57.37316],[-134.09771,57.37145],[-134.08701,57.35954],[-134.09865,57.33414],[-134.0895,57.32816],[-134.10494,57.31917],[-134.12227,57.33613],[-134.11606,57.34837],[-134.13843,57.36764],[-134.15284,57.36729],[-134.15593,57.37914],[-134.19878,57.39399],[-134.20327,57.38264],[-134.16063,57.35915],[-134.15267,57.33862],[-134.17371,57.34286],[-134.18824,57.33613],[-134.14284,57.3249],[-134.14733,57.31401],[-134.17127,57.30234],[-134.13234,57.3048],[-134.09418,57.27677],[-134.09621,57.26359],[-134.11869,57.24191],[-134.12745,57.26336],[-134.15448,57.26218],[-134.15328,57.2062],[-134.21978,57.17023],[-134.26159,57.18414],[-134.28116,57.17334],[-134.27991,57.23568],[-134.29734,57.25034],[-134.30829,57.20717],[-134.29574,57.203],[-134.30266,57.19349],[-134.29616,57.18116],[-134.30153,57.16526],[-134.29673,57.15295],[-134.27666,57.14646],[-134.28188,57.13784],[-134.30216,57.13295],[-134.35216,57.15781],[-134.35067,57.14779],[-134.33481,57.14042],[-134.33098,57.12037],[-134.37955,57.1311],[-134.39144,57.12433],[-134.38324,57.112],[-134.39745,57.11662],[-134.41018,57.10986],[-134.37095,57.09419],[-134.37359,57.08783],[-134.47745,57.04918],[-134.48607,57.03283],[-134.50208,57.02697],[-134.54139,57.03487],[-134.54073,57.02121],[-134.54743,57.02124],[-134.54805,57.03854],[-134.53539,57.04441],[-134.54369,57.05172],[-134.56925,57.01859],[-134.56905,57.03497],[-134.59339,57.03551],[-134.6121,57.01145],[-134.61962,57.01284],[-134.60755,57.04421],[-134.63398,57.08388],[-134.62722,57.08887],[-134.64135,57.10347],[-134.62099,57.12162],[-134.63938,57.13123],[-134.6258,57.14348],[-134.59542,57.15203],[-134.60462,57.15752],[-134.59694,57.1666],[-134.63816,57.16946],[-134.65629,57.20955],[-134.65188,57.22957],[-134.63405,57.2418],[-134.6232,57.22994],[-134.60213,57.22987],[-134.57868,57.21705],[-134.5331,57.22143],[-134.51774,57.23639],[-134.58179,57.23936],[-134.6211,57.26952],[-134.59319,57.27443],[-134.56415,57.30255],[-134.52007,57.31285],[-134.47612,57.31358],[-134.44249,57.30251],[-134.45749,57.31623],[-134.51227,57.32692],[-134.49015,57.33684],[-134.49686,57.34142],[-134.57639,57.33808],[-134.56591,57.3658],[-134.57836,57.38632],[-134.57651,57.39906],[-134.5544,57.40625],[-134.52987,57.40298],[-134.52323,57.39294],[-134.53179,57.38661],[-134.48885,57.36869],[-134.42208,57.36293],[-134.41349,57.37108],[-134.37172,57.33812],[-134.32447,57.33286],[-134.3201,57.33921],[-134.36805,57.35448],[-134.39483,57.37327],[-134.33365,57.38433],[-134.32418,57.39246],[-134.36568,57.39223],[-134.40575,57.37742],[-134.46328,57.38086],[-134.46566,57.39088],[-134.48504,57.3987],[-134.50417,57.42336],[-134.54537,57.4499],[-134.5418,57.46399],[-134.55954,57.47043],[-134.5552,57.47814],[-134.5748,57.47184],[-134.58725,57.49554],[-134.60921,57.50744],[-134.56102,57.48726],[-134.55491,57.5018],[-134.52704,57.48805],[-134.52765,57.50579],[-134.50396,57.49888],[-134.49703,57.50886],[-134.50463,57.51207],[-134.47048,57.5224],[-134.47889,57.52926],[-134.45498,57.53552],[-134.4356,57.52406],[-134.3603,57.5519],[-134.39095,57.54977],[-134.38488,57.55703],[-134.39928,57.56028],[-134.40795,57.55122],[-134.49228,57.54341],[-134.57776,57.50779],[-134.59546,57.52014],[-134.59446,57.53378],[-134.61202,57.56295],[-134.67627,57.60862],[-134.67107,57.61771],[-134.7038,57.67829],[-134.70026,57.69329],[-134.72236,57.70835],[-134.73496,57.73795],[-134.70722,57.78154],[-134.7174,57.79339],[-134.70337,57.83157],[-134.72214,57.84298],[-134.71433,57.85433],[-134.72614,57.88301],[-134.74235,57.89714],[-134.73887,57.90305],[-134.75667,57.93674],[-134.74202,57.94125],[-134.77367,57.96906],[-134.75901,57.97312],[-134.7632,57.98904],[-134.8052,58.02686],[-134.79999,58.03276],[-134.81453,58.05415],[-134.80243,58.05778],[-134.8015,58.07005],[-134.78943,58.06821],[-134.78763,58.07958],[-134.77469,58.07683],[-134.75629,58.11499],[-134.76465,58.15593],[-134.75767,58.16501],[-134.72991,58.17268],[-134.74538,58.18863],[-134.77846,58.16414],[-134.77529,58.11911],[-134.78058,58.10048],[-134.79014,58.09504],[-134.80822,58.10553],[-134.82447,58.13784],[-134.85892,58.17334],[-134.90218,58.19248],[-134.92205,58.2225],[-134.8873,58.2393],[-134.88204,58.25703],[-134.91242,58.2566],[-134.91417,58.24569],[-134.9246,58.24387],[-134.95145,58.27798],[-134.95919,58.34527],[-134.97222,58.36119],[-134.96085,58.40801]]],[[[-135.44793,58.31903],[-135.45745,58.31582],[-135.4628,58.32626],[-135.44793,58.31903]]],[[[-134.98174,58.45529],[-134.98786,58.45166],[-135.00095,58.45984],[-134.98174,58.45529]]],[[[-134.92669,58.48482],[-134.91445,58.48345],[-134.89705,58.45889],[-134.86396,58.43658],[-134.81196,58.37105],[-134.84592,58.37337],[-134.90061,58.43616],[-134.90058,58.44934],[-134.92063,58.4589],[-134.92669,58.48482]]],[[[-136.57328,58.0299],[-136.56949,58.02267],[-136.57802,58.02074],[-136.58088,58.02617],[-136.57328,58.0299]]],[[[-135.48214,58.34119],[-135.49082,58.33979],[-135.49262,58.34342],[-135.48214,58.34119]]],[[[-136.03074,58.20742],[-136.03934,58.20508],[-136.05706,58.21766],[-136.03185,58.21605],[-136.03074,58.20742]]],[[[-136.49175,58.10046],[-136.49065,58.09502],[-136.47002,58.09799],[-136.44192,58.06603],[-136.42463,58.06577],[-136.42072,58.05444],[-136.38843,58.04616],[-136.33623,58.01217],[-136.34028,58.0053],[-136.37876,57.99715],[-136.3953,57.95786],[-136.37824,57.93985],[-136.37957,57.92982],[-136.41726,57.88347],[-136.46039,57.84658],[-136.4665,57.84879],[-136.45365,57.87032],[-136.46976,57.86558],[-136.48139,57.87636],[-136.46648,57.88973],[-136.52208,57.90408],[-136.5098,57.91833],[-136.48073,57.92231],[-136.48786,57.92814],[-136.4829,57.93275],[-136.51215,57.93285],[-136.52744,57.92858],[-136.53289,57.91532],[-136.55373,57.92007],[-136.56194,57.91132],[-136.57544,57.9248],[-136.57071,57.93441],[-136.53922,57.94208],[-136.56804,57.95173],[-136.57096,57.95897],[-136.54488,57.97294],[-136.54789,57.98246],[-136.53504,57.98443],[-136.54058,57.99255],[-136.52622,57.99955],[-136.53306,58.01765],[-136.55149,58.00561],[-136.56139,58.01503],[-136.55414,58.02649],[-136.56247,58.03913],[-136.55573,58.0424],[-136.55414,58.06515],[-136.54567,58.06889],[-136.55466,58.07697],[-136.53744,58.07809],[-136.54397,58.08892],[-136.53463,58.09268],[-136.49175,58.10046]]],[[[-134.9992,58.49984],[-134.97385,58.49893],[-134.97385,58.48711],[-134.94156,58.47073],[-135.00445,58.48075],[-135.03504,58.50666],[-135.03417,58.51529],[-134.9992,58.49984]]],[[[-136.23224,58.19333],[-136.24372,58.19913],[-136.23237,58.19697],[-136.23224,58.19333]]],[[[-134.89939,58.55299],[-134.92214,58.55618],[-134.92824,58.56847],[-134.90899,58.56482],[-134.89939,58.55299]]],[[[-136.38404,58.15309],[-136.39531,58.15342],[-136.41254,58.17279],[-136.38802,58.16579],[-136.37815,58.1577],[-136.38404,58.15309]]],[[[-135.71082,58.37558],[-135.66657,58.38445],[-135.63254,58.38145],[-135.53608,58.34052],[-135.54894,58.32864],[-135.57325,58.32536],[-135.68119,58.33028],[-135.73063,58.36456],[-135.71082,58.37558]]],[[[-136.39544,58.19981],[-136.38685,58.20173],[-136.3857,58.19492],[-136.40723,58.19149],[-136.39544,58.19981]]],[[[-136.33101,58.21552],[-136.32898,58.20781],[-136.30982,58.20528],[-136.31092,58.21164],[-136.28084,58.21877],[-136.27266,58.20885],[-136.27486,58.19746],[-136.24483,58.18229],[-136.23331,58.15057],[-136.21959,58.15434],[-136.19561,58.13638],[-136.20485,58.10309],[-136.19744,58.08861],[-136.18102,58.08876],[-136.17806,58.07742],[-136.13216,58.07375],[-136.10415,58.06172],[-136.08704,58.06688],[-136.09319,58.07046],[-136.15066,58.08495],[-136.18059,58.1015],[-136.17775,58.11972],[-136.16448,58.13668],[-136.20032,58.17272],[-136.16747,58.20032],[-136.13308,58.20882],[-136.15857,58.21904],[-136.06295,58.2117],[-135.96729,58.17018],[-135.96221,58.17431],[-135.97722,58.18466],[-135.98105,58.19782],[-135.97091,58.20699],[-135.94857,58.21398],[-135.90856,58.24292],[-135.8731,58.24726],[-135.84055,58.26522],[-135.83132,58.27846],[-135.80192,58.28411],[-135.78275,58.28195],[-135.77015,58.26202],[-135.75541,58.26257],[-135.73748,58.2363],[-135.67818,58.22026],[-135.64361,58.22635],[-135.62157,58.20691],[-135.58593,58.20026],[-135.59214,58.20887],[-135.57735,58.20576],[-135.57023,58.19352],[-135.55019,58.18678],[-135.55349,58.17677],[-135.53626,58.18275],[-135.49964,58.16698],[-135.52881,58.14822],[-135.52405,58.12005],[-135.5427,58.09633],[-135.58838,58.08884],[-135.59751,58.06698],[-135.61635,58.05825],[-135.61623,58.05097],[-135.63514,58.04678],[-135.71474,58.05772],[-135.7491,58.05025],[-135.79491,58.05315],[-135.78248,58.03731],[-135.75286,58.0243],[-135.72707,58.02764],[-135.74883,58.03706],[-135.74123,58.04484],[-135.67223,58.04659],[-135.6504,58.0317],[-135.6937,58.04102],[-135.671,58.02659],[-135.71163,58.03182],[-135.62165,58.01593],[-135.6353,58.00813],[-135.63509,57.9963],[-135.6832,57.98923],[-135.73531,58.0094],[-135.79183,57.99314],[-135.77967,57.98867],[-135.7865,57.98635],[-135.82619,57.98928],[-135.79925,57.97854],[-135.75211,57.98929],[-135.68882,57.96874],[-135.66735,57.97158],[-135.66106,57.95797],[-135.6807,57.95013],[-135.67113,57.94473],[-135.64126,57.95716],[-135.65291,57.98257],[-135.60306,57.98828],[-135.57316,58.00342],[-135.55951,58.01304],[-135.56252,58.0394],[-135.54534,58.04357],[-135.54381,58.05676],[-135.49564,58.06833],[-135.49233,58.07789],[-135.50019,58.08422],[-135.49419,58.08789],[-135.47851,58.07749],[-135.44666,58.08534],[-135.4563,58.09713],[-135.42515,58.09223],[-135.46795,58.12755],[-135.43772,58.13038],[-135.42141,58.14044],[-135.32427,58.11527],[-135.34325,58.11158],[-135.34662,58.10156],[-135.32158,58.1039],[-135.29462,58.08442],[-135.26533,58.09357],[-135.1901,58.0828],[-135.12189,58.08652],[-135.09076,58.07882],[-135.08297,58.06836],[-135.11405,58.06834],[-135.13129,58.05968],[-134.97248,58.04565],[-134.94318,58.02199],[-134.91741,57.9806],[-134.94585,57.97061],[-134.9338,57.96697],[-134.93383,57.95287],[-134.92006,57.94877],[-134.92185,57.92376],[-135.0001,57.89104],[-134.94002,57.85555],[-134.94089,57.84873],[-134.9795,57.86284],[-135.03359,57.89922],[-135.04906,57.89694],[-135.22724,57.95177],[-135.21686,57.94224],[-135.22286,57.93814],[-135.17031,57.92094],[-135.15732,57.89913],[-135.1186,57.88371],[-135.07651,57.87828],[-135.03872,57.85965],[-135.03525,57.84101],[-135.00438,57.84283],[-134.99581,57.8351],[-135.01296,57.82964],[-134.95809,57.81781],[-134.95124,57.80689],[-134.98894,57.8019],[-135.02405,57.78052],[-135.06345,57.78369],[-135.07541,57.77459],[-135.0943,57.78595],[-135.15076,57.77634],[-135.1662,57.78223],[-135.20556,57.77581],[-135.2347,57.77985],[-135.32145,57.80785],[-135.42322,57.86213],[-135.4834,57.86964],[-135.5552,57.90437],[-135.60596,57.90822],[-135.70723,57.94317],[-135.78238,57.95636],[-135.86521,57.99902],[-135.90745,57.99963],[-135.82403,57.97019],[-135.8073,57.95393],[-135.82317,57.93382],[-135.79061,57.93903],[-135.77309,57.92458],[-135.76645,57.93554],[-135.75272,57.93744],[-135.7542,57.92652],[-135.73266,57.92437],[-135.72986,57.91438],[-135.73749,57.90934],[-135.70249,57.92045],[-135.57546,57.88199],[-135.65752,57.86157],[-135.65824,57.85429],[-135.559,57.87297],[-135.55297,57.87208],[-135.55718,57.86615],[-135.51755,57.85723],[-135.52428,57.8481],[-135.59008,57.83235],[-135.59592,57.82277],[-135.50618,57.84226],[-135.44513,57.83067],[-135.42437,57.81528],[-135.37194,57.8018],[-135.37269,57.79134],[-135.38294,57.78812],[-135.37941,57.77904],[-135.4359,57.77704],[-135.44607,57.76881],[-135.36394,57.77272],[-135.333,57.76053],[-135.32688,57.74871],[-135.45511,57.74012],[-135.46277,57.73646],[-135.45846,57.73374],[-135.38236,57.73491],[-135.36429,57.72496],[-135.32935,57.73688],[-135.27891,57.74019],[-135.24033,57.72753],[-135.23678,57.70389],[-135.22223,57.70255],[-135.20699,57.72668],[-135.17113,57.73675],[-135.12406,57.72725],[-135.11217,57.75773],[-135.07964,57.74775],[-135.04114,57.75414],[-135.0266,57.74141],[-134.9804,57.76142],[-134.9376,57.76049],[-134.92054,57.73956],[-134.92655,57.73093],[-134.92232,57.70591],[-134.90867,57.69907],[-134.92409,57.6768],[-134.90194,57.66132],[-134.94204,57.66544],[-134.89515,57.6504],[-134.88579,57.64038],[-134.88839,57.63129],[-134.87476,57.62627],[-134.85029,57.56893],[-134.86229,57.54438],[-134.84542,57.51297],[-134.82424,57.50066],[-134.83698,57.49931],[-134.8328,57.48702],[-134.84388,57.47748],[-134.87606,57.50208],[-134.89049,57.50391],[-134.88712,57.4939],[-134.89393,57.49345],[-134.90664,57.50074],[-134.90493,57.50711],[-134.92362,57.50894],[-134.93718,57.52123],[-135.00179,57.54718],[-134.98818,57.53126],[-134.88207,57.48025],[-134.8711,57.46477],[-134.90081,57.45888],[-134.97208,57.46211],[-134.97803,57.45573],[-135.023,57.45301],[-135.04337,57.46164],[-135.09005,57.46435],[-135.12327,57.49344],[-135.3321,57.57357],[-135.35183,57.58853],[-135.48015,57.63132],[-135.51111,57.64893],[-135.52819,57.64886],[-135.62806,57.70026],[-135.83907,57.77088],[-135.84582,57.76674],[-135.83793,57.75861],[-135.8473,57.75672],[-135.7284,57.71836],[-135.72902,57.70744],[-135.73667,57.70512],[-135.76343,57.71815],[-135.75452,57.70092],[-135.72962,57.6947],[-135.7105,57.67844],[-135.72059,57.6711],[-135.74141,57.68689],[-135.74288,57.67551],[-135.8174,57.64821],[-135.79854,57.64424],[-135.7715,57.65714],[-135.71003,57.65524],[-135.68157,57.63902],[-135.68136,57.62811],[-135.69567,57.61938],[-135.67519,57.61813],[-135.67362,57.62496],[-135.66001,57.62685],[-135.57506,57.59316],[-135.56038,57.58049],[-135.58317,57.56764],[-135.62841,57.57561],[-135.64109,57.57009],[-135.64092,57.56054],[-135.65459,57.5641],[-135.68062,57.54577],[-135.64835,57.54867],[-135.61971,57.56474],[-135.56833,57.54588],[-135.56391,57.53543],[-135.5756,57.52219],[-135.59672,57.5139],[-135.57113,57.50856],[-135.55108,57.47589],[-135.55832,57.45038],[-135.60567,57.44061],[-135.65592,57.45173],[-135.5944,57.42564],[-135.61968,57.41688],[-135.62624,57.40501],[-135.68134,57.40609],[-135.64965,57.38715],[-135.66134,57.37799],[-135.67501,57.38474],[-135.71103,57.36542],[-135.73067,57.37304],[-135.74155,57.36661],[-135.77067,57.38281],[-135.84279,57.38916],[-135.85714,57.42182],[-135.87314,57.41761],[-135.92743,57.4518],[-135.96749,57.45877],[-135.97107,57.46557],[-135.96358,57.47109],[-136.00248,57.4958],[-136.01867,57.49749],[-136.01809,57.50659],[-136.03446,57.51465],[-136.01755,57.51752],[-136.02211,57.5284],[-135.95615,57.51073],[-135.92261,57.49551],[-135.90606,57.4788],[-135.81351,57.44214],[-135.81547,57.45305],[-135.84107,57.4597],[-135.82343,57.4671],[-135.86352,57.47502],[-135.86371,57.48366],[-135.89534,57.49208],[-135.91796,57.51238],[-135.91735,57.52194],[-135.94448,57.51901],[-135.96853,57.52792],[-135.93242,57.54549],[-135.93354,57.55503],[-135.97632,57.53332],[-135.99952,57.54132],[-135.94077,57.5709],[-135.91074,57.56203],[-135.92298,57.57422],[-135.91814,57.58472],[-136.00634,57.60178],[-135.95287,57.57764],[-135.99987,57.5536],[-136.02375,57.55523],[-136.05857,57.58178],[-136.0589,57.59315],[-136.08545,57.59747],[-136.09685,57.60783],[-136.08182,57.61843],[-136.06868,57.60672],[-136.04981,57.63099],[-136.04125,57.63015],[-136.04168,57.6447],[-136.0803,57.62436],[-136.08172,57.64254],[-136.09227,57.65246],[-136.08571,57.66116],[-136.09768,57.66196],[-136.11005,57.64821],[-136.10988,57.61591],[-136.16192,57.64273],[-136.15291,57.65418],[-136.16668,57.6577],[-136.16187,57.66729],[-136.13424,57.65754],[-136.12764,57.66488],[-136.1392,57.67888],[-136.10621,57.68872],[-136.15027,57.70425],[-136.11704,57.70728],[-136.12247,57.71724],[-136.15471,57.70967],[-136.1818,57.72716],[-136.19011,57.74573],[-136.19495,57.73704],[-136.21297,57.73869],[-136.20287,57.76835],[-136.20675,57.78196],[-136.21946,57.77774],[-136.21969,57.75955],[-136.23913,57.75254],[-136.25426,57.76921],[-136.22738,57.78403],[-136.21991,57.79093],[-136.22356,57.79726],[-136.23299,57.79762],[-136.24204,57.78662],[-136.25341,57.79333],[-136.26557,57.7741],[-136.30127,57.76691],[-136.29738,57.77787],[-136.31197,57.77863],[-136.31327,57.79044],[-136.33754,57.79792],[-136.33951,57.80472],[-136.3592,57.80405],[-136.36777,57.82579],[-136.35607,57.83365],[-136.37397,57.83073],[-136.37777,57.84024],[-136.39409,57.84097],[-136.39617,57.82821],[-136.42598,57.82333],[-136.41617,57.83526],[-136.42605,57.84607],[-136.42289,57.85293],[-136.40864,57.86128],[-136.41237,57.86897],[-136.36379,57.92226],[-136.2961,57.90615],[-136.28023,57.8954],[-136.26743,57.8978],[-136.27288,57.90548],[-136.35999,57.9355],[-136.37656,57.96306],[-136.36663,57.97363],[-136.36396,57.99368],[-136.35036,57.99882],[-136.29098,57.97716],[-136.1153,57.86922],[-136.05877,57.84516],[-136.02605,57.84089],[-136.14104,57.89537],[-136.14464,57.90034],[-136.13274,57.90454],[-136.15265,57.90891],[-136.19503,57.94172],[-136.2335,57.95909],[-136.24633,57.98125],[-136.27935,57.98911],[-136.34441,58.04573],[-136.38012,58.05399],[-136.43068,58.08708],[-136.43323,58.10706],[-136.4446,58.11011],[-136.44411,58.11921],[-136.37639,58.13498],[-136.36728,58.14554],[-136.34014,58.1372],[-136.32224,58.12147],[-136.29085,58.11498],[-136.27637,58.09739],[-136.26604,58.0984],[-136.30117,58.13624],[-136.28478,58.13778],[-136.28075,58.146],[-136.31919,58.15516],[-136.32128,58.16468],[-136.35241,58.18573],[-136.34398,58.19219],[-136.36371,58.20881],[-136.3516,58.20939],[-136.3554,58.21799],[-136.33101,58.21552]]],[[[-136.10732,58.29817],[-136.07866,58.29933],[-136.06165,58.31129],[-136.03737,58.31377],[-136.03522,58.27105],[-136.05611,58.27269],[-136.09205,58.25465],[-136.13485,58.26292],[-136.15258,58.27367],[-136.15018,58.28005],[-136.10732,58.29817]]],[[[-136.35395,58.22528],[-136.3687,58.22558],[-136.36905,58.23422],[-136.35395,58.22528]]],[[[-136.34305,58.23495],[-136.37031,58.24421],[-136.3555,58.243],[-136.34305,58.23495]]],[[[-136.31821,58.26704],[-136.28103,58.27106],[-136.27288,58.26205],[-136.30385,58.25446],[-136.28342,58.24194],[-136.3133,58.22889],[-136.36019,58.25159],[-136.35451,58.26212],[-136.32299,58.25517],[-136.32235,58.26109],[-136.34176,58.26907],[-136.31821,58.26704]]],[[[-135.19372,58.5847],[-135.19898,58.58514],[-135.20254,58.59332],[-135.19372,58.5847]]],[[[-136.38178,58.27091],[-136.36866,58.26833],[-136.3785,58.25367],[-136.40081,58.26889],[-136.38178,58.27091]]],[[[-135.18072,58.61017],[-135.19213,58.61379],[-135.18511,58.6138],[-135.18072,58.61017]]],[[[-136.67869,58.21321],[-136.68545,58.20948],[-136.69164,58.21212],[-136.67869,58.21321]]],[[[-135.21496,58.61512],[-135.22466,58.62328],[-135.21853,58.62375],[-135.21496,58.61512]]],[[[-136.48212,58.28115],[-136.51621,58.30576],[-136.48432,58.29203],[-136.48212,58.28115]]],[[[-135.93538,58.49732],[-135.90357,58.48436],[-135.95264,58.48946],[-135.93538,58.49732]]],[[[-136.72466,58.2658],[-136.73182,58.27026],[-136.72776,58.27577],[-136.71972,58.27133],[-136.72466,58.2658]]],[[[-135.96227,58.48985],[-135.94695,58.47268],[-135.95894,58.46487],[-135.97979,58.46107],[-135.99836,58.46911],[-135.99447,58.48505],[-135.96227,58.48985]]],[[[-135.88943,58.51174],[-135.89353,58.50126],[-135.90674,58.50525],[-135.88943,58.51174]]],[[[-136.77224,58.27925],[-136.78763,58.27449],[-136.78611,58.2786],[-136.77224,58.27925]]],[[[-135.88578,58.53995],[-135.88627,58.5254],[-135.89675,58.52442],[-135.9022,58.5321],[-135.88578,58.53995]]],[[[-135.99814,58.52139],[-135.99015,58.51736],[-136.00031,58.50592],[-136.01955,58.50576],[-136.01983,58.51531],[-135.99814,58.52139]]],[[[-135.95144,58.54084],[-135.94871,58.53722],[-135.96096,58.53713],[-135.95144,58.54084]]],[[[-135.89297,58.54717],[-135.91552,58.53974],[-135.89942,58.55985],[-135.89297,58.54717]]],[[[-135.91149,58.55295],[-135.92028,58.55425],[-135.91166,58.55886],[-135.91149,58.55295]]],[[[-135.95885,58.55579],[-135.94996,58.55085],[-135.97001,58.54752],[-135.96332,58.55893],[-135.95885,58.55579]]],[[[-134.97004,58.83937],[-134.95502,58.84254],[-134.96122,58.833],[-134.99741,58.82983],[-134.97004,58.83937]]],[[[-136.86764,58.3079],[-136.87935,58.31546],[-136.87613,58.32051],[-136.86387,58.31887],[-136.86764,58.3079]]],[[[-135.93696,58.58731],[-135.92466,58.58604],[-135.91273,58.56658],[-135.92315,58.56287],[-135.92782,58.57328],[-135.93477,58.57187],[-135.93696,58.58731]]],[[[-136.1305,58.53029],[-136.1462,58.52879],[-136.14829,58.53877],[-136.13515,58.53843],[-136.1305,58.53029]]],[[[-136.08275,58.56979],[-136.09289,58.55789],[-136.15195,58.59555],[-136.14266,58.60655],[-136.1048,58.60188],[-136.08275,58.56979]]],[[[-135.98604,58.64876],[-135.99483,58.64914],[-135.99322,58.65416],[-135.98604,58.64876]]],[[[-136.17133,58.62447],[-136.18097,58.62393],[-136.18384,58.63072],[-136.17133,58.62447]]],[[[-136.05521,58.67139],[-136.06212,58.66724],[-136.0658,58.67266],[-136.05521,58.67139]]],[[[-135.98704,58.7142],[-136.00625,58.70951],[-136.0163,58.72216],[-135.98704,58.7142]]],[[[-136.19971,58.63284],[-136.22631,58.64032],[-136.24376,58.66197],[-136.23105,58.67482],[-136.21781,58.67313],[-136.19971,58.63284]]],[[[-136.04358,58.72239],[-136.05678,58.72228],[-136.04813,58.72735],[-136.04358,58.72239]]],[[[-135.25567,59.01862],[-135.2423,59.01456],[-135.25022,59.005],[-135.26095,59.01407],[-135.25567,59.01862]]],[[[-136.15359,58.74918],[-136.1612,58.76592],[-136.15177,58.77373],[-136.15359,58.74918]]],[[[-135.25837,59.02498],[-135.27346,59.02449],[-135.27706,59.03039],[-135.25837,59.02498]]],[[[-135.2967,58.94083],[-135.3064,58.93762],[-135.29296,58.91629],[-135.30356,58.91445],[-135.29723,58.89901],[-135.30791,58.90626],[-135.31518,58.92715],[-135.32761,58.93212],[-135.35221,59.00114],[-135.34968,59.01341],[-135.3158,58.99714],[-135.29333,58.96083],[-135.2967,58.94083]]],[[[-135.26917,59.04404],[-135.28702,59.05355],[-135.27726,59.05539],[-135.26917,59.04404]]],[[[-135.9215,58.89421],[-135.87307,58.90227],[-135.85444,58.89967],[-135.85335,58.89196],[-135.90873,58.8793],[-135.92841,58.88825],[-135.9215,58.89421]]],[[[-136.47556,58.76179],[-136.4815,58.75672],[-136.512,58.7691],[-136.49,58.76981],[-136.47556,58.76179]]],[[[-136.44124,58.76309],[-136.43574,58.7577],[-136.45609,58.75974],[-136.47498,58.76907],[-136.47808,58.77949],[-136.45325,58.77613],[-136.44124,58.76309]]],[[[-136.52666,58.7621],[-136.53893,58.76059],[-136.54539,58.76688],[-136.52666,58.7621]]],[[[-136.5494,58.87502],[-136.57361,58.88246],[-136.5723,58.89247],[-136.55274,58.88998],[-136.5494,58.87502]]],[[[-137.57024,58.63409],[-137.58326,58.63201],[-137.59182,58.64094],[-137.57084,58.64227],[-137.57024,58.63409]]],[[[-136.78336,58.90292],[-136.82354,58.90963],[-136.85547,58.92735],[-136.86046,58.93774],[-136.84943,58.94654],[-136.81464,58.94203],[-136.80825,58.92166],[-136.78745,58.91331],[-136.78336,58.90292]]],[[[-139.24131,59.33242],[-139.24117,59.32423],[-139.29133,59.33762],[-139.24131,59.33242]]],[[[-139.71558,59.58443],[-139.73286,59.58518],[-139.72367,59.59051],[-139.71558,59.58443]]],[[[-139.71091,59.60919],[-139.70757,59.60475],[-139.71865,59.60618],[-139.71091,59.60919]]],[[[-139.67509,59.61183],[-139.68062,59.60617],[-139.67609,59.59312],[-139.68857,59.59177],[-139.69428,59.59384],[-139.69028,59.60401],[-139.70615,59.61392],[-139.67509,59.61183]]],[[[-139.64255,59.62528],[-139.66027,59.616],[-139.67417,59.62462],[-139.64255,59.62528]]],[[[-139.6547,59.63441],[-139.66712,59.63898],[-139.65829,59.64066],[-139.6547,59.63441]]],[[[-139.72578,59.6246],[-139.74399,59.61256],[-139.73273,59.6034],[-139.73499,59.59375],[-139.75004,59.59777],[-139.74668,59.58058],[-139.76592,59.58854],[-139.76327,59.57634],[-139.78435,59.57831],[-139.79233,59.57073],[-139.78287,59.56151],[-139.78768,59.55724],[-139.80396,59.56985],[-139.81274,59.58684],[-139.77949,59.59488],[-139.73537,59.63473],[-139.72326,59.63881],[-139.72578,59.6246]]],[[[-139.50393,59.7052],[-139.51949,59.70604],[-139.50527,59.70835],[-139.50393,59.7052]]],[[[-139.64698,59.66338],[-139.65882,59.66387],[-139.64901,59.6715],[-139.64698,59.66338]]],[[[-139.57682,59.74004],[-139.56621,59.74223],[-139.52132,59.71964],[-139.55317,59.70671],[-139.59849,59.71288],[-139.60589,59.72037],[-139.59176,59.73634],[-139.57682,59.74004]]],[[[-139.5304,59.96611],[-139.53512,59.96049],[-139.54887,59.9673],[-139.53225,59.97288],[-139.5304,59.96611]]],[[[-139.45827,59.99449],[-139.46429,59.99156],[-139.47135,59.99633],[-139.45827,59.99449]]],[[[-141.37873,59.92573],[-141.3893,59.91955],[-141.38494,59.92837],[-141.37873,59.92573]]],[[[-141.35207,59.95474],[-141.34698,59.95364],[-141.35316,59.94879],[-141.36268,59.95043],[-141.35207,59.95474]]],[[[-141.00188,60.39182],[-141.00159,60.30508],[-140.52036,60.21906],[-140.45992,60.30493],[-140.44667,60.30503],[-139.98119,60.1814],[-139.69268,60.33479],[-139.07494,60.35214],[-139.07264,60.31899],[-139.1991,60.08755],[-139.05363,59.99464],[-138.79842,59.92434],[-138.7074,59.90633],[-138.66883,59.8097],[-138.62622,59.76858],[-137.60755,59.24368],[-137.54215,59.10643],[-137.50002,58.98539],[-137.52607,58.90648],[-137.4474,58.90952],[-137.26477,59.00236],[-136.86392,59.13848],[-136.82665,59.15839],[-136.58154,59.16491],[-136.48842,59.25929],[-136.49578,59.27514],[-136.46888,59.28415],[-136.47681,59.46577],[-136.3673,59.44933],[-136.30852,59.46356],[-136.23853,59.52433],[-136.23985,59.55942],[-136.35358,59.59988],[-136.19293,59.64003],[-135.9526,59.662],[-135.47936,59.79799],[-135.36013,59.73762],[-135.23368,59.69609],[-135.21987,59.66278],[-135.15761,59.62572],[-135.11785,59.62307],[-135.02892,59.56365],[-135.02793,59.47459],[-135.07735,59.45186],[-135.10104,59.42754],[-134.99018,59.38691],[-135.03055,59.34635],[-134.95993,59.28093],[-134.70072,59.24891],[-134.67892,59.19206],[-134.56553,59.13084],[-134.48289,59.13099],[-134.44714,59.08923],[-134.38199,59.03876],[-134.40717,58.97921],[-134.31378,58.96215],[-134.33648,58.92342],[-134.25802,58.86087],[-133.84053,58.72945],[-133.70714,58.61228],[-133.55783,58.52314],[-133.37743,58.4305],[-133.46152,58.38773],[-133.34545,58.27634],[-133.17233,58.15368],[-133.17696,58.15057],[-133.07644,57.99977],[-132.86905,57.8397],[-132.75123,57.6961],[-132.66076,57.61661],[-132.55391,57.49665],[-132.363,57.34202],[-132.24799,57.2112],[-132.369,57.09152],[-132.04521,57.04506],[-132.12359,56.87365],[-131.8729,56.806],[-131.90113,56.75353],[-131.86069,56.70299],[-131.83545,56.59913],[-131.58118,56.61223],[-131.47205,56.55267],[-131.1734,56.44948],[-131.08737,56.40601],[-130.782,56.36685],[-130.62333,56.26688],[-130.54067,56.24732],[-130.4679,56.24306],[-130.42602,56.14157],[-130.35011,56.12855],[-130.24596,56.0962],[-130.10386,56.1228],[-130.0035,56.00808],[-130.01607,55.92319],[-130.0217,55.91155],[-130.03579,55.9222],[-130.02871,55.89585],[-130.05599,55.8746],[-130.09151,55.82763],[-130.1062,55.82733],[-130.10988,55.81788],[-130.12448,55.82443],[-130.14295,55.81376],[-130.14246,55.80505],[-130.17374,55.77069],[-130.17229,55.75052],[-130.15778,55.73713],[-130.17359,55.71538],[-130.12461,55.68046],[-130.12383,55.64294],[-130.13872,55.62801],[-130.13509,55.61232],[-130.15113,55.5947],[-130.13489,55.57026],[-130.13942,55.55398],[-130.11034,55.52305],[-130.10715,55.49183],[-130.05249,55.44152],[-130.04778,55.41617],[-130.05718,55.39964],[-130.04856,55.39791],[-130.0411,55.37518],[-130.04506,55.35111],[-129.98955,55.28516],[-130.02599,55.26431],[-130.03794,55.24653],[-130.07215,55.22374],[-130.08513,55.22246],[-130.09932,55.24272],[-130.09998,55.20662],[-130.13784,55.16109],[-130.1548,55.16591],[-130.16036,55.12864],[-130.19196,55.10616],[-130.20198,55.0837],[-130.21378,55.0787],[-130.22657,55.04035],[-130.25742,55.01645],[-130.26387,54.99659],[-130.30364,54.95795],[-130.33705,54.94467],[-130.33219,54.93898],[-130.36768,54.90838],[-130.39247,54.90022],[-130.48389,54.8358],[-130.50539,54.8443],[-130.50536,54.83103],[-130.53525,54.81253],[-130.5663,54.81099],[-130.56295,54.79896],[-130.61106,54.7935],[-130.59185,54.82981],[-130.53723,54.86338],[-130.52045,54.86456],[-130.51142,54.88067],[-130.49672,54.88421],[-130.48732,54.89666],[-130.47696,54.89716],[-130.47135,54.88414],[-130.44825,54.90518],[-130.45906,54.9143],[-130.47959,54.90185],[-130.49037,54.90455],[-130.55761,54.85868],[-130.57495,54.85935],[-130.58664,54.84059],[-130.6249,54.81781],[-130.64923,54.85441],[-130.67383,54.86815],[-130.64879,54.90013],[-130.65718,54.93795],[-130.66817,54.94614],[-130.67563,54.93636],[-130.66367,54.91578],[-130.66605,54.89484],[-130.69162,54.87202],[-130.69307,54.85927],[-130.67949,54.86013],[-130.64679,54.84105],[-130.63582,54.81914],[-130.64279,54.8066],[-130.63485,54.79303],[-130.66001,54.7734],[-130.6722,54.77752],[-130.6778,54.76996],[-130.71672,54.76822],[-130.73809,54.79646],[-130.7217,54.79448],[-130.71129,54.80278],[-130.7097,54.8169],[-130.68801,54.7987],[-130.69942,54.82383],[-130.69278,54.83364],[-130.70273,54.83676],[-130.71183,54.85448],[-130.7126,54.83347],[-130.72364,54.84806],[-130.73374,54.87816],[-130.72538,54.90346],[-130.73615,54.92078],[-130.73302,54.95588],[-130.74559,54.96412],[-130.75299,54.95479],[-130.75051,54.94143],[-130.75862,54.9399],[-130.74535,54.89505],[-130.7502,54.887],[-130.73714,54.86182],[-130.74272,54.8474],[-130.73271,54.84474],[-130.73798,54.81887],[-130.76381,54.81434],[-130.76496,54.82535],[-130.80283,54.84824],[-130.7843,54.81509],[-130.78727,54.78822],[-130.80855,54.77436],[-130.84099,54.76685],[-130.92975,54.80206],[-130.93032,54.819],[-130.94277,54.82858],[-130.92389,54.85718],[-130.94976,54.85993],[-130.94506,54.87439],[-130.95371,54.88247],[-130.94513,54.88857],[-130.94747,54.89642],[-130.96233,54.91341],[-130.95909,54.92152],[-130.9722,54.92518],[-130.96318,54.93538],[-130.94098,54.92775],[-130.9422,54.94607],[-130.93138,54.95072],[-130.94536,54.96859],[-130.92266,54.9655],[-130.91991,54.97638],[-130.90793,54.97686],[-130.8828,54.99608],[-130.89984,55.00035],[-130.90537,54.98592],[-130.92388,54.98383],[-130.96193,54.96232],[-130.97104,54.98138],[-130.9962,54.99917],[-131.01104,54.9942],[-131.00127,55.02678],[-130.97815,55.03466],[-130.99152,55.04381],[-130.95661,55.05768],[-130.98694,55.0569],[-130.98777,55.06425],[-130.93105,55.07324],[-130.86869,55.09708],[-130.85143,55.11658],[-130.82923,55.11532],[-130.81861,55.10305],[-130.82367,55.09318],[-130.80359,55.07279],[-130.80619,55.05642],[-130.78284,55.02996],[-130.78226,55.0496],[-130.79457,55.06789],[-130.73365,55.08531],[-130.71975,55.07428],[-130.68666,55.01452],[-130.68248,55.03037],[-130.71787,55.09113],[-130.71596,55.10798],[-130.64946,55.11052],[-130.62903,55.12164],[-130.52565,55.14559],[-130.52159,55.16647],[-130.56191,55.14287],[-130.61702,55.13582],[-130.65499,55.11805],[-130.70558,55.12223],[-130.68883,55.13624],[-130.68283,55.15384],[-130.56685,55.22353],[-130.53984,55.25587],[-130.54021,55.2664],[-130.49424,55.30257],[-130.4751,55.32835],[-130.47423,55.33563],[-130.48894,55.33346],[-130.50193,55.31202],[-130.56536,55.26371],[-130.57349,55.23521],[-130.71273,55.15084],[-130.70989,55.14068],[-130.73288,55.12781],[-130.7415,55.10069],[-130.75504,55.09388],[-130.77607,55.09099],[-130.79338,55.10031],[-130.81371,55.14036],[-130.80936,55.15804],[-130.81888,55.18763],[-130.82338,55.14666],[-130.83223,55.14606],[-130.83423,55.13516],[-130.862,55.1293],[-130.9028,55.09875],[-130.93396,55.09071],[-130.97945,55.0827],[-131.01714,55.08812],[-131.0364,55.1098],[-131.04412,55.10458],[-131.04639,55.11335],[-131.0736,55.12798],[-131.06787,55.13693],[-131.08454,55.16126],[-131.07521,55.16642],[-131.08861,55.17602],[-131.08045,55.18534],[-131.09108,55.19072],[-131.00832,55.24046],[-130.98632,55.24427],[-130.94971,55.27225],[-130.95119,55.2883],[-130.94013,55.29431],[-130.90909,55.29962],[-130.8797,55.2899],[-130.82625,55.28754],[-130.68718,55.30531],[-130.64202,55.29358],[-130.61835,55.29726],[-130.61841,55.30366],[-130.67351,55.31258],[-130.68261,55.32434],[-130.60637,55.37268],[-130.60622,55.39462],[-130.61765,55.39322],[-130.62658,55.37161],[-130.63964,55.36982],[-130.65634,55.35033],[-130.69399,55.33711],[-130.72406,55.30531],[-130.75864,55.3116],[-130.8488,55.30114],[-130.86972,55.31514],[-130.8814,55.36262],[-130.872,55.38239],[-130.88999,55.40907],[-130.88871,55.45015],[-130.89705,55.46963],[-130.88578,55.48431],[-130.8713,55.48425],[-130.88158,55.4933],[-130.87169,55.50255],[-130.87804,55.52561],[-130.86921,55.53992],[-130.80797,55.54643],[-130.799,55.53285],[-130.77311,55.52644],[-130.79624,55.55742],[-130.78402,55.56567],[-130.75174,55.56542],[-130.75057,55.57588],[-130.70882,55.59492],[-130.67501,55.54479],[-130.67177,55.55884],[-130.68917,55.59009],[-130.68712,55.60783],[-130.69786,55.62696],[-130.68967,55.63488],[-130.64721,55.63834],[-130.64412,55.65788],[-130.65712,55.65744],[-130.67121,55.6406],[-130.70771,55.6328],[-130.71071,55.59956],[-130.74266,55.5957],[-130.76075,55.58584],[-130.76435,55.57547],[-130.79892,55.57671],[-130.81525,55.55354],[-130.84871,55.55016],[-130.87589,55.5598],[-130.88318,55.61852],[-130.90319,55.67952],[-130.89873,55.69809],[-130.85601,55.71806],[-130.79282,55.71764],[-130.77138,55.73515],[-130.75116,55.72757],[-130.73484,55.74982],[-130.69789,55.7535],[-130.70584,55.76201],[-130.74462,55.75657],[-130.79967,55.72885],[-130.8608,55.72599],[-130.89949,55.71319],[-130.96524,55.77985],[-130.93531,55.80119],[-130.92311,55.82361],[-130.97007,55.80285],[-130.99474,55.80003],[-131.06952,55.86874],[-131.07691,55.8836],[-131.13831,55.9194],[-131.14157,55.92727],[-131.12314,55.94767],[-131.14112,55.94734],[-131.15415,55.93179],[-131.1818,55.9482],[-131.18676,55.96342],[-131.17714,55.98548],[-131.195,55.97053],[-131.21543,55.98625],[-131.0607,56.05197],[-131.10292,56.04697],[-131.06096,56.08028],[-131.07924,56.07769],[-131.09435,56.08959],[-131.09301,56.07905],[-131.1608,56.03288],[-131.19332,56.02662],[-131.2166,56.03877],[-131.21521,56.02823],[-131.20221,56.0196],[-131.21645,56.00819],[-131.29703,55.9943],[-131.34137,55.96693],[-131.373,55.96881],[-131.39417,55.96079],[-131.42426,55.99547],[-131.41729,56.00849],[-131.42281,56.01048],[-131.51015,55.97612],[-131.51058,55.98891],[-131.5297,56.00271],[-131.52164,55.98422],[-131.52518,55.97246],[-131.61397,55.93807],[-131.61112,55.97814],[-131.62372,55.98306],[-131.63298,55.93496],[-131.73967,55.88912],[-131.76354,55.90483],[-131.83248,55.92678],[-131.83237,55.93772],[-131.84313,55.94531],[-131.84479,55.92574],[-131.74758,55.88249],[-131.77077,55.87765],[-131.80594,55.885],[-131.81108,55.88194],[-131.80606,55.87405],[-131.82909,55.89018],[-131.83431,55.88622],[-131.82763,55.87874],[-131.83701,55.87351],[-131.91745,55.86469],[-131.91909,55.8547],[-131.90596,55.85618],[-131.89319,55.84352],[-131.84841,55.84461],[-131.79348,55.83127],[-131.7769,55.81622],[-131.77227,55.82293],[-131.7638,55.81768],[-131.76293,55.80899],[-131.77628,55.80479],[-131.78493,55.77034],[-131.80397,55.76584],[-131.80478,55.75628],[-131.79482,55.74962],[-131.8046,55.74898],[-131.82094,55.71884],[-131.8501,55.71871],[-131.85538,55.72342],[-131.84848,55.72825],[-131.85993,55.72719],[-131.87999,55.74872],[-131.89594,55.75188],[-131.81804,55.66719],[-131.83826,55.66728],[-131.83672,55.65674],[-131.85155,55.65349],[-131.85857,55.62766],[-131.87078,55.6362],[-131.87952,55.61863],[-131.89856,55.62279],[-131.88594,55.59964],[-131.89342,55.5971],[-131.92781,55.61078],[-131.96543,55.63503],[-131.97463,55.65125],[-132.02801,55.68012],[-132.14127,55.80994],[-132.07215,55.81023],[-132.02614,55.79676],[-132.00695,55.78304],[-132.01838,55.80249],[-132.06192,55.81637],[-132.05719,55.82492],[-132.09127,55.8358],[-132.09136,55.84493],[-132.10077,55.84927],[-132.0506,55.88772],[-132.0393,55.88652],[-132.07128,55.92473],[-132.06958,55.94613],[-132.04457,55.95326],[-132.04558,55.96105],[-132.01253,55.9666],[-131.97144,55.96054],[-131.96398,55.97221],[-131.97547,55.98117],[-131.97214,55.99204],[-131.93113,55.97501],[-131.95955,55.99627],[-131.98557,56.0576],[-131.9627,56.05748],[-131.98412,56.07535],[-131.96828,56.15887],[-131.97557,56.15997],[-131.97625,56.17184],[-131.89504,56.18207],[-131.88279,56.20091],[-131.8263,56.18984],[-131.82236,56.19749],[-131.76917,56.20518],[-131.70853,56.18573],[-131.68251,56.19231],[-131.65294,56.18372],[-131.63689,56.18874],[-131.59075,56.1555],[-131.60349,56.17731],[-131.58748,56.18187],[-131.61348,56.19356],[-131.56166,56.18614],[-131.55887,56.19838],[-131.54737,56.19851],[-131.53403,56.21819],[-131.50476,56.21506],[-131.50396,56.23237],[-131.54184,56.23119],[-131.56154,56.22264],[-131.57882,56.19576],[-131.59912,56.20684],[-131.654,56.19927],[-131.67748,56.21178],[-131.76987,56.22527],[-131.80191,56.21564],[-131.92527,56.23256],[-131.96305,56.27229],[-131.98685,56.31303],[-131.98381,56.36996],[-131.96416,56.37821],[-131.96943,56.38464],[-132.00588,56.37233],[-132.0024,56.3645],[-131.99402,56.36611],[-132.00261,56.35173],[-132.01317,56.36385],[-132.02012,56.35946],[-132.06224,56.37874],[-132.09678,56.37958],[-132.12239,56.36835],[-132.13041,56.38176],[-132.16805,56.40682],[-132.17574,56.40335],[-132.16768,56.40088],[-132.16343,56.38118],[-132.17917,56.38018],[-132.18258,56.40032],[-132.20546,56.42456],[-132.20749,56.4629],[-132.23812,56.47318],[-132.25882,56.49461],[-132.29714,56.49093],[-132.31319,56.5086],[-132.36509,56.53482],[-132.36979,56.59599],[-132.32596,56.6283],[-132.32323,56.64282],[-132.33022,56.64935],[-132.40377,56.61951],[-132.45684,56.60788],[-132.52813,56.62075],[-132.49105,56.6291],[-132.5224,56.63157],[-132.54288,56.62333],[-132.56961,56.63298],[-132.56852,56.64937],[-132.53519,56.67557],[-132.54845,56.6886],[-132.47249,56.66927],[-132.41436,56.66895],[-132.4694,56.67786],[-132.4883,56.69283],[-132.5318,56.70102],[-132.55402,56.71696],[-132.5279,56.7219],[-132.53435,56.73707],[-132.51229,56.73115],[-132.4845,56.74789],[-132.48615,56.77207],[-132.46549,56.76982],[-132.42638,56.78084],[-132.42452,56.79538],[-132.43566,56.80291],[-132.42305,56.81585],[-132.3734,56.82208],[-132.392,56.83022],[-132.42489,56.82546],[-132.45295,56.806],[-132.45342,56.78734],[-132.50487,56.79068],[-132.5046,56.78248],[-132.5165,56.77908],[-132.51569,56.75446],[-132.52259,56.75095],[-132.52791,56.75835],[-132.56197,56.75949],[-132.63712,56.78239],[-132.78495,56.84485],[-132.80457,56.86525],[-132.79685,56.86875],[-132.79952,56.87973],[-132.81023,56.8822],[-132.79918,56.89885],[-132.81972,56.89103],[-132.82065,56.90334],[-132.84258,56.90009],[-132.85184,56.913],[-132.88063,56.92125],[-132.87436,56.92843],[-132.88468,56.95229],[-132.95102,56.99258],[-132.89977,56.9949],[-132.85306,56.97724],[-132.85022,56.98266],[-132.88782,56.9988],[-132.87256,57.00172],[-132.81109,56.96465],[-132.80147,56.97131],[-132.78746,56.96741],[-132.78281,56.97507],[-132.78855,56.99066],[-132.78077,56.99462],[-132.80414,57.01007],[-132.83909,57.05669],[-132.82641,57.07194],[-132.8052,57.07521],[-132.81769,57.0768],[-132.8176,57.09228],[-132.84272,57.09409],[-132.85889,57.07662],[-132.87832,57.07468],[-132.87252,57.04498],[-132.8836,57.02786],[-132.909,57.02375],[-132.93477,57.0424],[-132.99041,57.05289],[-132.98928,57.04285],[-133.00739,57.01902],[-133.00763,57.04498],[-133.01883,57.05472],[-133.0037,57.05539],[-133.00423,57.06086],[-133.02579,57.06576],[-133.03063,57.054],[-133.03731,57.05456],[-133.08211,57.08032],[-133.18921,57.08832],[-133.15801,57.12337],[-133.17807,57.14233],[-133.14399,57.13454],[-133.13439,57.14122],[-133.13533,57.15535],[-133.15729,57.15386],[-133.17861,57.1651],[-133.17499,57.17006],[-133.202,57.16864],[-133.20269,57.15499],[-133.22196,57.15664],[-133.19939,57.13673],[-133.24749,57.13379],[-133.23558,57.17049],[-133.26445,57.18319],[-133.25736,57.17308],[-133.2714,57.14368],[-133.26514,57.13404],[-133.28481,57.10973],[-133.31371,57.10285],[-133.43465,57.14314],[-133.46151,57.14485],[-133.47028,57.15588],[-133.5192,57.17378],[-133.57613,57.18219],[-133.51046,57.2019],[-133.49967,57.21815],[-133.52933,57.25538],[-133.51139,57.26062],[-133.5235,57.27397],[-133.48891,57.27309],[-133.49851,57.28596],[-133.47461,57.29158],[-133.36698,57.28064],[-133.32927,57.29242],[-133.26792,57.28566],[-133.22843,57.24732],[-133.20104,57.23827],[-133.2547,57.27956],[-133.25759,57.28961],[-133.23075,57.30288],[-133.18998,57.30639],[-133.19448,57.31783],[-133.18898,57.32595],[-133.14257,57.30796],[-133.13595,57.32152],[-133.12038,57.32811],[-133.09685,57.32502],[-133.11396,57.33757],[-133.07152,57.3401],[-133.05723,57.35399],[-133.06832,57.36782],[-133.06431,57.37959],[-133.07189,57.38016],[-133.08391,57.37716],[-133.08257,57.35484],[-133.12217,57.34225],[-133.13894,57.32885],[-133.18415,57.33817],[-133.24259,57.31989],[-133.29265,57.3338],[-133.38813,57.33599],[-133.45253,57.35275],[-133.47469,57.36895],[-133.47478,57.3867],[-133.42585,57.40156],[-133.42756,57.42024],[-133.40876,57.40453],[-133.35575,57.4143],[-133.36223,57.42076],[-133.34996,57.44745],[-133.36258,57.44989],[-133.39774,57.4235],[-133.45023,57.44464],[-133.45891,57.4402],[-133.43726,57.43082],[-133.43673,57.42399],[-133.47651,57.4254],[-133.45583,57.43288],[-133.50698,57.44716],[-133.51551,57.46637],[-133.52878,57.47382],[-133.52018,57.47644],[-133.53406,57.48981],[-133.52556,57.49016],[-133.52979,57.51069],[-133.51023,57.51091],[-133.52427,57.54111],[-133.51474,57.54509],[-133.50145,57.53765],[-133.50287,57.54404],[-133.48273,57.55745],[-133.48493,57.56612],[-133.45185,57.58255],[-133.41559,57.57436],[-133.38022,57.58437],[-133.35657,57.57996],[-133.34772,57.56892],[-133.34954,57.58488],[-133.33289,57.59467],[-133.45322,57.5903],[-133.52179,57.58022],[-133.55817,57.56563],[-133.58796,57.56597],[-133.62137,57.58228],[-133.62935,57.59602],[-133.68168,57.63252],[-133.63379,57.63565],[-133.67855,57.6475],[-133.67904,57.65752],[-133.65207,57.67088],[-133.65429,57.68],[-133.66536,57.68058],[-133.65578,57.68548],[-133.65461,57.7164],[-133.63183,57.70842],[-133.62214,57.71605],[-133.5924,57.71117],[-133.58024,57.71603],[-133.58078,57.72377],[-133.53109,57.68498],[-133.50724,57.68333],[-133.48894,57.67173],[-133.47149,57.68016],[-133.30022,57.61834],[-133.29233,57.62278],[-133.27666,57.6121],[-133.24868,57.60898],[-133.1801,57.58297],[-133.12555,57.53528],[-133.07424,57.50901],[-133.02289,57.51503],[-132.9551,57.49617],[-132.95028,57.50611],[-133.02172,57.52092],[-133.01093,57.53122],[-133.01389,57.53901],[-133.03255,57.52474],[-133.0514,57.52231],[-133.10553,57.54363],[-133.17995,57.60253],[-133.16713,57.61964],[-133.16892,57.63468],[-133.18798,57.62904],[-133.18351,57.61669],[-133.19225,57.61227],[-133.24405,57.63349],[-133.252,57.64543],[-133.28859,57.66505],[-133.32622,57.66374],[-133.38479,57.69],[-133.40377,57.7048],[-133.4041,57.71618],[-133.42573,57.72965],[-133.4878,57.73861],[-133.54799,57.77253],[-133.5866,57.7707],[-133.55707,57.78082],[-133.55723,57.79812],[-133.58577,57.83392],[-133.5743,57.86291],[-133.59035,57.91222],[-133.53086,57.91654],[-133.52358,57.90553],[-133.50986,57.90492],[-133.45273,57.91378],[-133.41344,57.90828],[-133.39603,57.89396],[-133.32468,57.87665],[-133.31173,57.89604],[-133.30047,57.89771],[-133.25437,57.87433],[-133.21628,57.88016],[-133.19678,57.87488],[-133.15677,57.85155],[-133.13392,57.86167],[-133.17588,57.88049],[-133.18349,57.89925],[-133.24943,57.88745],[-133.27771,57.90604],[-133.29989,57.90998],[-133.33257,57.89131],[-133.39577,57.91852],[-133.47637,57.92407],[-133.50754,57.91899],[-133.5183,57.92867],[-133.58106,57.9294],[-133.6027,57.926],[-133.61442,57.91249],[-133.60953,57.8624],[-133.63086,57.86536],[-133.65476,57.89154],[-133.66451,57.88392],[-133.65764,57.8611],[-133.63517,57.84311],[-133.64266,57.82682],[-133.63883,57.81495],[-133.64829,57.81414],[-133.63599,57.79991],[-133.64058,57.79177],[-133.68184,57.78812],[-133.70188,57.80243],[-133.70827,57.79158],[-133.73006,57.80499],[-133.74802,57.83065],[-133.7452,57.8379],[-133.77195,57.85772],[-133.79656,57.89117],[-133.85094,57.93534],[-133.84632,57.94531],[-133.85386,57.95174],[-133.81966,57.97052],[-133.82029,57.97735],[-133.76285,57.99408],[-133.75045,57.97986],[-133.75007,57.96621],[-133.73258,57.94967],[-133.71212,57.94446],[-133.70327,57.92799],[-133.68425,57.93052],[-133.69434,57.95974],[-133.70926,57.97536],[-133.6704,58.00088],[-133.67159,58.01499],[-133.71537,57.9968],[-133.73282,58.01426],[-133.76001,58.02544],[-133.76354,58.04776],[-133.77881,58.05519],[-133.75237,58.07085],[-133.74209,58.09258],[-133.7125,58.09819],[-133.69907,58.11079],[-133.6962,58.11803],[-133.7176,58.12417],[-133.71639,58.13325],[-133.66558,58.15001],[-133.7544,58.13499],[-133.75376,58.12862],[-133.73906,58.12848],[-133.74627,58.12036],[-133.73469,58.10614],[-133.76252,58.10096],[-133.76236,58.08095],[-133.79041,58.0694],[-133.80213,58.05496],[-133.79982,58.04675],[-133.81038,58.04094],[-133.81267,58.02413],[-133.79091,58.00482],[-133.85859,57.99135],[-133.88669,57.97432],[-133.92864,57.98242],[-133.99032,58.02432],[-133.94251,58.03666],[-134.00644,58.03309],[-134.02753,58.05008],[-134.02561,58.05734],[-134.01354,58.05679],[-134.01481,58.07317],[-134.03331,58.05967],[-134.04885,58.05979],[-134.06469,58.11358],[-134.08274,58.11734],[-134.07215,58.12591],[-134.04989,58.1171],[-134.03681,58.12064],[-134.07433,58.14093],[-134.07718,58.16414],[-134.08736,58.1724],[-134.08115,58.21055],[-134.05394,58.22263],[-134.05658,58.25312],[-134.07947,58.27374],[-134.00348,58.28908],[-133.98906,58.30671],[-133.96976,58.31246],[-134.0029,58.3391],[-133.9965,58.35041],[-134.00519,58.38049],[-134.04509,58.38716],[-134.0568,58.37315],[-134.04935,58.359],[-134.05893,58.32679],[-134.14306,58.30193],[-134.1363,58.29369],[-134.14963,58.28151],[-134.14559,58.26966],[-134.10349,58.25164],[-134.096,58.23976],[-134.09876,58.23342],[-134.13624,58.22685],[-134.14731,58.19919],[-134.23288,58.20974],[-134.42302,58.29714],[-134.51435,58.35391],[-134.58668,58.34824],[-134.61606,58.36652],[-134.62575,58.35655],[-134.62157,58.34108],[-134.63291,58.33748],[-134.65284,58.34617],[-134.64483,58.36297],[-134.65336,58.38118],[-134.69607,58.37765],[-134.6944,58.36947],[-134.73359,58.37091],[-134.777,58.38964],[-134.77871,58.39464],[-134.75518,58.39505],[-134.7699,58.40963],[-134.77073,58.4169],[-134.76111,58.41825],[-134.77413,58.42918],[-134.7905,58.46512],[-134.7851,58.49148],[-134.80604,58.49697],[-134.83129,58.51655],[-134.80768,58.51424],[-134.80416,58.52015],[-134.85569,58.53749],[-134.90804,58.59345],[-134.9387,58.60529],[-134.94568,58.61575],[-134.93778,58.62075],[-134.94742,58.63302],[-134.97111,58.64576],[-134.99392,58.67349],[-134.98073,58.67712],[-134.94474,58.65893],[-134.93506,58.66438],[-134.93944,58.67847],[-134.90699,58.65891],[-134.95081,58.70984],[-134.9323,58.73164],[-134.93932,58.73983],[-134.93226,58.75573],[-134.94102,58.783],[-134.96126,58.79165],[-134.94272,58.81436],[-134.98154,58.80392],[-134.99389,58.81074],[-134.93384,58.84117],[-134.91968,58.85616],[-134.91161,58.90432],[-134.94074,58.9307],[-134.93096,58.95569],[-134.9628,58.98796],[-134.96461,58.9607],[-134.94428,58.9357],[-134.94697,58.92025],[-134.93018,58.90388],[-134.93908,58.87299],[-134.93557,58.85889],[-134.94443,58.84799],[-135.00712,58.84255],[-135.00271,58.7912],[-135.0124,58.78892],[-135.01064,58.7762],[-135.03974,58.78937],[-135.02209,58.75711],[-135.03704,58.75165],[-135.02646,58.73711],[-135.0335,58.73256],[-135.07319,58.76254],[-135.08646,58.78889],[-135.15191,58.83655],[-135.15816,58.85063],[-135.13704,58.87019],[-135.1718,58.93241],[-135.17655,58.99603],[-135.20064,59.02144],[-135.20537,59.06915],[-135.22149,59.0873],[-135.23601,59.12862],[-135.2755,59.16808],[-135.28467,59.19941],[-135.30256,59.20391],[-135.29903,59.20801],[-135.34752,59.23833],[-135.37556,59.26825],[-135.36603,59.29735],[-135.36899,59.32324],[-135.35573,59.34009],[-135.36587,59.36551],[-135.33939,59.40738],[-135.3379,59.43782],[-135.32632,59.4483],[-135.33626,59.45418],[-135.33556,59.47462],[-135.35255,59.46323],[-135.3473,59.47778],[-135.36619,59.47818],[-135.3666,59.4332],[-135.37894,59.41227],[-135.37598,59.38865],[-135.4014,59.33723],[-135.39231,59.32636],[-135.402,59.31269],[-135.38933,59.30092],[-135.40082,59.28862],[-135.42148,59.29582],[-135.41347,59.29948],[-135.43979,59.32711],[-135.44504,59.31801],[-135.43587,59.30123],[-135.44922,59.29573],[-135.49497,59.30375],[-135.54635,59.32626],[-135.57049,59.32389],[-135.53521,59.30177],[-135.44626,59.2753],[-135.44517,59.2594],[-135.42353,59.24402],[-135.44118,59.2276],[-135.36239,59.20786],[-135.36948,59.2042],[-135.33149,59.15114],[-135.35915,59.15516],[-135.29355,59.09034],[-135.3059,59.07986],[-135.33014,59.10389],[-135.36489,59.10834],[-135.37574,59.12467],[-135.36963,59.13741],[-135.37874,59.15374],[-135.40206,59.16639],[-135.38784,59.17007],[-135.4453,59.20215],[-135.4607,59.21845],[-135.52074,59.23322],[-135.54555,59.22176],[-135.54546,59.2154],[-135.47431,59.17024],[-135.47214,59.14253],[-135.43969,59.11311],[-135.38701,59.09828],[-135.38668,59.06874],[-135.39878,59.03872],[-135.37552,59.02425],[-135.40023,59.00963],[-135.38486,58.98423],[-135.39536,58.97193],[-135.3926,58.96376],[-135.36837,58.93428],[-135.37267,58.92337],[-135.323,58.91259],[-135.33619,58.90392],[-135.31759,58.89988],[-135.33693,58.88847],[-135.31367,58.85853],[-135.3189,58.85124],[-135.24241,58.77778],[-135.27154,58.78182],[-135.245,58.77051],[-135.23876,58.75961],[-135.23771,58.73462],[-135.25333,58.70504],[-135.24187,58.70143],[-135.23229,58.71463],[-135.21993,58.70829],[-135.16332,58.63702],[-135.18961,58.63198],[-135.165,58.62429],[-135.15978,58.63202],[-135.14567,58.61749],[-135.15352,58.60975],[-135.14382,58.59522],[-135.14637,58.57658],[-135.16221,58.59019],[-135.15964,58.60384],[-135.17463,58.62018],[-135.20534,58.6215],[-135.20807,58.6374],[-135.2291,58.63237],[-135.24567,58.61779],[-135.22794,58.59237],[-135.16996,58.56292],[-135.18133,58.55972],[-135.17075,58.5461],[-135.18387,58.54426],[-135.15668,58.53202],[-135.13646,58.50795],[-135.13117,58.49341],[-135.14336,58.48431],[-135.0978,58.43526],[-135.09687,58.41435],[-135.08201,58.3989],[-135.08108,58.37617],[-135.04879,58.333],[-135.05308,58.28889],[-135.07743,58.30071],[-135.08094,58.31298],[-135.09136,58.3107],[-135.08872,58.29706],[-135.09914,58.29569],[-135.09127,58.27524],[-135.10775,58.26659],[-135.09205,58.23887],[-135.11025,58.23476],[-135.10416,58.22931],[-135.11542,58.22202],[-135.14229,58.22108],[-135.13878,58.21245],[-135.15526,58.21425],[-135.14916,58.20516],[-135.16129,58.20469],[-135.22127,58.23006],[-135.27593,58.23132],[-135.30724,58.2408],[-135.34043,58.26618],[-135.34669,58.28344],[-135.39408,58.32649],[-135.42983,58.4032],[-135.45827,58.44493],[-135.45055,58.45451],[-135.47011,58.48171],[-135.51165,58.51337],[-135.52126,58.51288],[-135.52628,58.49786],[-135.484,58.47484],[-135.48018,58.45167],[-135.4916,58.45617],[-135.4927,58.47162],[-135.51557,58.4829],[-135.51722,58.47653],[-135.49399,58.4407],[-135.45598,58.40357],[-135.47564,58.37395],[-135.50266,58.37611],[-135.55544,58.40817],[-135.5886,58.40984],[-135.62554,58.42831],[-135.64451,58.41594],[-135.7078,58.39787],[-135.76287,58.40437],[-135.80959,58.38953],[-135.92087,58.37968],[-135.9228,58.38649],[-135.90003,58.4162],[-135.89997,58.44712],[-135.86188,58.46011],[-135.90566,58.46481],[-135.93845,58.45002],[-135.96049,58.45758],[-135.92751,58.4651],[-135.92414,58.46922],[-135.93209,58.47234],[-135.91648,58.477],[-135.90323,58.47164],[-135.89307,58.48398],[-135.87636,58.47956],[-135.87708,58.47319],[-135.84997,58.47201],[-135.87653,58.48637],[-135.8812,58.49816],[-135.86515,58.52009],[-135.85674,58.49878],[-135.84492,58.51568],[-135.8539,58.52517],[-135.85331,58.53653],[-135.84376,58.53978],[-135.85454,58.55107],[-135.85674,58.56878],[-135.87197,58.54777],[-135.87775,58.56819],[-135.90667,58.56844],[-135.83388,58.60166],[-135.87766,58.59909],[-135.91138,58.61432],[-135.9226,58.64014],[-135.95045,58.66357],[-135.96163,58.68621],[-135.95675,58.70034],[-135.96825,58.70298],[-135.97069,58.69615],[-135.99605,58.69141],[-135.97538,58.70611],[-135.98246,58.70787],[-135.97642,58.71201],[-135.98197,58.72151],[-135.99924,58.74047],[-136.02778,58.75297],[-136.04358,58.78011],[-136.09051,58.81472],[-136.01104,58.84173],[-135.94747,58.87402],[-135.91555,58.86971],[-135.94645,58.86858],[-135.9585,58.85758],[-135.94959,58.85447],[-135.85741,58.87738],[-135.76557,58.88115],[-135.77555,58.892],[-135.83338,58.90663],[-135.93769,58.90409],[-135.98211,58.91058],[-135.96523,58.90798],[-135.94242,58.88315],[-135.97408,58.87746],[-135.98343,58.86421],[-136.0011,58.86452],[-136.01142,58.8549],[-136.05198,58.85231],[-136.0507,58.86823],[-136.06702,58.88172],[-136.05144,58.8923],[-136.05697,58.89953],[-136.04772,58.91506],[-136.10134,58.95915],[-136.11368,58.95722],[-136.11402,58.96767],[-136.09733,58.9719],[-136.11349,58.97813],[-136.10921,59.00998],[-136.14911,59.03554],[-136.18114,59.03707],[-136.17888,59.023],[-136.15795,59.00819],[-136.16115,58.9977],[-136.13914,58.97654],[-136.1551,58.9764],[-136.15925,58.96818],[-136.14518,58.94513],[-136.24634,58.92647],[-136.23887,58.91564],[-136.19417,58.92787],[-136.12346,58.93123],[-136.10773,58.91047],[-136.13073,58.90981],[-136.13578,58.9025],[-136.11506,58.89086],[-136.11555,58.87859],[-136.10169,58.86007],[-136.12159,58.82081],[-136.15082,58.79783],[-136.14313,58.77881],[-136.17547,58.77079],[-136.174,58.75353],[-136.2443,58.74969],[-136.27587,58.76984],[-136.32923,58.78247],[-136.40032,58.81809],[-136.31907,58.81577],[-136.27598,58.81983],[-136.27619,58.82529],[-136.37771,58.82606],[-136.38592,58.83279],[-136.42144,58.81649],[-136.43329,58.82591],[-136.45881,58.8238],[-136.49207,58.83751],[-136.5091,58.86323],[-136.51111,58.88866],[-136.52802,58.91074],[-136.52324,58.92261],[-136.52988,58.93253],[-136.52712,58.94984],[-136.50342,58.95466],[-136.49851,58.96381],[-136.53863,58.96925],[-136.5622,58.96124],[-136.57456,58.94154],[-136.56988,58.9166],[-136.59069,58.90725],[-136.60322,58.92937],[-136.63415,58.94625],[-136.63735,58.95758],[-136.6805,58.98794],[-136.70606,59.02033],[-136.72402,59.02419],[-136.72321,59.00829],[-136.70327,58.98219],[-136.62362,58.91138],[-136.6196,58.90143],[-136.63051,58.88902],[-136.66512,58.89131],[-136.68986,58.90872],[-136.78329,58.93519],[-136.7945,58.9464],[-136.87603,58.96297],[-137.04362,59.06727],[-137.07587,59.05676],[-137.06206,59.03425],[-137.0425,59.0191],[-137.00411,59.01561],[-136.99477,58.99256],[-136.97347,58.97698],[-136.94199,58.96927],[-136.91198,58.94017],[-136.93056,58.92443],[-136.92824,58.91447],[-136.98099,58.92367],[-137.03542,58.916],[-137.06409,58.89236],[-137.06006,58.88424],[-137.10254,58.85582],[-137.11761,58.85648],[-137.14503,58.82875],[-137.12334,58.82093],[-137.03222,58.87695],[-137.01334,58.9018],[-136.99656,58.90206],[-136.93723,58.88569],[-136.92185,58.89547],[-136.88933,58.88322],[-136.84141,58.88028],[-136.82134,58.86874],[-136.82229,58.85327],[-136.81095,58.83934],[-136.80334,58.84581],[-136.79957,58.87495],[-136.76554,58.86633],[-136.74645,58.87341],[-136.70492,58.85579],[-136.67216,58.8544],[-136.65722,58.83777],[-136.61414,58.84195],[-136.55872,58.82718],[-136.48566,58.79168],[-136.50147,58.79013],[-136.51142,58.77592],[-136.55436,58.78995],[-136.55735,58.7781],[-136.55004,58.77227],[-136.55962,58.76989],[-136.58321,58.7846],[-136.60303,58.81254],[-136.64115,58.83434],[-136.65317,58.82737],[-136.65612,58.81505],[-136.6345,58.7876],[-136.57897,58.7692],[-136.6258,58.77179],[-136.6368,58.76211],[-136.583,58.76096],[-136.54645,58.75141],[-136.52798,58.73208],[-136.54145,58.69919],[-136.50434,58.69508],[-136.4448,58.6594],[-136.43958,58.66083],[-136.44794,58.67164],[-136.51107,58.70819],[-136.51137,58.73501],[-136.5214,58.74262],[-136.5096,58.75457],[-136.48539,58.74485],[-136.49904,58.7347],[-136.46227,58.73966],[-136.39809,58.72038],[-136.34388,58.68414],[-136.35874,58.68217],[-136.39786,58.64993],[-136.43108,58.64638],[-136.42478,58.64281],[-136.47741,58.6213],[-136.49261,58.60749],[-136.5543,58.61403],[-136.54955,58.6059],[-136.51552,58.58994],[-136.48134,58.59034],[-136.46967,58.58366],[-136.46007,58.60559],[-136.43691,58.61813],[-136.4072,58.62073],[-136.37067,58.60658],[-136.35235,58.58677],[-136.35483,58.60538],[-136.38173,58.6201],[-136.38025,58.62693],[-136.34319,58.64415],[-136.30626,58.61953],[-136.32285,58.64027],[-136.32375,58.6639],[-136.30897,58.66769],[-136.26882,58.65127],[-136.24163,58.62745],[-136.20345,58.61463],[-136.19486,58.5947],[-136.22481,58.59897],[-136.20853,58.58458],[-136.21532,58.57815],[-136.18654,58.58251],[-136.20206,58.57509],[-136.19736,58.56604],[-136.18601,58.56706],[-136.17515,58.55671],[-136.17115,58.56765],[-136.14002,58.55293],[-136.13796,58.54386],[-136.16265,58.54955],[-136.17553,58.54215],[-136.17959,58.53257],[-136.16804,58.52768],[-136.18534,58.52161],[-136.17901,58.51576],[-136.22902,58.52028],[-136.22938,58.50574],[-136.15604,58.50915],[-136.13799,58.5184],[-136.12992,58.51256],[-136.14547,58.50651],[-136.13573,58.50296],[-136.12189,58.50763],[-136.1196,58.51811],[-136.08951,58.50655],[-136.10047,58.49373],[-136.09394,58.48106],[-136.09984,58.47419],[-136.06724,58.46492],[-136.08074,58.4498],[-136.06199,58.43632],[-136.05109,58.39322],[-136.03409,58.37881],[-136.07056,58.37487],[-136.06513,58.3681],[-136.10006,58.34325],[-136.1782,58.338],[-136.20104,58.34415],[-136.20229,58.33004],[-136.26786,58.31485],[-136.2987,58.32591],[-136.29749,58.34002],[-136.26783,58.36169],[-136.30774,58.38129],[-136.31775,58.41529],[-136.32647,58.4152],[-136.32831,58.39517],[-136.31513,58.36893],[-136.33367,58.37556],[-136.35088,58.36993],[-136.35373,58.37626],[-136.3693,58.37336],[-136.37691,58.38965],[-136.38622,58.38273],[-136.44921,58.40931],[-136.45572,58.39832],[-136.47416,58.40129],[-136.493,58.4138],[-136.51,58.44361],[-136.53307,58.45198],[-136.5077,58.41045],[-136.4926,58.40426],[-136.49804,58.38873],[-136.52344,58.37206],[-136.58722,58.39493],[-136.59203,58.38578],[-136.5469,58.37042],[-136.53551,58.34918],[-136.5031,58.34502],[-136.50304,58.32319],[-136.47819,58.33213],[-136.49868,58.36326],[-136.49148,58.37835],[-136.47867,58.38441],[-136.48084,58.39439],[-136.41225,58.37972],[-136.40383,58.36526],[-136.43236,58.36039],[-136.40865,58.3552],[-136.38372,58.36321],[-136.35581,58.33986],[-136.3642,58.33204],[-136.35525,58.32531],[-136.37287,58.30921],[-136.36471,58.30066],[-136.39138,58.29355],[-136.40583,58.30703],[-136.43641,58.31078],[-136.45426,58.30103],[-136.47617,58.30486],[-136.48636,58.29929],[-136.5304,58.33196],[-136.56,58.33252],[-136.60494,58.36333],[-136.61719,58.3459],[-136.66387,58.33893],[-136.57648,58.27364],[-136.56714,58.25921],[-136.57161,58.24278],[-136.58802,58.24075],[-136.59412,58.22248],[-136.60677,58.2146],[-136.62818,58.20886],[-136.64921,58.21359],[-136.62191,58.24169],[-136.66208,58.2107],[-136.67336,58.21055],[-136.70496,58.21832],[-136.73348,58.25113],[-136.71842,58.26271],[-136.71985,58.27406],[-136.7009,58.2775],[-136.67968,58.26959],[-136.68828,58.28585],[-136.6791,58.29371],[-136.73343,58.28524],[-136.7399,58.29288],[-136.73348,58.30343],[-136.74137,58.30469],[-136.76047,58.28714],[-136.80228,58.28883],[-136.79178,58.30445],[-136.79558,58.31076],[-136.77158,58.31747],[-136.76685,58.32708],[-136.8035,58.32884],[-136.81049,58.34602],[-136.82404,58.33901],[-136.80478,58.32018],[-136.81049,58.31282],[-136.83611,58.30381],[-136.84705,58.31321],[-136.85738,58.31124],[-136.85262,58.31995],[-136.85825,58.3276],[-136.84781,58.32775],[-136.84159,58.35786],[-136.8463,58.36461],[-136.86191,58.36348],[-136.87157,58.38107],[-136.88274,58.37818],[-136.87253,58.35059],[-136.90493,58.33783],[-136.91485,58.34404],[-136.9059,58.35555],[-136.91056,58.36094],[-136.89324,58.37893],[-136.89699,58.38388],[-136.92965,58.3752],[-136.91103,58.38549],[-136.92196,58.39351],[-136.95147,58.39124],[-137.01856,58.40566],[-137.07725,58.39516],[-137.07899,58.38058],[-137.10326,58.37836],[-137.11094,58.39006],[-137.16782,58.42141],[-137.28646,58.45982],[-137.33565,58.48986],[-137.39255,58.50337],[-137.56965,58.5909],[-137.64353,58.60486],[-137.64924,58.61066],[-137.63325,58.61963],[-137.56406,58.62194],[-137.48755,58.65664],[-137.44909,58.64692],[-137.45232,58.6555],[-137.48894,58.67572],[-137.50585,58.67857],[-137.51259,58.66252],[-137.61326,58.6455],[-137.667,58.62485],[-137.66254,58.61266],[-137.67144,58.6143],[-137.67937,58.62596],[-137.6762,58.65286],[-137.68676,58.66447],[-137.80277,58.72933],[-137.93827,58.79001],[-137.94098,58.81133],[-137.92586,58.82031],[-137.92286,58.83676],[-137.94002,58.86185],[-137.933,58.87292],[-137.98395,58.90952],[-138.06792,58.95714],[-138.1657,58.99801],[-138.18178,59.01809],[-138.28943,59.05635],[-138.33907,59.06373],[-138.2772,59.07714],[-138.30778,59.07136],[-138.33694,59.07835],[-138.35256,59.0743],[-138.34398,59.06861],[-138.35819,59.06824],[-138.43024,59.08547],[-138.37838,59.08319],[-138.39437,59.09187],[-138.37879,59.09637],[-138.38462,59.10123],[-138.42969,59.09777],[-138.47433,59.10751],[-138.52637,59.10246],[-138.61457,59.11916],[-138.50114,59.1168],[-138.49471,59.13244],[-138.51807,59.14273],[-138.51433,59.14966],[-138.47912,59.16289],[-138.47495,59.17438],[-138.46459,59.17784],[-138.43714,59.17128],[-138.46602,59.19191],[-138.48047,59.19334],[-138.4919,59.18302],[-138.48853,59.16764],[-138.53632,59.17227],[-138.51763,59.18142],[-138.52514,59.18486],[-138.56158,59.16613],[-138.58901,59.16401],[-138.58741,59.15722],[-138.60274,59.15043],[-138.63233,59.16008],[-138.63051,59.15148],[-138.6415,59.14571],[-138.68197,59.15686],[-138.62736,59.12199],[-138.84876,59.21895],[-139.03165,59.27533],[-139.21691,59.31682],[-139.22777,59.32466],[-139.22169,59.32623],[-139.12791,59.30783],[-139.16324,59.32537],[-139.15879,59.3328],[-139.22936,59.33736],[-139.24862,59.34766],[-139.25446,59.3584],[-139.24485,59.36053],[-139.25109,59.36716],[-139.23452,59.38546],[-139.26382,59.38268],[-139.31072,59.36293],[-139.30137,59.34594],[-139.32372,59.3452],[-139.3675,59.36424],[-139.48563,59.39439],[-139.53478,59.41865],[-139.39474,59.37334],[-139.38512,59.38232],[-139.34037,59.3838],[-139.33436,59.39994],[-139.36274,59.38989],[-139.40194,59.40087],[-139.38845,59.4077],[-139.40522,59.41215],[-139.46767,59.40138],[-139.5189,59.42102],[-139.52782,59.42709],[-139.51295,59.43034],[-139.54461,59.44472],[-139.56715,59.44484],[-139.54851,59.43365],[-139.56573,59.43442],[-139.61332,59.45962],[-139.8596,59.52954],[-139.86997,59.53873],[-139.84093,59.55665],[-139.81214,59.55133],[-139.80598,59.54609],[-139.81348,59.54172],[-139.80416,59.53978],[-139.73963,59.54348],[-139.7562,59.55199],[-139.75529,59.55841],[-139.73481,59.56689],[-139.73012,59.55931],[-139.71554,59.55847],[-139.7147,59.57171],[-139.69932,59.57817],[-139.70704,59.58155],[-139.70304,59.58533],[-139.68201,59.5838],[-139.6787,59.56662],[-139.64596,59.56504],[-139.64292,59.56925],[-139.65536,59.57427],[-139.63735,59.58128],[-139.6316,59.59196],[-139.58251,59.61008],[-139.61166,59.61134],[-139.5938,59.63291],[-139.59421,59.64246],[-139.56357,59.65034],[-139.56087,59.66364],[-139.53702,59.67494],[-139.52552,59.69036],[-139.48482,59.69812],[-139.48128,59.70552],[-139.54824,59.74376],[-139.55167,59.75548],[-139.58347,59.7817],[-139.59948,59.80528],[-139.5969,59.81949],[-139.61742,59.83608],[-139.6346,59.87419],[-139.62563,59.90137],[-139.59185,59.908],[-139.53944,59.93211],[-139.5225,59.96183],[-139.50576,59.97332],[-139.50956,59.98093],[-139.4824,59.99004],[-139.44501,59.97763],[-139.43456,59.95431],[-139.41083,59.93416],[-139.38747,59.93721],[-139.36527,59.9006],[-139.30736,59.8556],[-139.35692,59.80254],[-139.35273,59.72893],[-139.32099,59.69446],[-139.32246,59.67074],[-139.29136,59.64763],[-139.28568,59.6246],[-139.2757,59.62447],[-139.28548,59.61596],[-139.30475,59.61806],[-139.30697,59.60707],[-139.32629,59.60962],[-139.32549,59.59644],[-139.33629,59.59609],[-139.34431,59.60903],[-139.36156,59.60254],[-139.32651,59.57638],[-139.29218,59.56248],[-139.25678,59.57546],[-139.25074,59.60616],[-139.22983,59.60546],[-139.25535,59.63514],[-139.25803,59.64916],[-139.2857,59.66693],[-139.27291,59.67326],[-139.27074,59.68471],[-139.28663,59.7024],[-139.28725,59.72833],[-139.29749,59.73027],[-139.30457,59.72185],[-139.31208,59.73071],[-139.31184,59.74984],[-139.29885,59.76892],[-139.2694,59.78034],[-139.29911,59.79896],[-139.30504,59.8097],[-139.301,59.82758],[-139.19434,59.84874],[-139.06539,59.845],[-139.01269,59.83113],[-138.98266,59.80109],[-138.89861,59.79813],[-138.90075,59.80854],[-138.96129,59.81265],[-139.0299,59.85291],[-139.10827,59.85278],[-139.14333,59.86353],[-139.24483,59.85852],[-139.30897,59.90289],[-139.37228,59.96046],[-139.40183,59.97634],[-139.40874,59.99386],[-139.49456,60.01194],[-139.50687,60.02837],[-139.5106,60.05556],[-139.56213,60.04334],[-139.55872,60.03207],[-139.60599,59.9963],[-139.60749,59.94799],[-139.71261,59.92199],[-139.83027,59.82031],[-139.89939,59.80092],[-139.96441,59.79713],[-140.02174,59.77265],[-140.16067,59.74134],[-140.21447,59.71325],[-140.2609,59.70229],[-140.32493,59.69926],[-140.33053,59.69448],[-140.27907,59.69656],[-140.31557,59.69189],[-140.37592,59.69993],[-140.62871,59.70625],[-140.82694,59.72728],[-141.00161,59.77236],[-141.00161,59.77822],[-141.00182,59.77228],[-141.21842,59.82766],[-141.45377,59.87462],[-141.47916,59.90487],[-141.46998,59.9159],[-141.43177,59.92104],[-141.41891,59.91477],[-141.45866,59.90843],[-141.46409,59.8974],[-141.45008,59.88399],[-141.4173,59.90662],[-141.35659,59.91926],[-141.3637,59.92762],[-141.35796,59.9316],[-141.28608,59.93066],[-141.28657,59.95038],[-141.26864,59.95986],[-141.264,59.96537],[-141.27288,59.97208],[-141.25982,59.97749],[-141.26447,59.98696],[-141.25629,59.99578],[-141.28713,60.01692],[-141.29072,60.03421],[-141.3305,60.05457],[-141.29342,60.05514],[-141.281,60.0611],[-141.28147,60.07146],[-141.32726,60.08553],[-141.35792,60.08087],[-141.37566,60.12283],[-141.39263,60.13427],[-141.46001,60.12799],[-141.47954,60.12102],[-141.48456,60.109],[-141.47375,60.09085],[-141.45969,60.08492],[-141.46921,60.07907],[-141.46537,60.06971],[-141.42445,60.06096],[-141.37102,60.03007],[-141.37211,60.02412],[-141.42739,60.00003],[-141.51151,59.98787],[-141.59539,59.96067],[-141.6827,59.94927],[-141.74866,59.95068],[-141.8274,59.98395],[-141.97638,60.01648],[-141.39806,60.36764],[-141.00221,60.45543],[-141.00188,60.39182]]],[[[-148.25868,65.09781],[-147.19186,65.10798],[-145.97641,64.97105],[-145.29498,64.74897],[-145.06113,64.31161],[-145.72312,63.9257],[-146.32691,63.69349],[-147.18991,63.577],[-148.75489,63.45595],[-149.88232,63.41256],[-150.63367,63.53651],[-150.84994,63.72507],[-150.81865,64.01337],[-150.66871,64.27297],[-150.25656,64.4699],[-150.20758,64.55154],[-149.67577,64.82711],[-148.95651,65.04266],[-148.25868,65.09781]]],[[[-146.57545,63.89085],[-146.07238,63.97091],[-145.91835,64.3065],[-146.32313,64.61819],[-147.1576,64.73665],[-148.20511,64.75292],[-148.7961,64.56306],[-149.2193,64.23451],[-148.90853,63.9349],[-148.37694,63.88972],[-147.18818,63.84065],[-146.57545,63.89085]]]]},"properties":{"OBJECTID":1608,"DM":0,"DMArea":744649.2543164946,"ReleaseDate":1786606200000,"ReleaseYear":2026,"ReleaseWeek":32,"MapDate":1786433400000,"GlobalID":"8aa2e948-fff9-4e7b-b5f1-88a5b09e951d","created_user":"cpoulsen2","created_date":1588318200000,"last_edited_user":"cpoulsen2","last_edited_date":1786606200000,"Shape__Area":3514905696226.911,"Shape__Length":142159895.6602076,"CumulativePerct":20.69,"CatagoricalPerct":63.09,"ValidStart":1786433400000,"ValidEnd":1786968000000}},{"type":"Feature","id":1609,"geometry":{"type":"MultiPolygon","coordinates":[[[[-66.52045,17.8897],[-66.52909,17.88419],[-66.52438,17.89528],[-66.50965,17.90046],[-66.52045,17.8897]]],[[[-66.33697,18.48512],[-66.32067,18.4763],[-66.30312,18.45078],[-66.1756,18.4135],[-66.13244,18.38015],[-66.10301,18.34092],[-66.09517,18.31149],[-66.10301,18.28206],[-66.13636,18.26048],[-66.27369,18.23106],[-66.36786,18.23302],[-66.40317,18.24479],[-66.45418,18.24871],[-66.48164,18.24479],[-66.50715,18.23302],[-66.52676,18.17416],[-66.54442,18.16043],[-66.65428,18.16239],[-66.6739,18.15062],[-66.68763,18.11923],[-66.86027,18.11923],[-66.88185,18.08],[-66.91903,18.06652],[-67.00778,18.0574],[-67.17375,18.08378],[-67.19916,18.07881],[-67.19939,18.09111],[-67.18335,18.10368],[-67.18207,18.11387],[-67.12802,18.14007],[-66.97743,18.12645],[-66.93364,18.16286],[-66.89723,18.17039],[-66.86082,18.17542],[-66.7202,18.16537],[-66.62603,18.20429],[-66.57456,18.24322],[-66.55321,18.24573],[-66.51871,18.30462],[-66.51303,18.33111],[-66.5248,18.34092],[-66.52088,18.35073],[-66.48557,18.36838],[-66.47576,18.39781],[-66.49734,18.4135],[-66.56796,18.40173],[-66.68567,18.44489],[-66.71141,18.47241],[-66.66991,18.48835],[-66.62409,18.49438],[-66.5869,18.48463],[-66.52622,18.48384],[-66.46724,18.46864],[-66.44926,18.47104],[-66.43997,18.48545],[-66.39855,18.49413],[-66.38094,18.48378],[-66.33697,18.48512]]],[[[-81.95658,24.51833],[-81.96199,24.51983],[-81.95993,24.52351],[-81.95658,24.51833]]],[[[-81.97383,24.521],[-81.97316,24.52843],[-81.96826,24.52693],[-81.97383,24.521]]],[[[-82.1444,24.54799],[-82.14479,24.55265],[-82.14035,24.55257],[-82.1444,24.54799]]],[[[-82.1276,24.54675],[-82.13151,24.54915],[-82.12404,24.55133],[-82.1276,24.54675]]],[[[-82.00187,24.5276],[-82.00811,24.53656],[-81.99923,24.53499],[-82.00187,24.5276]]],[[[-81.92683,24.52144],[-81.93165,24.52712],[-81.92374,24.52696],[-81.92683,24.52144]]],[[[-82.1494,24.54529],[-82.16067,24.55061],[-82.15691,24.56496],[-82.1494,24.54529]]],[[[-81.91585,24.52587],[-81.92067,24.53108],[-81.91276,24.53092],[-81.91585,24.52587]]],[[[-82.15042,24.5681],[-82.14679,24.57547],[-82.14489,24.57171],[-82.15042,24.5681]]],[[[-81.92194,24.54041],[-81.9223,24.54646],[-81.91636,24.54634],[-81.92194,24.54041]]],[[[-81.88939,24.55694],[-81.88974,24.56346],[-81.88381,24.56287],[-81.88939,24.55694]]],[[[-82.10147,24.58904],[-82.10012,24.55972],[-82.11917,24.54799],[-82.10415,24.57933],[-82.13011,24.59236],[-82.14356,24.58843],[-82.12653,24.59788],[-82.10147,24.58904]]],[[[-81.86016,24.55865],[-81.862,24.56473],[-81.85659,24.56322],[-81.86016,24.55865]]],[[[-81.94879,24.57723],[-81.95362,24.58244],[-81.94571,24.58228],[-81.94879,24.57723]]],[[[-81.91571,24.57423],[-81.92054,24.57944],[-81.91262,24.57974],[-81.91571,24.57423]]],[[[-81.92009,24.59849],[-81.92542,24.60371],[-81.91749,24.60402],[-81.92009,24.59849]]],[[[-81.72477,24.57057],[-81.72497,24.56267],[-81.73696,24.55783],[-81.73964,24.56951],[-81.74755,24.56969],[-81.75499,24.54939],[-81.80309,24.54533],[-81.81136,24.55109],[-81.79464,24.56701],[-81.77844,24.562],[-81.74432,24.58031],[-81.72477,24.57057]]],[[[-81.78853,24.57385],[-81.79837,24.57639],[-81.79791,24.59498],[-81.7901,24.59062],[-81.78853,24.57385]]],[[[-81.64865,24.60417],[-81.64588,24.59667],[-81.67345,24.58382],[-81.64515,24.58689],[-81.66801,24.56463],[-81.68055,24.55794],[-81.71616,24.55875],[-81.70486,24.57477],[-81.71104,24.58468],[-81.70323,24.59984],[-81.6897,24.58698],[-81.68352,24.59614],[-81.66674,24.59436],[-81.67144,24.60377],[-81.64865,24.60417]]],[[[-81.46632,24.60907],[-81.47808,24.61355],[-81.47786,24.62098],[-81.46632,24.60907]]],[[[-81.64716,24.67992],[-81.62799,24.67389],[-81.64589,24.67152],[-81.65995,24.68346],[-81.64716,24.67992]]],[[[-81.66432,24.68682],[-81.67736,24.69967],[-81.66446,24.7003],[-81.66432,24.68682]]],[[[-81.52555,24.66958],[-81.50784,24.6473],[-81.50847,24.62453],[-81.60657,24.58598],[-81.6154,24.58898],[-81.59877,24.59975],[-81.61114,24.60004],[-81.62436,24.58687],[-81.6327,24.58985],[-81.61178,24.61307],[-81.62155,24.61795],[-81.62416,24.63196],[-81.59912,24.64206],[-81.61427,24.64986],[-81.58576,24.65988],[-81.5882,24.6246],[-81.60758,24.62227],[-81.59796,24.61135],[-81.58562,24.61013],[-81.58091,24.61931],[-81.57217,24.61306],[-81.56393,24.62495],[-81.55455,24.62379],[-81.56597,24.64081],[-81.56328,24.64864],[-81.53219,24.6265],[-81.51805,24.63639],[-81.52526,24.64447],[-81.52286,24.65929],[-81.53301,24.6507],[-81.54051,24.66623],[-81.56504,24.67472],[-81.56522,24.68635],[-81.55419,24.69119],[-81.52555,24.66958]]],[[[-81.40377,24.6484],[-81.42506,24.64894],[-81.41796,24.67154],[-81.40333,24.66373],[-81.40377,24.6484]]],[[[-81.30866,24.64871],[-81.31706,24.64939],[-81.31239,24.65624],[-81.29212,24.65477],[-81.30866,24.64871]]],[[[-81.442,24.64565],[-81.46518,24.66669],[-81.4473,24.6853],[-81.43314,24.66077],[-81.442,24.64565]]],[[[-81.38377,24.65486],[-81.39456,24.65839],[-81.39469,24.68815],[-81.38377,24.65486]]],[[[-81.51026,24.70267],[-81.47573,24.67904],[-81.47464,24.64787],[-81.48212,24.6634],[-81.50354,24.65928],[-81.51886,24.67825],[-81.51101,24.6934],[-81.51559,24.70699],[-81.51026,24.70267]]],[[[-81.27027,24.65651],[-81.28071,24.6554],[-81.27553,24.6627],[-81.2409,24.6771],[-81.27027,24.65651]]],[[[-81.46858,24.68677],[-81.47979,24.69355],[-81.48024,24.71262],[-81.46331,24.69779],[-81.46858,24.68677]]],[[[-81.58485,24.71192],[-81.58904,24.72178],[-81.57799,24.72709],[-81.5747,24.72051],[-81.58485,24.71192]]],[[[-81.3995,24.67618],[-81.4165,24.70498],[-81.40626,24.69914],[-81.3995,24.67618]]],[[[-81.44697,24.69692],[-81.45961,24.7056],[-81.45643,24.71296],[-81.44566,24.70804],[-81.44697,24.69692]]],[[[-81.33126,24.70462],[-81.316,24.70097],[-81.31236,24.67391],[-81.32034,24.68853],[-81.32792,24.68362],[-81.33936,24.6988],[-81.34066,24.70534],[-81.33126,24.70462]]],[[[-81.42994,24.72019],[-81.42099,24.70416],[-81.42763,24.69736],[-81.44962,24.7258],[-81.45105,24.74536],[-81.43922,24.74227],[-81.42994,24.72019]]],[[[-81.48392,24.74014],[-81.49519,24.74506],[-81.49491,24.75482],[-81.48607,24.75181],[-81.48392,24.74014]]],[[[-81.38073,24.72451],[-81.36898,24.71956],[-81.36198,24.70496],[-81.35011,24.70419],[-81.35152,24.68982],[-81.33808,24.67552],[-81.32862,24.64365],[-81.35762,24.63465],[-81.3403,24.65094],[-81.34601,24.65853],[-81.36873,24.66098],[-81.36774,24.67769],[-81.39888,24.73148],[-81.39207,24.74386],[-81.38073,24.72451]]],[[[-81.095,24.69859],[-81.10367,24.69094],[-81.11734,24.69737],[-81.095,24.69859]]],[[[-81.42247,24.75579],[-81.4072,24.75215],[-81.40505,24.74094],[-81.43212,24.74767],[-81.42984,24.7583],[-81.42247,24.75579]]],[[[-81.30017,24.73262],[-81.29753,24.7214],[-81.30359,24.71784],[-81.31958,24.73035],[-81.3274,24.75054],[-81.30017,24.73262]]],[[[-81.44014,24.76228],[-81.4399,24.75344],[-81.44683,24.75408],[-81.457,24.76224],[-81.45374,24.77238],[-81.44014,24.76228]]],[[[-81.37466,24.74573],[-81.39356,24.76063],[-81.37771,24.75975],[-81.37466,24.74573]]],[[[-81.07183,24.70955],[-81.08445,24.68759],[-81.08425,24.70898],[-81.12894,24.70653],[-81.12254,24.7138],[-81.03026,24.73716],[-81.04013,24.72397],[-81.07183,24.70955]]],[[[-81.2812,24.7693],[-81.28955,24.77184],[-81.29319,24.7831],[-81.2812,24.7693]]],[[[-80.9649,24.7487],[-81.02587,24.7203],[-81.00302,24.73636],[-81.01902,24.73218],[-81.02127,24.73895],[-80.9752,24.75226],[-80.93911,24.77767],[-80.93598,24.76782],[-80.9649,24.7487]]],[[[-80.9123,24.76385],[-80.92112,24.76691],[-80.90937,24.77677],[-80.90624,24.76692],[-80.9123,24.76385]]],[[[-80.78096,24.84392],[-80.78221,24.83556],[-80.80492,24.82513],[-80.79765,24.82025],[-80.7875,24.82643],[-80.79605,24.80951],[-80.85043,24.80192],[-80.81436,24.83359],[-80.79476,24.84525],[-80.78096,24.84392]]],[[[-80.76142,24.83351],[-80.7636,24.84194],[-80.75609,24.84356],[-80.75189,24.83646],[-80.76142,24.83351]]],[[[-97.2175,26.00968],[-97.225,26.01127],[-97.21939,26.01343],[-97.2175,26.00968]]],[[[-80.73559,24.84755],[-80.74358,24.84641],[-80.73534,24.86195],[-80.70245,24.88412],[-80.68909,24.88275],[-80.73559,24.84755]]],[[[-97.22971,26.02112],[-97.23811,26.02597],[-97.23204,26.0272],[-97.22971,26.02112]]],[[[-80.69697,24.89788],[-80.70616,24.90468],[-80.70243,24.91153],[-80.69697,24.89788]]],[[[-80.82891,24.93228],[-80.82888,24.94715],[-80.82353,24.94373],[-80.82891,24.93228]]],[[[-80.65119,24.89963],[-80.65924,24.89711],[-80.65999,24.90364],[-80.62574,24.942],[-80.61632,24.94122],[-80.61261,24.93413],[-80.65119,24.89963]]],[[[-80.5902,24.94825],[-80.60838,24.94096],[-80.60953,24.94982],[-80.59383,24.9572],[-80.5902,24.94825]]],[[[-81.00978,25.03669],[-81.01773,25.03739],[-81.02119,25.05282],[-81.00978,25.03669]]],[[[-80.72798,25.00016],[-80.73342,25.00126],[-80.72605,25.01217],[-80.72798,25.00016]]],[[[-97.29747,26.15666],[-97.30799,26.15878],[-97.30239,26.16049],[-97.29747,26.15666]]],[[[-80.75918,25.04481],[-80.75321,25.03115],[-80.76107,25.03419],[-80.75918,25.04481]]],[[[-80.69657,25.0558],[-80.70344,25.05835],[-80.69558,25.06877],[-80.68843,25.06018],[-80.69657,25.0558]]],[[[-80.72643,25.06931],[-80.73913,25.07575],[-80.72819,25.0754],[-80.72643,25.06931]]],[[[-80.87968,25.11404],[-80.88512,25.11514],[-80.88085,25.12337],[-80.87452,25.11899],[-80.87968,25.11404]]],[[[-80.44879,25.05257],[-80.45716,25.05519],[-80.44091,25.05765],[-80.44879,25.05257]]],[[[-80.72494,25.09619],[-80.72975,25.10096],[-80.72132,25.10155],[-80.72494,25.09619]]],[[[-97.19284,26.23598],[-97.18038,26.2195],[-97.16277,26.06837],[-97.1787,26.10536],[-97.19099,26.22414],[-97.19887,26.22991],[-97.19284,26.23598]]],[[[-80.63981,25.08227],[-80.6521,25.08639],[-80.64477,25.0959],[-80.63981,25.08227]]],[[[-97.20096,26.24673],[-97.1983,26.24321],[-97.20041,26.24476],[-97.20096,26.24673]]],[[[-80.64454,25.10193],[-80.65461,25.10623],[-80.64556,25.10686],[-80.64454,25.10193]]],[[[-80.58821,25.10331],[-80.59466,25.10399],[-80.5921,25.11057],[-80.58143,25.1113],[-80.58821,25.10331]]],[[[-80.48018,25.12703],[-80.47427,25.1129],[-80.49768,25.10024],[-80.48018,25.12703]]],[[[-80.4309,25.15086],[-80.43646,25.13666],[-80.45172,25.15344],[-80.46466,25.14136],[-80.46037,25.17417],[-80.4309,25.15086]]],[[[-81.03778,25.25615],[-81.0451,25.24615],[-81.0653,25.2537],[-81.04676,25.25595],[-81.0339,25.26764],[-81.03778,25.25615]]],[[[-81.01596,25.25227],[-80.99707,25.25032],[-81.00636,25.24131],[-80.99359,25.23537],[-80.98728,25.24035],[-80.97718,25.22273],[-80.99069,25.21811],[-81.03583,25.23985],[-81.01124,25.27394],[-81.005,25.267],[-81.01596,25.25227]]],[[[-80.43579,25.20256],[-80.4387,25.17992],[-80.44924,25.17796],[-80.45465,25.1964],[-80.43579,25.20256]]],[[[-81.06001,25.27767],[-81.06509,25.27504],[-81.06771,25.28625],[-81.0504,25.29642],[-81.04725,25.28612],[-81.06001,25.27767]]],[[[-81.06698,25.29319],[-81.0753,25.29807],[-81.07064,25.30303],[-81.05417,25.30303],[-81.06698,25.29319]]],[[[-81.08693,25.3086],[-81.10215,25.31646],[-81.08975,25.31425],[-81.08693,25.3086]]],[[[-81.08844,25.27803],[-81.06865,25.27282],[-81.0688,25.25333],[-81.04158,25.23213],[-80.97222,25.20968],[-80.96797,25.19851],[-80.90332,25.14311],[-80.97206,25.13587],[-80.99885,25.12459],[-81.03797,25.1313],[-81.08676,25.11739],[-81.12341,25.15418],[-81.14164,25.15838],[-81.1409,25.18345],[-81.13201,25.16556],[-81.10472,25.14668],[-81.08799,25.14064],[-81.0828,25.14652],[-81.1321,25.17809],[-81.14111,25.19227],[-81.1443,25.18779],[-81.16951,25.22369],[-81.17106,25.23766],[-81.16394,25.27319],[-81.15636,25.27623],[-81.15819,25.29669],[-81.14377,25.32598],[-81.12118,25.32999],[-81.10465,25.31653],[-81.08198,25.29223],[-81.08844,25.27803]]],[[[-81.05176,25.31548],[-81.05932,25.31338],[-81.06464,25.31864],[-81.05176,25.31548]]],[[[-80.41439,25.22641],[-80.40824,25.20577],[-80.38735,25.20457],[-80.39453,25.18718],[-80.41712,25.19587],[-80.4297,25.21767],[-80.41439,25.22641]]],[[[-81.09038,25.32494],[-81.09639,25.32465],[-81.09564,25.33251],[-81.09038,25.32494]]],[[[-81.04514,25.31947],[-81.04968,25.31821],[-81.05587,25.3272],[-81.04514,25.31947]]],[[[-81.11679,25.34193],[-81.10206,25.33455],[-81.10567,25.33094],[-81.12043,25.33785],[-81.14482,25.33527],[-81.11679,25.34193]]],[[[-81.0616,25.33479],[-81.06637,25.34142],[-81.05255,25.33685],[-81.0616,25.33479]]],[[[-81.09965,25.34701],[-81.08866,25.34716],[-81.09288,25.34032],[-81.11713,25.34704],[-81.09965,25.34701]]],[[[-81.10494,25.35319],[-81.11974,25.35871],[-81.10823,25.35931],[-81.10494,25.35319]]],[[[-81.07305,25.35089],[-81.08049,25.35249],[-81.06832,25.35817],[-81.07305,25.35089]]],[[[-81.0921,25.36396],[-81.12278,25.37271],[-81.10976,25.37373],[-81.0921,25.36396]]],[[[-80.28044,25.29217],[-80.35395,25.18017],[-80.36564,25.17455],[-80.36296,25.16703],[-80.35055,25.16566],[-80.36869,25.14866],[-80.37552,25.12801],[-80.41599,25.10065],[-80.40921,25.12038],[-80.44438,25.07564],[-80.45943,25.07291],[-80.4911,25.0401],[-80.49682,25.02126],[-80.53217,24.99553],[-80.56198,24.95798],[-80.58119,24.9498],[-80.59016,24.96219],[-80.55894,24.97228],[-80.54544,24.9997],[-80.54624,25.01737],[-80.51842,25.01643],[-80.51489,25.03024],[-80.46262,25.08045],[-80.47772,25.10141],[-80.46723,25.10198],[-80.4533,25.08942],[-80.44516,25.09378],[-80.43402,25.11057],[-80.44251,25.12248],[-80.42169,25.11989],[-80.42287,25.1399],[-80.40341,25.1406],[-80.37627,25.18282],[-80.38156,25.19972],[-80.36929,25.20718],[-80.35243,25.20472],[-80.33636,25.23153],[-80.33142,25.26663],[-80.36447,25.28777],[-80.32449,25.28913],[-80.28886,25.31754],[-80.27206,25.34848],[-80.25734,25.35398],[-80.25231,25.34312],[-80.27507,25.31286],[-80.28044,25.29217]]],[[[-80.249,25.37409],[-80.25534,25.37757],[-80.25045,25.38714],[-80.24457,25.38414],[-80.249,25.37409]]],[[[-80.23313,25.37119],[-80.24284,25.35438],[-80.25703,25.36139],[-80.241,25.37426],[-80.23635,25.3894],[-80.22956,25.38451],[-80.23313,25.37119]]],[[[-81.20776,25.55342],[-81.21009,25.55279],[-81.20843,25.55454],[-81.20776,25.55342]]],[[[-80.22406,25.39637],[-80.22783,25.40161],[-80.20971,25.41625],[-80.21165,25.42932],[-80.17925,25.4963],[-80.2048,25.41422],[-80.22406,25.39637]]],[[[-80.18007,25.50051],[-80.18828,25.50731],[-80.17697,25.5259],[-80.18007,25.50051]]],[[[-81.37113,25.75392],[-81.37722,25.7513],[-81.38095,25.76066],[-81.37487,25.76282],[-81.37113,25.75392]]],[[[-81.23586,25.73277],[-81.23164,25.72339],[-81.26085,25.70332],[-81.27599,25.70002],[-81.28577,25.70816],[-81.28875,25.72538],[-81.26752,25.74659],[-81.25701,25.74585],[-81.25136,25.73411],[-81.24005,25.74308],[-81.23586,25.73277]]],[[[-81.41815,25.79217],[-81.4174,25.78381],[-81.43121,25.79203],[-81.42249,25.7983],[-81.41815,25.79217]]],[[[-81.45158,25.79903],[-81.45441,25.79883],[-81.45731,25.80598],[-81.45158,25.79903]]],[[[-81.68242,25.84616],[-81.6842,25.84574],[-81.68655,25.84862],[-81.68242,25.84616]]],[[[-81.43154,25.81474],[-81.435,25.79954],[-81.44197,25.80156],[-81.43573,25.80882],[-81.45376,25.81019],[-81.45004,25.81751],[-81.43154,25.81474]]],[[[-81.39318,25.82211],[-81.37092,25.81089],[-81.37705,25.79067],[-81.35978,25.79764],[-81.34201,25.78792],[-81.37966,25.78703],[-81.38426,25.8015],[-81.39512,25.80734],[-81.39196,25.79568],[-81.39854,25.79353],[-81.40434,25.81822],[-81.4151,25.81062],[-81.40415,25.80757],[-81.40796,25.79747],[-81.41896,25.81581],[-81.42664,25.81091],[-81.44232,25.82381],[-81.42207,25.82979],[-81.39318,25.82211]]],[[[-81.47776,25.8307],[-81.48206,25.82108],[-81.49531,25.83159],[-81.48601,25.84063],[-81.47776,25.8307]]],[[[-81.56395,25.89112],[-81.56801,25.88937],[-81.5676,25.89635],[-81.56395,25.89112]]],[[[-81.54349,25.88601],[-81.52267,25.89384],[-81.51405,25.87882],[-81.49015,25.87175],[-81.4889,25.86246],[-81.47658,25.87189],[-81.45356,25.85187],[-81.42387,25.85391],[-81.40653,25.82893],[-81.42292,25.8349],[-81.44064,25.82979],[-81.43531,25.8403],[-81.43407,25.83147],[-81.42375,25.84094],[-81.42607,25.84748],[-81.44548,25.83593],[-81.4668,25.84525],[-81.46997,25.83977],[-81.44818,25.82951],[-81.45901,25.81959],[-81.46733,25.82674],[-81.46861,25.81751],[-81.47762,25.81819],[-81.47012,25.83468],[-81.47975,25.84881],[-81.49139,25.84585],[-81.48847,25.86014],[-81.4987,25.83584],[-81.50764,25.8569],[-81.50625,25.8351],[-81.51638,25.8321],[-81.51147,25.84588],[-81.51969,25.83913],[-81.52459,25.84342],[-81.52211,25.86049],[-81.53038,25.85189],[-81.52966,25.87734],[-81.53804,25.8655],[-81.5327,25.85889],[-81.54853,25.84954],[-81.55048,25.8695],[-81.53912,25.88035],[-81.55173,25.87879],[-81.55854,25.86877],[-81.55377,25.85986],[-81.56659,25.86803],[-81.55672,25.87984],[-81.55971,25.90936],[-81.54349,25.88601]]],[[[-80.14973,25.71359],[-80.15814,25.67033],[-80.18125,25.69251],[-80.1671,25.70636],[-80.17898,25.71004],[-80.15549,25.73095],[-80.14714,25.72693],[-80.14973,25.71359]]],[[[-80.19448,25.74584],[-80.19831,25.75016],[-80.18418,25.75195],[-80.19448,25.74584]]],[[[-80.14836,25.75618],[-80.14236,25.74436],[-80.16134,25.73488],[-80.17795,25.74523],[-80.16072,25.76035],[-80.14836,25.75618]]],[[[-80.13666,25.75991],[-80.14742,25.76634],[-80.13589,25.76591],[-80.13666,25.75991]]],[[[-80.14745,25.84558],[-80.1585,25.84552],[-80.15728,25.85058],[-80.14745,25.84558]]],[[[-80.12899,25.85415],[-80.13671,25.84981],[-80.14441,25.85751],[-80.13564,25.86274],[-80.12899,25.85415]]],[[[-80.13509,25.87523],[-80.14311,25.87553],[-80.14126,25.88333],[-80.13509,25.87523]]],[[[-80.13458,25.88679],[-80.13838,25.89156],[-80.13478,25.89375],[-80.13458,25.88679]]],[[[-80.1286,25.88564],[-80.1331,25.88627],[-80.13072,25.89452],[-80.1286,25.88564]]],[[[-81.85202,26.37266],[-81.86231,26.36223],[-81.86811,26.37576],[-81.85943,26.37928],[-81.85202,26.37266]]],[[[-81.86434,26.38493],[-81.87885,26.39078],[-81.88099,26.40654],[-81.87146,26.40357],[-81.86434,26.38493]]],[[[-81.88597,26.40987],[-81.89669,26.40501],[-81.90449,26.41699],[-81.89228,26.41863],[-81.88597,26.40987]]],[[[-81.86293,26.42189],[-81.86676,26.42205],[-81.86179,26.42272],[-81.86293,26.42189]]],[[[-82.08159,26.45733],[-82.083,26.45714],[-82.08347,26.4579],[-82.08159,26.45733]]],[[[-82.10913,26.46456],[-82.11676,26.46285],[-82.11767,26.46702],[-82.10913,26.46456]]],[[[-82.12472,26.46854],[-82.13181,26.4682],[-82.13087,26.47206],[-82.12472,26.46854]]],[[[-82.13678,26.47199],[-82.14125,26.47516],[-82.13504,26.4733],[-82.13678,26.47199]]],[[[-82.1604,26.47888],[-82.14723,26.47694],[-82.1215,26.45369],[-82.10634,26.45341],[-82.10459,26.46401],[-82.08953,26.45958],[-82.08877,26.44801],[-82.07163,26.45435],[-82.03221,26.44255],[-82.09185,26.42264],[-82.17929,26.47316],[-82.18712,26.48883],[-82.1604,26.47888]]],[[[-80.04137,26.55293],[-80.03903,26.69271],[-80.03336,26.68751],[-80.04137,26.55293]]],[[[-82.65603,28.62348],[-82.66015,28.62537],[-82.65844,28.63545],[-82.65603,28.62348]]],[[[-82.74068,28.99104],[-82.74419,28.99138],[-82.74074,28.99134],[-82.74068,28.99104]]],[[[-82.75989,28.99982],[-82.7599,28.99954],[-82.7608,28.99983],[-82.75989,28.99982]]],[[[-82.77773,29.06243],[-82.78287,29.06338],[-82.77769,29.06472],[-82.77773,29.06243]]],[[[-82.81089,29.07564],[-82.81342,29.08163],[-82.80768,29.08157],[-82.81089,29.07564]]],[[[-82.7968,29.07686],[-82.80813,29.08662],[-82.79405,29.08738],[-82.7968,29.07686]]],[[[-82.81224,29.0908],[-82.81815,29.10096],[-82.80525,29.10586],[-82.80069,29.09664],[-82.81224,29.0908]]],[[[-83.02076,29.14381],[-83.02323,29.1498],[-83.01749,29.14974],[-83.02076,29.14381]]],[[[-83.03736,29.14671],[-83.03068,29.13702],[-83.05319,29.1308],[-83.04419,29.14218],[-83.0541,29.14273],[-83.0574,29.15124],[-83.04612,29.15596],[-83.03736,29.14671]]],[[[-83.02367,29.15668],[-83.02622,29.16267],[-83.02047,29.16261],[-83.02367,29.15668]]],[[[-83.03821,29.16369],[-83.04234,29.1674],[-83.03501,29.16963],[-83.03821,29.16369]]],[[[-83.04866,29.16195],[-83.0549,29.1643],[-83.05268,29.17574],[-83.04866,29.16195]]],[[[-83.00953,29.16114],[-83.0136,29.16989],[-83.00782,29.17305],[-83.00321,29.16659],[-83.00953,29.16114]]],[[[-83.05528,29.17669],[-83.05782,29.18267],[-83.05208,29.18262],[-83.05528,29.17669]]],[[[-82.96324,29.16931],[-82.96765,29.17267],[-82.96032,29.1749],[-82.96324,29.16931]]],[[[-82.94576,29.17017],[-82.94989,29.17388],[-82.94255,29.1761],[-82.94576,29.17017]]],[[[-82.85428,29.16264],[-82.85447,29.16787],[-82.84873,29.1678],[-82.85428,29.16264]]],[[[-82.93058,29.17323],[-82.93734,29.17605],[-82.93,29.17781],[-82.93058,29.17323]]],[[[-82.95663,29.17715],[-82.95916,29.18314],[-82.95291,29.18308],[-82.95663,29.17715]]],[[[-83.0604,29.18545],[-83.06919,29.1924],[-83.06234,29.19876],[-83.0604,29.18545]]],[[[-83.07746,29.20073],[-83.08107,29.20443],[-83.07373,29.20666],[-83.07746,29.20073]]],[[[-83.08605,29.22648],[-83.07573,29.21493],[-83.0867,29.21502],[-83.08605,29.22648]]],[[[-83.08128,29.23286],[-83.08253,29.23884],[-83.07756,29.23879],[-83.08128,29.23286]]],[[[-83.16009,29.28899],[-83.16533,29.28766],[-83.16527,29.29362],[-83.16009,29.28899]]],[[[-83.15734,29.30319],[-83.16557,29.30206],[-83.16304,29.30736],[-83.15734,29.30319]]],[[[-83.16458,29.31012],[-83.16612,29.31605],[-83.16087,29.31559],[-83.16458,29.31012]]],[[[-83.15866,29.32704],[-83.1628,29.3312],[-83.15547,29.33298],[-83.15866,29.32704]]],[[[-83.16749,29.33307],[-83.17112,29.33677],[-83.16377,29.339],[-83.16749,29.33307]]],[[[-83.27855,29.42968],[-83.2864,29.42973],[-83.28534,29.43202],[-83.27855,29.42968]]],[[[-83.40472,29.64766],[-83.40731,29.65363],[-83.40153,29.6536],[-83.40472,29.64766]]],[[[-83.4057,29.65821],[-83.41252,29.65824],[-83.40999,29.66419],[-83.4057,29.65821]]],[[[-83.41888,29.66962],[-83.42035,29.66966],[-83.41979,29.66974],[-83.41888,29.66962]]],[[[-97.22702,30.34914],[-97.12128,30.24804],[-97.07443,30.16661],[-97.07226,30.02858],[-97.08912,29.93606],[-97.1171,29.81962],[-97.19491,29.60662],[-97.22192,29.39405],[-97.16736,29.31259],[-97.10637,29.24035],[-97.14649,29.18206],[-97.28728,29.191],[-97.38385,29.21707],[-98.22796,29.21008],[-98.40166,29.1264],[-98.4093,29.04937],[-98.35415,28.9592],[-98.26374,28.9102],[-98.08306,28.90758],[-97.84403,28.95088],[-97.70911,28.98956],[-97.63611,28.93132],[-97.6136,28.86836],[-97.64189,28.79487],[-97.72689,28.6906],[-97.72748,28.47234],[-97.78263,28.36076],[-97.9194,28.33684],[-98.06503,28.34849],[-98.20375,28.40318],[-98.32669,28.46522],[-98.45643,28.47668],[-98.55955,28.40962],[-98.61276,28.30057],[-98.77785,28.19222],[-98.95074,28.05984],[-99.07967,27.87799],[-99.1117,27.71432],[-99.07803,27.58459],[-98.99208,27.53201],[-98.91398,27.54989],[-98.75128,27.56926],[-98.59276,27.50134],[-98.41571,27.39538],[-98.34183,27.30944],[-98.35769,27.18408],[-98.3896,27.09651],[-98.39093,27.02575],[-98.35214,26.86841],[-98.25071,26.7164],[-98.10287,26.62654],[-97.91044,26.53058],[-97.65263,26.41296],[-97.34983,26.29787],[-97.34815,26.26344],[-97.31558,26.27232],[-97.33544,26.25017],[-97.32899,26.2463],[-97.30293,26.25719],[-97.3016,26.25114],[-97.32145,26.24564],[-97.31665,26.23765],[-97.33591,26.23491],[-97.33674,26.20764],[-97.34516,26.21248],[-97.35016,26.19734],[-97.33559,26.17939],[-97.32565,26.22355],[-97.29574,26.1964],[-97.30099,26.17341],[-97.30945,26.17686],[-97.31052,26.15839],[-97.28457,26.11791],[-97.29783,26.1289],[-97.31364,26.12238],[-97.27148,26.08564],[-97.20924,26.07935],[-97.19441,26.07062],[-97.20567,26.04917],[-97.21431,26.06236],[-97.2217,26.05145],[-97.23942,26.06443],[-97.2312,26.03782],[-97.31923,25.9897],[-97.32475,25.97363],[-97.30909,25.97601],[-97.29798,25.99377],[-97.28087,25.99424],[-97.28167,26.00074],[-97.25344,26.01851],[-97.26053,26.00111],[-97.24374,26.00714],[-97.23798,25.9982],[-97.24841,25.9869],[-97.24943,25.97026],[-97.21859,25.97545],[-97.20545,25.99315],[-97.19828,25.98138],[-97.17387,26.00526],[-97.15883,26.00392],[-97.15947,26.01504],[-97.16746,26.01665],[-97.16357,26.02812],[-97.17459,26.02981],[-97.17163,26.04361],[-97.16142,26.04796],[-97.16512,26.05825],[-97.19809,26.03462],[-97.22444,26.02885],[-97.22528,26.03396],[-97.17766,26.05952],[-97.15643,26.06217],[-97.14706,25.96331],[-97.15952,25.95162],[-97.1596,25.96459],[-97.19356,25.95626],[-97.21092,25.96367],[-97.25515,25.94819],[-97.28747,25.95969],[-97.29069,25.95283],[-97.27862,25.93724],[-97.30377,25.93651],[-97.30859,25.92691],[-97.31895,25.9332],[-97.32555,25.92185],[-97.35187,25.95649],[-97.51274,26.05385],[-97.69175,26.14533],[-97.82937,26.22596],[-97.87708,26.23641],[-97.91832,26.20325],[-97.9284,26.05739],[-97.93858,26.065],[-97.94082,26.05533],[-97.95424,26.06253],[-97.97055,26.0536],[-97.98434,26.06637],[-98.01125,26.05625],[-98.01512,26.06326],[-98.0302,26.06401],[-98.03875,26.04196],[-98.06539,26.04293],[-98.07816,26.03437],[-98.07231,26.04861],[-98.0829,26.07056],[-98.09622,26.0597],[-98.10414,26.06586],[-98.1299,26.0617],[-98.13671,26.07293],[-98.14927,26.05048],[-98.16431,26.05306],[-98.16107,26.06365],[-98.18002,26.07185],[-98.18073,26.06215],[-98.19902,26.05368],[-98.22025,26.07348],[-98.24897,26.07212],[-98.28717,26.10052],[-98.26778,26.11315],[-98.27982,26.11612],[-98.28213,26.12634],[-98.30636,26.1235],[-98.29961,26.10766],[-98.30725,26.10362],[-98.3344,26.13182],[-98.33782,26.16379],[-98.35371,26.14971],[-98.3619,26.16927],[-98.36971,26.15644],[-98.38837,26.15488],[-98.4061,26.17782],[-98.42723,26.18988],[-98.45224,26.31286],[-98.5173,26.52925],[-98.55588,26.59294],[-98.71575,26.77536],[-98.80888,26.92072],[-98.88443,27.07173],[-99.0428,27.15562],[-99.17442,27.21164],[-99.43423,27.1953],[-99.44804,27.2229],[-99.44833,27.2584],[-99.46562,27.26679],[-99.48862,27.25907],[-99.49928,27.26926],[-99.49398,27.30288],[-99.53072,27.30582],[-99.54189,27.31601],[-99.53827,27.32521],[-99.51424,27.3311],[-99.50806,27.34028],[-99.5095,27.3555],[-99.4903,27.40702],[-99.49879,27.4407],[-99.48269,27.48209],[-99.49384,27.49873],[-99.52812,27.49842],[-99.51597,27.567],[-99.5526,27.61184],[-99.58543,27.60276],[-99.57972,27.6184],[-99.59301,27.62444],[-99.60242,27.64123],[-99.57823,27.72502],[-99.42061,27.91914],[-99.31026,28.0901],[-99.2336,28.39033],[-99.16608,28.59789],[-99.08815,28.88679],[-99.0857,29.092],[-99.07336,29.19991],[-98.93089,29.31952],[-98.75966,29.33739],[-98.56498,29.38517],[-98.39258,29.34922],[-98.20542,29.37131],[-98.01223,29.42779],[-97.85368,29.46255],[-97.73643,29.52194],[-97.65412,29.62326],[-97.6559,29.66457],[-97.76019,29.71202],[-97.82529,29.80904],[-97.90711,29.89866],[-97.89073,29.96824],[-97.91769,30.02173],[-98.03324,30.03658],[-98.14674,30.08819],[-98.19241,30.13233],[-98.21143,30.2184],[-98.03493,30.27879],[-97.83362,30.3816],[-97.62333,30.46687],[-97.51185,30.44714],[-97.23862,30.3602],[-97.22702,30.34914]]],[[[-97.62849,30.05818],[-97.54073,30.00642],[-97.3528,30.01764],[-97.27292,30.07639],[-97.25899,30.1214],[-97.24194,30.19527],[-97.27637,30.26886],[-97.32475,30.3162],[-97.40703,30.32735],[-97.51463,30.30338],[-97.67535,30.19428],[-97.67035,30.1094],[-97.62849,30.05818]]],[[[-98.803,28.37088],[-98.77622,28.36112],[-98.70449,28.3917],[-98.64146,28.44355],[-98.63074,28.55651],[-98.74472,28.63484],[-98.81646,28.61095],[-98.84405,28.55148],[-98.86609,28.47594],[-98.84983,28.38792],[-98.803,28.37088]]],[[[-104.51084,30.14141],[-104.28251,29.84398],[-104.04035,29.79466],[-103.84732,29.7249],[-103.51556,29.5718],[-103.41279,29.58284],[-103.18394,29.6723],[-102.93382,29.81658],[-102.6016,30.04573],[-102.56367,30.05782],[-102.54816,30.07818],[-102.455,30.07034],[-102.30916,30.07885],[-102.20383,30.01129],[-101.9397,29.94806],[-101.84247,29.94457],[-101.76348,29.91144],[-101.72404,29.8496],[-101.73478,29.77255],[-101.78165,29.7905],[-101.79139,29.77889],[-101.8072,29.78046],[-101.81637,29.7913],[-101.8056,29.80385],[-101.81997,29.8114],[-101.82315,29.7889],[-101.85353,29.80717],[-101.87485,29.79581],[-101.91377,29.79651],[-101.9261,29.78392],[-101.93297,29.78518],[-101.93434,29.79889],[-101.96166,29.79749],[-101.96782,29.81341],[-101.98103,29.81638],[-101.98641,29.79888],[-101.99763,29.80646],[-102.01426,29.79836],[-102.03542,29.80347],[-102.03932,29.79057],[-102.05917,29.78562],[-102.14056,29.801],[-102.16747,29.82474],[-102.1801,29.82495],[-102.18222,29.84552],[-102.18911,29.84722],[-102.19619,29.83654],[-102.22419,29.84055],[-102.24487,29.84654],[-102.24478,29.86257],[-102.25867,29.85084],[-102.26491,29.8672],[-102.28163,29.86273],[-102.30096,29.87606],[-102.32101,29.87793],[-102.32684,29.8604],[-102.34018,29.86698],[-102.36326,29.84587],[-102.3775,29.79196],[-102.38826,29.78211],[-102.38765,29.76105],[-102.46658,29.78128],[-102.4769,29.77463],[-102.48294,29.7832],[-102.51346,29.78342],[-102.51239,29.76557],[-102.54698,29.74507],[-102.5667,29.77072],[-102.57407,29.75405],[-102.61325,29.74625],[-102.6271,29.73538],[-102.65439,29.73426],[-102.67153,29.74392],[-102.69733,29.697],[-102.69496,29.67277],[-102.74154,29.63586],[-102.7418,29.59597],[-102.7675,29.59578],[-102.7621,29.57529],[-102.7745,29.56947],[-102.77478,29.54654],[-102.79193,29.54198],[-102.80903,29.52044],[-102.80262,29.48576],[-102.81608,29.48083],[-102.82617,29.45397],[-102.82182,29.4495],[-102.83195,29.43915],[-102.81444,29.40154],[-102.84593,29.3732],[-102.8428,29.35815],[-102.88387,29.35064],[-102.89064,29.28945],[-102.90785,29.25825],[-102.87335,29.24266],[-102.86794,29.22215],[-102.89672,29.20854],[-102.91477,29.21677],[-102.91811,29.19282],[-102.94047,29.18992],[-102.95459,29.17577],[-102.97272,29.18629],[-102.99748,29.1778],[-102.99828,29.15667],[-103.01803,29.12537],[-103.03534,29.11341],[-103.03687,29.09822],[-103.07475,29.09256],[-103.08642,29.05551],[-103.10062,29.05877],[-103.10559,29.03843],[-103.0987,29.02118],[-103.11429,29.00604],[-103.1171,28.98347],[-103.16507,28.97059],[-103.19114,28.98497],[-103.22776,28.98893],[-103.25087,28.98043],[-103.26813,28.99552],[-103.28258,28.97855],[-103.29026,29.00173],[-103.31602,29.00737],[-103.31152,29.02542],[-103.33207,29.0179],[-103.34329,29.0249],[-103.32953,29.03267],[-103.33039,29.04136],[-103.34721,29.04452],[-103.35777,29.02215],[-103.36605,29.02051],[-103.4322,29.0446],[-103.45419,29.07236],[-103.47476,29.06527],[-103.47141,29.08512],[-103.49009,29.09508],[-103.50352,29.11668],[-103.52359,29.12245],[-103.52691,29.13933],[-103.54862,29.14642],[-103.5554,29.15859],[-103.58379,29.15123],[-103.61311,29.16494],[-103.64935,29.15775],[-103.65936,29.17164],[-103.71832,29.18248],[-103.74019,29.20422],[-103.7451,29.22057],[-103.75771,29.22197],[-103.75977,29.23292],[-103.77125,29.22104],[-103.77982,29.22579],[-103.77527,29.25211],[-103.78322,29.26606],[-103.79916,29.25999],[-103.81181,29.27378],[-103.83269,29.27304],[-103.84773,29.28168],[-103.89163,29.28103],[-103.92839,29.29531],[-103.97451,29.2973],[-104.05293,29.32881],[-104.08851,29.34996],[-104.10858,29.37489],[-104.11995,29.37171],[-104.12511,29.38069],[-104.16612,29.39472],[-104.18244,29.42759],[-104.21472,29.45433],[-104.21254,29.48377],[-104.23133,29.48213],[-104.23741,29.4984],[-104.25044,29.50707],[-104.3085,29.52451],[-104.31314,29.53304],[-104.33613,29.52112],[-104.35231,29.52964],[-104.35498,29.54054],[-104.3824,29.54311],[-104.39794,29.56909],[-104.4593,29.59732],[-104.47714,29.6264],[-104.49729,29.63933],[-104.51336,29.63546],[-104.52673,29.66884],[-104.53668,29.66797],[-104.5443,29.68233],[-104.53166,29.69157],[-104.5463,29.69967],[-104.55113,29.7302],[-104.56093,29.73621],[-104.55278,29.74113],[-104.56971,29.75235],[-104.57115,29.77842],[-104.6098,29.82035],[-104.60871,29.82911],[-104.61979,29.82956],[-104.61154,29.84229],[-104.62491,29.84585],[-104.6342,29.87067],[-104.65854,29.89118],[-104.66032,29.90394],[-104.67998,29.90677],[-104.68963,29.93752],[-104.67586,29.95508],[-104.68396,29.95839],[-104.68379,29.97399],[-104.69341,29.97633],[-104.68768,29.98666],[-104.69081,30.01402],[-104.70568,30.02484],[-104.69711,30.04125],[-104.70777,30.05225],[-104.6883,30.08271],[-104.58259,30.14561],[-104.51084,30.14141]]],[[[-83.5841,29.77538],[-83.58825,29.78239],[-83.58459,29.78317],[-83.5841,29.77538]]],[[[-83.80545,29.97885],[-83.8058,29.97704],[-83.81408,29.97911],[-83.80545,29.97885]]],[[[-83.81546,29.9807],[-83.82388,29.98255],[-83.8165,29.98483],[-83.81546,29.9807]]],[[[-81.49216,30.6473],[-81.52038,30.65593],[-81.48708,30.67417],[-81.49216,30.6473]]],[[[-81.46947,30.69343],[-81.46881,30.68061],[-81.48011,30.67629],[-81.48026,30.68864],[-81.49166,30.69805],[-81.48608,30.70661],[-81.46947,30.69343]]],[[[-81.43676,30.70227],[-81.42651,30.7009],[-81.43877,30.69449],[-81.43339,30.655],[-81.44034,30.62429],[-81.48832,30.64184],[-81.48269,30.66126],[-81.47087,30.66556],[-81.45749,30.68538],[-81.45758,30.69955],[-81.43676,30.70227]]],[[[-81.49871,30.69363],[-81.51615,30.67985],[-81.54231,30.6937],[-81.52095,30.69688],[-81.4958,30.71918],[-81.48859,30.71169],[-81.49871,30.69363]]],[[[-81.52607,30.7034],[-81.54484,30.69787],[-81.55888,30.7087],[-81.58121,30.70873],[-81.55081,30.71172],[-81.53826,30.70458],[-81.52668,30.71804],[-81.50267,30.7207],[-81.52607,30.7034]]],[[[-101.58486,31.22883],[-101.6327,31.21642],[-101.77127,31.24923],[-101.83837,31.25401],[-101.91953,31.28919],[-102.04776,31.29881],[-102.14943,31.31992],[-102.23651,31.34942],[-102.2735,31.40202],[-102.2572,31.43131],[-102.11897,31.50527],[-102.02801,31.51212],[-101.97267,31.50432],[-101.90548,31.45301],[-101.83054,31.42272],[-101.6753,31.42178],[-101.56392,31.3903],[-101.52725,31.33488],[-101.54487,31.27198],[-101.58486,31.22883]]],[[[-81.47999,30.75804],[-81.48442,30.77776],[-81.47977,30.76992],[-81.47999,30.75804]]],[[[-81.49739,30.79576],[-81.51429,30.80285],[-81.51236,30.8211],[-81.49906,30.82092],[-81.49739,30.79576]]],[[[-81.48082,30.79919],[-81.48973,30.80708],[-81.48679,30.82213],[-81.47676,30.81742],[-81.48082,30.79919]]],[[[-81.49576,30.82636],[-81.51248,30.84349],[-81.49345,30.83593],[-81.49576,30.82636]]],[[[-81.52214,30.83951],[-81.53337,30.83738],[-81.53468,30.85339],[-81.52214,30.83951]]],[[[-81.49214,30.96432],[-81.49906,30.96532],[-81.49522,30.97121],[-81.48619,30.96881],[-81.49214,30.96432]]],[[[-81.56724,30.97079],[-81.57404,30.97865],[-81.56218,30.98535],[-81.5569,30.98208],[-81.56724,30.97079]]],[[[-81.40657,30.94896],[-81.41434,30.8787],[-81.46163,30.77242],[-81.4558,30.71519],[-81.47892,30.73014],[-81.46912,30.77069],[-81.47325,30.83428],[-81.50326,30.88176],[-81.48527,30.90391],[-81.46234,30.90405],[-81.44877,30.88924],[-81.44853,30.90203],[-81.46269,30.91411],[-81.43346,30.93746],[-81.42049,30.97383],[-81.40974,30.97779],[-81.40657,30.94896]]],[[[-81.45423,31.02273],[-81.47735,31.01391],[-81.47654,31.02852],[-81.45996,31.03058],[-81.45423,31.02273]]],[[[-81.47734,31.10025],[-81.44946,31.07703],[-81.44036,31.07781],[-81.43686,31.03802],[-81.4644,31.04983],[-81.47676,31.07421],[-81.50178,31.07866],[-81.50903,31.09109],[-81.49878,31.09643],[-81.50163,31.11611],[-81.47734,31.10025]]],[[[-81.42503,31.01501],[-81.43615,31.01974],[-81.42429,31.05292],[-81.43841,31.09606],[-81.41333,31.1222],[-81.40068,31.08593],[-81.42503,31.01501]]],[[[-81.50087,31.12798],[-81.51468,31.13273],[-81.52506,31.14977],[-81.50646,31.14404],[-81.50087,31.12798]]],[[[-81.42427,31.16392],[-81.42797,31.16671],[-81.41977,31.17573],[-81.42427,31.16392]]],[[[-81.43875,31.16229],[-81.45764,31.18082],[-81.44016,31.20022],[-81.43139,31.18366],[-81.43875,31.16229]]],[[[-92.32359,31.86339],[-92.3829,31.8653],[-92.41998,31.89444],[-92.37652,32.09251],[-92.28738,32.11538],[-92.20598,32.11206],[-92.11331,32.08706],[-92.06171,32.00553],[-92.07861,31.93218],[-92.11981,31.87042],[-92.32359,31.86339]]],[[[-81.29347,31.20583],[-81.29767,31.20955],[-81.28904,31.21307],[-81.29347,31.20583]]],[[[-81.29209,31.29668],[-81.30481,31.30327],[-81.30675,31.31289],[-81.29209,31.29668]]],[[[-81.40545,31.33306],[-81.41664,31.33642],[-81.40646,31.33673],[-81.40545,31.33306]]],[[[-81.3601,31.32327],[-81.37391,31.32941],[-81.35621,31.33007],[-81.3601,31.32327]]],[[[-81.32479,31.32093],[-81.33012,31.32237],[-81.32303,31.3282],[-81.32479,31.32093]]],[[[-81.44576,31.35463],[-81.44867,31.34281],[-81.45646,31.3557],[-81.47584,31.35094],[-81.47729,31.35963],[-81.46854,31.36864],[-81.44576,31.35463]]],[[[-93.52341,32.02719],[-93.54904,31.9575],[-93.79926,31.95814],[-93.88211,31.97315],[-93.93995,32.0515],[-93.95083,32.09101],[-93.96032,32.17582],[-93.95517,32.31835],[-93.93383,32.38648],[-93.87626,32.4114],[-93.79491,32.39867],[-93.72677,32.3704],[-93.64908,32.26785],[-93.6097,32.16445],[-93.52341,32.02719]]],[[[-92.15573,32.30529],[-92.22489,32.29533],[-92.28784,32.39394],[-92.25877,32.50161],[-92.19294,32.58216],[-92.1056,32.63616],[-91.97427,32.65621],[-91.96096,32.62363],[-91.99422,32.58024],[-92.07318,32.53877],[-92.14248,32.4008],[-92.15573,32.30529]]],[[[-81.90241,31.60734],[-81.84378,31.57171],[-81.4743,31.5572],[-81.44555,31.53956],[-81.41326,31.50508],[-81.29238,31.50103],[-81.29821,31.48989],[-81.26201,31.49932],[-81.19485,31.49485],[-81.22217,31.45675],[-81.23133,31.45507],[-81.23109,31.44137],[-81.27365,31.38315],[-81.29936,31.40957],[-81.30729,31.44073],[-81.32298,31.43457],[-81.34245,31.45312],[-81.34793,31.44773],[-81.30555,31.39551],[-81.30793,31.38413],[-81.28583,31.36462],[-81.28508,31.32443],[-81.3102,31.3271],[-81.32756,31.34242],[-81.33575,31.33524],[-81.43689,31.34264],[-81.44087,31.35822],[-81.47163,31.37554],[-81.4842,31.36247],[-81.47863,31.3455],[-81.45761,31.3516],[-81.4493,31.33779],[-81.38087,31.32997],[-81.3778,31.32308],[-81.40536,31.31017],[-81.41422,31.29621],[-81.39462,31.28497],[-81.39504,31.26397],[-81.3837,31.26837],[-81.39546,31.29685],[-81.38063,31.3149],[-81.31657,31.30436],[-81.30289,31.29228],[-81.27825,31.29236],[-81.28678,31.26921],[-81.28051,31.2618],[-81.26377,31.26885],[-81.28228,31.25407],[-81.29695,31.21867],[-81.31026,31.22162],[-81.33055,31.24932],[-81.32546,31.26295],[-81.31411,31.26825],[-81.33345,31.26444],[-81.33759,31.24577],[-81.31096,31.21341],[-81.36174,31.16256],[-81.36956,31.17272],[-81.36624,31.15212],[-81.37661,31.14131],[-81.39599,31.13428],[-81.41661,31.14554],[-81.41163,31.18155],[-81.4301,31.22246],[-81.45902,31.19317],[-81.46047,31.1731],[-81.43815,31.13762],[-81.44432,31.12218],[-81.46321,31.1133],[-81.49276,31.13289],[-81.49622,31.14847],[-81.51748,31.15469],[-81.52488,31.1895],[-81.55076,31.20719],[-81.55475,31.22369],[-81.6165,31.21077],[-81.60538,31.20424],[-81.5619,31.21282],[-81.55368,31.19353],[-81.53519,31.18096],[-81.53587,31.14306],[-81.55258,31.15111],[-81.55136,31.14418],[-81.51073,31.11486],[-81.52034,31.08576],[-81.46769,31.0453],[-81.48485,31.04097],[-81.49302,31.06118],[-81.52389,31.06708],[-81.53546,31.07728],[-81.5362,31.06587],[-81.48659,31.03368],[-81.48009,31.00984],[-81.45707,31.01363],[-81.4875,30.98481],[-81.49638,30.99498],[-81.49939,30.97629],[-81.53533,30.99505],[-81.59532,30.98166],[-81.61379,30.99377],[-81.64097,30.99548],[-81.65032,30.97869],[-81.6384,30.98951],[-81.61923,30.98744],[-81.60611,30.97494],[-81.55723,30.96381],[-81.52715,30.97575],[-81.51992,30.9624],[-81.49281,30.95701],[-81.46588,30.97127],[-81.45262,30.96743],[-81.44653,30.95089],[-81.51591,30.88924],[-81.51561,30.8769],[-81.48842,30.84865],[-81.49015,30.84137],[-81.52928,30.85697],[-81.55764,30.84958],[-81.55828,30.87472],[-81.5641,30.87662],[-81.58612,30.86685],[-81.57942,30.85397],[-81.57704,30.86811],[-81.56528,30.87024],[-81.56198,30.84598],[-81.54279,30.84664],[-81.53927,30.83471],[-81.50898,30.83111],[-81.523,30.8217],[-81.52588,30.8094],[-81.49439,30.78521],[-81.48951,30.76137],[-81.49018,30.75361],[-81.50032,30.75238],[-81.49915,30.72905],[-81.52954,30.72489],[-81.5265,30.74587],[-81.53973,30.7497],[-81.52726,30.73354],[-81.54145,30.7127],[-81.5616,30.71616],[-81.57244,30.73459],[-81.57939,30.7324],[-81.56887,30.72586],[-81.59391,30.72344],[-81.59485,30.73076],[-81.60546,30.73227],[-81.61145,30.72412],[-81.59589,30.71591],[-81.5735,30.71771],[-81.58471,30.71612],[-81.58509,30.70333],[-81.55957,30.70323],[-81.55777,30.69221],[-81.51954,30.67307],[-81.48777,30.68653],[-81.48589,30.67825],[-81.52559,30.66635],[-81.52741,30.65901],[-81.65546,30.7151],[-81.79934,30.69345],[-81.90168,30.56881],[-81.90374,30.53066],[-81.88414,30.4956],[-81.88584,30.43657],[-81.92346,30.40615],[-82.0862,30.34136],[-82.16553,30.33231],[-82.20877,30.34601],[-82.23518,30.3772],[-82.26086,30.46357],[-82.3059,30.49326],[-82.37403,30.52203],[-82.50732,30.55439],[-82.62155,30.56929],[-83.09445,30.60846],[-83.19341,30.60495],[-83.23561,30.57315],[-83.24943,30.52722],[-83.25208,30.47462],[-83.21867,30.41752],[-83.15869,30.37296],[-83.08665,30.36391],[-83.04288,30.36898],[-82.99062,30.35177],[-82.95656,30.29976],[-83.00166,30.17833],[-83.06605,30.1229],[-83.10617,30.09945],[-83.22049,30.07297],[-83.2672,29.9921],[-83.2813,29.85654],[-83.26949,29.75626],[-83.26279,29.72057],[-83.23374,29.64978],[-83.04802,29.51559],[-82.86045,29.47563],[-82.6052,29.53815],[-82.49009,29.58083],[-82.36874,29.58676],[-82.17544,29.51351],[-82.15894,29.45706],[-82.10644,29.37421],[-82.07592,29.34733],[-82.0306,29.25407],[-81.99746,29.16244],[-81.9679,29.12025],[-81.9463,29.06826],[-81.94093,28.90845],[-81.91146,28.79725],[-81.77484,28.46051],[-81.7001,28.35455],[-81.60279,28.3247],[-81.52811,28.3179],[-81.49563,28.34897],[-81.44081,28.42843],[-81.40912,28.50328],[-81.46403,28.81303],[-81.51015,28.98487],[-81.47735,29.06188],[-81.40019,29.1107],[-81.36814,29.14965],[-81.35508,29.18014],[-81.36061,29.26193],[-81.47458,29.49819],[-81.47443,29.72575],[-81.45628,29.98917],[-81.36491,30.19374],[-81.29185,29.91367],[-81.32225,29.99253],[-81.35588,30.04556],[-81.35893,30.09875],[-81.37691,30.13077],[-81.38442,30.12729],[-81.37115,30.09629],[-81.36842,30.03304],[-81.36063,30.0127],[-81.34706,30.00825],[-81.33357,29.98503],[-81.34224,29.97745],[-81.31438,29.94288],[-81.31699,29.92737],[-81.30676,29.91795],[-81.30798,29.88042],[-81.32183,29.87572],[-81.30716,29.84101],[-81.31649,29.82932],[-81.303,29.82349],[-81.28526,29.80289],[-81.27065,29.76725],[-81.26174,29.76611],[-81.27579,29.81869],[-81.29337,29.82829],[-81.29509,29.85628],[-81.30497,29.85973],[-81.29733,29.88428],[-81.30148,29.90225],[-81.27499,29.87502],[-81.29449,29.90666],[-81.28308,29.90859],[-81.26678,29.86548],[-81.26744,29.84471],[-81.27488,29.84461],[-81.26832,29.81643],[-81.23365,29.70995],[-81.10675,29.4342],[-81.17416,29.1269],[-81.23235,29.04821],[-81.30856,29.00481],[-81.33144,28.91548],[-81.32826,28.83325],[-81.27308,28.76522],[-81.19401,28.69363],[-81.17999,28.63702],[-81.17996,28.57153],[-81.15699,28.43169],[-81.11913,28.40424],[-81.10899,28.38685],[-81.10819,28.3644],[-81.14503,28.23334],[-81.16291,28.13766],[-81.20655,28.06765],[-81.21542,27.987],[-81.17175,27.82745],[-81.13219,27.74498],[-81.02251,27.71209],[-80.93454,27.70639],[-80.91437,27.68875],[-80.83518,27.68286],[-80.68568,27.59816],[-80.59569,27.46568],[-80.35467,27.21237],[-80.3337,27.17579],[-80.36807,27.11247],[-80.40824,27.0714],[-80.40325,26.99687],[-80.36676,26.9461],[-80.22506,26.85949],[-80.10874,26.75673],[-80.05094,26.70366],[-80.04911,26.67711],[-80.05474,26.55344],[-80.05064,26.54358],[-80.04212,26.54396],[-80.07357,26.3391],[-80.07797,26.26326],[-80.08985,26.22291],[-80.10374,26.10514],[-80.10672,26.09507],[-80.11623,26.09635],[-80.12081,26.10671],[-80.12451,26.10268],[-80.11772,26.0853],[-80.10688,26.09137],[-80.12181,25.8986],[-80.12007,25.82519],[-80.13218,25.7704],[-80.14446,25.78801],[-80.13201,25.84268],[-80.12118,25.84876],[-80.13057,25.87506],[-80.12889,25.94726],[-80.1352,25.90673],[-80.16142,25.88223],[-80.17839,25.83885],[-80.18877,25.76185],[-80.21582,25.73968],[-80.20384,25.9951],[-80.25407,26.11951],[-80.3678,26.25258],[-80.40808,26.32251],[-80.48833,26.38665],[-80.48942,26.49955],[-80.46721,26.61172],[-80.48498,26.70338],[-80.41748,26.80151],[-80.41102,26.88009],[-80.46822,26.92221],[-80.51949,26.93029],[-80.54718,26.94664],[-80.55557,26.97193],[-80.54891,27.00684],[-80.52438,27.04294],[-80.50503,27.05713],[-80.45344,27.06354],[-80.42558,27.09369],[-80.42867,27.14125],[-80.4667,27.23278],[-80.57019,27.36787],[-80.62516,27.37273],[-80.64905,27.36233],[-80.92841,27.11361],[-81.04169,27.03107],[-81.20539,26.93216],[-81.24809,26.86674],[-81.24993,26.61544],[-81.2186,26.5228],[-81.17174,26.44375],[-81.16036,26.21808],[-81.17365,25.75978],[-81.13145,25.70521],[-81.01068,25.49588],[-81.0073,25.38385],[-81.0473,25.34404],[-81.07062,25.36381],[-81.08754,25.36568],[-81.08524,25.37489],[-81.096,25.38169],[-81.14539,25.38401],[-81.14667,25.40631],[-81.13804,25.41024],[-81.15023,25.41986],[-81.15957,25.44006],[-81.15346,25.4436],[-81.16766,25.45707],[-81.16851,25.47277],[-81.15283,25.47836],[-81.16404,25.48748],[-81.18213,25.47647],[-81.20952,25.50831],[-81.2047,25.53005],[-81.1808,25.55749],[-81.15322,25.55904],[-81.1508,25.57196],[-81.13739,25.5688],[-81.13959,25.59343],[-81.11914,25.591],[-81.12996,25.58157],[-81.11191,25.58246],[-81.11457,25.59273],[-81.10592,25.59712],[-81.13066,25.60616],[-81.10932,25.6153],[-81.14102,25.61108],[-81.1499,25.58445],[-81.16547,25.56727],[-81.21225,25.5602],[-81.21797,25.5534],[-81.23256,25.57],[-81.2187,25.57799],[-81.23865,25.59618],[-81.23428,25.60518],[-81.24683,25.62278],[-81.24498,25.63385],[-81.26244,25.6524],[-81.27291,25.6475],[-81.26738,25.6706],[-81.28405,25.66641],[-81.27749,25.67083],[-81.28631,25.67823],[-81.27955,25.68741],[-81.22225,25.71897],[-81.20233,25.69897],[-81.20327,25.68556],[-81.18786,25.68096],[-81.19162,25.68894],[-81.18136,25.69608],[-81.18886,25.7125],[-81.19738,25.71274],[-81.19499,25.72472],[-81.20271,25.71844],[-81.2121,25.72286],[-81.22541,25.74592],[-81.25715,25.75743],[-81.25763,25.77412],[-81.26557,25.77711],[-81.2703,25.77029],[-81.26136,25.75106],[-81.2699,25.75082],[-81.28346,25.76647],[-81.29115,25.76111],[-81.29148,25.75047],[-81.28283,25.75441],[-81.27555,25.74634],[-81.29367,25.72829],[-81.28973,25.70965],[-81.30353,25.69344],[-81.31861,25.71597],[-81.34258,25.72269],[-81.33554,25.75827],[-81.34603,25.77088],[-81.37221,25.76785],[-81.36031,25.78005],[-81.32356,25.7842],[-81.34079,25.79483],[-81.35002,25.82147],[-81.35855,25.82169],[-81.3639,25.81071],[-81.39468,25.85596],[-81.45958,25.86915],[-81.47852,25.89185],[-81.50782,25.88607],[-81.50991,25.90094],[-81.52937,25.90558],[-81.54467,25.89761],[-81.54167,25.91467],[-81.55053,25.91886],[-81.46705,26.00399],[-81.43944,26.14436],[-81.3835,26.35985],[-81.36044,26.48826],[-81.36302,26.66839],[-81.39771,26.86519],[-81.445,26.94404],[-81.48377,26.97988],[-81.57796,27.01014],[-81.62901,26.89779],[-81.64089,26.78144],[-81.72084,26.6016],[-81.74189,26.35711],[-81.76571,26.32066],[-81.83513,26.30195],[-81.85954,26.35828],[-81.85179,26.36156],[-81.84652,26.34989],[-81.83744,26.34924],[-81.84872,26.40403],[-81.8447,26.42336],[-81.85316,26.43482],[-81.81541,26.50432],[-81.81944,26.51302],[-81.78257,26.69875],[-81.77175,26.70598],[-81.78116,26.70684],[-81.76127,26.89476],[-81.72767,26.98558],[-81.65167,27.04227],[-81.43544,27.07027],[-81.30973,27.05954],[-81.26985,27.10691],[-81.21583,27.2814],[-81.22309,27.32994],[-81.25536,27.40592],[-81.40321,27.47347],[-81.50207,27.55364],[-81.57026,27.64744],[-81.66426,27.73395],[-81.73023,27.8418],[-81.90161,28.01004],[-81.99098,28.02266],[-82.18874,27.97393],[-82.26804,27.97401],[-82.31203,28.0019],[-82.43002,28.13259],[-82.48337,28.178],[-82.51158,28.26357],[-82.50627,28.36638],[-82.47148,28.49785],[-82.53663,28.52551],[-82.64729,28.53247],[-82.64923,28.53904],[-82.65528,28.5734],[-82.6389,28.59294],[-82.6533,28.59548],[-82.65774,28.60684],[-82.64456,28.62793],[-82.64483,28.64263],[-82.65543,28.64555],[-82.53365,28.6464],[-82.46062,28.63251],[-82.1976,28.44954],[-82.11168,28.34499],[-82.02793,28.33332],[-81.99049,28.37169],[-81.98138,28.45765],[-82.01334,28.65829],[-81.99632,28.75398],[-82.00239,28.8583],[-82.0231,29.01905],[-82.0645,29.13361],[-82.08372,29.23418],[-82.11433,29.27102],[-82.16461,29.26702],[-82.22937,29.21603],[-82.24953,29.06647],[-82.28162,28.98923],[-82.38801,28.97854],[-82.46455,28.99039],[-82.73759,28.97626],[-82.7298,28.99167],[-82.75833,28.9998],[-82.75637,29.02685],[-82.7459,29.02994],[-82.75609,29.0452],[-82.74902,29.06531],[-82.77354,29.06375],[-82.78039,29.07041],[-82.77282,29.07705],[-82.79498,29.09474],[-82.79316,29.11307],[-82.77637,29.1193],[-82.80287,29.12648],[-82.80708,29.16047],[-82.7996,29.17232],[-82.82797,29.15887],[-82.85128,29.1715],[-82.87698,29.1626],[-82.89721,29.17152],[-82.92749,29.17091],[-82.92839,29.18192],[-82.95495,29.18631],[-82.97547,29.17321],[-82.98109,29.18289],[-82.99783,29.17984],[-82.99952,29.16884],[-83.01091,29.17675],[-83.03965,29.17425],[-83.05764,29.19872],[-83.04501,29.20778],[-83.06646,29.20384],[-83.0698,29.23185],[-83.0536,29.23308],[-83.07123,29.24424],[-83.07476,29.25528],[-83.06839,29.2644],[-83.08966,29.27879],[-83.11888,29.28179],[-83.13443,29.29475],[-83.15586,29.294],[-83.13784,29.3177],[-83.11483,29.31844],[-83.10867,29.33058],[-83.13564,29.32915],[-83.15045,29.3123],[-83.15776,29.31328],[-83.14691,29.32684],[-83.16112,29.34265],[-83.18102,29.34984],[-83.17188,29.36474],[-83.18553,29.36072],[-83.18902,29.37816],[-83.1996,29.37674],[-83.20229,29.38362],[-83.18784,29.39145],[-83.20459,29.39111],[-83.21056,29.4237],[-83.21637,29.41871],[-83.22151,29.42791],[-83.22763,29.42299],[-83.23402,29.4335],[-83.2664,29.44289],[-83.27383,29.43042],[-83.28895,29.43754],[-83.30856,29.47204],[-83.33052,29.47585],[-83.33618,29.48918],[-83.34759,29.48917],[-83.35962,29.50581],[-83.36579,29.50017],[-83.37797,29.50409],[-83.3784,29.51692],[-83.39989,29.51796],[-83.39186,29.54037],[-83.40233,29.54272],[-83.4011,29.56792],[-83.40982,29.57055],[-83.39736,29.57752],[-83.40571,29.58261],[-83.40456,29.59681],[-83.38726,29.59579],[-83.40084,29.60412],[-83.40535,29.62013],[-83.39624,29.65953],[-83.4145,29.67521],[-83.43441,29.68081],[-83.44853,29.67554],[-83.48017,29.68881],[-83.49827,29.71386],[-83.54703,29.72898],[-83.56263,29.75973],[-83.58205,29.7653],[-83.57615,29.78864],[-83.58923,29.80243],[-83.58666,29.81995],[-83.61687,29.84098],[-83.63567,29.88273],[-83.67503,29.91216],[-83.67497,29.92635],[-83.70076,29.92917],[-83.71807,29.94845],[-83.72811,29.94206],[-83.74647,29.96317],[-83.75483,29.95724],[-83.77912,29.97423],[-83.77958,29.99483],[-83.79649,29.98021],[-83.81702,29.98803],[-83.82968,29.98347],[-83.85176,30.00822],[-83.9113,30.02807],[-83.9192,30.03851],[-83.91392,30.04949],[-83.93028,30.03989],[-83.98407,30.07836],[-83.98247,30.10216],[-83.99363,30.08628],[-84.00042,30.10902],[-84.01255,30.09804],[-84.04897,30.10306],[-84.08642,30.09205],[-84.09382,30.09788],[-84.0804,30.16268],[-84.01023,30.29153],[-83.93685,30.49206],[-83.85202,30.62623],[-83.83728,30.66564],[-83.72903,30.76721],[-83.5995,30.92886],[-83.46253,30.99537],[-83.30316,31.03959],[-83.2519,31.0942],[-83.17188,31.20337],[-83.13597,31.22384],[-83.04123,31.18991],[-82.87335,31.18543],[-82.7982,31.22576],[-82.72808,31.31101],[-82.66258,31.4245],[-82.56666,31.50635],[-82.35513,31.77527],[-82.28917,31.84447],[-82.2288,31.89461],[-82.18508,31.97947],[-82.08536,32.10329],[-82.06598,32.10301],[-82.03301,32.06935],[-81.99859,32.00651],[-81.88229,31.94746],[-81.83355,31.89889],[-81.82356,31.84715],[-81.85428,31.74221],[-81.90487,31.69913],[-81.9304,31.6499],[-81.90241,31.60734]]],[[[-94.97413,32.9069],[-95.20287,32.67942],[-95.29016,32.66031],[-95.36271,32.67367],[-95.52854,32.64688],[-95.54983,32.52865],[-95.48363,32.42513],[-95.59969,32.3212],[-95.68145,32.27656],[-95.80468,32.27005],[-95.87951,32.29894],[-95.91587,32.3735],[-95.93691,32.46907],[-95.92583,32.51865],[-95.8684,32.58217],[-95.78973,32.60967],[-95.7691,32.63909],[-95.83897,32.6988],[-95.96788,32.75892],[-96.0387,32.7496],[-96.10978,32.71071],[-96.17001,32.55356],[-96.26535,32.37683],[-96.33629,32.28853],[-96.50043,32.26944],[-96.59387,32.35833],[-96.5936,32.44696],[-96.5462,32.56501],[-96.45174,32.64348],[-96.35758,32.64312],[-96.27477,32.7018],[-96.19119,32.83915],[-96.00126,32.94616],[-95.8248,32.88568],[-95.68357,32.85481],[-95.56509,32.88307],[-95.54031,32.90316],[-95.53702,32.93179],[-95.48067,32.99991],[-95.29186,33.06238],[-95.16005,33.06587],[-95.01106,33.10769],[-94.91785,33.07088],[-94.93376,32.99261],[-94.96278,32.9185],[-94.97413,32.9069]]],[[[-93.26628,32.81634],[-93.34421,32.77124],[-93.44528,32.7743],[-93.51998,32.8029],[-93.55396,32.89892],[-93.54582,32.96269],[-93.56156,33.06946],[-93.55665,33.18744],[-93.57015,33.43382],[-93.52953,33.55071],[-93.44369,33.60723],[-93.36121,33.58509],[-93.28324,33.46465],[-93.14802,33.30293],[-92.93003,33.14805],[-92.91761,33.12753],[-92.85915,33.10907],[-92.79924,33.03833],[-92.84179,32.95008],[-93.01979,32.94034],[-93.15419,32.91309],[-93.26628,32.81634]]],[[[-79.93478,32.75728],[-79.89501,32.75418],[-79.8899,32.72954],[-79.86691,32.73614],[-79.88101,32.70258],[-79.89256,32.6954],[-79.88454,32.68439],[-79.89716,32.67602],[-79.94606,32.73481],[-79.95097,32.76311],[-79.93478,32.75728]]],[[[-79.90733,32.77069],[-79.91495,32.77167],[-79.91217,32.77529],[-79.90733,32.77069]]],[[[-79.91836,32.8013],[-79.92494,32.79954],[-79.92478,32.81138],[-79.91836,32.8013]]],[[[-79.92968,32.77136],[-79.9553,32.78804],[-79.96328,32.83389],[-79.94782,32.84951],[-79.93637,32.84154],[-79.93627,32.80921],[-79.92398,32.78906],[-79.92968,32.77136]]],[[[-79.91582,32.82769],[-79.92396,32.83095],[-79.92807,32.85057],[-79.94072,32.85669],[-79.88929,32.90857],[-79.83274,32.9264],[-79.85492,32.88674],[-79.89732,32.86257],[-79.90038,32.83893],[-79.91582,32.82769]]],[[[-79.62188,32.89216],[-79.64306,32.88077],[-79.66099,32.88645],[-79.65133,32.87632],[-79.65417,32.86998],[-79.68831,32.85353],[-79.70414,32.85371],[-79.69779,32.84135],[-79.71335,32.82468],[-79.7226,32.8266],[-79.71625,32.81423],[-79.72129,32.80609],[-79.77226,32.79208],[-79.83934,32.75772],[-79.86274,32.76069],[-79.84954,32.76875],[-79.87921,32.79136],[-79.90544,32.78889],[-79.90298,32.8089],[-79.88455,32.83832],[-79.88752,32.86066],[-79.84576,32.87755],[-79.82872,32.92199],[-79.79389,32.92545],[-79.62188,32.89216]]],[[[-79.81388,32.92775],[-79.82797,32.9279],[-79.82022,32.93034],[-79.81388,32.92775]]],[[[-97.97006,34.62957],[-98.05099,34.6044],[-98.09805,34.6039],[-98.12851,34.63489],[-98.1812,34.71088],[-98.15597,34.73901],[-98.10523,34.78133],[-97.90465,34.85292],[-97.81483,34.87806],[-97.73313,34.86827],[-97.7286,34.84743],[-97.74961,34.80899],[-97.87251,34.6966],[-97.97006,34.62957]]],[[[-100.65771,35.03387],[-100.24902,35.04346],[-100.19302,35.02719],[-100.14779,34.96267],[-100.12207,34.91892],[-100.11269,34.8715],[-100.13011,34.85125],[-100.30252,34.73791],[-100.33953,34.60868],[-100.3515,34.47236],[-100.13573,34.3803],[-100.05209,34.27933],[-100.12681,34.21274],[-100.23172,34.16499],[-100.41025,34.12635],[-100.54167,34.13049],[-100.64458,34.18577],[-100.71439,34.30138],[-100.78774,34.48232],[-100.8326,34.66838],[-100.80031,34.86817],[-100.75268,34.9443],[-100.69715,35.01172],[-100.65771,35.03387]]],[[[-77.97099,33.90736],[-77.97327,33.90467],[-77.97589,33.91062],[-77.97099,33.90736]]],[[[-77.98199,33.90982],[-77.98628,33.91535],[-77.97895,33.92068],[-77.98199,33.90982]]],[[[-77.95046,33.8879],[-77.95989,33.84486],[-78.00907,33.868],[-77.98338,33.89893],[-77.97055,33.9028],[-77.95712,33.88756],[-77.94583,33.91691],[-77.95046,33.8879]]],[[[-77.95746,33.91667],[-77.96397,33.92179],[-77.9579,33.92077],[-77.95746,33.91667]]],[[[-77.9361,33.94994],[-77.94733,33.94422],[-77.94545,33.95238],[-77.9361,33.94994]]],[[[-77.96112,33.9672],[-77.97204,33.95194],[-77.97118,33.96374],[-77.96112,33.9672]]],[[[-77.91983,33.95783],[-77.94067,33.92364],[-77.94834,33.92651],[-77.92811,33.95889],[-77.94129,33.96322],[-77.92097,33.9774],[-77.92468,34.04612],[-77.91448,34.05169],[-77.90399,34.00969],[-77.91983,33.95783]]],[[[-77.91681,34.06101],[-77.92857,34.06665],[-77.92733,34.1031],[-77.91681,34.06101]]],[[[-77.9389,34.11639],[-77.94651,34.12243],[-77.94415,34.12784],[-77.9389,34.11639]]],[[[-77.49252,34.46534],[-77.49913,34.46775],[-77.49126,34.46986],[-77.49252,34.46534]]],[[[-77.4361,34.48547],[-77.52828,34.43631],[-77.52995,34.44889],[-77.48641,34.46475],[-77.46852,34.48345],[-77.45063,34.48442],[-77.38446,34.51158],[-77.3593,34.52965],[-77.34081,34.53196],[-77.37282,34.50951],[-77.4361,34.48547]]],[[[-77.35464,34.53545],[-77.35956,34.53829],[-77.35335,34.54042],[-77.35464,34.53545]]],[[[-77.34935,34.54306],[-77.35544,34.54456],[-77.35479,34.54727],[-77.34935,34.54306]]],[[[-77.33269,34.54086],[-77.33992,34.54148],[-77.34093,34.54468],[-77.33269,34.54086]]],[[[-77.34793,34.55212],[-77.35337,34.55633],[-77.34723,34.55619],[-77.34793,34.55212]]],[[[-84.77874,35.42579],[-84.74356,35.41525],[-84.66711,35.41676],[-84.65585,35.37817],[-84.72197,35.29146],[-84.78196,35.24272],[-84.82941,35.21627],[-84.91932,35.18619],[-85.06675,35.17214],[-85.11058,35.18803],[-85.14034,35.39646],[-85.10906,35.49815],[-85.08102,35.52516],[-84.97625,35.56801],[-84.93262,35.5636],[-84.8602,35.54101],[-84.81904,35.43584],[-84.77874,35.42579]]],[[[-77.33141,34.52947],[-77.33518,34.53319],[-77.24166,34.58919],[-77.29566,34.54637],[-77.33141,34.52947]]],[[[-77.23473,34.59584],[-77.2386,34.59684],[-77.23238,34.59897],[-77.23473,34.59584]]],[[[-77.19222,34.61255],[-77.22438,34.60378],[-77.21674,34.6145],[-77.18457,34.62328],[-77.19222,34.61255]]],[[[-77.16493,34.62553],[-77.17105,34.62658],[-77.15953,34.63585],[-77.12679,34.64459],[-77.16493,34.62553]]],[[[-77.17292,34.63617],[-77.17993,34.64316],[-77.16167,34.65362],[-77.17292,34.63617]]],[[[-77.11403,34.657],[-77.11852,34.65665],[-77.11502,34.66066],[-77.11403,34.657]]],[[[-77.12599,34.66593],[-77.1316,34.66561],[-77.13092,34.66878],[-77.12599,34.66593]]],[[[-77.43733,34.68407],[-77.41441,34.70083],[-77.40998,34.68301],[-77.37267,34.64538],[-77.37429,34.63042],[-77.40116,34.61284],[-77.42093,34.62282],[-77.44623,34.61793],[-77.45336,34.60491],[-77.4437,34.61014],[-77.41994,34.56873],[-77.39731,34.57777],[-77.39751,34.57186],[-77.36181,34.55425],[-77.36269,34.54473],[-77.39122,34.54309],[-77.39207,34.53448],[-77.37298,34.53769],[-77.37575,34.52184],[-77.42345,34.51382],[-77.4231,34.50745],[-77.4508,34.49625],[-77.47077,34.49986],[-77.47391,34.48902],[-77.49977,34.48276],[-77.4977,34.47772],[-77.53159,34.46122],[-77.54556,34.56627],[-77.48449,34.70212],[-77.43455,34.73257],[-77.4283,34.70341],[-77.43733,34.68407]]],[[[-77.1108,34.68285],[-77.1108,34.6828],[-77.11083,34.68282],[-77.1108,34.68285]]],[[[-77.1022,34.78891],[-77.10719,34.72744],[-77.11751,34.74342],[-77.11196,34.75737],[-77.1177,34.75342],[-77.12629,34.76317],[-77.14858,34.76599],[-77.13451,34.75292],[-77.1353,34.73159],[-77.1145,34.71926],[-77.1167,34.69023],[-77.13592,34.6848],[-77.13622,34.67663],[-77.14759,34.67145],[-77.17673,34.70033],[-77.19063,34.70248],[-77.16727,34.68375],[-77.17258,34.67615],[-77.16044,34.67177],[-77.15801,34.66171],[-77.20249,34.63779],[-77.19994,34.64637],[-77.21649,34.65221],[-77.20654,34.6338],[-77.28024,34.57237],[-77.31948,34.55147],[-77.33718,34.55642],[-77.34095,34.5765],[-77.3606,34.57331],[-77.37113,34.59218],[-77.37765,34.58096],[-77.39071,34.59125],[-77.40602,34.58432],[-77.39932,34.60099],[-77.37638,34.60184],[-77.34455,34.63429],[-77.31539,34.63726],[-77.33921,34.64326],[-77.36384,34.67471],[-77.37721,34.67638],[-77.35165,34.68807],[-77.36688,34.68387],[-77.37625,34.70453],[-77.39887,34.71366],[-77.36862,34.73162],[-77.40495,34.73288],[-77.41987,34.7214],[-77.42771,34.73673],[-77.24757,34.84615],[-77.16041,34.84757],[-77.1022,34.78891]]],[[[-82.95141,35.78337],[-82.91568,35.7671],[-82.86655,35.73029],[-82.85198,35.70445],[-82.8597,35.58136],[-82.88046,35.52698],[-82.93121,35.47375],[-82.92052,35.45556],[-82.75324,35.43028],[-82.58265,35.46141],[-82.56218,35.39122],[-82.53223,35.33968],[-82.35308,35.33378],[-82.30304,35.31551],[-82.28247,35.28881],[-82.26307,35.22258],[-82.29705,35.05607],[-82.29387,35.00565],[-82.24567,34.91927],[-82.15636,34.89966],[-82.07147,34.96432],[-81.9971,35.08054],[-81.94451,35.14003],[-81.82444,35.16738],[-81.72645,35.13797],[-81.46449,34.9444],[-81.43733,34.87371],[-81.46988,34.81247],[-81.53363,34.73846],[-81.57069,34.63987],[-81.55461,34.59802],[-81.56275,34.55717],[-81.59737,34.47185],[-81.74499,34.30429],[-81.86707,34.21956],[-81.91198,34.2146],[-81.93875,34.22431],[-81.98976,34.25981],[-81.99181,34.3507],[-82.06265,34.42374],[-82.19134,34.45326],[-82.30506,34.52116],[-82.38919,34.55037],[-82.41323,34.57452],[-82.55353,34.62917],[-82.67834,34.6977],[-82.85848,34.75145],[-82.9014,34.77395],[-82.94051,34.84108],[-82.91872,34.96082],[-82.95901,34.99221],[-83.03905,34.98576],[-83.15778,34.94658],[-83.24701,34.88791],[-83.28173,34.84204],[-83.29873,34.83075],[-83.36131,34.72925],[-83.48863,34.71588],[-83.57685,34.69014],[-83.60811,34.63225],[-83.66585,34.5985],[-83.67881,34.57502],[-83.73252,34.39478],[-83.8278,34.3182],[-83.94634,34.29789],[-84.03884,34.33503],[-84.09583,34.38834],[-84.12537,34.45874],[-84.12677,34.4871],[-84.09763,34.49491],[-84.04856,34.47025],[-83.99178,34.46671],[-83.87004,34.50818],[-83.7431,34.5792],[-83.65678,34.66849],[-83.59107,34.77635],[-83.54855,34.82827],[-83.52792,34.87594],[-83.54102,34.93368],[-83.60516,34.96441],[-83.70349,34.9661],[-83.88892,34.91736],[-83.97547,34.90896],[-84.04766,34.91989],[-84.13217,34.9681],[-84.17392,35.00228],[-84.17046,35.06777],[-84.12031,35.17386],[-83.94213,35.26591],[-83.92136,35.28485],[-83.87258,35.2989],[-83.83206,35.33188],[-83.80706,35.37594],[-83.74134,35.54769],[-83.71328,35.56344],[-83.5674,35.5912],[-83.44088,35.64402],[-83.34972,35.69886],[-83.28095,35.72167],[-83.19675,35.72347],[-83.1239,35.74189],[-83.05924,35.79165],[-82.95141,35.78337]]],[[[-83.72366,35.14443],[-83.65491,35.10215],[-83.52798,35.08914],[-83.40143,35.09184],[-83.27986,35.10968],[-83.22922,35.09848],[-83.18139,35.07163],[-83.11603,35.06928],[-83.05886,35.09445],[-83.02806,35.12702],[-82.99478,35.14779],[-82.97703,35.17498],[-82.97626,35.22292],[-82.93734,35.25552],[-82.89575,35.26653],[-82.87279,35.24784],[-82.90826,35.16521],[-82.90594,35.10289],[-82.89137,35.07456],[-82.75912,35.06876],[-82.61617,35.1073],[-82.55893,35.24568],[-82.55918,35.32949],[-82.59152,35.37918],[-82.74017,35.40511],[-82.99397,35.3792],[-83.07215,35.50032],[-83.04154,35.58043],[-82.99283,35.67127],[-82.99262,35.71631],[-83.0094,35.73438],[-83.04993,35.74506],[-83.14484,35.6925],[-83.32773,35.6673],[-83.49073,35.5978],[-83.51574,35.54507],[-83.51698,35.49724],[-83.44894,35.38202],[-83.45125,35.35542],[-83.48758,35.32501],[-83.61683,35.31059],[-83.69906,35.25689],[-83.73933,35.2096],[-83.72366,35.14443]]],[[[-84.57496,35.87958],[-84.63976,35.87693],[-84.68564,35.91906],[-84.70546,35.97694],[-84.69192,35.99528],[-84.63119,36.0023],[-84.51542,35.95757],[-84.50491,35.91439],[-84.57496,35.87958]]],[[[-82.16446,37.24982],[-82.17697,37.22017],[-82.257,37.16033],[-82.46639,37.09996],[-82.82727,36.95546],[-82.94419,36.94769],[-83.07714,36.96303],[-83.21739,36.9566],[-83.39902,36.97411],[-83.4196,36.98296],[-83.41501,37.0697],[-83.38512,37.14271],[-83.32284,37.24044],[-83.26357,37.30576],[-83.16058,37.33557],[-82.98976,37.34006],[-82.83054,37.35658],[-82.72061,37.34811],[-82.52734,37.3668],[-82.29263,37.41078],[-82.22717,37.40286],[-82.18632,37.36949],[-82.1639,37.32571],[-82.16446,37.24982]]],[[[-76.88428,37.25441],[-76.87962,37.26238],[-76.87887,37.26019],[-76.88428,37.25441]]],[[[-76.38868,37.22319],[-76.41328,37.22971],[-76.38645,37.23492],[-76.38868,37.22319]]],[[[-76.61799,37.30461],[-76.62573,37.2989],[-76.6135,37.30087],[-76.58351,37.28337],[-76.58561,37.2739],[-76.55058,37.26715],[-76.52718,37.24481],[-76.48184,37.22192],[-76.46931,37.21707],[-76.41815,37.22394],[-76.41325,37.21656],[-76.43641,37.21579],[-76.43896,37.20996],[-76.4075,37.2019],[-76.40107,37.20355],[-76.40238,37.21356],[-76.39611,37.21159],[-76.39157,37.18199],[-76.41642,37.19578],[-76.44737,37.18795],[-76.41907,37.18768],[-76.40673,37.17875],[-76.41598,37.16447],[-76.429,37.17115],[-76.427,37.14933],[-76.44422,37.15203],[-76.44683,37.14484],[-76.4297,37.13987],[-76.41468,37.15401],[-76.40911,37.14931],[-76.39656,37.17305],[-76.39514,37.1653],[-76.3734,37.1602],[-76.38158,37.14408],[-76.37643,37.14304],[-76.34914,37.16003],[-76.36569,37.16499],[-76.35093,37.17232],[-76.33781,37.16835],[-76.3379,37.15248],[-76.32475,37.1358],[-76.31463,37.12918],[-76.31011,37.14041],[-76.29383,37.12954],[-76.29931,37.12289],[-76.28549,37.12206],[-76.29161,37.11406],[-76.32108,37.11348],[-76.33998,37.10354],[-76.343,37.11405],[-76.35774,37.12033],[-76.37753,37.11676],[-76.37919,37.10456],[-76.35093,37.10382],[-76.34907,37.09335],[-76.33721,37.08714],[-76.35806,37.0718],[-76.35681,37.04637],[-76.32414,37.09587],[-76.316,37.09702],[-76.3036,37.07673],[-76.30578,37.09312],[-76.28458,37.10299],[-76.27095,37.09763],[-76.26979,37.08445],[-76.30449,37.00191],[-76.31776,37.0018],[-76.2984,37.02306],[-76.30156,37.02995],[-76.32009,37.01456],[-76.34133,37.01693],[-76.35047,37.00538],[-76.3802,36.99754],[-76.41135,36.96956],[-76.4456,36.98888],[-76.44515,37.00237],[-76.46208,37.02548],[-76.52133,37.05825],[-76.52847,37.0675],[-76.52016,37.0877],[-76.54214,37.08643],[-76.56693,37.11652],[-76.56853,37.10522],[-76.55104,37.0803],[-76.56156,37.07693],[-76.62712,37.12794],[-76.60362,37.1682],[-76.64045,37.21715],[-76.69903,37.2276],[-76.70294,37.21589],[-76.74918,37.21605],[-76.73637,37.20305],[-76.75357,37.1912],[-76.80097,37.23853],[-76.86732,37.24316],[-76.87068,37.27322],[-76.85405,37.28743],[-76.67718,37.3529],[-76.6584,37.35623],[-76.61799,37.30461]]],[[[-76.47658,37.39414],[-76.46282,37.39062],[-76.47338,37.3732],[-76.4849,37.37484],[-76.48704,37.36492],[-76.45239,37.36224],[-76.44565,37.37114],[-76.42237,37.34561],[-76.40399,37.34196],[-76.41452,37.33951],[-76.41034,37.32852],[-76.41803,37.32463],[-76.44943,37.3354],[-76.46543,37.32673],[-76.4851,37.34129],[-76.4791,37.318],[-76.44535,37.32215],[-76.4458,37.31128],[-76.47151,37.30511],[-76.45649,37.29023],[-76.43768,37.31152],[-76.39697,37.31593],[-76.39314,37.31039],[-76.40306,37.30883],[-76.40103,37.30197],[-76.38072,37.30281],[-76.38636,37.29253],[-76.37972,37.2851],[-76.40615,37.27625],[-76.38858,37.26718],[-76.42828,37.27273],[-76.42638,37.2627],[-76.43579,37.25886],[-76.47645,37.2549],[-76.46807,37.26194],[-76.47489,37.26484],[-76.50269,37.24965],[-76.51051,37.27116],[-76.53599,37.28494],[-76.53404,37.30485],[-76.54502,37.2906],[-76.56086,37.30006],[-76.56346,37.30738],[-76.54702,37.31333],[-76.56379,37.31374],[-76.57099,37.32207],[-76.57478,37.314],[-76.62033,37.36297],[-76.47658,37.39414]]],[[[-99.68052,38.56075],[-99.75386,38.52547],[-99.89446,38.54591],[-99.99722,38.65839],[-100.09891,38.74602],[-100.11447,38.8091],[-100.05489,38.82372],[-99.93714,38.91548],[-99.89914,38.91113],[-99.89959,38.87237],[-99.83411,38.73751],[-99.69942,38.62822],[-99.68052,38.56075]]],[[[-76.41672,37.41213],[-76.40327,37.37324],[-76.42769,37.3852],[-76.44396,37.38425],[-76.45554,37.3986],[-76.47003,37.40228],[-76.43924,37.41472],[-76.41672,37.41213]]],[[[-76.41506,37.42434],[-76.40798,37.42733],[-76.40924,37.42464],[-76.41506,37.42434]]],[[[-76.24293,37.44886],[-76.24887,37.43224],[-76.2459,37.38091],[-76.24903,37.37555],[-76.25894,37.38761],[-76.27989,37.38545],[-76.25881,37.37718],[-76.2554,37.36257],[-76.25849,37.35812],[-76.27013,37.37022],[-76.29154,37.37079],[-76.26622,37.35333],[-76.27778,37.30057],[-76.28506,37.30621],[-76.27551,37.31276],[-76.28362,37.32613],[-76.28898,37.32264],[-76.31098,37.33638],[-76.29862,37.35419],[-76.31979,37.34704],[-76.33583,37.36469],[-76.32354,37.39476],[-76.3385,37.41103],[-76.33279,37.42267],[-76.34336,37.41932],[-76.35694,37.42738],[-76.3598,37.44197],[-76.3673,37.42901],[-76.34651,37.41351],[-76.35217,37.40322],[-76.34068,37.38704],[-76.34811,37.3759],[-76.36483,37.37769],[-76.36273,37.38626],[-76.38357,37.38679],[-76.39606,37.40707],[-76.38953,37.42459],[-76.39924,37.43086],[-76.31617,37.46432],[-76.30622,37.44737],[-76.28481,37.45951],[-76.27433,37.44698],[-76.2723,37.46688],[-76.26225,37.458],[-76.26506,37.44674],[-76.25403,37.4469],[-76.25428,37.46777],[-76.24293,37.44886]]],[[[-76.28459,37.46449],[-76.31025,37.4667],[-76.2811,37.47842],[-76.28459,37.46449]]],[[[-76.25511,37.4755],[-76.26633,37.48435],[-76.25966,37.48703],[-76.25511,37.4755]]],[[[-111.76266,37.21844],[-111.84468,37.1272],[-111.90865,37.10632],[-111.95386,37.06442],[-111.98537,37.01022],[-111.98777,36.91784],[-112.02322,36.7794],[-112.11487,36.70909],[-112.19389,36.73244],[-112.24326,36.86845],[-112.25323,36.96767],[-112.30302,37.05337],[-112.4195,37.07854],[-112.59352,37.17442],[-112.64858,37.40298],[-112.64558,37.61372],[-112.62052,37.84352],[-112.46017,38.08436],[-112.3785,38.16682],[-112.21713,38.14924],[-112.0296,38.09389],[-111.8741,38.01281],[-111.7744,37.9319],[-111.72936,37.8012],[-111.73918,37.34887],[-111.76266,37.21844]]],[[[-112.22104,37.11955],[-112.22091,37.11942],[-112.22107,37.11959],[-112.22104,37.11955]]],[[[-76.04711,38.20914],[-76.03504,38.19766],[-76.03932,38.18864],[-76.01895,38.18251],[-76.01856,38.17299],[-76.05385,38.15863],[-76.05853,38.16485],[-76.04853,38.167],[-76.05252,38.17294],[-76.07092,38.15955],[-76.08901,38.1586],[-76.09174,38.17294],[-76.08,38.17462],[-76.09256,38.19108],[-76.0575,38.1875],[-76.05559,38.19518],[-76.06958,38.19852],[-76.05998,38.21019],[-76.04711,38.20914]]],[[[-76.1616,38.29157],[-76.1716,38.28987],[-76.17593,38.27768],[-76.17098,38.25904],[-76.12259,38.24536],[-76.1233,38.23903],[-76.14274,38.23335],[-76.14083,38.24194],[-76.16247,38.24399],[-76.1873,38.2642],[-76.1888,38.27917],[-76.20214,38.28702],[-76.17323,38.29714],[-76.1616,38.29157]]],[[[-76.1899,38.3159],[-76.19512,38.31913],[-76.19031,38.32588],[-76.18452,38.32174],[-76.1899,38.3159]]],[[[-76.23812,38.30915],[-76.26075,38.32344],[-76.25982,38.34382],[-76.23812,38.30915]]],[[[-76.17681,38.32664],[-76.18499,38.32809],[-76.18486,38.33534],[-76.16966,38.33245],[-76.17681,38.32664]]],[[[-76.20954,38.33334],[-76.21894,38.33253],[-76.21751,38.31393],[-76.20421,38.30291],[-76.22923,38.31405],[-76.23299,38.33448],[-76.22224,38.34525],[-76.20954,38.33334]]],[[[-76.3412,38.50462],[-76.34329,38.52141],[-76.33808,38.51592],[-76.3412,38.50462]]],[[[-76.32978,38.51992],[-76.34313,38.53183],[-76.32842,38.53169],[-76.32978,38.51992]]],[[[-76.21364,38.53478],[-76.21617,38.53111],[-76.22122,38.53834],[-76.21364,38.53478]]],[[[-76.20227,38.55128],[-76.20657,38.54505],[-76.2099,38.54638],[-76.20227,38.55128]]],[[[-76.08675,38.58582],[-76.07383,38.58406],[-76.10705,38.57746],[-76.08776,38.59444],[-76.08014,38.59254],[-76.08675,38.58582]]],[[[-76.02259,38.59422],[-76.02738,38.59327],[-76.02593,38.59463],[-76.02259,38.59422]]],[[[-76.18531,38.60504],[-76.15956,38.59615],[-76.13706,38.60316],[-76.11413,38.57605],[-76.1731,38.56431],[-76.15347,38.57523],[-76.17566,38.58499],[-76.1807,38.56691],[-76.20076,38.56396],[-76.1969,38.5825],[-76.20889,38.56993],[-76.22928,38.58284],[-76.22438,38.55967],[-76.23525,38.54392],[-76.24274,38.58751],[-76.25253,38.5654],[-76.247,38.54494],[-76.25921,38.55323],[-76.26119,38.57591],[-76.27547,38.53163],[-76.28204,38.56116],[-76.31021,38.56642],[-76.28756,38.58343],[-76.27832,38.57246],[-76.2579,38.59673],[-76.27489,38.60188],[-76.28801,38.62694],[-76.28375,38.63551],[-76.26534,38.60949],[-76.24816,38.61521],[-76.24618,38.62743],[-76.22795,38.62498],[-76.23565,38.62279],[-76.23349,38.61144],[-76.21343,38.6135],[-76.20825,38.60664],[-76.17484,38.63076],[-76.16249,38.62927],[-76.16932,38.60986],[-76.18531,38.60504]]],[[[-76.36213,38.74731],[-76.37446,38.7515],[-76.36966,38.75644],[-76.36213,38.74731]]],[[[-76.38322,38.75747],[-76.39253,38.76617],[-76.37994,38.77874],[-76.38322,38.75747]]],[[[-76.24671,38.90574],[-76.24295,38.9184],[-76.2389,38.91291],[-76.24671,38.90574]]],[[[-76.12565,38.89675],[-76.11508,38.89346],[-76.11755,38.8876],[-76.14708,38.88928],[-76.16377,38.88221],[-76.16272,38.87495],[-76.18291,38.86972],[-76.18387,38.88197],[-76.16541,38.88948],[-76.16517,38.90263],[-76.13087,38.9027],[-76.12565,38.89675]]],[[[-76.2796,38.99083],[-76.24782,38.97918],[-76.25102,38.96471],[-76.26598,38.95534],[-76.24946,38.95246],[-76.25569,38.93439],[-76.2464,38.92387],[-76.26121,38.92266],[-76.27318,38.94952],[-76.27151,38.94316],[-76.29238,38.93385],[-76.2928,38.90801],[-76.30667,38.92854],[-76.29418,38.96786],[-76.30377,38.96024],[-76.31077,38.96666],[-76.31335,38.95399],[-76.33875,38.95695],[-76.33298,38.94738],[-76.31413,38.94222],[-76.32231,38.91238],[-76.32685,38.9242],[-76.34222,38.92435],[-76.3366,38.90616],[-76.34323,38.89852],[-76.33202,38.8966],[-76.32939,38.87618],[-76.34063,38.87492],[-76.37248,38.84168],[-76.37524,38.85439],[-76.3588,38.88552],[-76.36782,38.9137],[-76.36145,38.94266],[-76.32571,38.9949],[-76.32103,39.02749],[-76.29537,39.03949],[-76.29809,39.01775],[-76.2796,38.99083]]],[[[-75.27286,38.79958],[-75.21557,38.77855],[-75.15986,38.79641],[-75.136,38.78522],[-75.09822,38.7842],[-75.08986,38.80275],[-75.08279,38.80001],[-75.06172,38.67122],[-75.06435,38.62455],[-75.07849,38.62278],[-75.07021,38.62864],[-75.08018,38.6382],[-75.07356,38.65993],[-75.0822,38.69577],[-75.08927,38.69624],[-75.0905,38.68763],[-75.11759,38.69497],[-75.11998,38.68773],[-75.13294,38.68958],[-75.13408,38.69638],[-75.14708,38.69053],[-75.13121,38.68187],[-75.12196,38.64694],[-75.13314,38.64879],[-75.13427,38.65967],[-75.14842,38.65699],[-75.17253,38.6702],[-75.17842,38.66931],[-75.17789,38.65707],[-75.14786,38.652],[-75.14086,38.63748],[-75.12263,38.63108],[-75.10199,38.63509],[-75.0885,38.62553],[-75.11269,38.61655],[-75.15391,38.61758],[-75.1575,38.6058],[-75.16869,38.60674],[-75.17462,38.59633],[-75.27944,38.59611],[-75.26181,38.58203],[-75.25296,38.5879],[-75.18585,38.5882],[-75.18178,38.57641],[-75.20242,38.5674],[-75.19722,38.54246],[-75.18949,38.56465],[-75.13695,38.59441],[-75.11398,38.5948],[-75.11231,38.57802],[-75.1017,38.58025],[-75.1047,38.56939],[-75.09004,38.55937],[-75.08341,38.5879],[-75.06754,38.58422],[-75.07385,38.61098],[-75.05732,38.61772],[-75.0424,38.46221],[-75.06293,38.38024],[-75.07356,38.37977],[-75.07378,38.39551],[-75.06658,38.3999],[-75.06048,38.44194],[-75.09232,38.46737],[-75.09201,38.44937],[-75.12846,38.44826],[-75.11987,38.44129],[-75.12547,38.43143],[-75.11186,38.43434],[-75.09367,38.41585],[-75.09784,38.39598],[-75.12635,38.40424],[-75.13134,38.41341],[-75.1578,38.41301],[-75.19193,38.42997],[-75.18064,38.41525],[-75.19713,38.4142],[-75.19392,38.40417],[-75.15391,38.40613],[-75.12959,38.39478],[-75.12979,38.37728],[-75.24243,38.37219],[-75.3213,38.41048],[-75.49626,38.41031],[-75.6228,38.42216],[-75.69174,38.3858],[-75.74316,38.33252],[-75.83727,38.25997],[-75.86052,38.24985],[-75.87039,38.25452],[-75.86715,38.26807],[-75.87829,38.26822],[-75.8876,38.24477],[-75.8836,38.23722],[-75.89458,38.23215],[-75.90866,38.2464],[-75.90488,38.25859],[-75.91636,38.26962],[-75.90566,38.27674],[-75.9001,38.28936],[-75.90518,38.29849],[-75.88696,38.32726],[-75.8497,38.36665],[-75.8546,38.38349],[-75.83993,38.38329],[-75.82324,38.3944],[-75.83818,38.40866],[-75.83795,38.41908],[-75.81069,38.42913],[-75.8074,38.4445],[-75.81019,38.45089],[-75.82903,38.44933],[-75.82872,38.46293],[-75.83677,38.4449],[-75.82282,38.43837],[-75.84115,38.43317],[-75.85182,38.40295],[-75.84081,38.396],[-75.86212,38.38858],[-75.87627,38.35976],[-75.88648,38.37576],[-75.8851,38.35851],[-75.90947,38.34433],[-75.91445,38.33079],[-75.93472,38.31564],[-75.93974,38.30029],[-75.93109,38.29383],[-75.94329,38.27132],[-75.95696,38.29054],[-75.95241,38.25603],[-75.94194,38.25227],[-75.94807,38.23965],[-75.96811,38.23401],[-75.95193,38.25104],[-75.98032,38.2668],[-75.97881,38.2831],[-75.99056,38.28189],[-76.01808,38.31305],[-75.96028,38.3282],[-75.95512,38.35035],[-75.97645,38.36875],[-76.00383,38.37906],[-76.00174,38.36634],[-76.00952,38.35918],[-76.00437,38.35232],[-76.04044,38.30969],[-76.0558,38.30397],[-76.0342,38.29919],[-76.02221,38.28273],[-76.04173,38.27389],[-76.03134,38.26561],[-76.03584,38.24617],[-76.02768,38.21434],[-76.0357,38.22351],[-76.05386,38.22372],[-76.07261,38.25386],[-76.09316,38.25228],[-76.09538,38.25865],[-76.07349,38.26883],[-76.07854,38.28067],[-76.09326,38.27766],[-76.09544,38.2863],[-76.10834,38.28645],[-76.10047,38.29905],[-76.11929,38.29655],[-76.12708,38.28711],[-76.11968,38.27525],[-76.14147,38.27005],[-76.14369,38.27687],[-76.12505,38.30205],[-76.136,38.3126],[-76.14549,38.30681],[-76.16178,38.31379],[-76.1505,38.32137],[-76.15372,38.33772],[-76.16776,38.34014],[-76.17277,38.35515],[-76.20072,38.36769],[-76.20462,38.37906],[-76.20833,38.36868],[-76.21945,38.37061],[-76.21449,38.38551],[-76.22198,38.39375],[-76.23309,38.39658],[-76.2317,38.37527],[-76.23889,38.36628],[-76.22978,38.34987],[-76.26334,38.37876],[-76.27475,38.36346],[-76.28452,38.41161],[-76.33733,38.48917],[-76.32501,38.48724],[-76.32133,38.49718],[-76.2996,38.49516],[-76.28588,38.50726],[-76.28432,38.49501],[-76.29936,38.4743],[-76.29199,38.45791],[-76.26979,38.44908],[-76.28295,38.47052],[-76.27197,38.49443],[-76.25442,38.48927],[-76.25193,38.49695],[-76.26351,38.5084],[-76.245,38.52453],[-76.2423,38.51],[-76.23699,38.51085],[-76.23439,38.52533],[-76.22672,38.52706],[-76.22288,38.51631],[-76.24991,38.42169],[-76.17257,38.3977],[-76.07226,38.42929],[-75.97634,38.44532],[-75.8883,38.44702],[-75.81127,38.48019],[-75.68774,38.48042],[-75.54519,38.53311],[-75.47088,38.70433],[-75.50135,38.72053],[-75.61115,38.70721],[-75.66634,38.71141],[-75.68559,38.74187],[-75.68838,38.7803],[-75.54363,38.86352],[-75.53903,38.87899],[-75.59282,38.88838],[-75.59496,38.90502],[-75.54916,38.96742],[-75.54852,39.00772],[-75.51896,39.06138],[-75.47707,39.09559],[-75.41227,39.1154],[-75.39825,39.10888],[-75.39535,39.06763],[-75.33853,39.02995],[-75.32436,39.01271],[-75.3244,38.99866],[-75.3055,38.9805],[-75.30139,38.96644],[-75.31035,38.93337],[-75.30094,38.91522],[-75.27207,38.89695],[-75.30489,38.88122],[-75.30384,38.83763],[-75.27286,38.79958]]],[[[-75.95048,39.18454],[-75.94369,39.12435],[-75.96297,39.02739],[-75.89928,38.94074],[-75.80708,38.85186],[-75.77066,38.75239],[-75.77773,38.70511],[-75.82033,38.63641],[-75.96853,38.60753],[-75.96128,38.61605],[-75.97183,38.6189],[-75.96861,38.632],[-75.93028,38.63379],[-75.95608,38.63956],[-75.94477,38.6725],[-75.96954,38.70001],[-75.98599,38.70338],[-75.98519,38.71334],[-76.00485,38.73307],[-75.99059,38.73698],[-75.99018,38.75737],[-75.97997,38.76586],[-75.95903,38.77875],[-75.9449,38.77721],[-75.93038,38.79335],[-75.89406,38.80739],[-75.88854,38.81684],[-75.89737,38.81786],[-75.89954,38.82695],[-75.90331,38.81657],[-75.98633,38.77184],[-75.99899,38.75975],[-75.99992,38.74299],[-76.01415,38.73953],[-76.01732,38.7287],[-75.99988,38.71624],[-75.99787,38.69899],[-75.97791,38.69422],[-75.95842,38.66814],[-75.9635,38.65098],[-75.99569,38.63279],[-75.98732,38.61002],[-75.9986,38.59897],[-76.02171,38.5944],[-76.01796,38.60994],[-76.02773,38.6223],[-76.02985,38.60464],[-76.04659,38.59215],[-76.07566,38.61108],[-76.07368,38.62193],[-76.09143,38.6176],[-76.09707,38.63081],[-76.10623,38.61369],[-76.11184,38.62871],[-76.08914,38.64523],[-76.09116,38.66248],[-76.11618,38.64825],[-76.11759,38.63603],[-76.14646,38.63635],[-76.14967,38.65361],[-76.09693,38.66888],[-76.09792,38.67887],[-76.08649,38.69053],[-76.15949,38.66459],[-76.17699,38.6743],[-76.16176,38.70133],[-76.14542,38.69209],[-76.12006,38.69272],[-76.11756,38.69994],[-76.12982,38.70642],[-76.10097,38.70429],[-76.10014,38.71697],[-76.13252,38.7196],[-76.10864,38.7352],[-76.10472,38.72427],[-76.08099,38.7308],[-76.11022,38.74473],[-76.08973,38.76716],[-76.1264,38.76305],[-76.122,38.74622],[-76.13739,38.74322],[-76.13522,38.73323],[-76.14892,38.72612],[-76.14617,38.71567],[-76.15398,38.7076],[-76.16689,38.71136],[-76.15994,38.73667],[-76.17208,38.71731],[-76.18807,38.71431],[-76.18241,38.7011],[-76.20152,38.6868],[-76.20181,38.67049],[-76.20999,38.67465],[-76.21668,38.69648],[-76.20132,38.69858],[-76.19996,38.70854],[-76.22174,38.71194],[-76.22674,38.69522],[-76.23867,38.72118],[-76.22973,38.72653],[-76.23728,38.73386],[-76.21898,38.73412],[-76.2157,38.71959],[-76.20659,38.73399],[-76.19492,38.72662],[-76.18691,38.74603],[-76.22396,38.75321],[-76.2184,38.7672],[-76.23113,38.78184],[-76.23554,38.76557],[-76.24786,38.77023],[-76.24433,38.80373],[-76.25938,38.78711],[-76.25846,38.77169],[-76.24574,38.75615],[-76.26478,38.74683],[-76.28824,38.75567],[-76.28266,38.73658],[-76.25483,38.7422],[-76.27043,38.72694],[-76.26833,38.71151],[-76.28819,38.72303],[-76.29541,38.71449],[-76.30184,38.75399],[-76.27015,38.77861],[-76.26196,38.80845],[-76.28853,38.80916],[-76.27582,38.79226],[-76.27776,38.78231],[-76.30005,38.79114],[-76.29681,38.77253],[-76.30975,38.77537],[-76.3199,38.76822],[-76.31258,38.74684],[-76.32332,38.73924],[-76.31221,38.73279],[-76.32901,38.71527],[-76.32065,38.68528],[-76.32778,38.68172],[-76.33409,38.69265],[-76.33854,38.6723],[-76.34683,38.67056],[-76.33715,38.72305],[-76.34374,38.75394],[-76.32996,38.76695],[-76.33512,38.77607],[-76.31904,38.78498],[-76.30481,38.82473],[-76.27989,38.83173],[-76.27911,38.84306],[-76.24978,38.86498],[-76.25115,38.85411],[-76.2649,38.84428],[-76.26161,38.82974],[-76.25149,38.83417],[-76.21642,38.81297],[-76.213,38.80568],[-76.21956,38.80212],[-76.21024,38.79522],[-76.21505,38.78984],[-76.20116,38.77428],[-76.16068,38.76025],[-76.14977,38.77599],[-76.10459,38.79226],[-76.11447,38.80053],[-76.10298,38.81491],[-76.11117,38.81908],[-76.12259,38.80833],[-76.13022,38.81113],[-76.12989,38.79708],[-76.14821,38.79637],[-76.15795,38.78016],[-76.16564,38.77934],[-76.16058,38.79787],[-76.16886,38.79705],[-76.17687,38.77855],[-76.1913,38.79729],[-76.17265,38.81658],[-76.19868,38.81414],[-76.17758,38.83794],[-76.17983,38.84385],[-76.19526,38.83994],[-76.19207,38.85305],[-76.16361,38.85864],[-76.15425,38.8531],[-76.14162,38.86475],[-76.15692,38.86899],[-76.15562,38.87532],[-76.12359,38.88086],[-76.11084,38.86712],[-76.106,38.87296],[-76.11404,38.88575],[-76.07553,38.88984],[-76.07887,38.90076],[-76.08668,38.89405],[-76.10256,38.89831],[-76.10558,38.926],[-76.09508,38.94899],[-76.11249,38.93604],[-76.11493,38.90072],[-76.1342,38.91407],[-76.15493,38.91249],[-76.14582,38.95726],[-76.15793,38.97462],[-76.16329,38.97241],[-76.16699,38.96429],[-76.15832,38.95332],[-76.17162,38.93805],[-76.16467,38.92982],[-76.17285,38.90316],[-76.19445,38.88526],[-76.20499,38.85772],[-76.1967,38.89163],[-76.18121,38.89872],[-76.18183,38.92909],[-76.20431,38.89624],[-76.20127,38.93383],[-76.21304,38.93758],[-76.20401,38.9461],[-76.22302,38.94176],[-76.23342,38.95638],[-76.22268,38.96125],[-76.238,38.96503],[-76.23895,38.97864],[-76.20702,38.97695],[-76.20182,38.96919],[-76.17227,38.99925],[-76.16173,38.99324],[-76.14311,39.00755],[-76.14763,39.01892],[-76.15974,39.00501],[-76.16114,39.02497],[-76.15022,39.0389],[-76.16986,39.03458],[-76.17956,39.05463],[-76.16457,39.06444],[-76.1642,39.0522],[-76.13415,39.04326],[-76.15452,39.06297],[-76.13675,39.06232],[-76.15197,39.07246],[-76.1406,39.07869],[-76.14105,39.0864],[-76.11283,39.07385],[-76.10855,39.08105],[-76.09491,39.08089],[-76.07676,39.06891],[-76.09289,39.09357],[-76.12259,39.09027],[-76.13487,39.09947],[-76.1153,39.09971],[-76.10794,39.11277],[-76.06706,39.13996],[-76.06498,39.15535],[-76.03996,39.1605],[-76.04379,39.14649],[-76.00487,39.16416],[-76.03447,39.16769],[-76.03347,39.18762],[-76.05633,39.2024],[-76.02618,39.22516],[-76.01696,39.22889],[-75.96134,39.20067],[-75.95048,39.18454]]],[[[-75.54073,39.39538],[-75.52346,39.39312],[-75.51334,39.37997],[-75.51453,39.36547],[-75.49607,39.35505],[-75.50441,39.33691],[-75.48418,39.32875],[-75.4818,39.34145],[-75.44018,39.31741],[-75.43044,39.29422],[-75.43781,39.2892],[-75.67252,39.27802],[-75.73727,39.31843],[-75.82499,39.34208],[-75.89752,39.34645],[-76.02896,39.32062],[-76.05937,39.29766],[-76.08055,39.26109],[-76.02918,39.23508],[-76.07009,39.19757],[-76.0455,39.1796],[-76.04811,39.16785],[-76.08511,39.1583],[-76.08305,39.14196],[-76.10862,39.13862],[-76.11674,39.11741],[-76.1278,39.12841],[-76.16626,39.10117],[-76.16296,39.11972],[-76.13953,39.13579],[-76.14084,39.16074],[-76.12599,39.16148],[-76.11742,39.17544],[-76.14124,39.17117],[-76.15089,39.16266],[-76.15135,39.13773],[-76.16683,39.13518],[-76.17536,39.15476],[-76.16714,39.18278],[-76.19289,39.17036],[-76.18975,39.14721],[-76.18202,39.14758],[-76.17399,39.13253],[-76.18835,39.12589],[-76.17371,39.11576],[-76.19068,39.09509],[-76.20709,39.10569],[-76.20334,39.11652],[-76.22286,39.11945],[-76.21552,39.09897],[-76.20078,39.09383],[-76.20434,39.06078],[-76.21987,39.08723],[-76.21816,39.05005],[-76.20399,39.04718],[-76.20838,39.03363],[-76.19094,39.01531],[-76.21153,39.02233],[-76.21993,39.01697],[-76.24035,39.03486],[-76.22764,39.04969],[-76.23014,39.076],[-76.23564,39.10144],[-76.24841,39.11744],[-76.24285,39.13053],[-76.26036,39.14657],[-76.2578,39.15788],[-76.26929,39.1453],[-76.27574,39.14944],[-76.26399,39.17788],[-76.2356,39.2247],[-76.20316,39.25202],[-76.1839,39.24053],[-76.17597,39.25178],[-76.19596,39.25809],[-76.16945,39.28038],[-76.16553,39.27025],[-76.1547,39.27739],[-76.16024,39.28813],[-76.14695,39.2993],[-76.10693,39.32653],[-76.08016,39.32008],[-76.1005,39.3309],[-76.07129,39.35076],[-76.0292,39.36692],[-76.03259,39.349],[-76.01821,39.35381],[-76.02102,39.36201],[-75.99704,39.37034],[-75.97363,39.35146],[-75.97878,39.3615],[-75.96488,39.3713],[-75.94481,39.36335],[-75.95159,39.35255],[-75.92807,39.36722],[-75.9228,39.36307],[-75.92719,39.3527],[-75.91481,39.34755],[-75.92001,39.35487],[-75.91445,39.36387],[-75.89365,39.3627],[-75.89208,39.3527],[-75.86801,39.36509],[-75.85098,39.35489],[-75.85321,39.36126],[-75.83209,39.37368],[-75.88706,39.36488],[-75.94344,39.37195],[-75.94451,39.3774],[-75.91465,39.38201],[-75.92351,39.3853],[-75.91799,39.39248],[-75.92888,39.38446],[-75.93415,39.3886],[-75.93495,39.37909],[-75.96041,39.3853],[-75.95457,39.38025],[-75.97066,39.37954],[-75.97859,39.37011],[-75.99038,39.38181],[-75.88353,39.4055],[-75.66781,39.38941],[-75.53785,39.42052],[-75.52406,39.40083],[-75.54073,39.39538]]],[[[-106.11849,40.52908],[-106.18349,40.50687],[-106.33755,40.53296],[-106.47853,40.64501],[-106.4848,40.79046],[-106.35741,40.89834],[-106.27097,40.8857],[-106.15021,40.71569],[-106.12032,40.6481],[-106.11401,40.58618],[-106.11849,40.52908]]],[[[-74.14327,39.70505],[-74.15103,39.70658],[-74.14684,39.70929],[-74.14327,39.70505]]],[[[-74.12839,39.70332],[-74.13514,39.7041],[-74.1348,39.72467],[-74.11862,39.73142],[-74.1029,39.76175],[-74.10179,39.74769],[-74.12839,39.70332]]],[[[-74.13342,39.76184],[-74.13938,39.76684],[-74.12561,39.76635],[-74.13342,39.76184]]],[[[-74.10756,39.78488],[-74.12245,39.79989],[-74.1105,39.79487],[-74.10756,39.78488]]],[[[-74.08094,39.93713],[-74.08753,39.93987],[-74.08448,39.94711],[-74.08094,39.93713]]],[[[-74.07885,39.98608],[-74.08545,39.98747],[-74.08301,39.99426],[-74.07885,39.98608]]],[[[-74.02579,40.11421],[-74.0325,40.09972],[-74.07101,40.09442],[-74.09071,40.1167],[-74.09495,40.11263],[-74.08367,40.08811],[-74.03256,40.09111],[-74.02545,40.07521],[-74.04747,40.01363],[-74.09268,39.76942],[-74.11002,39.77356],[-74.09561,39.78122],[-74.08544,39.88591],[-74.07016,39.93482],[-74.07906,39.95208],[-74.05351,40.00867],[-74.0466,40.0558],[-74.08451,40.04504],[-74.12232,40.05151],[-74.10677,40.03922],[-74.06354,40.03772],[-74.07811,40.01057],[-74.08892,40.0097],[-74.12184,40.02975],[-74.13026,40.02705],[-74.1195,40.01795],[-74.12435,40.00935],[-74.09617,40.00201],[-74.12861,39.99758],[-74.13466,39.98898],[-74.10587,39.98391],[-74.11012,39.97576],[-74.10117,39.96712],[-74.11212,39.93904],[-74.12834,39.9341],[-74.16007,39.94598],[-74.18228,39.94377],[-74.17932,39.9356],[-74.14338,39.92462],[-74.10021,39.92223],[-74.12795,39.89375],[-74.13467,39.86838],[-74.15265,39.86707],[-74.12395,39.85656],[-74.13896,39.85071],[-74.14803,39.8317],[-74.16543,39.82585],[-74.1517,39.8172],[-74.16669,39.81271],[-74.17156,39.79368],[-74.18478,39.78374],[-74.17765,39.77103],[-74.18668,39.75881],[-74.18675,39.74068],[-74.16165,39.73698],[-74.15994,39.7202],[-74.1749,39.71843],[-74.154,39.71022],[-74.23152,39.68399],[-74.35717,39.69719],[-74.47941,39.6801],[-74.64075,39.62077],[-74.68274,39.5911],[-74.7143,39.47539],[-74.7191,39.43532],[-74.70615,39.41933],[-74.71308,39.38244],[-74.7664,39.35738],[-74.86809,39.33753],[-75.19263,39.3468],[-75.2746,39.36125],[-75.3311,39.38503],[-75.35092,39.38485],[-75.39424,39.36078],[-75.40502,39.39054],[-75.43059,39.38854],[-75.47889,39.435],[-75.41962,39.43532],[-75.30162,39.47439],[-75.13481,39.56207],[-75.02166,39.55852],[-74.93576,39.58192],[-74.83507,39.63779],[-74.75931,39.68753],[-74.75124,39.7088],[-74.51749,40.01184],[-74.38624,40.09636],[-74.26625,40.10406],[-74.02978,40.13583],[-74.02135,40.14384],[-74.02579,40.11421]]],[[[-75.45492,40.4456],[-75.39855,40.39065],[-75.28664,40.31897],[-75.27259,40.20785],[-75.34005,40.12701],[-75.46727,40.02431],[-75.57802,39.97502],[-75.74085,39.94662],[-75.79451,39.9534],[-75.83615,39.94685],[-75.86866,39.92238],[-75.91723,39.86792],[-75.96562,39.80056],[-75.97004,39.7655],[-76.05124,39.67381],[-76.13512,39.5954],[-76.23214,39.55258],[-76.29084,39.5367],[-76.45155,39.58909],[-76.51936,39.6003],[-76.59347,39.58939],[-76.77786,39.463],[-76.86048,39.39691],[-76.87861,39.35624],[-76.86431,39.32313],[-76.816,39.27934],[-76.79807,39.23536],[-76.80356,39.17982],[-76.96734,39.13403],[-77.08565,39.14352],[-77.22348,39.14258],[-77.30037,39.11898],[-77.38964,39.07424],[-77.40884,39.01579],[-77.41237,38.9286],[-77.44256,38.89112],[-77.53642,38.85961],[-77.56804,38.8646],[-77.73129,38.9388],[-77.82863,38.97015],[-77.93289,38.9755],[-78.08862,38.91855],[-78.25208,38.80333],[-78.39057,38.64647],[-78.4676,38.42642],[-78.48309,38.31022],[-78.40899,38.24511],[-78.28429,38.24227],[-78.1838,38.28076],[-78.07379,38.35547],[-78.01335,38.37308],[-77.95298,38.33674],[-77.95712,38.26726],[-77.94657,38.17392],[-77.8945,38.10645],[-77.78093,38.06163],[-77.69436,37.99398],[-77.69192,37.95042],[-77.78566,37.88431],[-77.92991,37.80991],[-78.17636,37.71352],[-78.23881,37.65849],[-78.3607,37.53174],[-78.48074,37.38309],[-78.60067,37.28826],[-78.66522,37.24958],[-78.70706,37.19129],[-78.74836,37.07904],[-78.70698,37.02428],[-78.49951,36.94945],[-78.27935,36.89918],[-78.03154,36.89804],[-77.91468,36.87952],[-77.82002,36.84823],[-77.71108,36.79296],[-77.61392,36.77187],[-77.38733,36.8268],[-77.11512,36.92244],[-77.01984,37.04717],[-76.9506,37.17621],[-76.92081,37.21241],[-76.90059,37.20125],[-76.80204,37.20907],[-76.80387,37.19052],[-76.7917,37.1916],[-76.73387,37.14585],[-76.71704,37.14773],[-76.68569,37.19826],[-76.66507,37.17782],[-76.67278,37.14217],[-76.65795,37.1069],[-76.66704,37.07703],[-76.71347,37.06195],[-76.76902,37.02235],[-76.80448,36.9763],[-76.80403,36.88412],[-76.84927,36.78659],[-76.90697,36.70485],[-77.0748,36.52462],[-77.05808,36.41184],[-77.10495,36.29471],[-77.22063,36.07332],[-77.20574,36.00577],[-77.19453,35.89328],[-77.15016,35.81425],[-77.00519,35.68561],[-76.99221,35.61178],[-77.02438,35.52481],[-77.03961,35.53362],[-77.03608,35.53716],[-77.07582,35.54769],[-77.08953,35.55938],[-77.08978,35.55257],[-77.10236,35.55192],[-77.05981,35.53775],[-77.02927,35.51155],[-77.03287,35.50308],[-77.0725,35.51628],[-77.03805,35.49621],[-77.07391,35.38495],[-77.15246,35.18722],[-77.24656,35.05704],[-77.40995,34.88979],[-77.567,34.79707],[-77.74428,34.6751],[-77.89682,34.51643],[-77.94804,34.41671],[-77.93321,34.13668],[-77.95754,34.18854],[-77.96703,34.18689],[-77.97252,34.1679],[-77.95219,34.11753],[-77.94306,34.06418],[-77.95639,34.02077],[-77.95512,33.98483],[-77.97323,33.97014],[-77.99922,33.92876],[-78.03179,33.91068],[-78.0336,33.90435],[-78.01671,33.89405],[-78.14719,33.91573],[-78.16016,33.94514],[-78.16026,34.03843],[-78.23035,34.10062],[-78.29517,34.13276],[-78.32325,34.18054],[-78.3056,34.22632],[-78.24717,34.24929],[-78.06273,34.4355],[-77.98874,34.55136],[-77.9193,34.69935],[-77.83897,34.79673],[-77.67645,34.93255],[-77.55106,34.9833],[-77.4992,34.99082],[-77.38173,35.05631],[-77.32809,35.13031],[-77.36344,35.20116],[-77.41197,35.24715],[-77.44923,35.25878],[-77.48208,35.25942],[-77.53697,35.22821],[-77.62677,35.2313],[-77.70855,35.18822],[-77.80021,35.11681],[-78.00092,35.03609],[-78.18074,35.01115],[-78.32851,35.03482],[-78.47524,35.09052],[-78.63344,35.09923],[-78.80093,35.05688],[-78.84791,35.02446],[-78.90814,34.95782],[-78.93766,34.87442],[-79.01084,34.81979],[-79.02838,34.77816],[-79.24504,34.73994],[-79.33188,34.75312],[-79.51857,34.62561],[-79.53551,34.62946],[-79.75208,34.54371],[-79.88639,34.44039],[-80.00634,34.32838],[-80.08672,34.17812],[-80.10823,34.00629],[-80.08548,33.89277],[-80.11573,33.82589],[-80.42154,33.73025],[-80.45461,33.65842],[-80.45039,33.63564],[-80.49828,33.4699],[-80.59397,33.4229],[-80.70525,33.38364],[-80.88366,33.34068],[-81.00658,33.27501],[-81.33215,33.20206],[-81.36372,33.16399],[-81.40823,33.13142],[-81.42669,33.05942],[-81.42189,32.97141],[-81.39867,32.85928],[-81.34746,32.79303],[-81.27735,32.76896],[-81.21193,32.72144],[-81.06554,32.56154],[-80.9792,32.41946],[-80.92711,32.31243],[-80.90176,32.22024],[-80.89076,32.10053],[-80.8825,32.0819],[-80.90525,32.05193],[-80.92253,32.05649],[-80.91134,32.0427],[-80.89183,32.04462],[-80.88332,32.01892],[-80.84269,32.02225],[-80.84565,31.99266],[-80.85008,31.98864],[-80.85303,31.99965],[-80.86058,32.00024],[-80.85537,31.97278],[-80.88207,31.95492],[-80.92566,31.96887],[-80.92556,32.0156],[-80.97077,32.04378],[-80.94644,32.02282],[-80.94829,32.01419],[-80.93283,32.00615],[-80.93284,31.97117],[-80.99822,31.99204],[-81.00144,32.00648],[-81.02375,32.02238],[-81.03457,32.02166],[-81.02229,32.01551],[-81.02104,32.00044],[-81.01395,32.00305],[-81.00671,31.99475],[-81.37249,32.11058],[-81.58376,32.19118],[-81.62354,32.26982],[-81.56719,32.45303],[-81.56966,32.5225],[-81.65796,32.59698],[-81.67956,32.65458],[-81.66929,32.70789],[-81.61752,32.80639],[-81.56514,32.93796],[-81.55409,32.99467],[-81.46282,33.17795],[-81.36164,33.311],[-81.23299,33.38735],[-81.0785,33.44709],[-80.56023,33.79431],[-80.36373,34.00204],[-80.28795,34.14592],[-80.33579,34.26565],[-80.36637,34.50804],[-80.45775,34.75637],[-80.66436,34.96344],[-80.67765,34.9888],[-80.70386,35.11],[-80.4408,35.51001],[-80.23496,35.59021],[-79.99534,35.63164],[-79.83757,35.63408],[-79.67247,35.57638],[-79.63206,35.47794],[-79.53641,35.43859],[-79.44985,35.45098],[-79.4146,35.51304],[-79.37624,35.63353],[-79.38028,35.75191],[-79.43069,35.85193],[-79.57771,35.89883],[-80.46633,35.8746],[-80.72135,35.85468],[-81.12287,35.87981],[-81.39248,35.93542],[-81.48014,35.93089],[-81.629,35.86493],[-81.66458,35.85195],[-81.70068,35.85],[-81.72048,35.8745],[-81.72442,35.92331],[-81.71277,36.03599],[-81.66404,36.1],[-81.65174,36.13355],[-81.64845,36.17704],[-81.66971,36.20831],[-81.82602,36.25456],[-81.87217,36.29989],[-81.89326,36.34644],[-81.87417,36.41426],[-81.83798,36.4843],[-81.77578,36.573],[-81.71404,36.62853],[-81.52823,36.69882],[-81.40868,36.68846],[-81.34641,36.65615],[-81.29534,36.60708],[-81.22974,36.57283],[-81.19803,36.54425],[-81.15228,36.40758],[-81.11352,36.3898],[-81.06528,36.39183],[-80.86398,36.46466],[-80.74654,36.52043],[-80.55145,36.58539],[-80.28099,36.57987],[-80.223,36.59169],[-80.22233,36.60768],[-80.13402,36.73246],[-80.03438,36.84203],[-79.88503,36.86926],[-79.74577,36.88164],[-79.67366,36.95731],[-79.67239,37.02166],[-79.69823,37.05762],[-79.83486,37.08788],[-79.99317,37.08341],[-80.2185,37.11491],[-80.29968,37.17985],[-80.34545,37.2506],[-80.31663,37.34865],[-80.09018,37.49992],[-79.81792,37.79931],[-79.82029,37.91773],[-79.83612,37.98181],[-79.82118,38.09138],[-79.75082,38.35866],[-79.66855,38.55814],[-79.54,38.58683],[-79.11492,38.50533],[-78.97855,38.60834],[-78.84464,38.62273],[-78.80987,38.6499],[-78.80495,38.69763],[-78.8895,38.78007],[-78.98493,38.96089],[-79.01052,39.05612],[-79.01835,39.13799],[-78.97338,39.23373],[-78.86434,39.33092],[-78.67205,39.44813],[-78.56924,39.49536],[-78.57988,39.50529],[-78.56509,39.56301],[-78.54509,39.6],[-78.47437,39.62946],[-78.29819,39.6591],[-78.17764,39.69693],[-78.03767,39.7677],[-77.99727,39.80539],[-78.01016,39.8715],[-77.91625,40.04521],[-77.83361,40.0766],[-77.59573,40.13205],[-77.54793,40.11263],[-77.5159,40.03558],[-77.44522,39.96449],[-77.42824,39.93804],[-77.39076,39.91191],[-77.35457,39.87018],[-77.32286,39.7931],[-77.26817,39.78045],[-77.11061,39.87161],[-76.95701,39.92554],[-76.86169,39.98403],[-76.81782,39.98898],[-76.68104,39.90239],[-76.6306,39.88236],[-76.54625,39.88059],[-76.25359,39.95085],[-76.13708,40.00952],[-76.01253,40.12523],[-75.93179,40.16388],[-75.9114,40.19661],[-75.93621,40.22088],[-76.04975,40.252],[-76.5215,40.31794],[-76.55922,40.37225],[-76.52442,40.41875],[-76.40167,40.45488],[-76.29462,40.47342],[-76.24296,40.44883],[-76.17498,40.46167],[-76.0724,40.53703],[-75.87367,40.5922],[-75.7096,40.58462],[-75.53634,40.51893],[-75.45492,40.4456]]],[[[-76.10977,40.43837],[-76.14583,40.40979],[-76.15502,40.36292],[-76.11601,40.30803],[-75.9964,40.27253],[-75.88074,40.26378],[-75.86032,40.25514],[-75.76033,40.24997],[-75.6919,40.27163],[-75.70772,40.34787],[-75.74387,40.40747],[-75.79107,40.4664],[-75.8384,40.50539],[-75.89165,40.50945],[-75.9972,40.49362],[-76.10977,40.43837]]],[[[-76.79306,39.91823],[-76.85154,39.93232],[-76.8956,39.92072],[-76.9832,39.81925],[-77.1374,39.69931],[-77.39875,39.68649],[-77.51616,39.81943],[-77.58865,39.82672],[-77.75031,39.79572],[-77.81443,39.75358],[-77.81766,39.70207],[-77.7966,39.64282],[-77.73202,39.58883],[-77.7091,39.51726],[-77.71539,39.47422],[-77.70261,39.45369],[-77.66673,39.45492],[-77.62295,39.43019],[-77.6133,39.40032],[-77.53386,39.34995],[-77.38625,39.31163],[-77.21,39.30512],[-77.09986,39.35541],[-76.89454,39.47724],[-76.80688,39.50923],[-76.63227,39.59784],[-76.58274,39.64186],[-76.56347,39.69084],[-76.5752,39.76254],[-76.60472,39.80592],[-76.66973,39.85666],[-76.79306,39.91823]]],[[[-79.54962,37.05379],[-79.54826,37.02803],[-79.75893,36.7181],[-79.89348,36.63407],[-80.11082,36.59229],[-80.17199,36.53865],[-80.20716,36.3337],[-80.2873,36.2106],[-80.37996,36.17317],[-80.43081,36.19643],[-80.47582,36.19904],[-80.57604,36.23114],[-80.61399,36.30334],[-80.68334,36.33718],[-80.82856,36.36438],[-80.98615,36.34181],[-81.1144,36.33513],[-81.19271,36.31598],[-81.21797,36.29997],[-81.29378,36.14937],[-81.30091,36.13137],[-81.29428,36.08769],[-81.25191,36.03416],[-81.11426,36.05321],[-81.00688,36.08684],[-80.79781,36.03197],[-80.516,36.03599],[-80.24561,36.07833],[-80.1329,36.07311],[-80.02716,36.03673],[-79.94201,36.02455],[-79.81184,36.06537],[-79.69574,36.07983],[-79.58123,36.11264],[-79.44765,36.13756],[-79.11463,36.13556],[-78.97836,36.1428],[-78.95882,36.1483],[-78.87069,36.22278],[-78.66463,36.34705],[-78.58731,36.3751],[-78.53016,36.38225],[-78.36018,36.32462],[-78.22487,36.32242],[-78.05626,36.22141],[-77.98793,36.12269],[-77.83323,36.06812],[-77.79723,36.08359],[-77.75926,36.16841],[-77.80411,36.34459],[-77.75815,36.42812],[-77.71545,36.4667],[-77.6926,36.53267],[-77.7223,36.57753],[-77.81898,36.79181],[-77.92529,36.8391],[-78.02866,36.8515],[-78.13498,36.85227],[-78.19837,36.84222],[-78.30258,36.79055],[-78.51947,36.71228],[-78.59636,36.70813],[-78.62291,36.74416],[-78.62618,36.7926],[-78.61387,36.84264],[-78.61145,36.91418],[-78.63702,36.95727],[-78.70859,36.97293],[-78.76353,36.99724],[-78.7718,37.04641],[-78.73984,37.10656],[-78.69628,37.24062],[-78.88726,37.42861],[-78.88039,37.46844],[-78.65319,37.60561],[-78.6059,37.65539],[-78.58889,37.69591],[-78.61055,37.74767],[-78.73948,37.86942],[-78.79319,38.04438],[-78.81773,38.22572],[-78.84229,38.26705],[-78.92767,38.34427],[-79.02345,38.37987],[-79.07538,38.38746],[-79.27045,38.21138],[-79.4659,38.16302],[-79.58575,38.01823],[-79.72003,37.90626],[-79.77331,37.65053],[-79.87573,37.50725],[-79.89947,37.4309],[-79.82727,37.37125],[-79.79703,37.33201],[-79.76174,37.30777],[-79.6213,37.24516],[-79.55539,37.16275],[-79.54962,37.05379]]],[[[-88.96496,41.99931],[-89.12293,41.99344],[-89.36175,42.01523],[-89.57747,42.05839],[-89.65776,42.09373],[-89.66399,42.10335],[-89.5965,42.23728],[-89.4383,42.34425],[-89.29335,42.38481],[-89.16727,42.37745],[-89.03693,42.31083],[-88.91256,42.19401],[-88.88043,42.07438],[-88.90635,42.03205],[-88.96496,41.99931]]],[[[-73.23415,40.65571],[-73.24863,40.63873],[-73.34525,40.62906],[-73.38445,40.61475],[-73.56164,40.57993],[-73.55594,40.58892],[-73.49907,40.60936],[-73.47551,40.60717],[-73.26311,40.65985],[-73.23415,40.65571]]],[[[-72.86542,40.728],[-73.07163,40.6586],[-73.223,40.62557],[-73.30068,40.62104],[-73.29373,40.62999],[-73.20809,40.63664],[-73.0193,40.68209],[-72.78331,40.76484],[-72.7534,40.76919],[-72.7561,40.76199],[-72.86542,40.728]]],[[[-106.45953,42.02189],[-106.4544,41.87233],[-106.89364,41.79751],[-107.38103,41.7749],[-107.74709,41.68565],[-107.99426,41.70831],[-108.08057,41.70077],[-108.19816,41.61654],[-108.35385,41.538],[-108.5198,41.52294],[-108.72341,41.61962],[-108.81515,41.71732],[-108.90649,41.78319],[-109.00359,42.10528],[-108.97982,42.16877],[-108.557,42.32919],[-108.13317,42.35944],[-107.83025,42.36657],[-107.69096,42.35684],[-107.36435,42.14966],[-107.03737,42.11516],[-106.63133,42.10269],[-106.45953,42.02189]]],[[[-72.23798,41.15193],[-72.25108,41.14591],[-72.2623,41.12758],[-72.29344,41.11384],[-72.26426,41.13807],[-72.32805,41.13105],[-72.37832,41.08463],[-72.41958,41.0611],[-72.49072,40.99243],[-72.52976,40.97793],[-72.5673,40.93885],[-72.61948,40.92779],[-72.61725,40.90777],[-72.5453,40.91202],[-72.49199,40.89724],[-72.48594,40.88021],[-72.49379,40.87859],[-72.4874,40.87163],[-72.50295,40.84885],[-72.52265,40.85748],[-72.52193,40.84567],[-72.53159,40.84726],[-72.5275,40.8576],[-72.53941,40.86377],[-72.55435,40.84052],[-72.5669,40.8458],[-72.58737,40.82086],[-72.57845,40.81612],[-72.53923,40.82429],[-72.47807,40.84781],[-72.48651,40.8353],[-72.74014,40.76663],[-72.72629,40.77949],[-72.63942,40.79572],[-72.63352,40.80648],[-72.67747,40.80111],[-72.68633,40.8072],[-72.68665,40.79904],[-72.70247,40.79848],[-72.71819,40.81562],[-72.73336,40.80052],[-72.74789,40.80174],[-72.74362,40.78668],[-72.75916,40.79291],[-72.78076,40.78384],[-72.80205,40.78294],[-72.82829,40.79574],[-72.80872,40.76719],[-72.81257,40.76183],[-72.86971,40.74306],[-72.89111,40.77163],[-72.89578,40.76039],[-72.91881,40.76131],[-72.93033,40.74476],[-72.97006,40.75372],[-73.00779,40.75084],[-73.02598,40.73395],[-73.0901,40.72157],[-73.14651,40.74032],[-73.14559,40.73123],[-73.13194,40.72236],[-73.1416,40.70529],[-73.21472,40.71344],[-73.22349,40.72358],[-73.26387,40.69344],[-73.31924,40.68714],[-73.33235,40.67466],[-73.369,40.6653],[-73.5605,40.64388],[-73.56616,40.63625],[-73.58248,40.63786],[-73.58875,40.62979],[-73.60443,40.63229],[-73.63197,40.62182],[-73.64925,40.60937],[-73.65237,40.62892],[-73.67236,40.62875],[-73.67934,40.6166],[-73.68945,40.62355],[-73.70362,40.61423],[-73.68257,40.60894],[-73.68333,40.6026],[-73.72402,40.59773],[-73.70056,40.59151],[-73.57755,40.5956],[-73.57101,40.59142],[-73.58453,40.58391],[-73.69354,40.58188],[-73.7568,40.58916],[-73.62988,40.70603],[-73.50206,40.74683],[-73.05193,40.82743],[-72.90485,40.90272],[-72.74419,40.93607],[-72.66644,40.9788],[-72.58939,40.99383],[-72.51737,41.04073],[-72.46714,41.06088],[-72.44347,41.08665],[-72.39292,41.09905],[-72.34158,41.14228],[-72.27296,41.16145],[-72.26469,41.15534],[-72.2407,41.15926],[-72.23798,41.15193]]],[[[-72.16312,41.18586],[-72.1824,41.17865],[-72.19549,41.15992],[-72.20207,41.16282],[-72.2049,41.18059],[-72.1862,41.18874],[-72.16312,41.18586]]],[[[-89.49888,42.66144],[-89.55966,42.66179],[-89.63827,42.69919],[-89.69312,42.75867],[-89.71182,42.82239],[-89.6753,42.89695],[-89.50002,43.17336],[-89.41014,43.28681],[-89.05461,43.45306],[-88.66876,43.60011],[-88.595,43.53109],[-88.64107,43.45428],[-88.76748,43.40191],[-88.88904,43.33679],[-89.13351,43.1337],[-89.29032,42.97304],[-89.4079,42.83127],[-89.44095,42.72709],[-89.49888,42.66144]]],[[[-70.50706,41.35434],[-70.49925,41.35227],[-70.50921,41.3485],[-70.4835,41.34774],[-70.51391,41.34764],[-70.51314,41.36143],[-70.50706,41.35434]]],[[[-70.24612,41.30585],[-70.2398,41.29391],[-70.26116,41.29315],[-70.27764,41.30976],[-70.24612,41.30585]]],[[[-70.29997,41.32849],[-70.30198,41.32859],[-70.30304,41.3298],[-70.29997,41.32849]]],[[[-70.29658,41.32956],[-70.29482,41.32907],[-70.29731,41.32948],[-70.29658,41.32956]]],[[[-70.10131,41.28971],[-70.10038,41.24082],[-70.1558,41.25119],[-70.21552,41.27389],[-70.19127,41.27835],[-70.201,41.27448],[-70.19269,41.28746],[-70.2078,41.28915],[-70.19654,41.29483],[-70.10705,41.29628],[-70.10131,41.28971]]],[[[-70.29403,41.333],[-70.30981,41.3347],[-70.3055,41.32902],[-70.31397,41.33648],[-70.29403,41.333]]],[[[-70.45162,41.42016],[-70.44896,41.35161],[-70.47214,41.34776],[-70.46836,41.35527],[-70.50167,41.36933],[-70.49792,41.38204],[-70.50354,41.3766],[-70.50722,41.38657],[-70.49258,41.38282],[-70.46015,41.40117],[-70.47048,41.38673],[-70.4524,41.38182],[-70.45798,41.36596],[-70.45246,41.36157],[-70.45953,41.35928],[-70.45133,41.35379],[-70.44827,41.40449],[-70.45614,41.40831],[-70.44979,41.41371],[-70.46268,41.41885],[-70.47154,41.39854],[-70.47328,41.40673],[-70.46487,41.4186],[-70.45162,41.42016]]],[[[-71.24387,41.48766],[-71.24569,41.47193],[-71.24909,41.48404],[-71.26984,41.48748],[-71.2373,41.63256],[-71.22484,41.65194],[-71.21941,41.62742],[-71.23972,41.61702],[-71.24473,41.58889],[-71.23496,41.57616],[-71.23572,41.53621],[-71.22899,41.53166],[-71.24387,41.48766]]],[[[-70.36431,41.6233],[-70.37137,41.61484],[-70.37269,41.62472],[-70.36431,41.6233]]],[[[-70.31754,41.63003],[-70.3163,41.63158],[-70.31434,41.63154],[-70.31754,41.63003]]],[[[-70.24776,41.63097],[-70.24491,41.63247],[-70.24425,41.63152],[-70.24776,41.63097]]],[[[-70.19422,41.65215],[-70.1955,41.65339],[-70.19089,41.65563],[-70.19422,41.65215]]],[[[-69.96807,41.64387],[-69.98821,41.55471],[-69.99943,41.54368],[-70.01108,41.54427],[-70.01526,41.54931],[-69.99329,41.57509],[-69.99054,41.60612],[-69.98031,41.61197],[-69.97592,41.63738],[-69.96807,41.64387]]],[[[-70.29765,41.7213],[-70.29754,41.72124],[-70.29771,41.72129],[-70.29765,41.7213]]],[[[-70.2785,41.72641],[-70.30512,41.72101],[-70.31383,41.72782],[-70.36478,41.72715],[-70.36404,41.73667],[-70.2785,41.72641]]],[[[-69.96149,41.66963],[-69.96158,41.66952],[-69.96183,41.66999],[-69.96149,41.66963]]],[[[-69.99589,41.7179],[-69.99638,41.71893],[-69.99623,41.71955],[-69.99589,41.7179]]],[[[-69.95095,41.7156],[-69.96059,41.72028],[-69.9519,41.72381],[-69.95095,41.7156]]],[[[-69.98013,41.73686],[-69.9812,41.73687],[-69.98112,41.73728],[-69.98013,41.73686]]],[[[-69.94558,41.74931],[-69.94825,41.74575],[-69.95433,41.74997],[-69.94558,41.74931]]],[[[-69.94446,41.75414],[-69.94395,41.74932],[-69.95216,41.75334],[-69.94446,41.75414]]],[[[-69.94781,41.79495],[-69.94731,41.79625],[-69.94686,41.79538],[-69.94781,41.79495]]],[[[-69.9365,41.80763],[-69.93837,41.80807],[-69.93846,41.81254],[-69.9365,41.80763]]],[[[-70.6316,41.95104],[-70.63685,41.95456],[-70.65174,41.9791],[-70.6316,41.95104]]],[[[-70.01135,41.89755],[-70.00337,41.89026],[-70.02427,41.89661],[-70.01135,41.89755]]],[[[-70.00079,41.89758],[-70.00174,41.89927],[-70.00021,41.89883],[-70.00079,41.89758]]],[[[-70.66872,42.05173],[-70.67053,42.05268],[-70.66777,42.0522],[-70.66872,42.05173]]],[[[-70.65598,42.06074],[-70.65643,42.06176],[-70.65595,42.06114],[-70.65598,42.06074]]],[[[-70.64809,42.06479],[-70.63972,42.04495],[-70.59886,42.00344],[-70.61335,42.00751],[-70.63765,41.9946],[-70.612,42.01094],[-70.61518,42.01941],[-70.65125,42.05344],[-70.653,42.06488],[-70.6802,42.05702],[-70.67156,42.05865],[-70.67133,42.05187],[-70.65421,42.04411],[-70.67173,42.04618],[-70.67003,42.02999],[-70.67861,42.01985],[-70.66821,42.01072],[-70.67876,42.00521],[-70.68637,42.0185],[-70.69606,42.01612],[-70.71186,42.00724],[-70.7105,41.99277],[-70.71753,41.99462],[-70.71047,41.99166],[-70.70416,41.99946],[-70.6987,41.98676],[-70.67926,41.97773],[-70.66124,41.95646],[-70.63837,41.94893],[-70.88959,41.76415],[-70.95123,41.67747],[-70.97943,41.53929],[-71.00118,41.5482],[-71.00418,41.5652],[-71.0062,41.5446],[-70.99949,41.53945],[-70.98863,41.54437],[-70.98159,41.52866],[-70.98556,41.50916],[-71.00629,41.51162],[-70.99889,41.51763],[-71.02057,41.50872],[-71.0384,41.49585],[-71.03812,41.48181],[-71.04334,41.49959],[-71.07911,41.50933],[-71.04508,41.51395],[-71.05467,41.5512],[-71.06993,41.56305],[-71.06423,41.59163],[-71.06909,41.59937],[-71.07849,41.56853],[-71.06636,41.54534],[-71.07018,41.52175],[-71.08734,41.52408],[-71.09158,41.53408],[-71.11605,41.5455],[-71.09472,41.50438],[-71.13665,41.49405],[-71.14214,41.48197],[-71.16889,41.47049],[-71.17166,41.46117],[-71.19918,41.4555],[-71.19182,41.47529],[-71.20825,41.50302],[-71.20148,41.51117],[-71.21059,41.5289],[-71.20626,41.53887],[-71.21851,41.54616],[-71.22151,41.5607],[-71.20923,41.56294],[-71.21406,41.58292],[-71.20479,41.59879],[-71.21327,41.62559],[-71.20573,41.66461],[-71.1983,41.67963],[-71.13965,41.72942],[-71.13275,41.75437],[-71.10616,41.77745],[-71.10545,41.7947],[-71.11163,41.79109],[-71.11774,41.79928],[-71.11763,41.8188],[-71.12945,41.79704],[-71.12463,41.77886],[-71.14452,41.73851],[-71.17171,41.71362],[-71.19696,41.7046],[-71.2006,41.71596],[-71.21615,41.70767],[-71.19202,41.79314],[-71.10005,41.93876],[-70.97194,42.06055],[-70.74703,42.10199],[-70.6494,42.08401],[-70.64809,42.06479]]],[[[-70.64255,42.07893],[-70.64577,42.08334],[-70.63953,42.08219],[-70.64255,42.07893]]],[[[-70.00553,41.97874],[-69.9686,41.91171],[-69.94017,41.824],[-69.94265,41.81384],[-69.95189,41.83777],[-69.94746,41.84258],[-69.97266,41.83626],[-69.96283,41.81605],[-69.98556,41.78853],[-69.95751,41.80425],[-69.94879,41.79259],[-69.93441,41.79946],[-69.92826,41.69171],[-69.94897,41.64697],[-69.93409,41.67217],[-69.93149,41.73837],[-69.94585,41.77219],[-69.93717,41.77569],[-69.94989,41.77546],[-69.95778,41.76429],[-69.9707,41.77815],[-69.96532,41.78325],[-69.97335,41.77067],[-69.96765,41.76355],[-69.9841,41.76078],[-69.96402,41.76028],[-69.97145,41.75527],[-69.96941,41.73855],[-69.98931,41.73546],[-69.99845,41.71999],[-69.99338,41.71159],[-69.97895,41.71713],[-69.98507,41.70784],[-69.97936,41.70435],[-69.95171,41.70474],[-69.94675,41.6788],[-69.9614,41.65537],[-69.96809,41.65817],[-69.95453,41.67693],[-69.97901,41.6651],[-69.98901,41.6698],[-69.96525,41.68223],[-69.98999,41.67135],[-69.98407,41.65836],[-70.01153,41.67216],[-70.05973,41.66908],[-70.06515,41.66253],[-70.0893,41.66757],[-70.08942,41.66194],[-70.11467,41.65729],[-70.11114,41.66358],[-70.13816,41.65084],[-70.19532,41.64764],[-70.17394,41.65254],[-70.18913,41.65634],[-70.17769,41.66855],[-70.15886,41.67022],[-70.16634,41.67221],[-70.16023,41.68861],[-70.16946,41.6925],[-70.16023,41.68457],[-70.2014,41.64367],[-70.22041,41.63709],[-70.22051,41.64513],[-70.23148,41.63796],[-70.22111,41.63617],[-70.24715,41.62782],[-70.26271,41.61004],[-70.26809,41.62664],[-70.25947,41.62079],[-70.25707,41.62914],[-70.23993,41.63443],[-70.26005,41.65578],[-70.2582,41.64583],[-70.2793,41.65004],[-70.27394,41.63251],[-70.29062,41.6352],[-70.31712,41.62567],[-70.32178,41.63099],[-70.3098,41.62836],[-70.3137,41.63509],[-70.32303,41.63056],[-70.34176,41.63657],[-70.36492,41.62473],[-70.34465,41.63758],[-70.35706,41.63451],[-70.36241,41.6455],[-70.35825,41.63471],[-70.37257,41.62626],[-70.36486,41.72609],[-70.35496,41.72808],[-70.35221,41.71734],[-70.36011,41.71724],[-70.33799,41.71219],[-70.34036,41.70682],[-70.29942,41.70504],[-70.26888,41.71315],[-70.26236,41.7074],[-70.25357,41.71745],[-70.24963,41.71364],[-70.24905,41.72159],[-70.21991,41.72485],[-70.24015,41.72855],[-70.21711,41.74256],[-70.15982,41.7561],[-70.15495,41.74877],[-70.14254,41.75865],[-70.12412,41.75618],[-70.01994,41.78601],[-70.01172,41.79881],[-70.00024,41.79973],[-70.00908,41.80099],[-69.99433,41.81833],[-70.00405,41.81728],[-70.00901,41.87663],[-69.99455,41.88921],[-70.00331,41.89284],[-69.9974,41.89916],[-70.00464,41.90516],[-69.98875,41.91342],[-70.02006,41.90761],[-70.03265,41.92175],[-70.02273,41.91939],[-70.0241,41.93288],[-70.05982,41.92578],[-70.0684,41.93058],[-70.06996,41.92374],[-70.06012,41.92234],[-70.07084,41.89902],[-70.06665,41.87784],[-70.07951,41.99081],[-70.05109,41.98884],[-70.01952,41.99832],[-70.00553,41.97874]]],[[[-87.42493,44.88473],[-87.44166,44.88544],[-87.44646,44.87593],[-87.42267,44.87465],[-87.39316,44.82946],[-87.31914,44.78993],[-87.34588,44.7178],[-87.39602,44.63946],[-87.7336,44.62679],[-87.91609,44.55407],[-87.90314,44.57505],[-87.91722,44.57613],[-87.86951,44.61388],[-87.81314,44.63599],[-87.76542,44.64496],[-87.72506,44.69097],[-87.72348,44.72654],[-87.61435,44.83731],[-87.58175,44.85191],[-87.55735,44.84974],[-87.56959,44.82664],[-87.56174,44.83154],[-87.56201,44.82196],[-87.5489,44.82999],[-87.53722,44.85538],[-87.52198,44.84831],[-87.51148,44.855],[-87.51819,44.86788],[-87.49155,44.85379],[-87.44474,44.89005],[-87.42493,44.88473]]],[[[-87.49335,45.05333],[-87.49772,45.05842],[-87.48869,45.05783],[-87.49335,45.05333]]],[[[-87.57031,45.07181],[-87.57602,45.07555],[-87.56955,45.07591],[-87.57031,45.07181]]],[[[-87.34636,45.06567],[-87.35141,45.0694],[-87.34235,45.06971],[-87.34636,45.06567]]],[[[-87.0942,45.05454],[-87.10014,45.06371],[-87.08386,45.06122],[-87.0942,45.05454]]],[[[-87.13294,45.03651],[-87.14146,45.01428],[-87.16437,45.00509],[-87.19077,44.96948],[-87.19214,44.94804],[-87.17602,44.9295],[-87.21879,44.90375],[-87.20959,44.87118],[-87.27296,44.84395],[-87.28689,44.81177],[-87.31515,44.79398],[-87.35154,44.82286],[-87.38664,44.83209],[-87.39009,44.88647],[-87.41212,44.90324],[-87.41125,44.91054],[-87.36426,44.99015],[-87.32596,45.03749],[-87.30736,45.05317],[-87.2895,45.04648],[-87.28267,45.07742],[-87.26607,45.08899],[-87.12481,45.06749],[-87.13294,45.03651]]],[[[-87.3402,45.19712],[-87.33894,45.1597],[-87.37967,45.17673],[-87.38035,45.19639],[-87.36912,45.20352],[-87.35895,45.19788],[-87.34104,45.2113],[-87.3402,45.19712]]],[[[-118.79087,42.90217],[-118.65284,42.70001],[-118.56646,42.46699],[-118.55372,42.37478],[-118.47034,42.29873],[-118.29616,42.18045],[-118.15704,42.02602],[-118.13573,41.87038],[-118.08019,41.66207],[-118.12949,41.34914],[-118.19817,41.15484],[-118.33365,40.96677],[-118.49833,40.84612],[-118.82675,40.37401],[-118.88265,40.21123],[-118.858,40.12607],[-118.57018,40.06227],[-118.29311,40.06917],[-117.81877,40.0544],[-117.71114,39.9816],[-117.56743,39.72549],[-117.51129,39.58441],[-117.38722,39.48035],[-117.08454,39.30656],[-116.52006,39.22161],[-116.20375,39.14879],[-115.95517,39.10433],[-115.81898,38.99119],[-115.46301,38.78805],[-115.45816,38.67371],[-115.49953,38.56199],[-115.44334,38.42584],[-115.31068,38.34194],[-115.0043,38.31336],[-114.76173,38.16272],[-114.5375,37.83077],[-114.38901,37.2973],[-114.47445,36.80878],[-114.49724,36.3134],[-114.15162,35.85679],[-113.77612,35.65815],[-113.72252,35.58452],[-113.52805,35.55801],[-113.4632,35.57111],[-113.20536,35.73332],[-113.11728,35.76234],[-113.046,35.77218],[-112.96597,35.74122],[-112.84834,35.63145],[-112.78715,35.58943],[-112.70281,35.55273],[-112.48703,35.5534],[-112.29607,35.59152],[-112.18073,35.63833],[-112.03164,35.78173],[-111.89891,36.00815],[-111.78529,36.12304],[-111.63949,36.18321],[-111.51469,36.19037],[-111.44035,36.13261],[-111.38898,36.03017],[-111.27079,35.96099],[-111.22878,35.92737],[-111.0048,35.80968],[-110.8151,35.66623],[-110.65288,35.47606],[-110.49059,35.21878],[-110.39081,34.93366],[-110.31257,34.14526],[-110.26271,34.02607],[-110.44858,33.70633],[-110.46809,33.51372],[-110.40181,33.4042],[-110.27154,33.29508],[-110.12638,33.20291],[-109.97481,33.15115],[-109.7396,33.1737],[-109.49138,33.17314],[-109.23215,33.09628],[-109.09368,32.96793],[-109.06253,32.76867],[-108.85945,32.37285],[-108.85121,32.27798],[-108.82013,32.17374],[-108.83795,32.10094],[-108.88571,32.0055],[-108.87942,31.92199],[-108.88499,31.79773],[-108.84457,31.42043],[-108.851,31.33284],[-109.05714,31.33193],[-109.077,31.50296],[-109.09298,31.77227],[-109.06083,31.9141],[-109.02687,32.01468],[-108.92045,32.1635],[-108.92824,32.27295],[-109.00269,32.37213],[-109.13259,32.44819],[-109.20975,32.45407],[-109.33552,32.445],[-109.39152,32.45862],[-109.75787,32.63139],[-109.98854,32.66369],[-110.1323,32.70068],[-110.26704,32.72402],[-110.43067,32.73546],[-110.57112,32.79872],[-110.65069,32.81695],[-110.74404,32.78404],[-110.87712,32.66217],[-110.89472,32.59654],[-110.89853,32.50634],[-110.95389,32.41804],[-111.02848,32.32646],[-111.25298,32.18531],[-111.32739,32.11182],[-111.3838,32.01855],[-111.39669,31.95587],[-111.44815,31.89648],[-111.51164,31.86291],[-111.58114,31.86215],[-111.68436,31.88212],[-111.77485,31.88687],[-111.87701,31.84788],[-111.94221,31.77169],[-111.95545,31.61183],[-112.23389,31.69935],[-112.15363,31.78492],[-111.94346,32.04093],[-111.59462,32.3235],[-111.45625,32.50153],[-111.26635,32.68044],[-111.22967,32.79352],[-111.29372,32.92336],[-111.41547,33.03891],[-111.58467,33.29026],[-111.64836,33.33549],[-111.71976,33.48132],[-111.77218,33.55793],[-111.82543,33.61536],[-112.13159,33.84322],[-112.28746,33.98893],[-112.68905,34.25544],[-112.90268,34.44174],[-113.18087,34.57619],[-113.45529,34.66867],[-113.85778,34.7218],[-113.89205,34.71629],[-113.92351,34.65244],[-113.87149,34.41899],[-113.64377,34.20083],[-113.34081,33.98273],[-113.22312,33.82666],[-113.34968,33.63263],[-113.34866,33.35744],[-113.3678,33.09654],[-113.18267,32.62914],[-113.25544,32.01583],[-114.81341,32.4947],[-114.81543,32.50559],[-114.80248,32.50865],[-114.81276,32.52252],[-114.80332,32.54782],[-114.78946,32.55591],[-114.79467,32.56489],[-114.81298,32.55943],[-114.80052,32.59209],[-114.809,32.61649],[-114.78254,32.62261],[-114.75631,32.6515],[-114.71921,32.71805],[-114.93339,32.70328],[-114.93722,32.8361],[-114.85627,33.16711],[-114.78964,33.39804],[-114.72778,33.71826],[-114.66935,33.89477],[-114.58674,34.03104],[-114.63572,34.20887],[-114.7469,34.41627],[-114.87326,34.73906],[-114.90982,35.11977],[-114.99045,35.20311],[-115.36893,35.45444],[-115.53177,35.59024],[-115.7005,35.80338],[-115.80844,36.06894],[-115.80718,36.29251],[-115.70993,36.44158],[-115.587,36.5525],[-115.3019,36.77414],[-115.2715,36.83333],[-115.26889,36.88197],[-115.28982,36.93282],[-115.36803,36.96834],[-115.57119,37.03323],[-116.02386,37.52813],[-116.37978,37.96721],[-116.44721,38.2288],[-116.61155,38.40789],[-116.85187,38.47493],[-117.05817,38.56164],[-117.3039,39.04458],[-117.50407,39.28619],[-117.6764,39.75001],[-117.79075,39.98481],[-118.02478,39.95811],[-118.16647,39.86011],[-118.76415,39.57449],[-119.16561,39.84086],[-119.50396,39.84824],[-119.69498,39.74325],[-119.80623,39.71563],[-120.08201,39.72276],[-120.1181,39.77863],[-120.11846,39.88721],[-120.1657,40.00799],[-120.16574,40.07662],[-120.12843,40.40361],[-120.20602,40.68229],[-120.30574,40.80949],[-120.54441,40.98645],[-120.71167,41.03268],[-120.78714,41.0957],[-120.79297,41.26013],[-120.24874,41.42366],[-120.43828,41.66821],[-121.16978,42.30661],[-121.43823,42.27255],[-121.68469,42.13723],[-121.94013,42.01711],[-122.29581,41.89011],[-122.68724,41.81494],[-122.93602,41.74426],[-123.06286,41.67716],[-123.06471,41.51179],[-123.40205,41.16089],[-123.53503,40.90033],[-124.02004,40.85989],[-124.1317,40.94928],[-124.11577,41.02888],[-124.13748,41.05308],[-124.15568,41.05151],[-124.15201,41.06072],[-124.16171,41.069],[-124.15739,41.08688],[-124.16678,41.09971],[-124.16201,41.11987],[-124.16804,41.12782],[-124.16567,41.13836],[-124.14303,41.14691],[-124.11257,41.22297],[-124.07288,41.38763],[-123.83554,41.46549],[-123.55929,41.76799],[-123.38172,41.99893],[-123.07519,42.19593],[-122.93296,42.19313],[-122.18204,42.23574],[-122.04435,42.26929],[-121.96174,42.30557],[-121.85321,42.39025],[-121.7421,42.60455],[-121.51414,43.15156],[-121.32751,43.35809],[-120.60683,43.56301],[-120.18619,43.61315],[-119.77972,43.5952],[-119.36279,43.3926],[-119.07691,43.1804],[-118.79087,42.90217]]],[[[-124.31437,43.29703],[-124.31803,43.29552],[-124.3174,43.30676],[-124.31437,43.29703]]],[[[-124.32669,43.34929],[-124.32125,43.34217],[-124.33438,43.31765],[-124.32263,43.32164],[-124.32394,43.29308],[-124.38141,43.26937],[-124.40057,43.30751],[-124.37462,43.33878],[-124.34134,43.35206],[-124.32669,43.34929]]],[[[-102.10061,46.30736],[-102.2771,46.27879],[-102.39557,46.30108],[-102.50139,46.3563],[-102.50741,46.42646],[-102.46727,46.50397],[-102.35563,46.56812],[-102.24492,46.55086],[-102.12476,46.51222],[-102.05529,46.42281],[-102.10061,46.30736]]],[[[-90.45859,46.88791],[-90.46712,46.88143],[-90.4691,46.89114],[-90.45341,46.89712],[-90.45859,46.88791]]],[[[-68.24013,44.14602],[-68.2459,44.1424],[-68.25145,44.15838],[-68.23868,44.16105],[-68.24013,44.14602]]],[[[-68.33671,44.17159],[-68.34456,44.18713],[-68.33212,44.18342],[-68.33671,44.17159]]],[[[-68.34919,44.19854],[-68.34919,44.19789],[-68.3496,44.19884],[-68.34919,44.19854]]],[[[-68.2392,44.17153],[-68.24866,44.17978],[-68.23847,44.17927],[-68.2392,44.17153]]],[[[-90.52581,46.94158],[-90.55993,46.95801],[-90.52483,46.96362],[-90.51205,46.95408],[-90.52581,46.94158]]],[[[-68.31988,44.19748],[-68.33443,44.20804],[-68.31026,44.20199],[-68.31988,44.19748]]],[[[-90.6123,46.98911],[-90.63246,47.00133],[-90.61455,47.00424],[-90.60644,46.9965],[-90.6123,46.98911]]],[[[-68.25938,44.24957],[-68.24799,44.24176],[-68.27105,44.23232],[-68.27467,44.25148],[-68.26122,44.25596],[-68.25938,44.24957]]],[[[-68.19317,44.23734],[-68.20459,44.24288],[-68.1918,44.24508],[-68.19317,44.23734]]],[[[-90.6488,47.02278],[-90.65822,47.02913],[-90.65173,47.03837],[-90.64369,47.03522],[-90.6488,47.02278]]],[[[-90.55856,46.9955],[-90.56921,46.99633],[-90.58172,47.02883],[-90.5719,47.03855],[-90.5717,47.02661],[-90.55147,47.00932],[-90.55856,46.9955]]],[[[-68.22602,44.26579],[-68.21015,44.25841],[-68.24022,44.25174],[-68.24007,44.2645],[-68.22602,44.26579]]],[[[-90.66312,47.04332],[-90.67831,47.03676],[-90.68064,47.0274],[-90.69733,47.03698],[-90.65663,47.05256],[-90.66312,47.04332]]],[[[-68.44977,44.29699],[-68.45612,44.30111],[-68.45344,44.3166],[-68.44582,44.31156],[-68.44977,44.29699]]],[[[-68.24443,44.27456],[-68.25534,44.26915],[-68.26997,44.27333],[-68.24443,44.27456]]],[[[-90.73129,47.05971],[-90.73729,47.06012],[-90.73825,47.07572],[-90.73129,47.05971]]],[[[-90.5955,47.05811],[-90.59898,47.06727],[-90.59441,47.07235],[-90.5955,47.05811]]],[[[-90.40005,47.07284],[-90.41455,47.01444],[-90.47332,46.98603],[-90.46239,47.01135],[-90.45776,47.05914],[-90.4267,47.0745],[-90.40005,47.07284]]],[[[-68.54707,44.35342],[-68.56388,44.36204],[-68.55524,44.37441],[-68.54707,44.35342]]],[[[-68.7411,44.41548],[-68.70982,44.40128],[-68.70979,44.40858],[-68.6819,44.3881],[-68.7612,44.4023],[-68.75003,44.4196],[-68.7411,44.41548]]],[[[-68.87025,44.42935],[-68.88432,44.43347],[-68.88879,44.44395],[-68.88109,44.4558],[-68.87085,44.45534],[-68.86575,44.44393],[-68.87025,44.42935]]],[[[-68.47639,44.32262],[-68.48922,44.31446],[-68.52958,44.33925],[-68.50977,44.38656],[-68.50085,44.38334],[-68.48513,44.34909],[-68.48843,44.33406],[-68.47639,44.32262]]],[[[-68.43021,44.34522],[-68.42907,44.32926],[-68.44062,44.32293],[-68.45318,44.34897],[-68.42036,44.37709],[-68.41926,44.35566],[-68.43021,44.34522]]],[[[-68.38559,44.40429],[-68.38999,44.41297],[-68.383,44.40793],[-68.38559,44.40429]]],[[[-68.09337,44.3543],[-68.10282,44.36439],[-68.09706,44.36481],[-68.09337,44.3543]]],[[[-68.12944,44.38144],[-68.13779,44.3783],[-68.14792,44.38657],[-68.1317,44.40516],[-68.12292,44.39188],[-68.12944,44.38144]]],[[[-68.24022,44.42224],[-68.24607,44.41452],[-68.19838,44.39053],[-68.18138,44.36854],[-68.17229,44.32837],[-68.1825,44.32889],[-68.18721,44.30932],[-68.19546,44.31392],[-68.2238,44.29267],[-68.28132,44.28661],[-68.29777,44.30128],[-68.30421,44.35739],[-68.32587,44.3648],[-68.3091,44.31639],[-68.30994,44.2977],[-68.32149,44.29047],[-68.31205,44.27812],[-68.32031,44.28135],[-68.32484,44.27499],[-68.2981,44.26938],[-68.28616,44.25063],[-68.3132,44.22661],[-68.33558,44.22172],[-68.34934,44.24913],[-68.35912,44.22776],[-68.3661,44.23052],[-68.36341,44.24646],[-68.37929,44.2552],[-68.38702,44.24703],[-68.3907,44.263],[-68.40326,44.25511],[-68.4142,44.27587],[-68.40646,44.28541],[-68.4275,44.28777],[-68.4305,44.31012],[-68.4093,44.32507],[-68.40468,44.34237],[-68.41551,44.34561],[-68.40135,44.3574],[-68.39478,44.37744],[-68.37361,44.386],[-68.37353,44.39375],[-68.35046,44.39911],[-68.36495,44.42334],[-68.34762,44.42919],[-68.34704,44.4228],[-68.33679,44.42412],[-68.31868,44.44363],[-68.29128,44.433],[-68.25413,44.43691],[-68.24022,44.42224]]],[[[-68.12081,44.406],[-68.13216,44.41884],[-68.12001,44.41831],[-68.12081,44.406]]],[[[-68.77276,44.50856],[-68.77917,44.50583],[-68.79575,44.53185],[-68.78795,44.56558],[-68.77707,44.56055],[-68.76052,44.52906],[-68.77276,44.50856]]],[[[-68.13204,44.42796],[-68.14032,44.43075],[-68.1324,44.4503],[-68.12224,44.44431],[-68.13204,44.42796]]],[[[-66.98791,44.90975],[-66.98756,44.90016],[-66.99734,44.8962],[-67.02235,44.90022],[-67.02394,44.91211],[-67.04861,44.928],[-67.04815,44.94397],[-67.03831,44.94976],[-67.01678,44.9362],[-67.01392,44.92383],[-66.98791,44.90975]]],[[[-116.32511,47.108],[-116.33088,47.09736],[-116.34165,47.09748],[-116.64918,47.28168],[-116.72314,47.35929],[-116.73537,47.42486],[-116.68477,47.44789],[-116.60484,47.46307],[-116.49133,47.47099],[-116.41997,47.39836],[-116.39052,47.34765],[-116.35766,47.22542],[-116.35397,47.17119],[-116.32511,47.108]]],[[[-67.8068,45.68069],[-67.76839,45.67806],[-67.75491,45.66696],[-67.74635,45.67146],[-67.72565,45.66349],[-67.72166,45.66802],[-67.73697,45.68508],[-67.72779,45.6882],[-67.70903,45.68071],[-67.67358,45.62778],[-67.64843,45.61564],[-67.64104,45.62654],[-67.61018,45.60793],[-67.56483,45.59649],[-67.50318,45.58805],[-67.49264,45.59342],[-67.49374,45.60258],[-67.4482,45.60114],[-67.42545,45.57254],[-67.42412,45.546],[-67.43742,45.53382],[-67.41861,45.50388],[-67.4516,45.51112],[-67.44988,45.50104],[-67.46665,45.50672],[-67.46948,45.49669],[-67.50481,45.48658],[-67.48457,45.46213],[-67.47691,45.4273],[-67.46016,45.42162],[-67.42158,45.37822],[-67.43351,45.36739],[-67.42722,45.3591],[-67.43213,45.34316],[-67.45717,45.32609],[-67.45347,45.31782],[-67.4609,45.30465],[-67.48988,45.28396],[-67.46551,45.24485],[-67.45394,45.24106],[-67.43385,45.21434],[-67.4396,45.18974],[-67.41606,45.17256],[-67.40934,45.15558],[-67.38108,45.14748],[-67.34549,45.12239],[-67.29513,45.14551],[-67.28255,45.18235],[-67.2332,45.16435],[-67.15982,45.15149],[-67.13893,45.11147],[-67.11191,45.08415],[-67.10973,45.06996],[-67.12178,45.0546],[-67.10208,45.04336],[-67.1069,45.03247],[-67.09392,45.03502],[-67.07692,45.02017],[-67.04512,44.95944],[-67.0581,44.95644],[-67.06004,44.9341],[-67.0815,44.92756],[-67.0779,44.91791],[-67.09957,44.92644],[-67.09483,44.93459],[-67.10588,44.95438],[-67.11772,44.94587],[-67.14144,44.95077],[-67.11671,44.93582],[-67.11572,44.9253],[-67.15459,44.94136],[-67.16568,44.93694],[-67.11372,44.90473],[-67.11714,44.89747],[-67.12794,44.9031],[-67.1342,44.8863],[-67.15684,44.90624],[-67.21191,44.91931],[-67.21347,44.90929],[-67.19111,44.90214],[-67.20048,44.88857],[-67.16472,44.87759],[-67.15296,44.86008],[-67.15995,44.81636],[-67.13943,44.8138],[-67.14097,44.87452],[-67.12554,44.8734],[-67.11729,44.84589],[-67.09202,44.85193],[-67.1135,44.86638],[-67.10949,44.8718],[-67.09038,44.86423],[-67.10406,44.88177],[-67.10303,44.89499],[-67.09116,44.88204],[-67.07833,44.88049],[-67.07317,44.85805],[-67.06021,44.86106],[-67.06961,44.82513],[-67.05133,44.83399],[-67.03471,44.85201],[-67.06174,44.89714],[-67.05571,44.90527],[-67.01281,44.87451],[-67.01472,44.85354],[-66.99966,44.86199],[-66.98815,44.85863],[-66.99578,44.84048],[-66.98811,44.81709],[-66.9609,44.82306],[-66.954,44.81703],[-66.96062,44.81119],[-66.98977,44.80479],[-67.0248,44.77291],[-67.04951,44.76368],[-67.05491,44.777],[-67.0711,44.77312],[-67.06811,44.76487],[-67.0857,44.7569],[-67.07807,44.75406],[-67.07835,44.74448],[-67.11611,44.74418],[-67.60867,45.16983],[-67.80143,45.14586],[-67.9627,45.01419],[-68.03688,44.75725],[-68.07085,44.60866],[-68.04375,44.33845],[-68.06233,44.33448],[-68.06026,44.34541],[-68.07301,44.34778],[-68.07065,44.38013],[-68.08134,44.39342],[-68.09099,44.38893],[-68.08801,44.3725],[-68.10127,44.38444],[-68.11768,44.44975],[-68.11105,44.4684],[-68.09693,44.47059],[-68.1262,44.48446],[-68.13715,44.47997],[-68.14284,44.48457],[-68.13256,44.4877],[-68.13506,44.49227],[-68.16052,44.50474],[-68.16397,44.48516],[-68.15767,44.47691],[-68.18718,44.47162],[-68.18069,44.47843],[-68.19585,44.4963],[-68.19823,44.51227],[-68.18664,44.51676],[-68.24593,44.54174],[-68.25411,44.55501],[-68.25009,44.57095],[-68.23145,44.57632],[-68.19881,44.5702],[-68.21917,44.58446],[-68.2622,44.5774],[-68.27453,44.56379],[-68.28927,44.56387],[-68.27733,44.54191],[-68.21226,44.51646],[-68.21633,44.49733],[-68.22531,44.49556],[-68.22437,44.46592],[-68.258,44.49301],[-68.2649,44.50627],[-68.25652,44.51079],[-68.26092,44.51902],[-68.28914,44.51552],[-68.30559,44.53568],[-68.32031,44.53621],[-68.32173,44.52299],[-68.30649,44.51014],[-68.31744,44.50427],[-68.28413,44.5041],[-68.27333,44.49629],[-68.26462,44.47298],[-68.29086,44.47267],[-68.2654,44.45931],[-68.29173,44.45124],[-68.32362,44.4628],[-68.32564,44.45187],[-68.33652,44.45193],[-68.34666,44.46155],[-68.35017,44.49577],[-68.35935,44.47347],[-68.35255,44.44882],[-68.37384,44.43022],[-68.38978,44.43622],[-68.39057,44.41936],[-68.41312,44.40077],[-68.43163,44.40404],[-68.42314,44.50067],[-68.43205,44.50663],[-68.43864,44.48477],[-68.46737,44.49538],[-68.49554,44.49549],[-68.46873,44.48535],[-68.4587,44.45795],[-68.46844,44.43975],[-68.45649,44.41508],[-68.4618,44.39003],[-68.45671,44.38727],[-68.46571,44.38093],[-68.47656,44.38188],[-68.4816,44.39284],[-68.47254,44.40694],[-68.4781,44.43204],[-68.47094,44.44797],[-68.48175,44.45667],[-68.4987,44.41433],[-68.52363,44.41625],[-68.52758,44.4003],[-68.58186,44.41234],[-68.56468,44.39815],[-68.56157,44.38492],[-68.57106,44.3668],[-68.66331,44.38477],[-68.69318,44.40352],[-68.69952,44.4163],[-68.71996,44.42273],[-68.71922,44.44553],[-68.70063,44.45369],[-68.7236,44.46971],[-68.7345,44.46562],[-68.72687,44.45375],[-68.73205,44.43917],[-68.76727,44.42738],[-68.77374,44.40597],[-68.8176,44.41236],[-68.81332,44.4311],[-68.80244,44.43245],[-68.79407,44.45114],[-68.78191,44.4502],[-68.78571,44.46389],[-68.77408,44.49716],[-68.75802,44.51081],[-68.73801,44.55273],[-68.74438,44.56004],[-68.75853,44.54821],[-68.76936,44.56829],[-68.80458,44.57792],[-68.8231,44.60623],[-68.8417,44.61081],[-68.84681,44.62039],[-68.81584,44.68376],[-68.85189,44.64093],[-68.8603,44.61083],[-68.85966,44.60444],[-68.83723,44.60031],[-68.80333,44.56698],[-68.80673,44.49994],[-68.83558,44.4854],[-68.82409,44.4717],[-68.80745,44.4694],[-68.84077,44.45257],[-68.85806,44.44848],[-68.84583,44.48313],[-68.87467,44.46537],[-68.89131,44.4663],[-68.89453,44.45171],[-68.91692,44.45264],[-68.94127,44.4294],[-68.99052,44.43032],[-68.98354,44.41169],[-69.11311,44.40199],[-69.56332,44.29232],[-69.99915,44.11759],[-70.23646,43.87352],[-70.39609,43.64668],[-70.38799,43.55112],[-70.35617,43.53175],[-70.38274,43.49973],[-70.38207,43.46696],[-70.35711,43.44856],[-70.36975,43.45025],[-70.36699,43.43799],[-70.34392,43.45143],[-70.33123,43.44746],[-70.36691,43.4339],[-70.38668,43.41412],[-70.38156,43.41008],[-70.39343,43.40495],[-70.39077,43.39815],[-70.42526,43.39004],[-70.42248,43.37733],[-70.4319,43.37632],[-70.43046,43.36723],[-70.4392,43.36395],[-70.43467,43.35808],[-70.45948,43.34007],[-70.47977,43.34666],[-70.52122,43.34164],[-70.55785,43.31891],[-70.56967,43.2851],[-70.59583,43.24656],[-70.57508,43.21952],[-70.59231,43.20339],[-70.58774,43.19571],[-70.60271,43.19097],[-70.60735,43.17499],[-70.59156,43.17109],[-70.59206,43.16517],[-70.61717,43.16486],[-70.62524,43.13428],[-70.64787,43.13582],[-70.65015,43.12624],[-70.63451,43.12826],[-70.63432,43.12007],[-70.64438,43.12085],[-70.63922,43.115],[-70.66028,43.10337],[-70.65985,43.08563],[-70.67387,43.06908],[-70.69516,43.06744],[-70.69492,43.08336],[-70.71552,43.07946],[-70.71455,43.09084],[-70.7083,43.09138],[-70.7261,43.1007],[-70.734,43.1156],[-70.73562,43.10512],[-70.72128,43.08347],[-70.73242,43.07787],[-70.82917,43.13221],[-70.83493,43.12042],[-70.85112,43.13415],[-70.87316,43.12607],[-70.88631,43.13022],[-70.87198,43.11787],[-70.86845,43.09238],[-70.88347,43.09655],[-70.88608,43.08473],[-70.9226,43.06762],[-70.91779,43.04395],[-70.91017,43.05483],[-70.88755,43.06018],[-70.83808,43.05267],[-70.84232,43.06815],[-70.85923,43.07187],[-70.86415,43.0819],[-70.85193,43.11504],[-70.81804,43.11442],[-70.74632,43.074],[-70.75208,43.06312],[-70.74211,43.05715],[-70.76226,43.04908],[-70.73401,43.05301],[-70.71404,43.0447],[-70.73761,43.01074],[-70.75275,43.00128],[-70.75032,42.99444],[-70.77388,42.95774],[-70.79417,42.94041],[-70.79808,42.91786],[-70.80715,42.91473],[-70.81329,42.89793],[-70.82753,42.91301],[-70.8363,42.91169],[-70.82639,42.90163],[-70.83649,42.89168],[-70.81336,42.89065],[-70.81583,42.87792],[-70.90412,42.87361],[-71.04476,42.80304],[-71.15467,42.69317],[-71.25193,42.47625],[-71.2933,42.4246],[-71.32975,42.40945],[-71.4772,42.41704],[-71.51669,42.4472],[-71.51049,42.47685],[-71.47486,42.52982],[-71.45617,42.61817],[-71.4429,42.74315],[-71.39768,42.82742],[-71.41451,42.99775],[-71.45452,43.03518],[-71.49231,43.04267],[-71.58276,42.98202],[-71.68798,42.95369],[-71.78992,42.98843],[-71.81095,43.01498],[-71.83013,43.02574],[-71.82866,43.08433],[-71.74529,43.18089],[-71.5985,43.31903],[-71.47712,43.38845],[-71.37549,43.40857],[-70.94059,43.55409],[-70.7568,43.55177],[-70.70941,43.56259],[-70.58925,43.70414],[-70.42461,43.9563],[-70.25271,44.15388],[-70.03737,44.45583],[-69.82196,44.68461],[-69.53254,44.95144],[-69.46538,44.98583],[-69.31637,45.08967],[-68.79014,45.36188],[-68.59517,45.53742],[-68.51386,45.75985],[-68.48256,46.04912],[-68.47413,46.23174],[-68.39002,46.33112],[-68.06664,46.40678],[-67.78147,46.39253],[-67.78124,45.93802],[-67.7535,45.91718],[-67.80325,45.87873],[-67.76171,45.82757],[-67.80339,45.79821],[-67.80668,45.76027],[-67.78242,45.73078],[-67.81049,45.72966],[-67.80524,45.69485],[-67.8183,45.69405],[-67.8068,45.68069]]],[[[-95.05365,49.35289],[-94.95752,49.37059],[-94.87254,49.33207],[-94.81445,49.32289],[-94.825,49.29963],[-94.79154,49.17863],[-94.77036,49.11634],[-94.74865,49.09525],[-94.67462,48.87849],[-94.68813,48.86866],[-94.68357,48.8442],[-94.70307,48.82601],[-94.69555,48.78956],[-94.63863,48.74104],[-94.58292,48.71746],[-94.55009,48.71355],[-94.53146,48.70121],[-94.45078,48.69254],[-94.41215,48.71082],[-94.34651,48.70291],[-94.29881,48.70919],[-94.25906,48.69648],[-94.24936,48.68313],[-94.25317,48.6591],[-94.22374,48.65001],[-93.83897,48.62698],[-93.80874,48.58128],[-93.89333,48.52743],[-94.20203,48.26434],[-94.27114,48.0807],[-94.38583,47.98195],[-94.64669,47.91072],[-94.91901,47.84758],[-95.30256,47.72647],[-95.47815,47.60203],[-95.51436,47.48017],[-95.49323,47.35519],[-95.39966,47.30543],[-95.30573,47.27731],[-95.25177,47.2279],[-95.29254,47.16873],[-95.38123,47.07214],[-95.4226,46.97504],[-95.42436,46.89381],[-95.38795,46.76889],[-95.32362,46.63495],[-95.23792,46.4926],[-95.13943,46.39896],[-95.02755,46.33264],[-94.62682,45.97699],[-94.41908,45.78155],[-93.90682,45.52126],[-93.72738,45.30054],[-93.47977,45.053],[-93.23486,44.78854],[-92.87231,44.37054],[-92.66995,44.24792],[-92.51944,44.23479],[-92.28548,44.25193],[-92.27654,44.38473],[-92.54441,44.75983],[-92.70219,44.86472],[-92.91385,45.06264],[-93.03333,45.24104],[-93.0764,45.52568],[-92.95856,45.68222],[-92.81214,45.77669],[-92.42409,45.88147],[-92.26477,45.943],[-92.12604,46.04684],[-91.94216,46.10719],[-91.82276,46.10284],[-91.71918,46.04883],[-91.58923,45.87677],[-91.38877,45.70182],[-91.33674,45.67842],[-91.31236,45.64922],[-91.22418,45.58654],[-91.06884,45.5472],[-90.13363,45.56304],[-89.88588,45.60959],[-89.23145,45.77142],[-89.11281,45.82385],[-89.12478,45.82721],[-89.05357,45.8822],[-89.19117,45.98064],[-89.34382,45.99712],[-89.56603,45.95105],[-89.61248,45.96409],[-89.67158,45.98565],[-89.73197,46.06057],[-89.78683,46.14841],[-89.90122,46.23706],[-89.90432,46.3124],[-89.69126,46.39647],[-89.62555,46.4309],[-89.52515,46.52877],[-89.5202,46.55024],[-89.53705,46.61025],[-89.56172,46.64892],[-89.62179,46.71489],[-89.67072,46.71746],[-89.73116,46.70692],[-89.77867,46.67857],[-89.89487,46.65371],[-90.00324,46.65575],[-90.09859,46.63604],[-90.37307,46.54658],[-90.38585,46.52674],[-90.39474,46.52508],[-90.40423,46.57197],[-90.33834,46.60809],[-90.30506,46.60444],[-90.17496,46.64332],[-90.01867,46.67817],[-89.91417,46.74415],[-89.84411,46.80004],[-89.77691,46.82232],[-89.66864,46.83358],[-89.61627,46.82055],[-89.5488,46.83905],[-89.442,46.84],[-89.36583,46.85814],[-89.22029,46.91802],[-89.14666,46.98366],[-89.01808,46.80578],[-89.09697,46.68123],[-89.1505,46.64336],[-89.33443,46.54725],[-89.42305,46.45358],[-89.45448,46.38825],[-89.46193,46.32164],[-89.3848,46.25881],[-89.1069,46.16792],[-88.80796,46.05845],[-88.39673,45.9916],[-87.91329,45.84333],[-87.5394,45.60872],[-87.33056,45.43071],[-87.3972,45.36539],[-87.39829,45.34984],[-87.41311,45.34289],[-87.41167,45.33194],[-87.43606,45.31487],[-87.44094,45.29244],[-87.54243,45.19394],[-87.58603,45.16985],[-87.60318,45.15052],[-87.60103,45.13821],[-87.61194,45.13356],[-87.61424,45.11573],[-87.5991,45.09941],[-87.6173,45.10118],[-87.58742,45.08347],[-87.61148,45.07787],[-87.62576,45.05204],[-87.63353,44.98184],[-87.65094,44.98208],[-87.64334,44.97695],[-87.66031,44.96942],[-87.73125,44.96946],[-87.78634,44.95922],[-87.82008,44.95051],[-87.84253,44.92934],[-87.84612,44.91431],[-87.83076,44.88354],[-87.84005,44.8727],[-87.84771,44.87554],[-87.86854,44.83973],[-87.90632,44.82102],[-87.92197,44.78515],[-87.94247,44.76075],[-87.93937,44.75569],[-87.96737,44.74004],[-87.9898,44.71429],[-87.9881,44.70378],[-87.9958,44.70432],[-87.9888,44.67276],[-88.00806,44.67298],[-87.99985,44.6665],[-88.00882,44.66751],[-88.00993,44.64608],[-88.01916,44.63524],[-88.00681,44.6132],[-87.97967,44.59328],[-87.98055,44.5828],[-88.01682,44.62472],[-88.01795,44.57318],[-88.04684,44.57168],[-88.04507,44.56436],[-88.03857,44.56839],[-88.02337,44.56002],[-88.0356,44.55742],[-88.02116,44.54357],[-88.0264,44.53861],[-88.01667,44.54398],[-87.97683,44.52977],[-88.05582,44.49812],[-88.24496,44.39363],[-88.27762,44.32064],[-88.26282,44.25295],[-88.11332,44.23485],[-87.8278,44.27417],[-87.53137,44.26799],[-87.51027,44.22002],[-87.51848,44.17912],[-87.55656,44.14049],[-87.62151,44.11864],[-87.65195,44.09992],[-87.65847,44.04761],[-87.68262,44.0247],[-87.70138,43.96481],[-87.72192,43.93229],[-87.73805,43.87329],[-87.72838,43.80575],[-87.69724,43.76069],[-87.70561,43.7558],[-87.71005,43.73127],[-87.70492,43.69206],[-87.89215,43.61131],[-88.08632,43.54104],[-88.27077,43.54486],[-88.40223,43.60335],[-88.60184,43.6743],[-88.91691,43.75193],[-89.12311,43.77248],[-89.33126,43.77617],[-89.68199,43.74571],[-90.04065,43.63155],[-90.17278,43.58007],[-90.27697,43.57699],[-90.29202,43.66092],[-90.17215,43.70483],[-90.04635,43.80659],[-90.07272,44.00771],[-90.42726,44.06697],[-90.78093,44.14188],[-90.88523,44.1466],[-91.00542,44.10201],[-91.05628,44.18745],[-91.08791,44.36363],[-91.20201,44.53504],[-91.43257,44.5779],[-91.82017,44.55974],[-92.13069,44.4591],[-91.99364,44.39061],[-91.86072,44.29622],[-91.84927,44.23692],[-91.86765,44.20318],[-91.94066,44.17751],[-92.30669,44.13778],[-92.61594,44.06609],[-92.7414,44.05222],[-92.93832,44.18356],[-92.9801,44.2725],[-93.05282,44.36411],[-93.18212,44.41188],[-93.19277,44.42427],[-93.22053,44.55771],[-93.30758,44.67616],[-93.44208,44.7875],[-93.86623,44.98015],[-94.03993,45.08776],[-94.19368,45.2665],[-94.49971,45.49001],[-94.66347,45.53556],[-94.98259,45.57248],[-95.19646,45.61299],[-95.55896,45.73994],[-95.95344,45.96829],[-96.02931,45.99362],[-96.49129,46.0206],[-96.67701,46.01809],[-96.79602,46.05146],[-96.81217,46.0698],[-96.90472,46.08918],[-97.01249,46.1642],[-97.16646,46.18538],[-97.32045,46.19566],[-97.72167,46.2688],[-97.78438,46.34354],[-97.91365,46.43957],[-97.97031,46.45269],[-98.1277,46.54325],[-98.23136,46.65587],[-98.38375,46.71919],[-98.42085,46.74583],[-98.51779,46.86921],[-98.55051,46.92297],[-98.72738,47.07778],[-98.8654,47.22219],[-98.94864,47.36196],[-98.96897,47.50164],[-98.86929,47.60194],[-98.73022,47.63966],[-98.36775,47.77863],[-97.65679,48.20787],[-97.40173,48.41091],[-97.15481,48.57323],[-96.97673,48.91714],[-96.87796,49.00003],[-95.1514,48.99995],[-95.14967,49.38563],[-95.11749,49.36886],[-95.05365,49.35289]]],[[[-96.53731,48.13318],[-96.45299,48.17865],[-96.37009,48.27905],[-96.30581,48.31147],[-95.9849,48.3643],[-95.88893,48.35279],[-95.82545,48.31425],[-95.7625,48.24847],[-95.63464,48.18893],[-95.60465,48.13835],[-95.59771,48.0839],[-95.56645,48.05099],[-95.36665,48.07078],[-95.30092,48.11418],[-95.2932,48.14068],[-95.33945,48.21191],[-95.32207,48.27158],[-95.26368,48.36892],[-95.19835,48.41717],[-95.18922,48.46063],[-95.2021,48.48205],[-95.27689,48.5139],[-95.495,48.55051],[-95.74464,48.56572],[-95.97448,48.54394],[-96.20783,48.50706],[-96.56524,48.31205],[-96.60254,48.16538],[-96.59465,48.13817],[-96.53731,48.13318]]],[[[-96.88271,46.39571],[-96.77469,46.32889],[-96.59465,46.35374],[-96.44989,46.4787],[-96.34212,46.96727],[-96.25192,47.10522],[-96.20205,47.23897],[-96.24874,47.45701],[-96.3205,47.64175],[-96.45468,47.71768],[-96.61357,47.8355],[-96.84681,47.90284],[-96.92159,47.89888],[-96.96972,47.91117],[-97.19071,47.86882],[-97.50858,47.725],[-97.6645,47.61011],[-97.78214,47.56571],[-97.83924,47.52129],[-97.90141,47.49332],[-97.97095,47.40054],[-98.01538,47.23747],[-98.01276,47.09114],[-97.93096,46.89679],[-97.81928,46.76227],[-97.70055,46.64941],[-97.49696,46.5802],[-97.30515,46.56128],[-97.03918,46.51253],[-96.88271,46.39571]]],[[[-88.2791,44.86337],[-88.28234,44.9304],[-88.45405,45.06659],[-88.69935,45.09006],[-88.8803,45.05916],[-88.95945,44.98868],[-88.90191,44.87673],[-88.72178,44.80748],[-88.41808,44.78868],[-88.2791,44.86337]]],[[[-89.92697,46.73547],[-89.92716,46.73552],[-89.92711,46.73541],[-89.92697,46.73547]]],[[[-89.92428,46.73658],[-89.92455,46.73665],[-89.92442,46.7365],[-89.92428,46.73658]]],[[[-89.92185,46.73807],[-89.92217,46.73813],[-89.92203,46.73795],[-89.92185,46.73807]]],[[[-89.91789,46.74063],[-89.91819,46.74072],[-89.91811,46.74048],[-89.91789,46.74063]]],[[[-89.91117,46.74661],[-89.91107,46.74667],[-89.9113,46.74668],[-89.91117,46.74661]]],[[[-89.90594,46.74998],[-89.90594,46.74998],[-89.90594,46.74998],[-89.90594,46.74998]]],[[[-89.9039,46.75209],[-89.9039,46.75209],[-89.90391,46.75209],[-89.9039,46.75209]]],[[[-89.90288,46.75289],[-89.90288,46.7529],[-89.90288,46.7529],[-89.90288,46.75289]]],[[[-89.89712,46.75857],[-89.89711,46.75858],[-89.89712,46.75858],[-89.89712,46.75857]]],[[[-89.8944,46.76097],[-89.89439,46.76097],[-89.8944,46.76097],[-89.8944,46.76097]]],[[[-89.89238,46.76238],[-89.89237,46.76238],[-89.89238,46.76238],[-89.89238,46.76238]]],[[[-89.89114,46.76333],[-89.89114,46.76333],[-89.89114,46.76333],[-89.89114,46.76333]]],[[[-89.88161,46.77067],[-89.88161,46.77067],[-89.88161,46.77066],[-89.88161,46.77067]]],[[[-89.87848,46.77308],[-89.87848,46.77308],[-89.87848,46.77308],[-89.87848,46.77308]]],[[[-89.87704,46.77434],[-89.87704,46.77434],[-89.87704,46.77434],[-89.87704,46.77434]]],[[[-89.86217,46.78557],[-89.86219,46.78558],[-89.86224,46.78552],[-89.86217,46.78557]]],[[[-89.86044,46.78682],[-89.86044,46.78682],[-89.86044,46.78682],[-89.86044,46.78682]]],[[[-89.85758,46.78881],[-89.85759,46.78882],[-89.85759,46.78881],[-89.85758,46.78881]]],[[[-89.85649,46.78952],[-89.85649,46.78952],[-89.85649,46.78952],[-89.85649,46.78952]]],[[[-89.8546,46.7907],[-89.8546,46.7907],[-89.8546,46.7907],[-89.8546,46.7907]]],[[[-89.85195,46.79311],[-89.85195,46.79311],[-89.85195,46.79311],[-89.85195,46.79311]]],[[[-89.84996,46.79471],[-89.84996,46.79471],[-89.84996,46.79471],[-89.84996,46.79471]]],[[[-89.84764,46.79618],[-89.84764,46.79618],[-89.84764,46.79618],[-89.84764,46.79618]]],[[[-89.84585,46.79719],[-89.84585,46.79719],[-89.84585,46.79718],[-89.84585,46.79719]]],[[[-89.84472,46.79769],[-89.84472,46.79769],[-89.84472,46.79769],[-89.84472,46.79769]]],[[[-89.84268,46.79848],[-89.84268,46.79848],[-89.84268,46.79848],[-89.84268,46.79848]]],[[[-89.84102,46.79964],[-89.84102,46.79964],[-89.84102,46.79964],[-89.84102,46.79964]]],[[[-89.83914,46.8009],[-89.83914,46.8009],[-89.83914,46.8009],[-89.83914,46.8009]]],[[[-89.83588,46.80272],[-89.83587,46.80272],[-89.83588,46.80272],[-89.83588,46.80272]]],[[[-89.83499,46.80327],[-89.83499,46.80327],[-89.83499,46.80327],[-89.83499,46.80327]]],[[[-89.83095,46.80445],[-89.83095,46.80445],[-89.83095,46.80445],[-89.83095,46.80445]]],[[[-89.82897,46.80522],[-89.82897,46.80522],[-89.82897,46.80522],[-89.82897,46.80522]]],[[[-89.81728,46.80867],[-89.81729,46.80867],[-89.81729,46.80866],[-89.81728,46.80867]]],[[[-89.81611,46.80909],[-89.81611,46.8091],[-89.81611,46.80909],[-89.81611,46.80909]]],[[[-89.81483,46.80953],[-89.81483,46.80953],[-89.81483,46.80952],[-89.81483,46.80953]]],[[[-89.81324,46.81001],[-89.81324,46.81001],[-89.81324,46.81001],[-89.81324,46.81001]]],[[[-89.80868,46.81169],[-89.80868,46.81169],[-89.80868,46.81169],[-89.80868,46.81169]]],[[[-89.80715,46.81222],[-89.80715,46.81222],[-89.80715,46.81221],[-89.80715,46.81222]]],[[[-89.801,46.81449],[-89.801,46.81449],[-89.801,46.81448],[-89.801,46.81449]]],[[[-89.79849,46.81545],[-89.79849,46.81545],[-89.79849,46.81545],[-89.79849,46.81545]]],[[[-89.79524,46.81636],[-89.79524,46.81636],[-89.79524,46.81636],[-89.79524,46.81636]]],[[[-89.79158,46.81766],[-89.79158,46.81766],[-89.79158,46.81766],[-89.79158,46.81766]]],[[[-89.78885,46.81868],[-89.78885,46.81868],[-89.78885,46.81868],[-89.78885,46.81868]]],[[[-89.78684,46.81911],[-89.78684,46.81911],[-89.78684,46.81911],[-89.78684,46.81911]]],[[[-89.78418,46.81925],[-89.78418,46.81925],[-89.78418,46.81925],[-89.78418,46.81925]]],[[[-89.7806,46.81964],[-89.7806,46.81964],[-89.7806,46.81964],[-89.7806,46.81964]]],[[[-89.77792,46.82009],[-89.77792,46.82009],[-89.77792,46.82009],[-89.77792,46.82009]]],[[[-89.77497,46.82083],[-89.77497,46.82083],[-89.77497,46.82083],[-89.77497,46.82083]]],[[[-89.75975,46.8236],[-89.75975,46.8236],[-89.75975,46.8236],[-89.75975,46.8236]]],[[[-89.75309,46.82531],[-89.75309,46.82531],[-89.75309,46.82531],[-89.75309,46.82531]]],[[[-89.604,46.82192],[-89.60401,46.82192],[-89.60401,46.82192],[-89.604,46.82192]]],[[[-89.5963,46.82583],[-89.5963,46.82583],[-89.5963,46.82583],[-89.5963,46.82583]]],[[[-89.52162,46.8387],[-89.52162,46.8387],[-89.52162,46.8387],[-89.52162,46.8387]]],[[[-89.48669,46.83791],[-89.48695,46.83813],[-89.4873,46.83788],[-89.48669,46.83791]]],[[[-89.4754,46.83742],[-89.47512,46.83739],[-89.47545,46.83759],[-89.4754,46.83742]]],[[[-89.471,46.83741],[-89.47124,46.8373],[-89.47072,46.83734],[-89.471,46.83741]]],[[[-89.47218,46.83727],[-89.4725,46.83741],[-89.47261,46.83727],[-89.47218,46.83727]]],[[[-89.4785,46.83778],[-89.47856,46.83791],[-89.47874,46.83784],[-89.4785,46.83778]]],[[[-89.49215,46.8385],[-89.49249,46.83872],[-89.49256,46.83862],[-89.49215,46.8385]]],[[[-89.46576,46.83752],[-89.46586,46.83762],[-89.46622,46.83749],[-89.46576,46.83752]]],[[[-89.46247,46.83766],[-89.46274,46.83776],[-89.46278,46.83764],[-89.46247,46.83766]]],[[[-89.45775,46.83792],[-89.4581,46.83803],[-89.45846,46.83785],[-89.45775,46.83792]]],[[[-89.44858,46.83869],[-89.44897,46.83883],[-89.44915,46.83866],[-89.44858,46.83869]]],[[[-89.44254,46.839],[-89.44283,46.83909],[-89.44291,46.83897],[-89.44254,46.839]]],[[[-89.43187,46.84027],[-89.43235,46.84035],[-89.43252,46.8402],[-89.43187,46.84027]]],[[[-89.42165,46.84214],[-89.42193,46.84219],[-89.4219,46.84207],[-89.42165,46.84214]]],[[[-89.41968,46.84266],[-89.41946,46.84279],[-89.41995,46.84274],[-89.41968,46.84266]]],[[[-89.41087,46.84542],[-89.41108,46.84543],[-89.41108,46.84534],[-89.41087,46.84542]]],[[[-89.34933,46.86386],[-89.34956,46.86399],[-89.34963,46.86376],[-89.34933,46.86386]]],[[[-89.31315,46.87875],[-89.31335,46.87886],[-89.31334,46.8787],[-89.31315,46.87875]]],[[[-89.28844,46.88922],[-89.28851,46.88927],[-89.28854,46.88919],[-89.28844,46.88922]]],[[[-89.26738,46.89729],[-89.26738,46.89729],[-89.26738,46.89729],[-89.26738,46.89729]]],[[[-89.25438,46.90204],[-89.25438,46.90204],[-89.25438,46.90203],[-89.25438,46.90204]]],[[[-89.24904,46.90323],[-89.24905,46.90323],[-89.24905,46.90323],[-89.24904,46.90323]]],[[[-89.24691,46.90406],[-89.24699,46.90407],[-89.24732,46.90396],[-89.24691,46.90406]]],[[[-89.22303,46.91596],[-89.22304,46.91596],[-89.22304,46.91596],[-89.22303,46.91596]]],[[[-89.20845,46.926],[-89.20858,46.926],[-89.20895,46.92564],[-89.20845,46.926]]],[[[-89.19946,46.93298],[-89.20788,46.92622],[-89.20723,46.92621],[-89.19946,46.93298]]],[[[-89.19691,46.93499],[-89.19762,46.93505],[-89.19904,46.93338],[-89.19691,46.93499]]],[[[-89.18689,46.94608],[-89.18689,46.94608],[-89.18689,46.94608],[-89.18689,46.94608]]],[[[-89.18525,46.94784],[-89.18525,46.94785],[-89.18525,46.94785],[-89.18525,46.94784]]],[[[-89.184,46.94924],[-89.18399,46.94924],[-89.184,46.94924],[-89.184,46.94924]]],[[[-89.17921,46.95627],[-89.17921,46.95627],[-89.17921,46.95627],[-89.17921,46.95627]]],[[[-89.17882,46.95688],[-89.17882,46.95688],[-89.17882,46.95687],[-89.17882,46.95688]]],[[[-89.17807,46.95825],[-89.17806,46.95825],[-89.17807,46.95825],[-89.17807,46.95825]]],[[[-89.17059,46.96466],[-89.17059,46.96466],[-89.17059,46.96466],[-89.17059,46.96466]]],[[[-89.16801,46.96544],[-89.16801,46.96544],[-89.16801,46.96544],[-89.16801,46.96544]]],[[[-89.16339,46.9673],[-89.16339,46.9673],[-89.16339,46.9673],[-89.16339,46.9673]]],[[[-89.15738,46.96945],[-89.15738,46.96945],[-89.15738,46.96945],[-89.15738,46.96945]]],[[[-89.15635,46.97006],[-89.15636,46.97006],[-89.15636,46.97006],[-89.15635,46.97006]]],[[[-89.15483,46.97142],[-89.15482,46.97142],[-89.15484,46.97142],[-89.15483,46.97142]]],[[[-89.1525,46.97316],[-89.15249,46.97317],[-89.15251,46.97316],[-89.1525,46.97316]]],[[[-89.15004,46.97533],[-89.15004,46.97533],[-89.15004,46.97533],[-89.15004,46.97533]]],[[[-89.14869,46.97687],[-89.14869,46.97688],[-89.1487,46.97688],[-89.14869,46.97687]]],[[[-89.14848,46.97921],[-89.14847,46.97921],[-89.14848,46.97921],[-89.14848,46.97921]]],[[[-89.74482,46.82677],[-89.74482,46.82677],[-89.74482,46.82677],[-89.74482,46.82677]]],[[[-89.7434,46.82692],[-89.7434,46.82692],[-89.7434,46.82692],[-89.7434,46.82692]]],[[[-89.73677,46.82801],[-89.73677,46.82801],[-89.73677,46.82801],[-89.73677,46.82801]]],[[[-89.7248,46.82971],[-89.7248,46.82971],[-89.7248,46.82971],[-89.7248,46.82971]]],[[[-89.71493,46.83088],[-89.71493,46.83088],[-89.71494,46.83088],[-89.71493,46.83088]]],[[[-89.7062,46.83109],[-89.7062,46.83109],[-89.7062,46.83109],[-89.7062,46.83109]]],[[[-89.69082,46.83044],[-89.69082,46.83044],[-89.69082,46.83044],[-89.69082,46.83044]]],[[[-89.66758,46.8326],[-89.66758,46.8326],[-89.66758,46.8326],[-89.66758,46.8326]]],[[[-89.95715,46.71735],[-89.95719,46.71718],[-89.95701,46.71726],[-89.95715,46.71735]]],[[[-89.96887,46.71245],[-89.96896,46.71218],[-89.96841,46.71224],[-89.96887,46.71245]]],[[[-89.97498,46.70972],[-89.97415,46.71014],[-89.97446,46.71031],[-89.97498,46.70972]]],[[[-89.99184,46.69718],[-89.99166,46.69699],[-89.99154,46.69708],[-89.99184,46.69718]]],[[[-89.99255,46.69672],[-89.99238,46.69643],[-89.99219,46.69659],[-89.99255,46.69672]]],[[[-89.99399,46.69544],[-89.99388,46.69514],[-89.99308,46.69582],[-89.99399,46.69544]]],[[[-89.99699,46.693],[-89.99683,46.6927],[-89.9964,46.69296],[-89.99699,46.693]]],[[[-90.03238,46.67292],[-90.03237,46.67277],[-90.03213,46.67287],[-90.03238,46.67292]]],[[[-90.03365,46.6724],[-90.03369,46.67226],[-90.03347,46.67234],[-90.03365,46.6724]]],[[[-90.04039,46.67019],[-90.04045,46.67007],[-90.04026,46.67013],[-90.04039,46.67019]]],[[[-90.06321,46.66447],[-90.06327,46.66433],[-90.06301,46.66435],[-90.06321,46.66447]]],[[[-90.06865,46.66354],[-90.06868,46.66339],[-90.06849,46.66344],[-90.06865,46.66354]]],[[[-90.07169,46.66272],[-90.07173,46.66257],[-90.07143,46.66266],[-90.07169,46.66272]]],[[[-90.07819,46.66033],[-90.07827,46.66022],[-90.07802,46.66026],[-90.07819,46.66033]]],[[[-90.08086,46.65972],[-90.0809,46.65961],[-90.08071,46.65965],[-90.08086,46.65972]]],[[[-90.08472,46.65871],[-90.08475,46.6586],[-90.08456,46.65864],[-90.08472,46.65871]]],[[[-90.08689,46.65838],[-90.08694,46.65822],[-90.08672,46.6583],[-90.08689,46.65838]]],[[[-90.08859,46.6579],[-90.0887,46.65777],[-90.08846,46.65782],[-90.08859,46.6579]]],[[[-90.09228,46.65728],[-90.0923,46.65714],[-90.09208,46.6572],[-90.09228,46.65728]]],[[[-90.09476,46.65674],[-90.0948,46.65663],[-90.09468,46.65666],[-90.09476,46.65674]]],[[[-90.10135,46.65536],[-90.10136,46.65525],[-90.10121,46.65529],[-90.10135,46.65536]]],[[[-90.10268,46.65512],[-90.10271,46.65499],[-90.10252,46.65501],[-90.10268,46.65512]]],[[[-90.10556,46.65451],[-90.10558,46.65447],[-90.10551,46.65449],[-90.10556,46.65451]]],[[[-90.11072,46.65365],[-90.11077,46.65357],[-90.11063,46.65359],[-90.11072,46.65365]]],[[[-90.11408,46.65355],[-90.11418,46.6534],[-90.11382,46.65345],[-90.11408,46.65355]]],[[[-90.12228,46.65144],[-90.12228,46.65143],[-90.12226,46.65143],[-90.12228,46.65144]]],[[[-90.12638,46.65125],[-90.1264,46.65119],[-90.12633,46.65119],[-90.12638,46.65125]]],[[[-90.12775,46.65124],[-90.12779,46.65117],[-90.12767,46.65118],[-90.12775,46.65124]]],[[[-90.1325,46.65045],[-90.1326,46.6503],[-90.13235,46.65039],[-90.1325,46.65045]]],[[[-90.13787,46.64957],[-90.13784,46.64949],[-90.13762,46.64953],[-90.13787,46.64957]]],[[[-90.13874,46.64929],[-90.13874,46.64922],[-90.13861,46.64926],[-90.13874,46.64929]]],[[[-90.14198,46.64847],[-90.14197,46.64839],[-90.14186,46.64842],[-90.14198,46.64847]]],[[[-90.14492,46.64784],[-90.14493,46.64775],[-90.14469,46.64778],[-90.14492,46.64784]]],[[[-90.14737,46.64752],[-90.14741,46.64744],[-90.14725,46.64745],[-90.14737,46.64752]]],[[[-90.15209,46.64682],[-90.15213,46.64673],[-90.15197,46.64674],[-90.15209,46.64682]]],[[[-90.15655,46.64686],[-90.15662,46.64675],[-90.15645,46.64677],[-90.15655,46.64686]]],[[[-90.16229,46.64611],[-90.16235,46.64599],[-90.16207,46.64605],[-90.16229,46.64611]]],[[[-90.1663,46.64489],[-90.16631,46.6448],[-90.16616,46.64484],[-90.1663,46.64489]]],[[[-90.17216,46.64314],[-90.17223,46.64305],[-90.17202,46.6431],[-90.17216,46.64314]]],[[[-90.17717,46.64192],[-90.1772,46.64179],[-90.17704,46.64183],[-90.17717,46.64192]]],[[[-90.18168,46.64076],[-90.18169,46.64067],[-90.18155,46.64071],[-90.18168,46.64076]]],[[[-90.18406,46.64017],[-90.1841,46.64005],[-90.18396,46.64008],[-90.18406,46.64017]]],[[[-90.18623,46.63972],[-90.18629,46.63962],[-90.18615,46.63968],[-90.18623,46.63972]]],[[[-90.1874,46.63935],[-90.18747,46.63925],[-90.18726,46.6393],[-90.1874,46.63935]]],[[[-90.19266,46.63814],[-90.19273,46.638],[-90.19256,46.63804],[-90.19266,46.63814]]],[[[-90.19442,46.63771],[-90.19444,46.63755],[-90.19427,46.6376],[-90.19442,46.63771]]],[[[-90.19967,46.63634],[-90.19968,46.63622],[-90.19938,46.63628],[-90.19967,46.63634]]],[[[-90.21274,46.63223],[-90.21277,46.63216],[-90.21266,46.63219],[-90.21274,46.63223]]],[[[-90.22009,46.62986],[-90.22013,46.62974],[-90.22002,46.62978],[-90.22009,46.62986]]],[[[-90.23071,46.62667],[-90.23071,46.62661],[-90.23064,46.62664],[-90.23071,46.62667]]],[[[-90.23381,46.62574],[-90.23381,46.62572],[-90.23379,46.62573],[-90.23381,46.62574]]],[[[-90.23783,46.62452],[-90.23793,46.62431],[-90.23765,46.62439],[-90.23783,46.62452]]],[[[-90.24335,46.62308],[-90.24296,46.62313],[-90.24332,46.62326],[-90.24335,46.62308]]],[[[-90.24667,46.62267],[-90.24664,46.62244],[-90.24634,46.62253],[-90.24667,46.62267]]],[[[-90.24745,46.62235],[-90.2476,46.62253],[-90.24776,46.6223],[-90.24745,46.62235]]],[[[-90.25104,46.62184],[-90.25103,46.6218],[-90.25098,46.62181],[-90.25104,46.62184]]],[[[-90.25262,46.62162],[-90.25263,46.62153],[-90.25248,46.62154],[-90.25262,46.62162]]],[[[-90.2567,46.62083],[-90.25671,46.6208],[-90.25666,46.62082],[-90.2567,46.62083]]],[[[-90.25931,46.62027],[-90.25933,46.62025],[-90.25928,46.62026],[-90.25931,46.62027]]],[[[-90.26104,46.62],[-90.26104,46.61994],[-90.26095,46.61996],[-90.26104,46.62]]],[[[-90.29274,46.60834],[-90.29269,46.60826],[-90.2926,46.60834],[-90.29274,46.60834]]],[[[-90.29368,46.608],[-90.29372,46.60787],[-90.29359,46.60793],[-90.29368,46.608]]],[[[-90.30029,46.60519],[-90.30031,46.60505],[-90.30014,46.60512],[-90.30029,46.60519]]],[[[-90.319,46.60518],[-90.31907,46.6053],[-90.31922,46.60524],[-90.319,46.60518]]],[[[-90.30564,46.60327],[-90.30564,46.60319],[-90.30555,46.60322],[-90.30564,46.60327]]],[[[-90.31132,46.60324],[-90.31119,46.60321],[-90.31125,46.6033],[-90.31132,46.60324]]],[[[-105.93282,48.98206],[-106.09503,48.81421],[-106.44713,48.68046],[-107.80126,48.44711],[-108.14863,48.38002],[-108.33707,48.33313],[-108.44269,48.27717],[-108.49871,48.17753],[-108.48445,48.09874],[-108.47153,47.92654],[-108.51147,47.77163],[-108.53067,47.62782],[-108.52707,47.48292],[-108.44905,47.38424],[-108.47157,47.28943],[-108.58227,47.25229],[-108.96098,47.23056],[-109.75195,47.30478],[-109.95947,47.3492],[-110.0717,47.41228],[-110.01418,47.46561],[-109.79217,47.53551],[-109.41288,47.67205],[-109.20623,47.76378],[-109.11434,47.82768],[-109.08622,47.87041],[-109.10901,47.94269],[-109.19338,48.0281],[-109.25856,48.13071],[-109.41648,48.2405],[-109.53671,48.38777],[-109.60013,48.49993],[-109.60134,48.51506],[-109.67324,48.58659],[-109.8379,48.595],[-109.95055,48.57655],[-110.02545,48.60105],[-110.10843,48.66422],[-110.17839,48.776],[-110.43786,49.00103],[-105.92336,49.00115],[-105.93282,48.98206]]],[[[-111.06458,48.24552],[-110.95373,48.24215],[-110.78417,48.27849],[-110.52442,48.21299],[-110.43377,48.13593],[-110.42184,48.05137],[-110.45554,47.97943],[-110.54494,47.90568],[-110.74557,47.89069],[-111.33612,47.92261],[-111.88876,48.03548],[-112.21526,48.24716],[-112.31011,48.37724],[-112.409,48.72688],[-112.34155,48.82158],[-112.20903,48.89237],[-111.9951,48.94416],[-111.86764,48.91563],[-111.76047,48.87011],[-111.6036,48.77162],[-111.43036,48.63264],[-111.31485,48.50713],[-111.13825,48.26587],[-111.06458,48.24552]]],[[[-122.96773,47.37957],[-122.91415,47.38956],[-123.01359,47.35948],[-122.96773,47.37957]]],[[[-122.52963,47.70411],[-122.54538,47.69145],[-122.52479,47.69958],[-122.52499,47.70602],[-122.5054,47.70308],[-122.507,47.66762],[-122.49805,47.66084],[-122.51791,47.65135],[-122.48849,47.63337],[-122.49166,47.61998],[-122.50103,47.62629],[-122.52433,47.61997],[-122.53727,47.62576],[-122.51073,47.61464],[-122.5001,47.61802],[-122.49447,47.60936],[-122.52976,47.58555],[-122.54864,47.60305],[-122.56908,47.5917],[-122.57816,47.62377],[-122.57735,47.64035],[-122.5688,47.646],[-122.58166,47.64903],[-122.58881,47.66273],[-122.57305,47.67401],[-122.56735,47.66397],[-122.56426,47.6723],[-122.55616,47.67104],[-122.56395,47.70498],[-122.55096,47.71944],[-122.52963,47.70411]]],[[[-115.37809,47.21138],[-115.43041,46.97113],[-115.49424,46.81115],[-115.63472,46.73675],[-115.76022,46.69046],[-115.83777,46.61628],[-115.87321,46.49755],[-115.76328,46.3744],[-115.76852,46.0696],[-116.00024,45.75743],[-116.20594,45.68776],[-116.3773,45.61102],[-116.4001,45.52374],[-116.44068,45.45873],[-116.44011,45.36649],[-116.41364,45.29608],[-116.26928,45.23108],[-115.6446,45.1738],[-115.5071,45.04458],[-115.4768,44.90736],[-115.50524,44.82372],[-115.78093,44.77098],[-116.05742,44.64497],[-116.25614,44.51515],[-116.2865,44.41108],[-116.32212,44.32459],[-116.42998,44.28943],[-116.65115,44.05004],[-116.7509,44.03499],[-117.16688,44.11165],[-117.27579,44.02619],[-117.3861,43.96241],[-117.42081,43.88483],[-117.38999,43.76459],[-117.19095,43.54468],[-116.9845,43.52129],[-116.81331,43.49059],[-116.60038,43.43402],[-116.40099,43.46467],[-116.15228,43.59159],[-116.1332,43.63657],[-116.00019,43.80063],[-115.82878,43.87823],[-115.28116,43.91253],[-115.12901,43.95529],[-114.77531,44.13279],[-114.5006,44.32576],[-114.12013,44.74152],[-113.93905,44.91282],[-113.68121,45.18884],[-113.46209,45.31635],[-113.09481,46.06353],[-113.02065,46.1083],[-112.93607,46.21105],[-112.8172,46.27434],[-112.5963,46.3483],[-112.25306,46.26118],[-112.05392,46.16303],[-111.86024,46.12498],[-111.61331,46.1064],[-111.44634,46.17975],[-111.27722,46.28694],[-111.28876,46.46163],[-111.31298,46.64855],[-111.25995,46.75615],[-111.10814,46.86118],[-110.9095,46.97793],[-110.64942,46.99931],[-110.15273,46.97043],[-109.3456,46.90288],[-108.42662,47.00301],[-107.90355,47.08322],[-107.53642,47.05389],[-107.2336,46.99813],[-107.00268,46.90231],[-106.80262,46.87109],[-106.62952,46.88464],[-106.43704,46.96006],[-106.17732,47.10754],[-106.0378,47.21654],[-105.91237,47.26968],[-105.72572,47.27056],[-105.52418,47.29295],[-105.47455,47.32743],[-105.44668,47.36714],[-105.4559,47.43688],[-105.55134,47.46996],[-105.88288,47.47991],[-105.99207,47.52745],[-106.05041,47.61744],[-105.95473,47.74898],[-105.77917,47.88566],[-105.64945,48.02707],[-105.54199,48.16702],[-105.38625,48.29421],[-104.88453,48.61414],[-104.51528,48.72116],[-103.93099,48.7833],[-103.58402,48.79256],[-103.41002,48.76607],[-102.88303,48.70632],[-102.54916,48.65283],[-102.26944,48.6437],[-101.52154,48.73967],[-101.16442,48.70875],[-100.8755,48.64354],[-100.32574,48.41576],[-99.87258,48.05629],[-99.82082,47.78863],[-99.90111,47.65967],[-100.01089,47.54758],[-100.13836,47.32241],[-100.23934,46.83741],[-100.24373,46.31762],[-100.31126,46.21112],[-100.30173,46.16629],[-100.17569,46.01139],[-100.09619,45.79356],[-100.13127,45.71033],[-100.2747,45.645],[-100.32137,45.60263],[-100.20047,45.53021],[-100.07143,45.48533],[-99.55113,45.40076],[-99.34497,45.35675],[-99.13838,45.29188],[-98.99065,45.23263],[-98.88031,45.11786],[-98.57525,44.94405],[-98.17465,44.73641],[-98.08555,44.69776],[-98.0628,44.6965],[-98.01125,44.67166],[-97.82964,44.62901],[-97.292,44.52596],[-97.06427,44.5242],[-96.8367,44.53336],[-96.60999,44.62457],[-96.46219,44.87037],[-96.41575,45.00488],[-96.39975,45.12336],[-96.42155,45.2959],[-96.40562,45.3929],[-96.36692,45.45209],[-96.29772,45.47879],[-96.19789,45.49454],[-96.11412,45.44018],[-95.99337,45.29389],[-95.92684,45.12637],[-95.87693,44.88359],[-95.76707,44.62432],[-95.7547,44.452],[-95.70115,44.34192],[-95.56705,44.31068],[-95.12178,44.31396],[-95.02003,44.25031],[-94.99814,44.21322],[-94.9019,44.16796],[-94.82,44.13985],[-94.75385,44.09042],[-94.74099,44.02031],[-94.74381,43.92896],[-94.76906,43.83797],[-94.82397,43.75283],[-94.87159,43.65682],[-94.85729,43.63511],[-94.66557,43.56225],[-94.09644,43.4388],[-93.95447,43.45188],[-93.91568,43.48863],[-93.76493,43.52819],[-93.55673,43.51779],[-93.42287,43.42965],[-93.4269,43.34866],[-93.52333,43.22073],[-93.68384,42.75666],[-93.79256,42.66338],[-93.81653,42.65066],[-93.95357,42.62672],[-94.06305,42.6291],[-94.11102,42.64788],[-94.16598,42.69638],[-94.28491,42.77574],[-94.37284,42.81888],[-94.45356,42.83815],[-94.51091,42.82734],[-94.53847,42.73309],[-94.45523,42.554],[-94.39396,42.45224],[-94.41304,42.36975],[-94.55636,42.2895],[-94.6589,42.19234],[-94.69677,42.11488],[-94.66846,42.00771],[-94.5729,41.86165],[-94.52855,41.62693],[-94.49948,41.57938],[-94.52166,41.53776],[-94.57071,41.50317],[-94.71403,41.51745],[-95.08957,41.5113],[-95.3382,41.46125],[-95.68645,41.30371],[-95.79221,41.30266],[-95.88736,41.33177],[-95.91528,41.3887],[-95.93286,41.50939],[-96.01792,41.60926],[-96.13292,41.62413],[-96.25797,41.5893],[-96.37388,41.4692],[-96.47068,41.27097],[-96.58567,41.15781],[-96.96335,41.05045],[-97.30701,41.04075],[-97.48061,40.99534],[-97.6012,40.94332],[-97.67007,40.89034],[-97.71302,40.89392],[-97.72877,41.06128],[-97.87316,41.12649],[-98.07739,41.02616],[-98.15972,41.02533],[-98.25187,41.06519],[-98.34573,41.17983],[-98.52175,41.26613],[-98.67879,41.31163],[-98.85205,41.27498],[-99.01409,41.17702],[-99.07514,41.08066],[-99.04603,41.02671],[-98.7324,40.91603],[-98.56626,40.83672],[-98.34474,40.70344],[-98.34175,40.68092],[-98.35088,40.64936],[-98.3424,40.53551],[-98.25557,40.48038],[-98.22526,40.41712],[-98.26011,40.38682],[-98.31571,40.43838],[-98.38,40.45316],[-98.50744,40.44804],[-98.5783,40.40524],[-98.72463,40.37693],[-98.84537,40.32802],[-98.89675,40.31927],[-98.91547,40.28069],[-98.88426,40.24326],[-98.78647,40.23298],[-98.76921,40.1989],[-98.81268,40.13195],[-98.94545,40.10296],[-99.01778,40.10854],[-99.1517,40.06533],[-99.32457,39.90729],[-99.49108,39.82952],[-99.77138,39.77003],[-99.99301,39.63098],[-100.07033,39.57067],[-100.08735,39.54175],[-99.9965,39.44674],[-99.87984,39.36915],[-99.85128,39.26961],[-99.84846,39.21654],[-99.86108,39.16299],[-100.13394,39.13581],[-100.28165,39.13825],[-100.38404,39.19114],[-100.51903,39.42029],[-100.61611,39.48174],[-100.69899,39.56138],[-100.78094,39.74148],[-100.83012,39.89327],[-100.92352,40.03555],[-101.01149,40.20324],[-101.0513,40.22564],[-101.03927,40.23152],[-101.04211,40.24627],[-101.17311,40.31476],[-101.29127,40.4062],[-101.46376,40.37199],[-101.55587,40.31884],[-101.59577,40.276],[-101.57753,40.21871],[-101.55879,40.07755],[-101.58178,39.99866],[-101.71988,39.95791],[-101.95491,39.96275],[-102.34745,40.12083],[-102.63012,40.18423],[-102.81319,40.27033],[-102.9121,40.39814],[-102.99295,40.56822],[-103.14086,40.57147],[-103.40681,40.43434],[-103.49043,40.21719],[-103.70798,40.04257],[-103.8592,39.9521],[-103.97928,39.86268],[-104.12757,39.70859],[-104.11994,39.63325],[-103.99493,39.631],[-103.94251,39.60558],[-103.91031,39.53165],[-103.95151,39.44407],[-103.9107,39.40852],[-103.80991,39.39526],[-103.62612,39.42434],[-103.48565,39.38457],[-103.36665,39.30567],[-103.20591,39.17203],[-103.18757,39.1243],[-103.11058,39.07278],[-103.0636,39.06627],[-102.99255,39.10885],[-102.94003,39.11305],[-102.68937,39.03014],[-102.5241,39.00909],[-102.42379,39.00303],[-102.28323,39.03518],[-102.26181,39.1286],[-102.26758,39.26161],[-102.25321,39.36453],[-102.14868,39.40378],[-102.07349,39.39565],[-101.94109,39.35098],[-101.77625,39.3134],[-101.62528,39.2671],[-101.5576,39.19328],[-101.56534,39.09243],[-101.61923,38.9895],[-101.8401,38.85513],[-101.82629,38.77892],[-101.75747,38.68755],[-101.64473,38.62181],[-101.46422,38.57083],[-101.29416,38.55461],[-101.15686,38.56634],[-101.12554,38.53056],[-101.11942,38.49199],[-101.09895,38.44371],[-100.90981,38.27863],[-100.74079,38.18538],[-100.58426,38.19458],[-100.39767,38.19107],[-100.36423,38.14205],[-100.36003,38.07131],[-100.31268,38.04344],[-100.22248,38.06431],[-100.14909,38.11407],[-99.98487,38.17859],[-99.8555,38.18272],[-99.62693,38.13199],[-99.53623,38.05061],[-99.5258,37.99185],[-99.58229,37.90162],[-99.66808,37.79277],[-99.67516,37.76252],[-99.61538,37.75967],[-99.49173,37.85306],[-99.33903,38.03754],[-99.20896,38.28728],[-99.08592,38.44612],[-99.0551,38.45628],[-99.02707,38.49414],[-98.8876,38.55062],[-98.67072,38.59388],[-98.56447,38.62565],[-98.31199,38.63407],[-98.13487,38.65809],[-97.98835,38.68887],[-97.78452,38.6424],[-97.55378,38.61426],[-97.42764,38.55672],[-97.35563,38.51041],[-97.28036,38.42903],[-97.09953,38.36791],[-97.07291,38.33214],[-97.06392,38.27097],[-97.08332,38.21645],[-97.07246,38.18937],[-97.08109,38.14864],[-97.24779,38.10781],[-97.38476,38.10892],[-97.34283,38.09492],[-97.29992,38.0292],[-97.45876,37.97908],[-97.64992,37.99444],[-97.88338,37.99268],[-98.0836,37.90844],[-98.16706,37.83342],[-98.39948,37.80597],[-98.52498,37.7384],[-98.50069,37.59868],[-98.40362,37.50111],[-98.21236,37.42103],[-98.08326,37.25765],[-98.04681,37.00861],[-98.02048,36.95864],[-97.83072,36.80901],[-97.56722,36.80257],[-97.30427,36.87868],[-97.24104,36.88722],[-97.14594,36.84594],[-96.99815,36.75478],[-96.81916,36.71332],[-96.69276,36.77142],[-96.62924,36.8877],[-96.50206,37.0204],[-96.31145,37.0779],[-96.12086,37.10185],[-95.94093,37.10896],[-95.77215,37.07433],[-95.61215,36.96101],[-95.39341,36.86701],[-95.05696,36.78452],[-94.80597,36.78401],[-94.48359,36.81288],[-94.10421,36.82571],[-93.97051,36.74961],[-93.93666,36.71403],[-93.88553,36.55983],[-93.80637,36.45355],[-93.69725,36.336],[-93.6815,36.29386],[-93.75064,36.20873],[-93.82515,36.20368],[-93.92759,36.15407],[-94.01116,36.13869],[-94.14169,36.15215],[-94.33659,36.20159],[-94.40288,36.17863],[-94.43118,36.11314],[-94.42815,36.07136],[-94.37272,36.03198],[-94.24755,35.99454],[-94.01074,35.89934],[-93.96158,35.83494],[-93.89297,35.69761],[-93.87961,35.65383],[-93.64572,35.58446],[-93.44328,35.58234],[-93.31765,35.59049],[-93.06951,35.54145],[-92.83183,35.43901],[-92.75201,35.41852],[-92.64924,35.41492],[-92.52247,35.44585],[-92.39627,35.46483],[-92.28612,35.46063],[-92.21376,35.44007],[-92.11392,35.38878],[-92.04173,35.37112],[-91.85335,35.42101],[-91.83726,35.4632],[-91.86413,35.67782],[-91.93531,35.84497],[-92.02889,35.98833],[-92.07246,36.11319],[-91.98528,36.34765],[-91.76056,36.46141],[-91.24189,36.55058],[-90.76008,36.71263],[-90.57831,36.76252],[-90.38398,36.8364],[-90.06504,36.76948],[-90.06722,36.52719],[-90.0565,36.52438],[-90.05474,36.47507],[-90.01606,36.35498],[-89.90596,36.29624],[-89.81363,36.22533],[-89.76936,36.1703],[-89.80939,36.09405],[-89.8342,36.00378],[-89.84384,35.89951],[-89.9453,35.86613],[-90.12242,35.90249],[-90.50985,35.77968],[-90.73666,35.73896],[-90.97364,35.76837],[-91.10761,35.53193],[-91.21224,35.38749],[-91.21881,35.25606],[-91.48967,35.08406],[-91.53535,34.90838],[-91.51351,34.81246],[-91.38804,34.83119],[-91.31865,34.88424],[-91.14531,34.97312],[-91.15782,34.83048],[-90.88687,34.8272],[-90.78948,34.8394],[-90.70249,34.79839],[-90.72012,34.60039],[-90.73366,34.52991],[-90.60194,34.41722],[-90.49157,34.37648],[-90.3206,34.33268],[-90.1374,34.33779],[-89.88006,34.2534],[-89.76176,34.23859],[-89.62536,34.16217],[-89.52736,34.07413],[-89.41455,33.92841],[-89.37034,33.83725],[-89.39426,33.75943],[-89.51122,33.64924],[-89.60845,33.50043],[-89.79063,33.3301],[-90.17302,33.15789],[-90.28174,33.0779],[-90.45143,32.97942],[-90.53259,32.91922],[-91.4601,33.051],[-91.67033,33.0534],[-91.76094,32.99156],[-91.87549,32.88567],[-92.0257,32.81287],[-92.08472,32.80076],[-92.20057,32.74618],[-92.29075,32.71812],[-92.37247,32.72665],[-92.44072,32.75044],[-92.45723,32.90954],[-92.45214,33.11545],[-92.47733,33.23374],[-92.5342,33.34167],[-92.58302,33.41225],[-92.64059,33.46893],[-92.68078,33.5313],[-92.72611,33.63755],[-92.84264,33.7452],[-93.13304,33.96508],[-93.1856,34.10583],[-93.28851,34.22476],[-93.41104,34.30973],[-93.43366,34.31711],[-93.68348,34.57146],[-93.79505,34.67192],[-94.00235,34.74329],[-94.25327,34.80481],[-94.40622,34.85334],[-94.62865,34.88211],[-94.88264,34.85879],[-95.28677,34.74145],[-95.68774,34.54367],[-95.79383,34.41719],[-95.80618,34.27279],[-95.66135,34.2204],[-95.4017,34.20897],[-95.25112,34.1789],[-94.97273,34.15349],[-94.87413,34.18321],[-94.80451,34.24122],[-94.68008,34.2738],[-94.52198,34.28817],[-94.42946,34.24797],[-94.26254,34.01446],[-94.16874,33.90082],[-94.1543,33.8273],[-94.20629,33.79365],[-94.30854,33.77503],[-94.43898,33.80221],[-94.60662,33.86481],[-94.73278,33.90203],[-94.85165,33.89717],[-94.94134,33.8708],[-95.00863,33.88593],[-95.02268,33.87889],[-95.1783,33.87141],[-95.53807,33.80723],[-95.87422,33.67293],[-96.25596,33.65584],[-96.49392,33.76491],[-96.56521,33.86338],[-96.68465,33.91274],[-96.87604,33.92266],[-97.23483,33.90234],[-97.48598,33.90122],[-97.56814,33.73366],[-97.54269,33.55688],[-97.4466,33.44928],[-97.26797,33.40092],[-97.10163,33.41125],[-96.94711,33.40166],[-96.88766,33.35253],[-96.9351,33.2935],[-97.34905,33.07602],[-97.45488,32.98695],[-97.48865,32.78011],[-97.5462,32.62227],[-97.62857,32.62173],[-97.93721,32.81605],[-98.0447,32.90354],[-97.96428,33.06179],[-97.95467,33.21928],[-98.05102,33.31666],[-98.14679,33.36478],[-98.31436,33.43159],[-98.38819,33.55845],[-98.53467,33.72352],[-98.74989,33.73982],[-99.10784,33.73334],[-99.41672,33.68753],[-99.65022,33.5444],[-99.90285,33.23779],[-100.03176,32.90628],[-100.04439,32.82665],[-100.02521,32.7816],[-100.04332,32.59466],[-100.07295,32.56337],[-100.23901,32.53527],[-100.33141,32.53865],[-100.43215,32.56566],[-100.65248,32.57718],[-100.82493,32.65498],[-100.9361,32.81941],[-101.24828,32.95832],[-101.41787,33.01157],[-101.50894,33.1081],[-101.62247,33.44232],[-101.75873,33.56093],[-101.90376,33.45604],[-101.95931,33.31239],[-102.29634,33.29486],[-102.69431,33.18122],[-103.01449,32.95931],[-103.15279,32.50523],[-103.83837,32.09127],[-104.0737,32.11552],[-104.12428,32.26715],[-104.31313,32.31675],[-104.61018,32.2364],[-104.71522,32.16981],[-104.89317,32.11076],[-105.26123,32.11479],[-105.73817,32.18656],[-105.98977,32.21289],[-106.06999,32.20919],[-106.1334,32.23931],[-106.27844,32.50545],[-106.36356,32.63371],[-106.50165,32.70689],[-106.66159,32.74923],[-106.7726,32.74589],[-106.8663,32.67525],[-107.15277,32.51681],[-107.42827,32.42399],[-107.50669,32.36048],[-107.54891,32.22737],[-107.53615,31.964],[-107.55232,31.78418],[-107.8335,31.78367],[-107.81717,31.88959],[-107.82313,32.0423],[-107.87453,32.19612],[-107.88094,32.40023],[-107.7808,32.55136],[-107.33257,32.71695],[-107.20534,32.80096],[-107.10286,32.93724],[-106.84365,33.03442],[-106.62811,33.08457],[-106.32866,33.17323],[-106.24471,33.32795],[-106.13456,33.44561],[-105.92388,33.47062],[-105.81158,33.44682],[-105.74302,33.3734],[-105.65347,33.08],[-105.38038,32.65934],[-105.27355,32.56924],[-105.00461,32.46511],[-104.79342,32.47551],[-104.72124,32.64354],[-104.60753,32.84552],[-104.54048,32.99963],[-104.50026,33.25998],[-104.53292,33.57523],[-104.48194,33.85267],[-104.03004,34.1887],[-103.40154,34.41539],[-102.80509,34.51066],[-102.50355,34.53681],[-101.85387,34.55927],[-101.57932,34.54454],[-101.41105,34.42023],[-101.35002,34.19982],[-101.34471,34.10828],[-101.27489,34.0061],[-101.16254,33.99724],[-101.1097,33.90744],[-101.06721,33.71233],[-101.01467,33.62245],[-100.75812,33.57901],[-100.58548,33.60685],[-100.45138,33.61058],[-100.32084,33.62444],[-99.75491,33.79747],[-99.44612,33.85401],[-99.12378,33.87065],[-98.77667,33.85733],[-98.56155,33.86073],[-98.38247,33.87309],[-98.22846,33.95366],[-98.03491,34.01982],[-97.82628,34.06287],[-97.58303,34.13968],[-97.32944,34.266],[-97.03413,34.36683],[-96.83,34.5752],[-96.69657,34.79161],[-96.63427,35.06623],[-96.60242,35.37409],[-96.59123,35.63199],[-96.64169,36.17272],[-96.57848,36.32228],[-96.60963,36.40549],[-96.73537,36.43061],[-96.85069,36.38077],[-97.01821,36.33075],[-97.33264,36.37976],[-97.61629,36.45309],[-98.0101,36.82403],[-98.25821,36.89355],[-98.28667,36.90935],[-98.63273,36.9459],[-99.01267,37.05504],[-99.2318,37.10398],[-99.27772,37.13285],[-99.32931,37.18518],[-99.5284,37.30714],[-99.67545,37.38351],[-99.76873,37.3813],[-99.80875,37.32054],[-99.84682,37.2133],[-99.88668,37.1525],[-99.9532,37.12423],[-100.06477,37.16118],[-100.13039,37.30559],[-100.22991,37.44239],[-100.30875,37.49332],[-100.36914,37.51151],[-100.46256,37.50877],[-100.5445,37.44649],[-100.58971,37.33213],[-100.4822,37.21579],[-100.31559,37.09443],[-100.22692,37.00391],[-100.2005,36.9482],[-100.15769,36.78152],[-100.18979,36.68585],[-100.19066,36.56762],[-100.23618,36.44781],[-100.33019,36.39716],[-100.39814,36.41241],[-100.41647,36.47085],[-100.41318,36.54191],[-100.42479,36.61241],[-100.42254,36.70116],[-100.48255,36.82897],[-100.59193,36.90168],[-100.69752,36.91062],[-100.81727,36.90589],[-100.92553,36.95472],[-101.06,37.05556],[-101.20019,37.23287],[-101.23646,37.31998],[-101.29548,37.6189],[-101.35847,37.65161],[-101.47486,37.68781],[-101.58162,37.70484],[-101.77212,37.67506],[-101.84655,37.61646],[-101.82899,37.56718],[-101.78604,37.56338],[-101.69523,37.58926],[-101.61039,37.59817],[-101.48914,37.55658],[-101.42061,37.52215],[-101.41651,37.45565],[-101.49135,37.40281],[-101.52273,37.39936],[-101.64286,37.33024],[-101.82002,37.16117],[-101.84167,37.12218],[-101.90845,37.06383],[-101.98997,37.01593],[-102.04709,37.02459],[-102.09364,37.0837],[-102.12681,37.21729],[-102.21361,37.473],[-102.31063,37.53536],[-102.51002,37.53734],[-102.71783,37.55526],[-102.83525,37.51061],[-102.95641,37.42674],[-103.02367,37.29545],[-103.11511,37.20177],[-103.21905,37.17409],[-103.36058,37.1721],[-103.5177,37.18577],[-103.64515,37.18423],[-103.74041,37.21777],[-103.88777,37.27604],[-103.99352,37.34217],[-104.05694,37.48308],[-104.11246,37.54098],[-104.2406,37.61114],[-104.34882,37.69355],[-104.43341,37.82187],[-104.4847,37.98332],[-104.49803,38.16869],[-104.44754,38.3633],[-104.39922,38.48942],[-104.36993,38.53997],[-104.34963,38.54491],[-104.24091,38.6127],[-104.19835,38.62081],[-104.08175,38.5387],[-104.05156,38.37914],[-104.0203,38.28083],[-103.95233,38.17353],[-103.8325,38.04693],[-103.69738,37.98227],[-103.28189,37.98263],[-103.1055,38.01403],[-103.05449,38.08891],[-103.03152,38.15678],[-102.97803,38.20394],[-102.81889,38.2785],[-102.58926,38.28391],[-102.40049,38.25926],[-102.17645,38.24142],[-101.9968,38.13799],[-101.90172,38.09361],[-101.73267,38.07799],[-101.58113,38.09091],[-101.41346,38.09252],[-101.19429,38.19386],[-101.1037,38.26357],[-101.03616,38.27165],[-101.01968,38.29127],[-101.02795,38.31276],[-101.12778,38.39371],[-101.17693,38.41598],[-101.31438,38.41012],[-101.47294,38.37953],[-101.6498,38.38926],[-101.77608,38.4366],[-101.9246,38.47276],[-101.9777,38.51537],[-102.03097,38.58583],[-102.09414,38.60881],[-102.39304,38.66192],[-102.58014,38.9259],[-102.78475,39.0018],[-102.89194,39.0293],[-102.95516,39.01968],[-103.01216,38.97888],[-103.03553,38.93725],[-103.0607,38.92389],[-103.12218,38.92079],[-103.18776,38.96476],[-103.2436,39.0376],[-103.60495,39.19828],[-103.75567,39.21838],[-103.95492,39.22608],[-104.11134,39.16932],[-104.20066,39.16196],[-104.41064,39.16855],[-104.47896,39.18548],[-104.55189,39.23783],[-104.57227,39.31236],[-104.54526,39.40878],[-104.48104,39.50748],[-104.33568,39.70623],[-104.23446,39.8273],[-103.97551,40.06886],[-103.89527,40.11022],[-103.81555,40.17524],[-103.65506,40.25842],[-103.59803,40.35383],[-103.60076,40.36421],[-103.48544,40.46398],[-103.43225,40.57095],[-103.50308,40.65249],[-103.55243,40.77304],[-103.56243,40.87864],[-103.50879,40.9526],[-103.13439,40.91758],[-102.96881,40.76467],[-102.62537,40.59144],[-102.53122,40.51998],[-102.36041,40.4329],[-102.17735,40.44076],[-102.13638,40.47087],[-102.04339,40.57882],[-101.95148,40.70558],[-101.8672,40.76572],[-101.77642,40.77784],[-101.65368,40.60368],[-101.5504,40.56972],[-101.42448,40.57434],[-101.21723,40.64599],[-101.07644,40.76962],[-100.98424,40.80136],[-100.8863,40.82031],[-100.82201,40.77097],[-100.79139,40.68861],[-100.86018,40.54455],[-100.79563,40.44962],[-100.74476,40.41082],[-100.67185,40.30713],[-100.53517,40.23408],[-100.59506,40.16761],[-100.85691,40.17363],[-100.77821,40.0525],[-100.73527,39.8768],[-100.56714,39.75793],[-100.36335,39.69092],[-100.27176,39.76864],[-100.04297,39.83294],[-99.94511,39.8116],[-99.70799,39.80965],[-99.64525,39.84877],[-99.61413,39.89952],[-99.61755,39.98789],[-99.56743,40.09104],[-99.4347,40.16188],[-99.30007,40.18499],[-99.21167,40.13362],[-99.06498,40.17575],[-99.02131,40.22413],[-99.01776,40.25667],[-99.09741,40.34526],[-99.17066,40.37115],[-99.26415,40.45785],[-99.30273,40.52516],[-99.37649,40.55773],[-99.48509,40.5487],[-99.56725,40.56058],[-99.56907,40.60818],[-99.50756,40.66393],[-99.04012,40.83623],[-99.00514,40.88447],[-99.10714,40.94454],[-99.2896,40.98251],[-99.40263,41.05574],[-99.54984,41.05786],[-99.57263,41.01652],[-99.6024,40.99886],[-99.60094,40.96145],[-99.52229,40.81337],[-99.52049,40.76576],[-99.60961,40.7162],[-99.75424,40.69254],[-99.9011,40.72312],[-100.04023,40.78097],[-100.12494,40.84008],[-100.11992,40.92872],[-100.02146,40.97207],[-99.95116,41.03508],[-99.95317,41.08086],[-99.98009,41.15496],[-100.06779,41.19534],[-100.21078,41.19165],[-100.34246,41.15263],[-100.39784,41.11563],[-100.45171,41.05027],[-100.4978,41.02058],[-100.54571,41.02629],[-100.58825,41.11018],[-100.64385,41.25755],[-100.64118,41.38536],[-100.5666,41.42303],[-100.46915,41.39035],[-100.31481,41.36624],[-100.23195,41.4378],[-100.2201,41.4982],[-100.30482,41.53682],[-100.4077,41.56807],[-100.53755,41.58484],[-100.64833,41.58842],[-100.67705,41.60801],[-100.6697,41.6423],[-100.60707,41.67823],[-100.44262,41.71019],[-100.23784,41.67488],[-100.1533,41.64302],[-99.79469,41.4474],[-99.71788,41.42926],[-99.55168,41.41947],[-99.45123,41.42675],[-99.33195,41.47803],[-99.22866,41.58859],[-99.06856,41.73603],[-98.89457,41.79378],[-98.58789,41.82869],[-98.34203,41.86762],[-98.2978,41.9635],[-98.29023,42.04533],[-98.20909,42.16205],[-98.14921,42.18708],[-98.05259,42.19512],[-97.96483,42.15333],[-97.90574,42.08285],[-97.86522,41.95545],[-97.75842,41.89948],[-97.60396,41.87211],[-97.38267,41.90161],[-97.26748,41.97299],[-97.23915,42.07953],[-97.18161,42.16485],[-97.06565,42.19349],[-96.89149,42.18658],[-96.84949,42.2062],[-96.76295,42.20722],[-96.67621,42.24319],[-96.619,42.34286],[-96.58173,42.52407],[-96.6024,42.66601],[-96.72785,42.7223],[-96.77908,42.7195],[-96.8211,42.76227],[-96.86658,42.92569],[-97.01478,42.95257],[-97.15471,42.99339],[-97.29222,43.0676],[-97.47772,43.34878],[-97.57131,43.5142],[-97.59207,43.57449],[-97.67079,43.74233],[-97.77696,43.86457],[-97.92986,43.9044],[-98.25498,43.96965],[-98.42588,43.94039],[-98.53916,43.89798],[-98.72689,43.79979],[-98.86562,43.66795],[-98.92578,43.46213],[-98.92324,43.37859],[-98.87736,43.2844],[-98.63048,43.09392],[-98.719,42.99933],[-98.95029,42.98626],[-99.14847,43.03524],[-99.34302,42.94222],[-99.48854,42.86014],[-99.53683,42.71946],[-99.72799,42.59636],[-99.88003,42.61002],[-99.94616,42.58888],[-100.00747,42.49874],[-100.08406,42.34],[-100.2776,42.11002],[-100.39673,42.07953],[-100.55534,42.09552],[-100.69147,42.20746],[-100.80054,42.32693],[-100.83508,42.44184],[-100.84136,42.5508],[-100.86397,42.61833],[-100.99145,42.70519],[-101.17007,42.76177],[-101.35567,42.76139],[-101.5785,42.73781],[-101.78053,42.70055],[-101.99452,42.69087],[-102.09614,42.73597],[-102.07998,42.79338],[-101.91663,42.81141],[-101.86903,42.84512],[-101.77092,42.98352],[-101.5848,43.05779],[-101.48099,43.23303],[-101.49006,43.34658],[-101.67804,43.49167],[-101.82969,43.63491],[-102.11259,43.76199],[-102.41589,44.08957],[-102.54774,44.25548],[-102.62559,44.33734],[-102.78984,44.43129],[-103.09708,44.70955],[-103.68783,45.02148],[-103.88826,45.15883],[-103.99332,45.28764],[-104.03231,45.37818],[-103.94029,45.51673],[-103.44703,45.57519],[-102.9762,45.49719],[-102.54425,45.16569],[-102.41963,45.09297],[-102.21372,45.06706],[-101.64892,45.06892],[-101.23567,44.95813],[-101.14765,44.92376],[-101.068,44.78703],[-100.90729,44.62688],[-100.80164,44.6345],[-100.5547,44.67334],[-100.04845,44.73493],[-99.71762,44.80869],[-99.39944,44.99937],[-99.3261,45.11037],[-99.35902,45.21255],[-99.54782,45.31856],[-100.17176,45.34573],[-100.38778,45.38137],[-100.49807,45.41946],[-100.58805,45.47699],[-100.72503,45.61338],[-100.84344,45.88742],[-100.74736,46.1208],[-100.75316,46.2191],[-101.21693,46.8478],[-101.56293,47.02886],[-102.04643,47.24618],[-102.44656,47.47892],[-102.52473,47.58995],[-102.66727,47.75881],[-102.82894,47.91338],[-103.17888,48.06617],[-103.52575,48.07689],[-103.85562,48.02022],[-104.11855,47.81138],[-104.23053,47.67082],[-104.3016,47.63671],[-104.7579,47.65303],[-104.92326,47.64584],[-105.07673,47.55812],[-105.25206,47.44129],[-105.3886,47.25798],[-105.39994,47.18109],[-105.50479,46.86451],[-105.57441,46.60579],[-105.59884,46.37408],[-105.67519,46.17268],[-105.80759,46.03467],[-105.99674,45.81612],[-106.11227,45.66464],[-106.19017,45.53963],[-106.21534,45.38001],[-106.18067,45.2294],[-106.19368,45.08031],[-106.15516,44.94919],[-106.14478,44.82571],[-106.16366,44.75531],[-106.24098,44.70817],[-106.39615,44.63639],[-106.78585,44.56879],[-106.88285,44.50108],[-106.95949,44.4217],[-107.02237,44.22778],[-107.06449,44.1904],[-107.10688,44.17924],[-107.1476,44.18133],[-107.39081,44.28039],[-107.53683,44.36593],[-107.63908,44.45229],[-107.87766,44.62469],[-107.98375,44.68426],[-107.99945,44.7119],[-108.01416,44.84491],[-107.97474,44.89823],[-107.87809,44.94311],[-107.76281,44.96575],[-107.70379,44.99162],[-107.69343,45.04248],[-107.70674,45.07355],[-107.85689,45.16539],[-108.07181,45.21331],[-108.23114,45.5052],[-108.26495,45.64228],[-108.39041,45.92532],[-108.50159,46.08871],[-108.53359,46.19168],[-108.50625,46.27095],[-108.22618,46.48701],[-107.90479,46.71547],[-107.8991,46.76404],[-107.94988,46.81766],[-107.99588,46.84279],[-108.21704,46.83419],[-108.36575,46.84517],[-108.81856,46.72557],[-109.00482,46.66453],[-109.38447,46.56804],[-109.50615,46.61572],[-109.6175,46.61246],[-109.91595,46.71493],[-110.13236,46.72859],[-110.37423,46.68548],[-110.45596,46.60977],[-110.48666,46.42337],[-110.41647,46.21828],[-110.3603,46.1468],[-110.32755,46.14065],[-110.26016,46.14778],[-110.1334,46.08875],[-110.02274,45.95655],[-109.88754,45.81874],[-109.77925,45.74347],[-109.52538,45.66831],[-109.50144,45.55086],[-109.36319,45.4401],[-109.26643,45.29644],[-109.21074,45.1287],[-109.22833,45.0117],[-109.26579,44.89275],[-109.56031,44.83498],[-109.67086,44.72219],[-109.7379,44.4684],[-109.72611,44.29443],[-109.68834,44.10856],[-109.75444,44.05152],[-109.72739,43.94833],[-109.6595,43.88601],[-109.55715,43.80977],[-109.46486,43.48568],[-109.26062,43.06354],[-109.13871,42.86875],[-109.06113,42.69844],[-109.14855,42.61569],[-109.33282,42.59232],[-109.44267,42.61898],[-109.51593,42.59263],[-109.51621,42.60876],[-109.53641,42.50374],[-109.57476,42.414],[-109.64686,42.33955],[-109.6615,42.30078],[-109.77784,42.2173],[-109.96013,42.18826],[-110.04699,42.18545],[-110.12466,42.15062],[-110.21464,42.0809],[-110.40417,41.88032],[-110.51062,41.81687],[-110.68005,41.79878],[-111.02243,41.71269],[-111.11653,41.58965],[-111.1636,41.45311],[-111.14635,41.40532],[-111.07924,41.30384],[-110.90777,41.2197],[-110.71096,41.16109],[-110.26983,41.11112],[-110.19231,41.06776],[-110.17845,40.99476],[-110.24096,40.91943],[-110.38281,40.8585],[-110.64692,40.83565],[-110.89401,40.88796],[-111.18144,41.08581],[-111.37382,41.27048],[-111.60145,41.39394],[-111.79236,41.56578],[-111.82792,41.73122],[-111.8149,41.80048],[-111.85319,41.85098],[-111.83926,42.0038],[-111.72032,42.0832],[-111.52802,42.1426],[-111.40554,42.16455],[-111.28943,42.17124],[-111.1305,42.16132],[-110.99527,42.16999],[-110.85647,42.20767],[-110.67165,42.22381],[-110.47085,42.30062],[-110.43086,42.33134],[-110.37561,42.44792],[-110.33234,42.6484],[-110.30513,42.69054],[-110.34132,42.72627],[-110.34689,42.87495],[-110.3414,43.04777],[-110.27925,43.1748],[-110.31699,43.24557],[-110.39706,43.28898],[-110.58948,43.29759],[-110.6675,43.32958],[-110.71352,43.39943],[-110.69422,43.53947],[-110.65785,43.63532],[-110.6359,43.72391],[-110.64823,43.80782],[-110.79024,44.06645],[-110.9347,44.26013],[-111.0775,44.38751],[-111.39989,44.52003],[-111.71869,44.571],[-112.10871,44.57456],[-112.53093,44.53283],[-112.9563,44.60155],[-113.25043,44.79056],[-113.35318,44.78017],[-113.46034,44.74666],[-113.73387,44.63765],[-114.00171,44.11648],[-113.73758,43.69184],[-113.63964,43.51943],[-113.61703,43.42806],[-113.63298,43.39864],[-113.75778,43.32562],[-114.03356,43.32205],[-114.3731,43.42287],[-114.60396,43.47976],[-114.86539,43.4939],[-115.18319,43.41724],[-115.49273,43.30323],[-115.73787,43.26632],[-116.19001,43.23665],[-116.42242,43.20678],[-116.6451,43.21117],[-117.15778,43.20428],[-117.20057,43.21217],[-117.26485,43.24205],[-117.33689,43.29735],[-117.52905,43.59385],[-117.59964,43.88319],[-117.61242,44.13514],[-117.59358,44.22504],[-117.49883,44.29061],[-117.14935,44.288],[-116.96479,44.35288],[-116.78336,44.42913],[-116.67851,44.82141],[-116.59319,45.05286],[-116.5768,45.28624],[-116.61083,45.35745],[-116.62602,45.48954],[-116.65443,45.53642],[-116.66698,45.57814],[-116.63733,45.66956],[-116.58159,45.73807],[-116.54514,45.76536],[-116.43072,45.78217],[-116.1482,45.88408],[-116.0087,46.00143],[-115.97357,46.29852],[-116.02014,46.7549],[-116.03466,46.81259],[-116.01212,46.91383],[-115.95129,46.97463],[-115.80018,46.93928],[-115.65466,46.95403],[-115.60707,47.01576],[-115.65799,47.21097],[-115.70775,47.33918],[-115.70704,47.41542],[-115.83545,47.6646],[-115.9627,47.99693],[-116.03759,48.36635],[-116.03611,48.66103],[-116.0933,48.84962],[-116.18525,48.97205],[-116.28368,49.0014],[-115.69672,49.00172],[-115.72035,48.83434],[-115.64329,48.60607],[-115.57297,48.44614],[-115.54554,48.30559],[-115.51199,48.19103],[-115.3939,48.0222],[-115.36158,47.92639],[-115.36076,47.67],[-115.399,47.5179],[-115.40116,47.38326],[-115.37809,47.21138]]],[[[-110.91742,44.386],[-110.91724,44.38593],[-110.91742,44.386],[-110.91742,44.386]]],[[[-106.64353,46.30128],[-106.53743,46.30889],[-106.44429,46.33631],[-106.33188,46.40983],[-106.27644,46.49621],[-106.29546,46.58924],[-106.5428,46.72923],[-106.6806,46.73905],[-106.87754,46.68931],[-106.99503,46.64127],[-107.00723,46.57347],[-106.79404,46.32653],[-106.64353,46.30128]]],[[[-107.10681,44.74833],[-106.87252,44.64606],[-106.78125,44.78497],[-106.72049,44.85052],[-106.75152,44.92554],[-107.19403,44.91765],[-107.33681,44.88389],[-107.32866,44.87004],[-107.10681,44.74833]]],[[[-100.60807,47.53145],[-100.58174,47.50655],[-100.34731,47.53066],[-100.19401,47.60637],[-100.0548,47.70858],[-100.02264,47.83125],[-100.05005,47.85741],[-100.16045,47.90185],[-100.62879,48.00416],[-100.83787,48.03866],[-101.01545,48.04017],[-101.13311,48.02987],[-101.21755,48.00272],[-101.24765,47.97623],[-101.2436,47.91651],[-101.10678,47.77394],[-100.92197,47.74144],[-100.77598,47.69131],[-100.67643,47.61802],[-100.63213,47.53776],[-100.60807,47.53145]]],[[[-100.36593,43.86456],[-100.26112,43.86208],[-99.70907,43.96521],[-99.56864,43.92178],[-99.46102,43.84877],[-99.31712,43.81738],[-99.1562,43.84079],[-99.04494,43.93153],[-98.83743,44.00316],[-98.63812,44.04018],[-98.22833,44.0656],[-98.16232,44.10729],[-98.14466,44.18265],[-98.14716,44.31253],[-98.25451,44.40718],[-98.4302,44.53517],[-98.58447,44.55377],[-99.48444,44.5546],[-99.97312,44.58902],[-100.23253,44.59196],[-100.64346,44.55158],[-101.00592,44.38166],[-101.11075,44.23118],[-101.08622,44.17258],[-101.01321,44.05881],[-100.77458,43.90763],[-100.60248,43.86985],[-100.36593,43.86456]]],[[[-97.04384,44.12207],[-97.11279,43.94755],[-97.11761,43.91195],[-97.08921,43.83136],[-96.96183,43.69873],[-96.75434,43.55768],[-96.5704,43.49106],[-96.37504,43.46563],[-96.25746,43.48145],[-96.2022,43.50546],[-96.14459,43.51439],[-95.9128,43.63743],[-95.84231,43.72821],[-95.79462,43.82745],[-95.79297,43.93538],[-95.80127,44.02985],[-95.81412,44.06842],[-96.0059,44.51015],[-96.08651,44.6104],[-96.19158,44.62758],[-96.21428,44.62125],[-96.23836,44.6278],[-96.39057,44.60345],[-97.04384,44.12207]]],[[[-95.90986,43.49042],[-95.90286,43.40148],[-95.87046,43.37162],[-95.8387,43.30029],[-95.80168,43.03938],[-95.76208,42.96208],[-95.74042,42.9584],[-95.0225,43.01236],[-94.71079,43.12793],[-94.6207,43.20508],[-94.60579,43.24673],[-94.51055,43.34386],[-94.52758,43.38089],[-94.71636,43.47037],[-95.07254,43.47138],[-95.15092,43.48473],[-95.185,43.48233],[-95.33406,43.52065],[-95.6625,43.54178],[-95.81888,43.53123],[-95.90986,43.49042]]],[[[-100.81674,42.80063],[-100.65718,42.74141],[-100.41943,42.75079],[-100.21688,42.71801],[-100.05191,42.7364],[-99.98692,42.80905],[-100.03931,42.88596],[-100.37861,43.01941],[-100.60286,42.99893],[-100.78706,42.96506],[-100.85988,42.87041],[-100.81674,42.80063]]],[[[-95.88513,42.21067],[-95.87968,42.12861],[-95.81594,42.08081],[-95.72759,42.06825],[-95.61461,42.08497],[-95.5415,42.11974],[-95.40374,42.15969],[-95.26636,42.17584],[-95.13741,42.17421],[-95.03233,42.18461],[-94.88559,42.24164],[-94.81952,42.29387],[-94.79234,42.39404],[-94.83002,42.48931],[-94.93348,42.55597],[-95.0951,42.57599],[-95.36248,42.58522],[-95.64707,42.5408],[-95.79372,42.48881],[-95.852,42.37685],[-95.88513,42.21067]]],[[[-97.63478,41.46532],[-97.66148,41.39027],[-97.60587,41.34296],[-97.53246,41.34337],[-97.35826,41.36462],[-97.18409,41.41285],[-97.13837,41.46062],[-97.17529,41.49457],[-97.3136,41.54861],[-97.5618,41.52022],[-97.63478,41.46532]]],[[[-100.67992,38.11048],[-100.84647,38.05126],[-100.78714,37.95905],[-100.71354,37.87919],[-100.61885,37.82372],[-100.50737,37.73926],[-100.40615,37.69569],[-100.27651,37.68259],[-100.1647,37.716],[-100.11599,37.79445],[-100.15785,37.86392],[-100.42483,38.00814],[-100.66629,38.09371],[-100.67992,38.11048]]],[[[-93.49188,34.8811],[-93.45432,34.78092],[-93.42787,34.65611],[-93.39981,34.59417],[-93.33224,34.60369],[-93.25455,34.52067],[-93.05122,34.52196],[-93.03813,34.53038],[-93.01105,34.58268],[-93.00933,34.61745],[-93.07401,34.69618],[-93.0682,34.72734],[-92.5771,34.7662],[-92.47175,34.8076],[-92.41165,34.88198],[-92.35731,34.85553],[-92.29161,34.73106],[-92.21633,34.62706],[-92.14805,34.48145],[-92.09323,34.32935],[-92.04051,34.21562],[-92.04163,34.1285],[-92.11826,34.05842],[-92.23872,34.03537],[-92.38416,34.02014],[-92.52598,33.98381],[-92.58524,33.89181],[-92.59871,33.79673],[-92.45496,33.42834],[-92.39092,33.29356],[-92.33477,33.20877],[-92.18813,33.13756],[-92.02056,33.09033],[-91.79529,33.07039],[-91.7419,33.12225],[-91.69328,33.11437],[-91.46022,33.12272],[-91.23289,33.06018],[-91.1088,33.01256],[-90.8107,33.01127],[-90.71396,33.04956],[-90.60665,33.11577],[-90.29682,33.25032],[-90.15752,33.3587],[-90.0422,33.42162],[-90.02628,33.56125],[-90.02787,33.6771],[-89.99772,33.92418],[-90.06506,33.96917],[-90.29975,33.99224],[-90.43649,34.02024],[-90.58049,34.06975],[-90.69725,34.13917],[-90.76754,34.25615],[-90.84909,34.33801],[-90.93091,34.39294],[-90.9881,34.39958],[-91.08808,34.38015],[-91.15504,34.33082],[-91.19447,34.28839],[-91.34302,34.24419],[-91.62302,34.21918],[-91.78114,34.28307],[-91.76029,34.42435],[-91.63424,34.57043],[-91.62958,34.58738],[-91.60772,34.57213],[-91.59384,34.78292],[-91.64129,34.90269],[-91.54584,35.15034],[-91.57563,35.24377],[-91.70056,35.29301],[-91.94812,35.27693],[-92.17442,35.24339],[-92.85751,35.37568],[-93.0106,35.43283],[-93.17986,35.46463],[-93.30489,35.47758],[-93.46505,35.38552],[-93.53073,35.26276],[-93.49188,34.8811]]],[[[-91.68325,35.77682],[-91.63375,35.90035],[-91.54378,36.01131],[-91.38314,36.10629],[-91.21608,36.16668],[-91.06042,36.1865],[-90.95907,36.16791],[-90.92433,36.15022],[-90.92094,36.07796],[-90.88504,36.01047],[-90.82805,35.95011],[-90.7474,35.92958],[-90.63472,35.92375],[-90.45087,35.99854],[-90.27245,36.08431],[-90.16184,36.17365],[-90.13574,36.27449],[-90.19209,36.41403],[-90.29063,36.4672],[-90.42811,36.4699],[-90.48498,36.4826],[-90.61151,36.4564],[-90.9558,36.42456],[-91.28159,36.35805],[-91.54958,36.37021],[-91.68696,36.32696],[-91.71536,36.21328],[-91.71063,36.131],[-91.81021,36.02854],[-91.87555,35.97383],[-91.87066,35.89154],[-91.83562,35.79977],[-91.76837,35.73123],[-91.68325,35.77682]]],[[[-97.57995,38.29078],[-97.64065,38.34352],[-97.73495,38.32295],[-97.79449,38.27603],[-97.80204,38.19629],[-97.6988,38.1705],[-97.61319,38.18435],[-97.57948,38.24431],[-97.57995,38.29078]]],[[[-122.53684,47.91258],[-122.5247,47.9123],[-122.52769,47.90028],[-122.51277,47.87609],[-122.5046,47.82969],[-122.48265,47.81665],[-122.48171,47.80792],[-122.50484,47.79377],[-122.48229,47.78304],[-122.47039,47.76757],[-122.46979,47.74778],[-122.51199,47.74211],[-122.5458,47.7476],[-122.55914,47.76535],[-122.54744,47.73561],[-122.5884,47.69172],[-122.61122,47.71163],[-122.62592,47.70865],[-122.62286,47.7179],[-122.63715,47.72275],[-122.64999,47.7451],[-122.66021,47.72883],[-122.64066,47.70704],[-122.63472,47.71035],[-122.63775,47.70018],[-122.61224,47.70149],[-122.6215,47.69675],[-122.61539,47.695],[-122.611,47.66331],[-122.61998,47.65029],[-122.59,47.63693],[-122.5957,47.58439],[-122.60787,47.56673],[-122.64127,47.58278],[-122.66006,47.60319],[-122.65907,47.61379],[-122.67552,47.62366],[-122.67058,47.63662],[-122.68175,47.64933],[-122.70077,47.63568],[-122.70796,47.61026],[-122.70169,47.60346],[-122.68433,47.60604],[-122.68828,47.58389],[-122.68066,47.5771],[-122.67747,47.58175],[-122.67574,47.57028],[-122.66699,47.5695],[-122.67847,47.59186],[-122.67319,47.59425],[-122.66875,47.58189],[-122.66677,47.60309],[-122.66337,47.58152],[-122.65419,47.5881],[-122.62133,47.5679],[-122.69711,47.52762],[-122.60726,47.54788],[-122.56886,47.5848],[-122.5536,47.59009],[-122.54311,47.57654],[-122.74344,47.44097],[-122.913,47.3899],[-122.84254,47.43279],[-122.84239,47.44705],[-122.90416,47.41517],[-123.00797,47.38207],[-123.02913,47.35823],[-123.05078,47.36473],[-123.04256,47.37683],[-123.05432,47.36972],[-123.11271,47.37461],[-123.12068,47.39009],[-123.08331,47.44322],[-123.03357,47.49013],[-123.02535,47.52019],[-122.96748,47.56769],[-122.96278,47.58526],[-122.9341,47.58991],[-122.921,47.59842],[-122.91449,47.622],[-122.86785,47.63201],[-122.84566,47.64988],[-122.82636,47.65481],[-122.83311,47.63674],[-122.75419,47.66566],[-122.74126,47.69993],[-122.74799,47.71961],[-122.73717,47.73728],[-122.72781,47.73881],[-122.7166,47.76523],[-122.68948,47.77902],[-122.68214,47.80123],[-122.62004,47.83765],[-122.60521,47.85814],[-122.58092,47.85712],[-122.58321,47.82347],[-122.57555,47.8153],[-122.56231,47.82286],[-122.57413,47.85538],[-122.5713,47.87247],[-122.58851,47.90445],[-122.57979,47.90596],[-122.59648,47.92183],[-122.61618,47.92568],[-122.61462,47.93998],[-122.60249,47.94016],[-122.58974,47.92193],[-122.53684,47.91258]]],[[[-122.68567,48.10192],[-122.6926,48.09131],[-122.66955,48.02899],[-122.66987,48.01838],[-122.68645,48.00937],[-122.734,48.03672],[-122.74277,48.0753],[-122.72565,48.08894],[-122.71457,48.04164],[-122.69962,48.0193],[-122.69067,48.03419],[-122.70419,48.05425],[-122.69255,48.04983],[-122.69143,48.05675],[-122.69962,48.05893],[-122.7197,48.09273],[-122.73982,48.08779],[-122.70448,48.10265],[-122.68567,48.10192]]],[[[-122.91722,48.13001],[-122.91032,48.12644],[-122.94265,48.12265],[-122.92953,48.13349],[-122.91722,48.13001]]],[[[-124.74651,48.15455],[-124.75121,48.15394],[-124.75581,48.16211],[-124.74651,48.15455]]],[[[-119.8425,48.15124],[-119.65006,48.13266],[-119.43228,48.19246],[-119.21669,48.22922],[-118.89396,48.25733],[-118.71826,48.31489],[-118.61397,48.42212],[-118.57158,48.56068],[-118.55102,48.67491],[-118.47692,48.81177],[-118.44172,48.91457],[-118.44991,49.00082],[-117.29922,49.00092],[-117.32518,48.99566],[-117.41821,48.88017],[-117.50502,48.50137],[-117.52971,48.24052],[-117.59502,48.13599],[-118.19878,47.83351],[-118.30231,47.72935],[-118.37165,47.58318],[-118.36091,47.4632],[-118.29436,47.26432],[-118.25242,47.10895],[-118.26905,47.01186],[-118.34916,46.78331],[-118.43586,46.63461],[-118.6819,46.41287],[-118.86767,46.27464],[-118.92679,46.1638],[-118.93871,46.07085],[-118.96141,46.00983],[-119.02058,45.87201],[-119.05495,45.82994],[-119.08314,45.80992],[-119.45628,45.41063],[-119.74066,45.27144],[-120.05101,45.14886],[-120.48927,45.07893],[-120.9893,45.01478],[-121.17323,45.0214],[-121.34638,45.05007],[-121.53518,45.06884],[-121.69073,45.10043],[-121.86773,45.08714],[-122.06744,45.00825],[-122.2529,44.9182],[-122.37322,44.83377],[-122.52081,44.77096],[-122.7145,44.75308],[-122.92805,44.78524],[-123.10515,44.79727],[-123.25828,44.77316],[-123.3733,44.70222],[-123.50379,44.41047],[-123.64878,43.99324],[-123.73231,43.78637],[-124.00934,43.42218],[-124.31264,43.30053],[-124.31282,43.31509],[-124.31924,43.31718],[-124.31134,43.32242],[-124.31873,43.33086],[-124.30093,43.33911],[-124.28786,43.33084],[-124.28505,43.33684],[-124.30112,43.34275],[-124.31838,43.33588],[-124.31318,43.35561],[-124.3008,43.35961],[-124.27705,43.39764],[-124.24936,43.42166],[-124.21471,43.42264],[-124.21891,43.38381],[-124.20859,43.36771],[-124.1806,43.37487],[-124.17755,43.36494],[-124.16608,43.36253],[-124.17422,43.38507],[-124.19708,43.39991],[-124.18748,43.42067],[-124.2217,43.43519],[-124.19443,43.46784],[-124.21319,43.45274],[-124.22912,43.45548],[-124.23415,43.43211],[-124.24692,43.43493],[-124.26966,43.42381],[-124.28529,43.39832],[-124.31326,43.37974],[-124.32403,43.35803],[-124.3354,43.35861],[-124.25775,43.49429],[-124.23049,43.56197],[-124.20552,43.66113],[-124.17976,43.67643],[-124.17847,43.68786],[-124.15252,43.69997],[-124.1561,43.70762],[-124.13787,43.73409],[-124.13095,43.73519],[-124.10844,43.70483],[-124.06155,43.69243],[-123.98443,43.69494],[-123.93233,43.67899],[-123.91392,43.66535],[-123.92212,43.67744],[-123.96358,43.69595],[-124.08318,43.70643],[-124.07767,43.72207],[-124.11166,43.71795],[-124.12063,43.74368],[-124.13555,43.7501],[-124.16279,43.73796],[-124.16592,43.70188],[-124.20319,43.67669],[-124.16663,43.8094],[-124.15873,43.816],[-124.16526,43.81946],[-124.15652,43.86938],[-124.14725,43.87419],[-124.15501,43.87671],[-124.15437,43.88859],[-124.13573,44.01536],[-124.12423,43.99061],[-124.1257,43.97051],[-124.10615,43.96147],[-124.07274,43.96693],[-124.06244,43.96448],[-124.06199,43.95582],[-124.05024,43.97437],[-124.05673,43.97693],[-124.02296,43.98786],[-124.07507,43.97507],[-124.07604,43.98143],[-124.05933,43.99008],[-124.06601,43.99629],[-124.08208,43.97534],[-124.11217,43.96723],[-124.12147,43.97473],[-124.1246,44.02159],[-124.12874,44.01555],[-124.13809,44.02396],[-124.12273,44.10599],[-124.12768,44.13914],[-124.11557,44.17504],[-124.11072,44.26365],[-124.11718,44.27716],[-124.10422,44.3099],[-124.11161,44.31654],[-124.10119,44.33689],[-124.08572,44.41897],[-124.06091,44.43424],[-124.06069,44.41782],[-124.05186,44.43266],[-124.03332,44.40851],[-124.02793,44.4155],[-124.00035,44.4144],[-124.03162,44.42498],[-124.02814,44.44424],[-124.04768,44.45056],[-124.0781,44.43241],[-124.07772,44.42512],[-124.08366,44.42861],[-124.08506,44.5034],[-124.06786,44.61477],[-124.04712,44.62308],[-124.03883,44.61189],[-124.0261,44.61405],[-124.04053,44.59541],[-124.02069,44.60871],[-124.01691,44.59786],[-124.02572,44.58211],[-123.98538,44.5713],[-123.96735,44.56994],[-123.94959,44.58638],[-123.97138,44.57349],[-124.01751,44.58461],[-124.00447,44.61781],[-124.01205,44.62766],[-124.04954,44.6326],[-124.06578,44.62395],[-124.05695,44.66344],[-124.07822,44.67703],[-124.0696,44.6841],[-124.05739,44.73282],[-124.06656,44.7481],[-123.81672,44.84932],[-123.49943,45.03699],[-123.26445,45.14585],[-122.49825,45.39968],[-122.2498,45.52928],[-122.01031,45.60908],[-121.82711,45.60993],[-121.65168,45.55484],[-121.4527,45.43627],[-121.27238,45.3141],[-121.08882,45.23302],[-120.91066,45.19134],[-120.69937,45.18924],[-120.6434,45.19546],[-120.00766,45.36198],[-119.73872,45.58907],[-119.6304,45.74342],[-119.5964,45.84647],[-119.72646,46.08963],[-119.95008,46.31594],[-120.10191,46.42622],[-120.29437,46.44835],[-120.36641,46.52701],[-120.50669,46.56427],[-120.5899,46.5055],[-120.62784,46.36613],[-120.23318,46.1458],[-120.16186,46.07215],[-120.21858,46.04127],[-120.42474,46.05828],[-120.60992,46.11496],[-120.82391,46.13612],[-121.44091,46.1465],[-121.46952,46.20373],[-121.44437,46.36707],[-121.43423,46.60069],[-121.51373,46.86876],[-121.44059,47.06706],[-121.30275,47.1966],[-121.01328,47.25624],[-120.95648,47.3597],[-120.83351,47.51622],[-120.82585,47.62177],[-120.97513,47.88902],[-121.05146,48.22019],[-121.10811,48.73577],[-121.19349,49.00061],[-120.72338,49.00112],[-120.34819,48.19054],[-120.00698,48.18192],[-119.8425,48.15124]]],[[[-124.7061,48.38749],[-124.63966,48.39041],[-124.62394,48.36778],[-124.58969,48.37433],[-124.56548,48.36765],[-124.39497,48.28987],[-124.35344,48.28779],[-124.27972,48.25751],[-124.23599,48.26376],[-124.1011,48.21701],[-124.10384,48.2054],[-124.11297,48.21117],[-124.10827,48.19975],[-124.06016,48.18761],[-124.0467,48.17688],[-123.97831,48.16477],[-123.77737,48.15579],[-123.72641,48.16575],[-123.71927,48.15853],[-123.70079,48.16818],[-123.65017,48.1578],[-123.63831,48.15069],[-123.6407,48.14418],[-123.60854,48.13706],[-123.57683,48.13915],[-123.54832,48.15177],[-123.51154,48.13274],[-123.40224,48.14059],[-123.46024,48.13568],[-123.45242,48.12755],[-123.40045,48.11572],[-123.31383,48.11519],[-123.28638,48.1222],[-123.24818,48.11512],[-123.19843,48.13869],[-123.14722,48.17748],[-123.10155,48.1871],[-123.13158,48.17593],[-123.14304,48.15819],[-123.14375,48.1757],[-123.18392,48.14819],[-123.11916,48.15357],[-123.06512,48.1223],[-123.03869,48.08682],[-123.04497,48.09178],[-123.05074,48.08383],[-123.04391,48.08211],[-123.04365,48.05815],[-123.00798,48.02745],[-122.99596,48.0309],[-123.00903,48.05463],[-123.00269,48.06534],[-123.01961,48.08302],[-123.03716,48.08224],[-122.9843,48.09702],[-122.91531,48.09685],[-122.92635,48.06669],[-122.87296,48.04871],[-122.85911,48.02083],[-122.86008,48.01068],[-122.88096,47.99051],[-122.84614,47.99848],[-122.83442,48.01065],[-122.82682,48.0435],[-122.85943,48.06692],[-122.89026,48.07792],[-122.87799,48.09381],[-122.88455,48.1066],[-122.83697,48.13783],[-122.75533,48.14471],[-122.76167,48.13262],[-122.74762,48.11763],[-122.79031,48.10034],[-122.79861,48.08638],[-122.76518,48.0588],[-122.76893,48.04999],[-122.75198,48.02906],[-122.73112,48.0317],[-122.73354,48.02337],[-122.72816,48.02437],[-122.71052,47.98226],[-122.70147,47.97411],[-122.67913,47.97262],[-122.67619,47.96529],[-122.69215,47.95813],[-122.68714,47.94992],[-122.67738,47.96067],[-122.68415,47.94121],[-122.67863,47.91734],[-122.65687,47.93242],[-122.6539,47.90391],[-122.64275,47.89303],[-122.61154,47.88706],[-122.62066,47.87725],[-122.62574,47.88822],[-122.63515,47.88716],[-122.62751,47.88037],[-122.63852,47.86684],[-122.69389,47.87012],[-122.68528,47.83434],[-122.72158,47.81258],[-122.74041,47.81182],[-122.74809,47.80018],[-122.74592,47.77627],[-122.75633,47.74664],[-122.76894,47.74183],[-122.78226,47.71906],[-122.78309,47.70431],[-122.7699,47.69256],[-122.77981,47.68733],[-122.79586,47.68523],[-122.8029,47.69432],[-122.79989,47.68516],[-122.81254,47.68173],[-122.8297,47.69203],[-122.82493,47.70868],[-122.81113,47.71765],[-122.80746,47.74672],[-122.78679,47.79034],[-122.78604,47.80739],[-122.80949,47.842],[-122.80268,47.83981],[-122.80312,47.85224],[-122.81407,47.85712],[-122.80834,47.84754],[-122.82358,47.8215],[-122.81549,47.80229],[-122.83224,47.78129],[-122.84781,47.78379],[-122.84543,47.811],[-122.85409,47.82697],[-122.86218,47.8273],[-122.87036,47.8115],[-122.86221,47.7725],[-122.84901,47.76121],[-122.84949,47.73726],[-122.87262,47.74424],[-122.87008,47.73001],[-122.87888,47.7317],[-122.8828,47.71],[-122.89195,47.70294],[-122.88809,47.68965],[-122.91866,47.66197],[-122.90197,47.66502],[-122.90014,47.6517],[-122.90732,47.64606],[-122.92963,47.64981],[-122.939,47.63123],[-122.97675,47.61722],[-123.01235,47.5655],[-123.03922,47.54937],[-123.05553,47.50353],[-123.10925,47.45561],[-123.14362,47.39471],[-123.14869,47.37116],[-123.15596,47.36918],[-123.15859,47.35166],[-123.12654,47.33618],[-123.1087,47.34112],[-123.10137,47.35873],[-123.04357,47.35039],[-123.15585,47.31627],[-123.20345,47.39645],[-123.1726,47.5656],[-123.51042,47.75859],[-123.5678,47.87063],[-123.90014,47.92369],[-124.08109,47.93132],[-124.06911,47.821],[-123.87455,47.69791],[-123.83816,47.61532],[-123.88215,47.4542],[-124.13058,47.3489],[-124.23708,47.28628],[-124.25874,47.30403],[-124.27676,47.30354],[-124.29726,47.34575],[-124.27376,47.34409],[-124.31847,47.35391],[-124.32388,47.36617],[-124.3291,47.39823],[-124.33742,47.40306],[-124.34483,47.49488],[-124.35944,47.56029],[-124.42162,47.73491],[-124.45379,47.76578],[-124.47961,47.76964],[-124.47471,47.77762],[-124.49149,47.82044],[-124.53884,47.83428],[-124.53784,47.83984],[-124.55158,47.84405],[-124.56188,47.86863],[-124.59225,47.87972],[-124.60996,47.87182],[-124.60991,47.88151],[-124.63916,47.90645],[-124.64086,47.93313],[-124.65936,47.9478],[-124.66091,47.96158],[-124.67472,47.96624],[-124.66884,47.97979],[-124.68118,48.00339],[-124.6837,48.04251],[-124.69662,48.07487],[-124.68857,48.09679],[-124.73438,48.16599],[-124.7046,48.1872],[-124.69675,48.2022],[-124.69174,48.21896],[-124.70884,48.24198],[-124.68486,48.25932],[-124.68111,48.27467],[-124.68837,48.29246],[-124.66725,48.30185],[-124.66481,48.3167],[-124.672,48.32295],[-124.66222,48.32924],[-124.66834,48.33968],[-124.68723,48.33773],[-124.71776,48.36821],[-124.73148,48.3701],[-124.73176,48.38487],[-124.7061,48.38749]]],[[[-132.09607,54.68898],[-132.09345,54.68206],[-132.11458,54.68396],[-132.10613,54.69152],[-132.09607,54.68898]]],[[[-132.10547,54.70018],[-132.10993,54.70395],[-132.10657,54.70661],[-132.10547,54.70018]]],[[[-131.43872,54.90946],[-131.43585,54.90559],[-131.43917,54.90446],[-131.43872,54.90946]]],[[[-131.47341,54.95627],[-131.44555,54.91868],[-131.46842,54.91405],[-131.49596,54.93363],[-131.47341,54.95627]]],[[[-131.58123,54.93847],[-131.59154,54.92964],[-131.59555,54.93799],[-131.58123,54.93847]]],[[[-132.32602,54.74804],[-132.33675,54.75285],[-132.32647,54.75307],[-132.32602,54.74804]]],[[[-131.51183,54.9597],[-131.52309,54.95821],[-131.517,54.96397],[-131.51183,54.9597]]],[[[-131.6034,54.93913],[-131.61142,54.93799],[-131.61332,54.94353],[-131.6034,54.93913]]],[[[-131.56177,54.96074],[-131.53783,54.95318],[-131.56154,54.95434],[-131.56177,54.96074]]],[[[-131.57787,54.94934],[-131.58576,54.95003],[-131.58364,54.95591],[-131.57787,54.94934]]],[[[-132.37674,54.75652],[-132.36597,54.75261],[-132.38091,54.75341],[-132.37674,54.75652]]],[[[-131.603,54.95237],[-131.59021,54.95336],[-131.58403,54.94267],[-131.603,54.95237]]],[[[-132.34131,54.76667],[-132.33416,54.76741],[-132.32766,54.75858],[-132.34131,54.76667]]],[[[-131.58373,54.96368],[-131.59102,54.96207],[-131.5913,54.96801],[-131.58321,54.96961],[-131.58373,54.96368]]],[[[-132.33554,54.78161],[-132.3174,54.78119],[-132.32227,54.76805],[-132.345,54.78183],[-132.33554,54.78161]]],[[[-131.52907,54.99723],[-131.5131,54.99812],[-131.4997,54.98812],[-131.50063,54.96073],[-131.54187,54.99625],[-131.52907,54.99723]]],[[[-131.98796,54.8717],[-132.00656,54.87675],[-132.0053,54.88311],[-131.98597,54.87713],[-131.98796,54.8717]]],[[[-131.97852,54.88104],[-131.98703,54.88355],[-131.98629,54.89312],[-131.97902,54.89476],[-131.97852,54.88104]]],[[[-131.54526,55.00274],[-131.55289,55.00617],[-131.54651,55.00644],[-131.54526,55.00274]]],[[[-132.01163,54.88282],[-132.02777,54.88918],[-132.01061,54.88599],[-132.01163,54.88282]]],[[[-132.39855,54.78442],[-132.39591,54.7766],[-132.41596,54.78391],[-132.40235,54.79821],[-132.39855,54.78442]]],[[[-132.01177,54.89151],[-132.02243,54.89681],[-132.00835,54.89462],[-132.01177,54.89151]]],[[[-132.39328,54.81537],[-132.40111,54.81646],[-132.39385,54.81858],[-132.39328,54.81537]]],[[[-132.40261,54.80599],[-132.41301,54.81582],[-132.403,54.81193],[-132.40261,54.80599]]],[[[-132.42929,54.80887],[-132.42754,54.78782],[-132.43653,54.78345],[-132.44544,54.80375],[-132.43451,54.81356],[-132.42929,54.80887]]],[[[-132.45713,54.80629],[-132.46283,54.80368],[-132.4639,54.81147],[-132.45713,54.80629]]],[[[-132.33867,54.8502],[-132.314,54.84095],[-132.33226,54.84],[-132.33867,54.8502]]],[[[-132.7145,54.77105],[-132.72707,54.77222],[-132.72296,54.77488],[-132.7145,54.77105]]],[[[-132.37827,54.88446],[-132.38268,54.88958],[-132.3779,54.88993],[-132.37827,54.88446]]],[[[-132.39058,54.88976],[-132.40053,54.89501],[-132.39104,54.8948],[-132.39058,54.88976]]],[[[-131.97396,54.99879],[-131.98671,55.00826],[-131.97618,55.01072],[-131.97396,54.99879]]],[[[-132.40634,54.89103],[-132.41703,54.88533],[-132.42237,54.90007],[-132.41205,54.9003],[-132.40634,54.89103]]],[[[-131.59631,55.12161],[-131.56234,55.07599],[-131.57341,55.06984],[-131.5528,55.06317],[-131.5313,55.03385],[-131.55825,55.0173],[-131.59952,55.00938],[-131.5837,55.00846],[-131.59366,55.00373],[-131.59368,54.99459],[-131.60938,54.99688],[-131.60875,55.01285],[-131.6248,55.01104],[-131.64304,55.02071],[-131.64421,55.03445],[-131.62046,55.0333],[-131.61222,55.0454],[-131.62284,55.05118],[-131.6071,55.05803],[-131.61185,55.06731],[-131.59966,55.07015],[-131.58853,55.08764],[-131.5934,55.09555],[-131.61245,55.09657],[-131.59631,55.12161]]],[[[-132.43508,54.91132],[-132.43061,54.90711],[-132.44008,54.8959],[-132.44355,54.90328],[-132.43508,54.91132]]],[[[-132.10993,54.99725],[-132.11843,55.00021],[-132.10645,55.00127],[-132.10993,54.99725]]],[[[-132.52692,54.90053],[-132.53261,54.89837],[-132.52979,54.90516],[-132.52692,54.90053]]],[[[-131.98796,55.05305],[-132.00083,55.0511],[-131.99085,55.05678],[-131.98796,55.05305]]],[[[-132.00957,55.06138],[-132.01776,55.05839],[-132.0129,55.06968],[-132.00656,55.06952],[-132.00957,55.06138]]],[[[-132.49343,54.94],[-132.50757,54.94213],[-132.49619,54.94645],[-132.49343,54.94]]],[[[-132.94199,54.82788],[-132.94648,54.83253],[-132.94007,54.83424],[-132.94199,54.82788]]],[[[-132.0654,55.04957],[-132.07679,55.0567],[-132.06877,55.05742],[-132.0654,55.04957]]],[[[-131.71787,55.1398],[-131.72722,55.14235],[-131.71561,55.1475],[-131.71787,55.1398]]],[[[-132.98246,54.82494],[-132.95255,54.82259],[-132.98632,54.81177],[-132.9961,54.82107],[-132.98246,54.82494]]],[[[-132.09064,55.06254],[-132.1037,55.0583],[-132.10649,55.06339],[-132.09064,55.06254]]],[[[-132.48075,54.96393],[-132.4912,54.95],[-132.49837,54.96157],[-132.48075,54.96393]]],[[[-132.11231,55.06034],[-132.11846,55.06323],[-132.11203,55.06398],[-132.11231,55.06034]]],[[[-132.76659,54.9205],[-132.76767,54.9292],[-132.75244,54.9321],[-132.74959,54.92656],[-132.73215,54.93992],[-132.71749,54.93324],[-132.75264,54.91521],[-132.74515,54.90776],[-132.7358,54.90529],[-132.73279,54.91573],[-132.6975,54.9228],[-132.68271,54.90514],[-132.67684,54.91051],[-132.66762,54.90575],[-132.67708,54.89362],[-132.65413,54.89315],[-132.66162,54.90015],[-132.65264,54.90454],[-132.63602,54.89141],[-132.6254,54.8711],[-132.64664,54.87336],[-132.66056,54.86588],[-132.62784,54.84466],[-132.63749,54.84212],[-132.63382,54.83748],[-132.67385,54.85565],[-132.67124,54.84646],[-132.67783,54.84203],[-132.68532,54.84903],[-132.71244,54.84546],[-132.67362,54.83327],[-132.66774,54.82584],[-132.6812,54.82565],[-132.67911,54.82105],[-132.64069,54.81569],[-132.63976,54.80517],[-132.62807,54.80265],[-132.63492,54.79411],[-132.61872,54.78783],[-132.61545,54.76401],[-132.62954,54.76613],[-132.62773,54.75696],[-132.64006,54.74899],[-132.6809,54.76535],[-132.68241,54.77955],[-132.70636,54.81474],[-132.73406,54.82762],[-132.74465,54.84929],[-132.75995,54.84457],[-132.80529,54.86782],[-132.80112,54.87139],[-132.81098,54.87889],[-132.8068,54.89662],[-132.81882,54.92196],[-132.79546,54.90097],[-132.79845,54.91792],[-132.78871,54.92185],[-132.80738,54.92814],[-132.76659,54.9205]]],[[[-131.95943,55.14137],[-131.96627,55.14565],[-131.95659,55.14677],[-131.95943,55.14137]]],[[[-133.50795,54.74759],[-133.5158,54.7486],[-133.52025,54.75596],[-133.50795,54.74759]]],[[[-132.83565,54.93278],[-132.84548,54.94119],[-132.83994,54.94108],[-132.83565,54.93278]]],[[[-132.59037,55.00006],[-132.60814,54.99541],[-132.59636,55.00566],[-132.59037,55.00006]]],[[[-132.72394,54.98451],[-132.7199,54.97256],[-132.74323,54.98078],[-132.72394,54.98451]]],[[[-132.87258,54.9531],[-132.86226,54.95291],[-132.87213,54.9467],[-132.87894,54.95276],[-132.87258,54.9531]]],[[[-132.83959,54.96116],[-132.85215,54.96368],[-132.84163,54.96714],[-132.83959,54.96116]]],[[[-132.86069,54.96704],[-132.86879,54.96399],[-132.87151,54.97226],[-132.86069,54.96704]]],[[[-132.82756,54.97738],[-132.84252,54.97948],[-132.85085,54.98649],[-132.82756,54.97738]]],[[[-133.53943,54.83246],[-133.52591,54.83456],[-133.50861,54.79142],[-133.51839,54.76325],[-133.54618,54.77958],[-133.53681,54.79772],[-133.54383,54.8001],[-133.54392,54.81836],[-133.53424,54.82326],[-133.54428,54.82932],[-133.53943,54.83246]]],[[[-132.11653,55.22529],[-132.12035,55.22767],[-132.1115,55.22836],[-132.11653,55.22529]]],[[[-133.53868,54.85207],[-133.54544,54.86129],[-133.53212,54.85792],[-133.53868,54.85207]]],[[[-132.69017,55.08337],[-132.69858,55.08901],[-132.69181,55.09573],[-132.69017,55.08337]]],[[[-132.86415,55.06069],[-132.85308,55.05957],[-132.86615,55.05343],[-132.87133,55.06037],[-132.86415,55.06069]]],[[[-132.22768,55.23575],[-132.23293,55.22949],[-132.23925,55.23055],[-132.22768,55.23575]]],[[[-132.89789,55.05492],[-132.90779,55.06286],[-132.89746,55.06267],[-132.89789,55.05492]]],[[[-132.84949,55.08096],[-132.86293,55.08259],[-132.85796,55.08614],[-132.84949,55.08096]]],[[[-132.90499,55.07057],[-132.91176,55.07755],[-132.90073,55.07552],[-132.90499,55.07057]]],[[[-132.91529,55.05661],[-132.90996,55.05241],[-132.924,55.04261],[-132.92826,55.05228],[-132.92014,55.05533],[-132.93203,55.07061],[-132.92386,55.07457],[-132.91529,55.05661]]],[[[-132.07871,55.291],[-132.08382,55.29752],[-132.07474,55.30095],[-132.07871,55.291]]],[[[-132.69567,55.12411],[-132.68846,55.12442],[-132.69136,55.11626],[-132.70392,55.10601],[-132.72223,55.11961],[-132.72834,55.13754],[-132.70993,55.13854],[-132.69567,55.12411]]],[[[-132.89229,55.08403],[-132.89569,55.0946],[-132.88884,55.08899],[-132.89229,55.08403]]],[[[-132.90972,55.12909],[-132.91603,55.13011],[-132.91867,55.1402],[-132.90972,55.12909]]],[[[-132.90384,55.14906],[-132.89713,55.14072],[-132.90744,55.14137],[-132.90384,55.14906]]],[[[-131.83881,55.42125],[-131.81665,55.41609],[-131.68292,55.23766],[-131.68198,55.22191],[-131.6996,55.2215],[-131.72309,55.22719],[-131.74207,55.24827],[-131.76743,55.2604],[-131.77413,55.25693],[-131.77266,55.24593],[-131.74227,55.22727],[-131.75092,55.21975],[-131.74839,55.21191],[-131.71677,55.19869],[-131.71202,55.18897],[-131.72986,55.18581],[-131.72141,55.17279],[-131.72879,55.16112],[-131.75399,55.15589],[-131.75627,55.14773],[-131.74135,55.14503],[-131.74773,55.12648],[-131.77794,55.13692],[-131.78369,55.16311],[-131.80599,55.16373],[-131.80602,55.18246],[-131.82312,55.17836],[-131.84107,55.23137],[-131.84023,55.25098],[-131.87091,55.31528],[-131.85505,55.35184],[-131.87856,55.37804],[-131.82822,55.37531],[-131.85132,55.39649],[-131.85485,55.42169],[-131.83881,55.42125]]],[[[-132.87265,55.17907],[-132.86493,55.17437],[-132.87731,55.16729],[-132.88077,55.17649],[-132.87265,55.17907]]],[[[-132.82567,55.19144],[-132.81276,55.17979],[-132.82119,55.17218],[-132.77163,55.16029],[-132.73569,55.13449],[-132.72036,55.09766],[-132.70687,55.09694],[-132.71186,55.09339],[-132.7067,55.08644],[-132.71584,55.08023],[-132.69995,55.07946],[-132.70159,55.06579],[-132.68271,55.04898],[-132.68645,55.02668],[-132.71054,55.0226],[-132.72904,55.00561],[-132.73821,55.01173],[-132.75038,55.0074],[-132.74544,54.9968],[-132.75154,54.98779],[-132.78017,55.01437],[-132.76973,55.016],[-132.77228,55.027],[-132.78675,55.02408],[-132.78879,55.01636],[-132.80629,55.04363],[-132.81281,55.04056],[-132.80204,55.00702],[-132.86779,55.02424],[-132.88932,55.03742],[-132.87464,55.044],[-132.87886,55.05366],[-132.85941,55.046],[-132.84722,55.05079],[-132.84311,55.06715],[-132.8221,55.07269],[-132.80597,55.09019],[-132.81131,55.0944],[-132.82381,55.0846],[-132.82886,55.09382],[-132.87307,55.10058],[-132.87934,55.11667],[-132.86936,55.12424],[-132.88425,55.14277],[-132.88221,55.15096],[-132.89243,55.15342],[-132.86129,55.16837],[-132.83783,55.18802],[-132.83394,55.20027],[-132.82567,55.19144]]],[[[-132.6622,55.2403],[-132.66837,55.24407],[-132.66278,55.24396],[-132.6622,55.2403]]],[[[-132.9941,55.16116],[-133.00788,55.15684],[-133.00281,55.16223],[-132.9941,55.16116]]],[[[-132.8411,55.20086],[-132.84989,55.20056],[-132.84092,55.20405],[-132.8411,55.20086]]],[[[-132.97872,55.16546],[-132.98233,55.15731],[-132.99054,55.16795],[-132.98467,55.17332],[-132.97872,55.16546]]],[[[-132.86357,55.19853],[-132.86965,55.20412],[-132.86405,55.20448],[-132.86357,55.19853]]],[[[-132.84681,55.21283],[-132.83797,55.21358],[-132.84719,55.20599],[-132.84681,55.21283]]],[[[-132.15898,55.39479],[-132.1684,55.39776],[-132.15952,55.39846],[-132.15898,55.39479]]],[[[-132.85356,55.23441],[-132.83936,55.2314],[-132.84438,55.22739],[-132.85356,55.23441]]],[[[-132.89241,55.22553],[-132.86237,55.21996],[-132.88245,55.21805],[-132.8678,55.20865],[-132.88651,55.20261],[-132.87572,55.19556],[-132.88778,55.17981],[-132.88591,55.17019],[-132.89394,55.16943],[-132.89193,55.1913],[-132.92502,55.16998],[-132.9329,55.17195],[-132.9338,55.18475],[-132.94661,55.18361],[-132.93175,55.19293],[-132.92987,55.21252],[-132.91277,55.2186],[-132.89864,55.21424],[-132.89241,55.22553]]],[[[-132.18402,55.40361],[-132.17565,55.39748],[-132.21392,55.40114],[-132.18402,55.40361]]],[[[-132.83242,55.24086],[-132.83263,55.23721],[-132.83878,55.24143],[-132.83242,55.24086]]],[[[-132.93853,55.21496],[-132.94843,55.2092],[-132.94806,55.21603],[-132.93853,55.21496]]],[[[-132.92205,55.22425],[-132.91983,55.22101],[-132.92791,55.21933],[-132.92205,55.22425]]],[[[-132.13301,55.45121],[-132.10877,55.4424],[-132.1371,55.4399],[-132.14537,55.44741],[-132.13301,55.45121]]],[[[-132.26212,55.42282],[-132.27031,55.42073],[-132.27413,55.42356],[-132.26212,55.42282]]],[[[-133.25507,55.17405],[-133.26625,55.17421],[-133.25809,55.1782],[-133.25507,55.17405]]],[[[-133.228,55.19007],[-133.23444,55.18879],[-133.23171,55.19606],[-133.22289,55.19684],[-133.228,55.19007]]],[[[-132.46994,55.4024],[-132.47429,55.40934],[-132.46595,55.41418],[-132.46994,55.4024]]],[[[-133.02314,55.26207],[-133.00412,55.25855],[-133.00612,55.25083],[-133.04059,55.24913],[-133.04177,55.25737],[-133.03206,55.25948],[-133.04213,55.26559],[-133.02314,55.26207]]],[[[-133.0643,55.25455],[-133.07868,55.25479],[-133.08008,55.25846],[-133.0643,55.25455]]],[[[-133.21039,55.24228],[-133.17035,55.24349],[-133.12793,55.26107],[-133.10405,55.24288],[-133.10372,55.23375],[-133.11277,55.22842],[-133.10437,55.22052],[-133.13773,55.20829],[-133.12853,55.20038],[-133.09677,55.21264],[-133.08471,55.19875],[-133.1061,55.18586],[-133.07651,55.18721],[-133.06246,55.16552],[-133.11332,55.15312],[-133.07175,55.15517],[-133.06971,55.1483],[-133.08432,55.14306],[-133.06366,55.1418],[-133.05303,55.13158],[-133.02411,55.13612],[-133.01047,55.12265],[-133.02129,55.11371],[-133.00605,55.10066],[-133.01078,55.08614],[-132.97235,55.06036],[-133.00525,55.07007],[-133.02504,55.0873],[-133.07215,55.10041],[-133.09143,55.09662],[-133.09751,55.08667],[-133.04668,55.08446],[-133.05906,55.076],[-133.03324,55.06735],[-133.04113,55.05333],[-133.02636,55.06221],[-133.00783,55.0514],[-133.02092,55.04431],[-133.08519,55.04676],[-133.06673,55.03458],[-133.05362,55.04213],[-133.02996,55.03853],[-133.03601,55.01353],[-133.01364,55.0314],[-132.98609,55.02636],[-133.00095,55.01567],[-132.9981,55.00968],[-132.96886,55.0215],[-132.95336,55.01438],[-132.96688,54.98448],[-132.94338,54.96397],[-132.95798,54.95784],[-132.95537,54.9473],[-132.99034,54.94608],[-132.96064,54.9378],[-132.92426,54.95085],[-132.90911,54.93779],[-132.9298,54.93634],[-132.93747,54.92643],[-132.9009,54.92851],[-132.93059,54.90713],[-132.9036,54.90801],[-132.88773,54.89402],[-132.8553,54.89342],[-132.85193,54.88286],[-132.86507,54.87442],[-132.84499,54.87953],[-132.8162,54.85707],[-132.84478,54.84117],[-132.80188,54.84446],[-132.75144,54.81426],[-132.7914,54.80681],[-132.7412,54.80036],[-132.75562,54.79699],[-132.73117,54.7828],[-132.73949,54.77566],[-132.71675,54.75968],[-132.75237,54.7581],[-132.72333,54.742],[-132.77608,54.74395],[-132.69809,54.72871],[-132.70468,54.72381],[-132.70522,54.7019],[-132.73073,54.69693],[-132.67609,54.67527],[-132.67588,54.66567],[-132.71108,54.66958],[-132.73126,54.66377],[-132.75095,54.67448],[-132.77893,54.66726],[-132.74787,54.68676],[-132.76017,54.69202],[-132.79616,54.68267],[-132.81665,54.71002],[-132.81935,54.69043],[-132.84647,54.68454],[-132.85213,54.69607],[-132.87,54.70052],[-132.85636,54.70483],[-132.87221,54.71746],[-132.86399,54.7237],[-132.88773,54.73647],[-132.87239,54.74258],[-132.83641,54.73734],[-132.8232,54.74759],[-132.87136,54.74713],[-132.9066,54.7665],[-132.90302,54.7742],[-132.93985,54.77943],[-132.94182,54.78678],[-132.94983,54.78463],[-132.98043,54.80344],[-132.93605,54.82047],[-132.91747,54.84251],[-132.94179,54.84614],[-132.96697,54.83381],[-133.0051,54.83036],[-133.01957,54.84112],[-133.01841,54.8484],[-133.03388,54.85506],[-133.02109,54.85758],[-133.0125,54.87067],[-133.05344,54.87502],[-133.00548,54.8838],[-132.99916,54.89875],[-133.05281,54.88734],[-133.0867,54.90617],[-133.05007,54.91013],[-133.01752,54.92647],[-133.04126,54.92733],[-133.06157,54.91763],[-133.0996,54.91734],[-133.10559,54.92429],[-133.11693,54.91945],[-133.13314,54.92839],[-133.12569,54.93466],[-133.05344,54.93712],[-133.05452,54.94672],[-133.16312,54.94759],[-133.14516,54.95826],[-133.15372,54.96159],[-133.14682,54.9729],[-133.17054,54.9751],[-133.14663,54.99344],[-133.16719,55.01157],[-133.16318,55.02885],[-133.17533,55.02402],[-133.19492,55.0298],[-133.20832,55.04918],[-133.21932,55.05209],[-133.21265,55.05838],[-133.16764,55.05175],[-133.23082,55.07829],[-133.23476,55.09615],[-133.20972,55.10398],[-133.12723,55.0972],[-133.13712,55.10695],[-133.17496,55.11485],[-133.14254,55.12621],[-133.11177,55.12023],[-133.14937,55.13316],[-133.16777,55.13162],[-133.18994,55.11783],[-133.22806,55.12024],[-133.22698,55.12661],[-133.18279,55.13414],[-133.21669,55.14197],[-133.22626,55.159],[-133.17543,55.15457],[-133.20063,55.16135],[-133.18729,55.17347],[-133.19109,55.17763],[-133.2193,55.17122],[-133.23644,55.18015],[-133.19048,55.1904],[-133.16115,55.18629],[-133.15659,55.19809],[-133.18299,55.19668],[-133.1754,55.20523],[-133.19855,55.20513],[-133.18785,55.21181],[-133.21207,55.20625],[-133.22223,55.21143],[-133.21723,55.21591],[-133.22348,55.21875],[-133.22258,55.2379],[-133.21039,55.24228]]],[[[-132.31078,55.47278],[-132.32514,55.47448],[-132.32308,55.48082],[-132.31078,55.47278]]],[[[-133.14025,55.27085],[-133.15471,55.26971],[-133.14978,55.27237],[-133.14025,55.27085]]],[[[-133.16449,55.26576],[-133.18769,55.26566],[-133.17618,55.27233],[-133.16449,55.26576]]],[[[-132.93322,55.35633],[-132.94217,55.35375],[-132.94834,55.35842],[-132.93322,55.35633]]],[[[-132.36364,55.49909],[-132.36466,55.50732],[-132.35103,55.50656],[-132.32082,55.4899],[-132.35855,55.49121],[-132.38031,55.5022],[-132.36364,55.49909]]],[[[-132.95482,55.35717],[-132.96604,55.35737],[-132.96659,55.36194],[-132.95482,55.35717]]],[[[-133.01108,55.37001],[-133.00216,55.37169],[-132.99305,55.36194],[-133.00673,55.36081],[-133.01108,55.37001]]],[[[-132.66068,55.4721],[-132.64302,55.47129],[-132.66872,55.45903],[-132.67383,55.46734],[-132.66068,55.4721]]],[[[-133.02907,55.37853],[-133.03604,55.38321],[-133.03127,55.38268],[-133.02907,55.37853]]],[[[-133.07895,55.37572],[-133.08994,55.38046],[-133.08426,55.38174],[-133.07895,55.37572]]],[[[-133.06818,55.38238],[-133.07601,55.38616],[-133.06714,55.38693],[-133.06818,55.38238]]],[[[-133.11153,55.38173],[-133.12586,55.38424],[-133.11296,55.3854],[-133.11153,55.38173]]],[[[-133.10059,55.39204],[-133.11336,55.39362],[-133.10204,55.39526],[-133.10059,55.39204]]],[[[-133.07161,55.40936],[-133.08104,55.41362],[-133.07531,55.4158],[-133.07161,55.40936]]],[[[-133.13962,55.39814],[-133.11559,55.3973],[-133.14898,55.38734],[-133.16063,55.39483],[-133.13962,55.39814]]],[[[-133.3814,55.33651],[-133.32813,55.34533],[-133.30246,55.32808],[-133.30635,55.31262],[-133.29297,55.30741],[-133.31841,55.29363],[-133.31208,55.29217],[-133.33365,55.27469],[-133.29927,55.27374],[-133.29784,55.28832],[-133.28971,55.29139],[-133.26558,55.27597],[-133.27468,55.28706],[-133.27045,55.29202],[-133.23847,55.2742],[-133.21534,55.27293],[-133.2276,55.26719],[-133.24021,55.2368],[-133.2587,55.217],[-133.30518,55.21358],[-133.33278,55.20303],[-133.34949,55.22289],[-133.3653,55.22677],[-133.37839,55.21965],[-133.38202,55.22838],[-133.40851,55.20592],[-133.43001,55.20758],[-133.45179,55.22157],[-133.46419,55.25048],[-133.46331,55.27237],[-133.42186,55.26908],[-133.39714,55.28608],[-133.44835,55.28586],[-133.45658,55.30011],[-133.44974,55.31051],[-133.45668,55.31699],[-133.42583,55.32753],[-133.38359,55.32239],[-133.38016,55.32782],[-133.39904,55.33584],[-133.3814,55.33651]]],[[[-133.1191,55.4074],[-133.12528,55.41206],[-133.11707,55.41558],[-133.1191,55.4074]]],[[[-133.38456,55.35663],[-133.38555,55.35207],[-133.39118,55.3517],[-133.38456,55.35663]]],[[[-133.10036,55.42854],[-133.11438,55.43743],[-133.0994,55.43171],[-133.10036,55.42854]]],[[[-133.28926,55.44286],[-133.24163,55.44808],[-133.23255,55.43609],[-133.25241,55.40582],[-133.30887,55.39981],[-133.32511,55.41372],[-133.28926,55.44286]]],[[[-133.42443,55.38043],[-133.44132,55.37929],[-133.44522,55.40124],[-133.43888,55.41895],[-133.42104,55.42327],[-133.40737,55.40484],[-133.42443,55.38043]]],[[[-132.46503,55.66649],[-132.47516,55.67218],[-132.46672,55.67748],[-132.46503,55.66649]]],[[[-133.45362,55.41184],[-133.45784,55.40688],[-133.4711,55.41618],[-133.45971,55.42014],[-133.45362,55.41184]]],[[[-133.16246,55.48929],[-133.15696,55.48692],[-133.16559,55.47474],[-133.17882,55.48407],[-133.18065,55.49596],[-133.16765,55.49849],[-133.16246,55.48929]]],[[[-133.10906,55.54363],[-133.1126,55.55327],[-133.10802,55.54818],[-133.10906,55.54363]]],[[[-133.55655,55.42775],[-133.56382,55.42693],[-133.56755,55.43427],[-133.55655,55.42775]]],[[[-133.5725,55.43068],[-133.55933,55.41821],[-133.56127,55.40957],[-133.49913,55.41791],[-133.46817,55.4093],[-133.45818,55.39867],[-133.45659,55.37858],[-133.48842,55.36486],[-133.51351,55.37932],[-133.55686,55.37804],[-133.56194,55.3708],[-133.55564,55.36799],[-133.52662,55.37219],[-133.50783,55.36055],[-133.54091,55.33359],[-133.5873,55.35743],[-133.58121,55.37013],[-133.59568,55.36939],[-133.59284,55.35932],[-133.61751,55.34182],[-133.61879,55.32861],[-133.6108,55.32806],[-133.5949,55.34657],[-133.56839,55.32708],[-133.58365,55.30446],[-133.59986,55.29918],[-133.59055,55.29131],[-133.60865,55.2564],[-133.60283,55.24036],[-133.60927,55.23907],[-133.62902,55.24569],[-133.64333,55.27004],[-133.66304,55.27757],[-133.66019,55.29031],[-133.66887,55.2936],[-133.6498,55.31254],[-133.68221,55.30151],[-133.68647,55.31707],[-133.65725,55.32814],[-133.6326,55.3233],[-133.64392,55.34258],[-133.62008,55.35964],[-133.62227,55.3656],[-133.67485,55.37442],[-133.65464,55.3792],[-133.64295,55.3923],[-133.61917,55.38426],[-133.61472,55.39653],[-133.60247,55.40231],[-133.60993,55.41745],[-133.5725,55.43068]]],[[[-132.16491,55.79652],[-132.14127,55.80994],[-132.02801,55.68012],[-132.04251,55.68218],[-132.02035,55.67132],[-131.94474,55.58436],[-131.96889,55.59222],[-131.94088,55.56959],[-131.93642,55.53524],[-131.96297,55.52589],[-131.96418,55.51085],[-131.97254,55.50696],[-131.96926,55.49775],[-131.98146,55.49624],[-132.00331,55.51506],[-132.02019,55.51549],[-132.04511,55.53666],[-132.07105,55.54507],[-132.08669,55.5409],[-132.09095,55.54831],[-132.14801,55.56112],[-132.18836,55.59313],[-132.20494,55.63048],[-132.20078,55.65366],[-132.21299,55.66353],[-132.22542,55.70306],[-132.24694,55.71862],[-132.26096,55.7372],[-132.25652,55.74257],[-132.28447,55.75919],[-132.28624,55.76835],[-132.25504,55.76261],[-132.19983,55.7312],[-132.17009,55.72821],[-132.19335,55.742],[-132.18514,55.76507],[-132.18865,55.78295],[-132.19722,55.78772],[-132.18593,55.79749],[-132.19031,55.80397],[-132.16491,55.79652]]],[[[-133.62935,55.43547],[-133.61556,55.43895],[-133.61429,55.42981],[-133.64939,55.41426],[-133.66133,55.41668],[-133.6454,55.43565],[-133.62935,55.43547]]],[[[-133.17194,55.55968],[-133.17817,55.54746],[-133.1901,55.55084],[-133.17194,55.55968]]],[[[-133.09143,55.58941],[-133.10221,55.58366],[-133.10392,55.5659],[-133.1194,55.57846],[-133.11296,55.59432],[-133.09143,55.58941]]],[[[-133.12638,55.5845],[-133.13558,55.56139],[-133.11986,55.56935],[-133.11534,55.56289],[-133.13669,55.55502],[-133.13646,55.5272],[-133.14492,55.51912],[-133.14421,55.53325],[-133.1534,55.52655],[-133.15641,55.53116],[-133.15712,55.56583],[-133.13535,55.58236],[-133.13324,55.59237],[-133.12638,55.5845]]],[[[-133.07338,55.611],[-133.06456,55.60995],[-133.0703,55.60822],[-133.07338,55.611]]],[[[-133.10112,55.60507],[-133.0864,55.60894],[-133.07386,55.6019],[-133.08796,55.59437],[-133.1117,55.60342],[-133.10489,55.61015],[-133.10112,55.60507]]],[[[-133.24706,55.57314],[-133.24897,55.56679],[-133.26349,55.56655],[-133.24706,55.57314]]],[[[-133.2938,55.57383],[-133.31043,55.58045],[-133.29993,55.58076],[-133.2938,55.57383]]],[[[-133.47068,55.50603],[-133.43454,55.48457],[-133.43448,55.46678],[-133.42737,55.46395],[-133.43508,55.45265],[-133.43134,55.44576],[-133.52932,55.42605],[-133.56725,55.44202],[-133.61693,55.44536],[-133.59194,55.46923],[-133.56867,55.46804],[-133.5519,55.48607],[-133.53824,55.48591],[-133.54404,55.5024],[-133.52462,55.52587],[-133.47068,55.50603]]],[[[-133.36802,55.5726],[-133.36579,55.56801],[-133.37629,55.5677],[-133.36802,55.5726]]],[[[-133.40943,55.56542],[-133.3944,55.55883],[-133.35549,55.56422],[-133.3494,55.55592],[-133.33693,55.56441],[-133.31977,55.55186],[-133.32441,55.53824],[-133.28829,55.53544],[-133.28377,55.52853],[-133.29056,55.52088],[-133.28347,55.51758],[-133.29029,55.50901],[-133.28034,55.49793],[-133.28998,55.49807],[-133.31687,55.47245],[-133.32546,55.47805],[-133.34768,55.4665],[-133.35976,55.44752],[-133.39,55.47302],[-133.40055,55.47089],[-133.41268,55.48838],[-133.40758,55.49516],[-133.45526,55.52863],[-133.4403,55.54029],[-133.44933,55.55546],[-133.43711,55.55895],[-133.42466,55.54829],[-133.42336,55.56013],[-133.40943,55.56542]]],[[[-132.31205,55.87159],[-132.30608,55.86415],[-132.32381,55.86638],[-132.32335,55.84995],[-132.33724,55.8717],[-132.32863,55.87835],[-132.31205,55.87159]]],[[[-133.39463,55.61036],[-133.40659,55.61326],[-133.39609,55.61403],[-133.39463,55.61036]]],[[[-132.29035,55.90165],[-132.30658,55.91343],[-132.29206,55.91172],[-132.29035,55.90165]]],[[[-132.3436,55.90788],[-132.32018,55.90553],[-132.30553,55.89425],[-132.32953,55.8884],[-132.3436,55.90788]]],[[[-132.35561,55.89948],[-132.34562,55.89104],[-132.35187,55.87203],[-132.34185,55.86405],[-132.37293,55.85014],[-132.38041,55.87084],[-132.39154,55.87427],[-132.38077,55.87723],[-132.39981,55.88403],[-132.38309,55.89051],[-132.39832,55.90544],[-132.35561,55.89948]]],[[[-133.71943,55.54959],[-133.66533,55.55309],[-133.64071,55.54369],[-133.63729,55.52677],[-133.61957,55.54891],[-133.60198,55.54551],[-133.58704,55.53576],[-133.59,55.49976],[-133.63309,55.48705],[-133.63366,55.47155],[-133.64191,55.46571],[-133.63839,55.45199],[-133.663,55.43768],[-133.73986,55.46909],[-133.82039,55.438],[-133.81052,55.44566],[-133.81922,55.44985],[-133.77852,55.46586],[-133.77388,55.48496],[-133.75794,55.4816],[-133.76798,55.49402],[-133.70769,55.51617],[-133.72033,55.52315],[-133.71614,55.52812],[-133.75544,55.53265],[-133.73142,55.55246],[-133.73601,55.5598],[-133.72477,55.55877],[-133.71943,55.54959]]],[[[-133.59771,55.59563],[-133.60686,55.58798],[-133.61534,55.59811],[-133.59771,55.59563]]],[[[-132.36461,55.91017],[-132.38779,55.91615],[-132.37226,55.91718],[-132.36461,55.91017]]],[[[-133.41878,55.6499],[-133.41219,55.63386],[-133.43766,55.64286],[-133.41878,55.6499]]],[[[-133.62075,55.58313],[-133.63724,55.59518],[-133.62029,55.59543],[-133.61495,55.58717],[-133.62075,55.58313]]],[[[-132.41179,55.92215],[-132.4097,55.91709],[-132.41614,55.91814],[-132.41179,55.92215]]],[[[-133.43436,55.66379],[-133.44924,55.65578],[-133.44391,55.66711],[-133.43436,55.66379]]],[[[-133.64171,55.60526],[-133.65363,55.61041],[-133.64357,55.62079],[-133.64171,55.60526]]],[[[-133.71672,55.60565],[-133.70317,55.60094],[-133.69419,55.58078],[-133.71921,55.57969],[-133.715,55.58511],[-133.72983,55.59986],[-133.71672,55.60565]]],[[[-133.58765,55.6484],[-133.54583,55.64379],[-133.58232,55.61824],[-133.58771,55.62515],[-133.57753,55.63825],[-133.59455,55.63663],[-133.58765,55.6484]]],[[[-133.60389,55.64586],[-133.62331,55.64518],[-133.6166,55.65194],[-133.60389,55.64586]]],[[[-133.26535,55.75353],[-133.2708,55.75863],[-133.26116,55.75666],[-133.26535,55.75353]]],[[[-133.40166,55.71032],[-133.41855,55.71283],[-133.41819,55.72149],[-133.40682,55.72224],[-133.40166,55.71032]]],[[[-133.35038,55.73606],[-133.34902,55.73011],[-133.36237,55.73942],[-133.35038,55.73606]]],[[[-133.6651,55.65067],[-133.67028,55.66441],[-133.66166,55.65656],[-133.6651,55.65067]]],[[[-133.59935,55.68092],[-133.56142,55.67955],[-133.54329,55.66747],[-133.56662,55.64906],[-133.56429,55.66773],[-133.58635,55.66115],[-133.60363,55.67458],[-133.6082,55.68193],[-133.59935,55.68092]]],[[[-133.60314,55.6878],[-133.61032,55.69016],[-133.60048,55.6937],[-133.60314,55.6878]]],[[[-133.70594,55.66116],[-133.71134,55.66851],[-133.7025,55.66705],[-133.70594,55.66116]]],[[[-132.4599,55.99252],[-132.46325,55.99122],[-132.46943,55.99637],[-132.4599,55.99252]]],[[[-133.61005,55.69745],[-133.62137,55.69759],[-133.6139,55.70297],[-133.61005,55.69745]]],[[[-133.19336,55.81812],[-133.19643,55.82181],[-133.18737,55.82441],[-133.19336,55.81812]]],[[[-132.46404,56.0154],[-132.47602,56.01931],[-132.46468,56.01815],[-132.46404,56.0154]]],[[[-133.79448,55.69629],[-133.79699,55.69404],[-133.80416,55.6973],[-133.79448,55.69629]]],[[[-133.38659,55.81635],[-133.37029,55.79926],[-133.38468,55.80401],[-133.38659,55.81635]]],[[[-132.59333,56.02266],[-132.60187,56.0169],[-132.60765,56.02842],[-132.59333,56.02266]]],[[[-132.49651,56.0544],[-132.50708,56.05508],[-132.4971,56.0576],[-132.49651,56.0544]]],[[[-133.47709,55.8057],[-133.46029,55.8],[-133.47101,55.79559],[-133.48127,55.8021],[-133.47709,55.8057]]],[[[-132.616,56.0254],[-132.62125,56.0328],[-132.6169,56.03681],[-132.616,56.0254]]],[[[-133.49138,55.81317],[-133.49779,55.81462],[-133.49288,55.81638],[-133.49138,55.81317]]],[[[-132.53881,56.06942],[-132.53989,56.05302],[-132.55977,56.06118],[-132.53881,56.06942]]],[[[-132.64699,56.03878],[-132.65877,56.04631],[-132.64753,56.04335],[-132.64699,56.03878]]],[[[-132.60665,56.05667],[-132.61162,56.0554],[-132.6155,56.05867],[-132.60665,56.05667]]],[[[-132.62081,56.05239],[-132.63665,56.03447],[-132.63834,56.04636],[-132.62081,56.05239]]],[[[-132.54503,56.07411],[-132.55222,56.07653],[-132.54799,56.07872],[-132.54503,56.07411]]],[[[-133.38503,55.88972],[-133.37381,55.88592],[-133.38059,55.87963],[-133.40084,55.88128],[-133.38503,55.88972]]],[[[-133.34856,55.88694],[-133.35903,55.88937],[-133.35373,55.89887],[-133.33663,55.89909],[-133.34856,55.88694]]],[[[-132.40146,56.10629],[-132.24037,55.92313],[-132.27718,55.93693],[-132.28072,55.92196],[-132.35218,55.91308],[-132.39373,55.94775],[-132.42785,55.94896],[-132.45244,55.95861],[-132.44866,55.96628],[-132.43354,55.96094],[-132.43125,55.97046],[-132.46158,55.97978],[-132.43557,55.97877],[-132.43688,55.99521],[-132.40357,56.00498],[-132.37285,56.03532],[-132.38984,56.03751],[-132.40602,56.01644],[-132.42458,56.01957],[-132.41887,56.03131],[-132.44596,56.02915],[-132.45026,56.02606],[-132.43991,56.02218],[-132.44774,56.01506],[-132.48252,56.03176],[-132.46761,56.0588],[-132.45107,56.06164],[-132.4665,56.08705],[-132.47021,56.12824],[-132.40146,56.10629]]],[[[-133.29879,55.90859],[-133.28478,55.91248],[-133.27147,55.9009],[-133.27874,55.88459],[-133.2961,55.87846],[-133.28968,55.87654],[-133.29047,55.85923],[-133.27747,55.8595],[-133.28116,55.8673],[-133.26955,55.8726],[-133.25324,55.87328],[-133.25035,55.88281],[-133.22704,55.86058],[-133.23432,55.84427],[-133.22377,55.84411],[-133.21923,55.82034],[-133.2325,55.81415],[-133.23575,55.79687],[-133.24555,55.79565],[-133.24346,55.78832],[-133.26116,55.774],[-133.36014,55.84562],[-133.3359,55.843],[-133.32978,55.85249],[-133.31182,55.85452],[-133.3523,55.87605],[-133.30674,55.89457],[-133.32848,55.89943],[-133.3124,55.91333],[-133.29879,55.90859]]],[[[-133.62543,55.82939],[-133.59104,55.7948],[-133.59707,55.82861],[-133.56354,55.83504],[-133.49245,55.80635],[-133.49997,55.80097],[-133.49642,55.78862],[-133.4276,55.78635],[-133.39885,55.79508],[-133.3696,55.77782],[-133.35225,55.78533],[-133.35585,55.79541],[-133.33791,55.79789],[-133.35396,55.80177],[-133.34728,55.80623],[-133.33268,55.80602],[-133.31386,55.79163],[-133.34174,55.78472],[-133.33261,55.77137],[-133.34317,55.77061],[-133.33928,55.76691],[-133.35028,55.75658],[-133.37119,55.76006],[-133.42069,55.73885],[-133.49193,55.75893],[-133.50682,55.77142],[-133.50255,55.77684],[-133.51024,55.78742],[-133.51688,55.78341],[-133.51674,55.76653],[-133.5504,55.77607],[-133.55548,55.77066],[-133.51778,55.76107],[-133.50805,55.74089],[-133.48902,55.73108],[-133.49085,55.70557],[-133.53678,55.68973],[-133.63173,55.72416],[-133.64997,55.73485],[-133.6543,55.74949],[-133.66642,55.75008],[-133.67412,55.76111],[-133.66906,55.76698],[-133.70343,55.78058],[-133.65279,55.79141],[-133.667,55.80206],[-133.66042,55.80472],[-133.66491,55.81525],[-133.65812,55.82338],[-133.62543,55.82939]]],[[[-132.83806,56.02462],[-132.85297,56.03492],[-132.84476,56.03569],[-132.83806,56.02462]]],[[[-133.2663,55.92453],[-133.27434,55.92647],[-133.27182,55.92826],[-133.2663,55.92453]]],[[[-133.34027,55.90825],[-133.3467,55.91017],[-133.3442,55.9115],[-133.34027,55.90825]]],[[[-133.41019,55.89052],[-133.40204,55.89087],[-133.40808,55.88274],[-133.42493,55.88798],[-133.41019,55.89052]]],[[[-133.2824,55.92841],[-133.27956,55.91925],[-133.29071,55.92488],[-133.2824,55.92841]]],[[[-133.35665,55.92444],[-133.36405,55.92272],[-133.35733,55.92718],[-133.35665,55.92444]]],[[[-133.52747,55.8852],[-133.51787,55.88143],[-133.52855,55.87837],[-133.52747,55.8852]]],[[[-133.49143,55.89204],[-133.48514,55.88694],[-133.48954,55.87879],[-133.50959,55.88543],[-133.5085,55.89225],[-133.49143,55.89204]]],[[[-133.4502,55.90609],[-133.45163,55.91067],[-133.4451,55.91104],[-133.4502,55.90609]]],[[[-133.34961,55.93619],[-133.35964,55.93041],[-133.36678,55.93461],[-133.34961,55.93619]]],[[[-133.31589,55.94393],[-133.30654,55.93468],[-133.31292,55.91972],[-133.33522,55.91229],[-133.34128,55.9224],[-133.3243,55.93812],[-133.34424,55.94706],[-133.33007,55.95461],[-133.31589,55.94393]]],[[[-133.35656,55.94495],[-133.3622,55.94594],[-133.35228,55.94945],[-133.35656,55.94495]]],[[[-133.49053,55.91436],[-133.47759,55.91237],[-133.47631,55.90415],[-133.49573,55.90622],[-133.49701,55.9149],[-133.49053,55.91436]]],[[[-133.30651,55.95292],[-133.32009,55.95903],[-133.31253,55.96348],[-133.30651,55.95292]]],[[[-133.68407,55.86972],[-133.67609,55.86553],[-133.67652,55.85368],[-133.68482,55.84876],[-133.69646,55.86393],[-133.68407,55.86972]]],[[[-132.71747,56.11401],[-132.72246,56.11274],[-132.72449,56.11962],[-132.71747,56.11401]]],[[[-133.67105,55.87003],[-133.67833,55.87102],[-133.67418,55.87371],[-133.67105,55.87003]]],[[[-133.69748,55.88126],[-133.70095,55.87492],[-133.70491,55.8777],[-133.69748,55.88126]]],[[[-133.69626,55.89265],[-133.6964,55.889],[-133.70374,55.88817],[-133.69626,55.89265]]],[[[-133.28806,55.9996],[-133.29993,55.98975],[-133.30037,55.99796],[-133.28806,55.9996]]],[[[-132.85233,56.11652],[-132.84945,56.11009],[-132.86605,56.10583],[-132.85233,56.11652]]],[[[-133.35793,55.98736],[-133.32883,55.98149],[-133.34679,55.98129],[-133.35973,55.96505],[-133.38712,55.95357],[-133.39217,55.93085],[-133.37503,55.93198],[-133.37807,55.90011],[-133.40427,55.89591],[-133.41735,55.91341],[-133.40018,55.91546],[-133.41765,55.92527],[-133.42756,55.90306],[-133.43836,55.91687],[-133.42051,55.93442],[-133.43149,55.94414],[-133.42702,55.95365],[-133.38907,55.965],[-133.35793,55.98736]]],[[[-133.62003,55.90956],[-133.63364,55.91564],[-133.62214,55.9187],[-133.62003,55.90956]]],[[[-133.07268,56.04873],[-133.084,56.05074],[-133.08756,56.06082],[-133.07268,56.04873]]],[[[-133.70169,55.90046],[-133.71012,55.89189],[-133.72062,55.89383],[-133.70169,55.90046]]],[[[-133.33951,55.99805],[-133.30938,55.99717],[-133.30988,55.98624],[-133.34877,55.9918],[-133.33951,55.99805]]],[[[-132.90303,56.11697],[-132.89667,56.09953],[-132.91564,56.11126],[-132.90303,56.11697]]],[[[-132.86213,56.11715],[-132.872,56.11596],[-132.86768,56.11999],[-132.87465,56.12695],[-132.86213,56.11715]]],[[[-133.38091,55.98403],[-133.39243,55.98145],[-133.39525,55.99152],[-133.37888,55.99312],[-133.38091,55.98403]]],[[[-132.88118,56.12707],[-132.88352,56.1148],[-132.89792,56.12053],[-132.88839,56.12993],[-132.88118,56.12707]]],[[[-132.73171,56.16216],[-132.73523,56.17134],[-132.72889,56.16803],[-132.73171,56.16216]]],[[[-133.41149,55.9931],[-133.41886,55.99229],[-133.42035,55.9955],[-133.41149,55.9931]]],[[[-133.45624,55.99506],[-133.42939,55.9938],[-133.41362,55.98128],[-133.41578,55.98815],[-133.40758,55.98895],[-133.40393,55.97933],[-133.43996,55.95564],[-133.44742,55.9334],[-133.46965,55.94692],[-133.50463,55.94781],[-133.48496,55.97081],[-133.46335,55.98102],[-133.48369,55.98174],[-133.48745,55.98953],[-133.46715,55.98745],[-133.46926,55.99568],[-133.45624,55.99506]]],[[[-132.99364,56.10577],[-133.01195,56.11519],[-133.00194,56.11868],[-132.99364,56.10577]]],[[[-132.87836,56.1334],[-132.90874,56.14625],[-132.88526,56.14173],[-132.87836,56.1334]]],[[[-132.70392,56.20251],[-132.48304,56.13233],[-132.4777,56.07863],[-132.49659,56.06534],[-132.51879,56.07538],[-132.53366,56.07296],[-132.57067,56.11931],[-132.57213,56.13439],[-132.5841,56.1392],[-132.58518,56.16019],[-132.59565,56.16314],[-132.59388,56.15262],[-132.60807,56.14834],[-132.56176,56.09314],[-132.55664,56.07161],[-132.5739,56.07014],[-132.5942,56.08468],[-132.60158,56.08438],[-132.60471,56.07396],[-132.61884,56.0829],[-132.61669,56.06553],[-132.63791,56.05319],[-132.64327,56.05877],[-132.64878,56.0493],[-132.66169,56.05183],[-132.69416,56.09441],[-132.68886,56.10069],[-132.70939,56.11249],[-132.70322,56.11967],[-132.72414,56.13876],[-132.72065,56.16878],[-132.68665,56.14898],[-132.67904,56.15294],[-132.69782,56.16698],[-132.71415,56.19419],[-132.70392,56.20251]]],[[[-132.91074,56.1399],[-132.9038,56.13248],[-132.92284,56.11412],[-132.94667,56.12685],[-132.93872,56.1372],[-132.92406,56.13603],[-132.93081,56.14709],[-132.91074,56.1399]]],[[[-133.05072,56.1245],[-133.03569,56.11468],[-133.01841,56.11667],[-132.98198,56.07959],[-132.98384,56.06047],[-133.04477,56.06696],[-133.05349,56.05662],[-133.07483,56.07019],[-133.08057,56.08532],[-133.05318,56.10904],[-133.06151,56.12148],[-133.05072,56.1245]]],[[[-133.05535,56.13004],[-133.06696,56.12704],[-133.06241,56.13562],[-133.05535,56.13004]]],[[[-132.90516,56.16624],[-132.89739,56.15881],[-132.91858,56.16055],[-132.93106,56.17171],[-132.92505,56.17662],[-132.90516,56.16624]]],[[[-133.84798,55.90288],[-133.85871,55.89751],[-133.84266,55.89098],[-133.84465,55.87869],[-133.8698,55.8803],[-133.84507,55.86547],[-133.8635,55.84742],[-133.90982,55.84557],[-133.91834,55.85653],[-133.90085,55.90855],[-133.87554,55.9351],[-133.85611,55.92894],[-133.84798,55.90288]]],[[[-132.94362,56.16691],[-132.95806,56.17263],[-132.94381,56.17831],[-132.94362,56.16691]]],[[[-132.9601,56.17996],[-132.97162,56.17924],[-132.96141,56.18591],[-132.9601,56.17996]]],[[[-132.92327,56.19391],[-132.9294,56.20131],[-132.91863,56.2034],[-132.92327,56.19391]]],[[[-132.97538,56.1556],[-133.0064,56.15749],[-133.0071,56.17483],[-133.01508,56.17861],[-133.00223,56.18888],[-132.97538,56.1556]]],[[[-132.98523,56.19999],[-132.95856,56.19315],[-132.97821,56.19349],[-132.98523,56.19999]]],[[[-133.05982,56.20076],[-133.06849,56.20729],[-133.05904,56.21534],[-133.04877,56.20788],[-133.05982,56.20076]]],[[[-132.99768,56.24258],[-132.93753,56.23199],[-132.93332,56.21916],[-132.92182,56.21941],[-132.91921,56.20751],[-132.99916,56.21526],[-133.00592,56.22677],[-133.00066,56.23306],[-133.01006,56.24142],[-132.99768,56.24258]]],[[[-132.94146,56.2775],[-132.83039,56.2425],[-132.86843,56.23488],[-132.89098,56.2567],[-132.94146,56.2775]]],[[[-132.98348,56.27698],[-132.9637,56.27801],[-132.96767,56.26577],[-132.96071,56.25791],[-132.97014,56.25078],[-133.00042,56.25266],[-133.00664,56.25914],[-133.00281,56.2691],[-132.99662,56.2772],[-132.98348,56.27698]]],[[[-133.66892,56.11204],[-133.66755,56.10473],[-133.6792,56.09893],[-133.68215,56.10808],[-133.66892,56.11204]]],[[[-133.49067,56.17144],[-133.48035,56.16265],[-133.48238,56.15311],[-133.50547,56.12925],[-133.56997,56.13323],[-133.53327,56.15055],[-133.49213,56.15505],[-133.49991,56.16563],[-133.49712,56.1738],[-133.49067,56.17144]]],[[[-133.62038,56.14156],[-133.56232,56.119],[-133.5354,56.11685],[-133.46506,56.13648],[-133.46125,56.14964],[-133.44324,56.14941],[-133.44703,56.15675],[-133.43459,56.16024],[-133.36367,56.15291],[-133.35993,56.14511],[-133.33889,56.15803],[-133.29345,56.14874],[-133.30117,56.10555],[-133.31318,56.09341],[-133.34975,56.09802],[-133.3996,56.07956],[-133.36237,56.08999],[-133.32312,56.09036],[-133.31636,56.07705],[-133.32158,56.07028],[-133.31018,56.06921],[-133.30252,56.0577],[-133.30889,56.04366],[-133.29377,56.03524],[-133.30075,56.02531],[-133.29627,56.01613],[-133.32561,56.017],[-133.318,56.00504],[-133.36757,55.99069],[-133.37555,55.99445],[-133.37006,56.00805],[-133.37908,56.00726],[-133.37555,56.03183],[-133.38913,56.03839],[-133.39495,56.03619],[-133.38872,56.02927],[-133.40386,56.01899],[-133.48275,56.00497],[-133.47892,56.0186],[-133.49822,56.04573],[-133.49767,56.01883],[-133.52829,55.98731],[-133.54305,55.98521],[-133.54502,55.97658],[-133.5943,55.96623],[-133.61502,55.93503],[-133.62227,55.93694],[-133.61942,55.94784],[-133.63097,55.96576],[-133.65192,55.95004],[-133.66484,55.95292],[-133.65969,55.93782],[-133.6299,55.92882],[-133.64083,55.91937],[-133.67441,55.91292],[-133.68726,55.91762],[-133.71958,55.9002],[-133.73014,55.92447],[-133.74926,55.91237],[-133.76139,55.91477],[-133.76833,55.92578],[-133.79554,55.91512],[-133.81794,55.95272],[-133.80663,55.94942],[-133.80945,55.96312],[-133.79897,55.95983],[-133.78139,55.97423],[-133.78431,55.98475],[-133.76441,55.99503],[-133.76487,56.00551],[-133.75673,56.00497],[-133.74474,56.02217],[-133.69971,56.04994],[-133.70231,56.06911],[-133.63308,56.08611],[-133.56578,56.07164],[-133.55956,56.08479],[-133.53794,56.07358],[-133.53687,56.07995],[-133.50592,56.07729],[-133.50696,56.09189],[-133.51989,56.09615],[-133.62833,56.10383],[-133.64737,56.11954],[-133.62038,56.14156]]],[[[-133.54601,56.18033],[-133.53194,56.1838],[-133.52562,56.1778],[-133.53043,56.16009],[-133.55298,56.16993],[-133.54601,56.18033]]],[[[-133.33995,56.27972],[-133.35273,56.26988],[-133.33483,56.26598],[-133.31949,56.27807],[-133.30059,56.27826],[-133.31794,56.29453],[-133.1458,56.30103],[-133.13981,56.28954],[-133.15027,56.2774],[-133.16773,56.28997],[-133.17223,56.28184],[-133.15319,56.26833],[-133.13749,56.27036],[-133.1328,56.28169],[-133.11914,56.27555],[-133.15026,56.26145],[-133.12899,56.25975],[-133.10595,56.2448],[-133.09493,56.25146],[-133.07216,56.247],[-133.06842,56.2401],[-133.077,56.23295],[-133.06871,56.21869],[-133.08257,56.18883],[-133.10302,56.17366],[-133.08915,56.17253],[-133.06916,56.19454],[-133.04514,56.18366],[-133.05149,56.15642],[-133.0604,56.15839],[-133.06081,56.15065],[-133.07238,56.14856],[-133.06292,56.14156],[-133.07965,56.13454],[-133.08117,56.12135],[-133.07261,56.113],[-133.08699,56.11916],[-133.09172,56.10693],[-133.10939,56.09718],[-133.12308,56.11746],[-133.14806,56.12514],[-133.14185,56.10225],[-133.12352,56.09285],[-133.12333,56.08054],[-133.09967,56.06375],[-133.10749,56.05476],[-133.10212,56.04784],[-133.07332,56.03643],[-133.0192,56.05605],[-132.99712,56.04155],[-132.98459,56.04681],[-132.97777,56.03712],[-132.98314,56.0135],[-132.97234,56.00192],[-132.94307,56.01464],[-132.97133,56.02059],[-132.97264,56.05618],[-132.94454,56.06208],[-132.928,56.0513],[-132.93145,56.01854],[-132.91137,56.02731],[-132.87696,56.0153],[-132.88099,56.03042],[-132.8638,56.03102],[-132.84206,56.01193],[-132.85772,55.99535],[-132.83419,56.00723],[-132.83605,56.01729],[-132.8285,56.0208],[-132.78029,55.99438],[-132.73534,55.98259],[-132.71097,55.95476],[-132.6218,55.90968],[-132.60675,55.89068],[-132.62209,55.89236],[-132.6241,55.88647],[-132.59705,55.87726],[-132.59742,55.88411],[-132.58379,55.88109],[-132.57315,55.86947],[-132.58744,55.86247],[-132.55136,55.85489],[-132.49903,55.81137],[-132.48273,55.78822],[-132.47217,55.78845],[-132.47181,55.78206],[-132.49111,55.77197],[-132.49378,55.75652],[-132.45359,55.72783],[-132.46456,55.72122],[-132.44609,55.719],[-132.44945,55.70539],[-132.48793,55.71078],[-132.486,55.70343],[-132.46141,55.69606],[-132.46131,55.68557],[-132.49962,55.66905],[-132.53775,55.69176],[-132.55346,55.68661],[-132.58243,55.70135],[-132.60534,55.69726],[-132.51438,55.66617],[-132.48635,55.6382],[-132.48319,55.64908],[-132.49285,55.66161],[-132.44091,55.6646],[-132.43883,55.65954],[-132.45095,55.6598],[-132.44355,55.63774],[-132.46053,55.62579],[-132.45519,55.60925],[-132.43843,55.62987],[-132.42705,55.63099],[-132.41561,55.66815],[-132.39836,55.67188],[-132.37468,55.6636],[-132.34752,55.62466],[-132.34737,55.60412],[-132.36242,55.59671],[-132.32868,55.59457],[-132.32302,55.5835],[-132.32891,55.57998],[-132.30149,55.55745],[-132.29804,55.5382],[-132.30436,55.52877],[-132.27678,55.54228],[-132.2632,55.54059],[-132.17717,55.50569],[-132.15677,55.47736],[-132.13953,55.47146],[-132.13979,55.45731],[-132.16924,55.45073],[-132.24178,55.49217],[-132.4227,55.54147],[-132.42546,55.54837],[-132.47214,55.56125],[-132.48983,55.58627],[-132.5019,55.58652],[-132.50087,55.60201],[-132.53598,55.60778],[-132.54628,55.62304],[-132.56075,55.62426],[-132.5539,55.60541],[-132.52932,55.59897],[-132.57831,55.58996],[-132.56865,55.57698],[-132.58274,55.57134],[-132.57938,55.56078],[-132.54847,55.56516],[-132.52506,55.55325],[-132.54146,55.54904],[-132.54663,55.53135],[-132.57654,55.51738],[-132.59127,55.50126],[-132.58586,55.49749],[-132.63233,55.48795],[-132.62532,55.48416],[-132.64017,55.47853],[-132.65174,55.48652],[-132.66553,55.48452],[-132.6829,55.46387],[-132.70073,55.46149],[-132.66837,55.45172],[-132.6738,55.44179],[-132.66884,55.43119],[-132.728,55.38262],[-132.74298,55.3601],[-132.7343,55.34441],[-132.71648,55.37418],[-132.65734,55.4223],[-132.64592,55.45081],[-132.60678,55.47237],[-132.57157,55.46982],[-132.56,55.49924],[-132.53051,55.50729],[-132.52579,55.51769],[-132.5141,55.51196],[-132.52715,55.49718],[-132.52307,55.48568],[-132.50321,55.50625],[-132.49451,55.49192],[-132.48172,55.5026],[-132.41246,55.51478],[-132.39373,55.47146],[-132.36647,55.46994],[-132.36603,55.47632],[-132.33944,55.46568],[-132.33409,55.47286],[-132.3183,55.46885],[-132.27684,55.44141],[-132.32131,55.43788],[-132.32669,55.45261],[-132.35234,55.44224],[-132.3497,55.45678],[-132.36396,55.44843],[-132.36165,55.4356],[-132.36989,55.4326],[-132.47582,55.42261],[-132.52071,55.36288],[-132.49584,55.35093],[-132.50173,55.34695],[-132.47962,55.34191],[-132.46706,55.3138],[-132.45691,55.32179],[-132.46997,55.34216],[-132.5027,55.36842],[-132.48766,55.38955],[-132.47869,55.37978],[-132.45961,55.37708],[-132.46057,55.38669],[-132.47231,55.39105],[-132.4513,55.40519],[-132.45302,55.41527],[-132.43346,55.4194],[-132.39298,55.41258],[-132.40479,55.40417],[-132.38039,55.39723],[-132.36802,55.35587],[-132.37384,55.3414],[-132.35823,55.3237],[-132.34499,55.32979],[-132.36254,55.34251],[-132.35393,55.35099],[-132.36168,55.36623],[-132.35833,55.37985],[-132.36808,55.38965],[-132.35759,55.39033],[-132.35984,55.40407],[-132.34487,55.41149],[-132.32409,55.39869],[-132.31171,55.40343],[-132.3192,55.4109],[-132.29387,55.40575],[-132.25934,55.41682],[-132.24768,55.40057],[-132.25542,55.39345],[-132.2285,55.38825],[-132.24179,55.38217],[-132.22197,55.37896],[-132.22495,55.37127],[-132.2056,55.36168],[-132.19541,55.3692],[-132.16088,55.36973],[-132.17447,55.35956],[-132.14713,55.33926],[-132.15482,55.33306],[-132.14385,55.3296],[-132.15345,55.31933],[-132.14064,55.30852],[-132.12455,55.30949],[-132.14223,55.29806],[-132.16544,55.29817],[-132.1735,55.28695],[-132.12476,55.29626],[-132.12534,55.28851],[-132.1028,55.27974],[-132.09812,55.26775],[-132.11682,55.25315],[-132.14653,55.2516],[-132.13935,55.24092],[-132.15651,55.23586],[-132.27315,55.2592],[-132.2618,55.25026],[-132.3411,55.25986],[-132.46996,55.25863],[-132.47112,55.25318],[-132.40577,55.24991],[-132.39742,55.23192],[-132.39084,55.23451],[-132.39147,55.24868],[-132.37368,55.25147],[-132.29966,55.24658],[-132.2874,55.23899],[-132.35039,55.18429],[-132.35569,55.16524],[-132.34655,55.15909],[-132.35332,55.13049],[-132.32531,55.13212],[-132.33463,55.18119],[-132.29518,55.21954],[-132.27755,55.22049],[-132.27121,55.24181],[-132.23955,55.2374],[-132.25769,55.22962],[-132.26047,55.21325],[-132.26914,55.21482],[-132.25873,55.19312],[-132.24242,55.1868],[-132.2508,55.20343],[-132.21277,55.22079],[-132.151,55.21336],[-132.15786,55.20713],[-132.14797,55.2005],[-132.15198,55.18964],[-132.13518,55.20064],[-132.09977,55.19382],[-132.10149,55.20254],[-132.08446,55.20577],[-132.07889,55.21613],[-132.08876,55.22277],[-132.07364,55.22193],[-132.06809,55.23184],[-132.07608,55.24209],[-132.06972,55.25197],[-132.03257,55.27705],[-131.99372,55.26236],[-131.98943,55.25585],[-131.99675,55.24417],[-131.97609,55.21258],[-131.98978,55.21111],[-131.97657,55.17652],[-131.98548,55.16488],[-132.01294,55.16057],[-132.0112,55.1523],[-132.02651,55.15041],[-132.03435,55.14193],[-132.01235,55.13772],[-132.03331,55.12455],[-132.09754,55.11842],[-132.00811,55.12071],[-131.99317,55.10799],[-132.03798,55.08494],[-132.07511,55.07858],[-132.07782,55.09509],[-132.09426,55.1092],[-132.14798,55.12607],[-132.20093,55.12142],[-132.20452,55.11603],[-132.16606,55.11874],[-132.10941,55.09863],[-132.08382,55.06875],[-132.14374,55.06569],[-132.08994,55.0511],[-132.08376,55.03816],[-132.13529,55.02985],[-132.13007,55.02516],[-132.14136,55.02316],[-132.13767,55.01941],[-132.17206,55.0166],[-132.19838,55.00446],[-132.22033,55.00864],[-132.22733,55.03256],[-132.24005,55.0324],[-132.25635,55.04923],[-132.29024,55.05368],[-132.24059,55.02511],[-132.24121,55.01645],[-132.25322,55.02633],[-132.273,55.02771],[-132.22571,55.0001],[-132.31606,54.98077],[-132.29015,54.97651],[-132.22734,54.98872],[-132.16391,54.98717],[-132.16695,54.96761],[-132.20069,54.94057],[-132.2193,54.93554],[-132.20584,54.92425],[-132.15331,54.96956],[-132.13828,54.96873],[-132.13449,54.97686],[-132.14611,54.9808],[-132.12543,54.9812],[-132.12184,54.9971],[-132.10921,54.98581],[-132.11003,54.97487],[-132.09284,54.97124],[-132.10308,54.98292],[-132.09972,54.99563],[-132.08634,55.00443],[-132.09079,55.00864],[-132.07268,55.00636],[-132.0752,55.0151],[-132.06691,55.01946],[-132.04731,55.01622],[-132.04013,55.02654],[-132.04695,55.03082],[-132.04044,55.03294],[-132.01326,55.02448],[-132.00754,55.03666],[-131.98058,55.0355],[-131.97814,55.0263],[-131.98917,55.0275],[-131.99443,55.02125],[-131.98787,55.01377],[-131.99829,55.01267],[-131.98322,54.98213],[-132.01029,54.99151],[-132.02887,54.98743],[-132.03502,54.97982],[-132.00649,54.97908],[-132.03757,54.96755],[-132.04415,54.97458],[-132.05466,54.9721],[-132.05902,54.96719],[-132.05202,54.96518],[-132.07061,54.95058],[-132.03864,54.96393],[-132.01909,54.96022],[-132.01848,54.96797],[-131.99979,54.97342],[-131.98192,54.96839],[-131.97069,54.95987],[-131.98125,54.9469],[-131.97473,54.93896],[-132.00583,54.94709],[-132.03064,54.93403],[-132.02564,54.92704],[-132.0033,54.9388],[-131.98769,54.93565],[-131.97866,54.89932],[-131.99886,54.89437],[-132.02532,54.90054],[-132.05927,54.89182],[-132.08158,54.90061],[-132.1126,54.89911],[-132.05962,54.88726],[-132.07021,54.88342],[-132.06513,54.87735],[-132.04447,54.87819],[-132.07515,54.86025],[-132.04456,54.86677],[-132.0596,54.83609],[-132.02916,54.8714],[-131.98467,54.85333],[-131.96486,54.83363],[-131.97731,54.82619],[-132.00238,54.82913],[-131.96479,54.81443],[-131.95624,54.80278],[-131.96195,54.80065],[-132.03153,54.80019],[-132.05777,54.81868],[-132.08136,54.81015],[-132.03762,54.79303],[-131.95658,54.78862],[-131.96425,54.78152],[-131.99608,54.7787],[-132.02101,54.78301],[-131.99762,54.76915],[-132.01972,54.75922],[-131.99851,54.73764],[-132.01866,54.71166],[-132.01554,54.69102],[-132.02373,54.69717],[-132.08814,54.7002],[-132.14978,54.74059],[-132.16622,54.74237],[-132.1435,54.71896],[-132.12313,54.71708],[-132.13135,54.71272],[-132.10985,54.69435],[-132.12197,54.69055],[-132.12436,54.70066],[-132.13784,54.68912],[-132.16382,54.68931],[-132.16904,54.69355],[-132.16347,54.70483],[-132.19797,54.70751],[-132.19762,54.72304],[-132.23394,54.72255],[-132.22536,54.73194],[-132.24108,54.74374],[-132.22431,54.7575],[-132.23357,54.77143],[-132.25437,54.73447],[-132.29132,54.72529],[-132.28046,54.71179],[-132.30611,54.71696],[-132.31697,54.76473],[-132.30905,54.765],[-132.28664,54.79143],[-132.27622,54.7825],[-132.26644,54.7978],[-132.2356,54.78701],[-132.22982,54.8015],[-132.25017,54.80427],[-132.23813,54.80672],[-132.2473,54.82201],[-132.2504,54.81204],[-132.28035,54.81321],[-132.2827,54.8023],[-132.30715,54.78095],[-132.31073,54.79747],[-132.3456,54.796],[-132.34781,54.80976],[-132.37461,54.79941],[-132.37241,54.81992],[-132.34162,54.81921],[-132.3445,54.82339],[-132.3209,54.83289],[-132.29837,54.82688],[-132.28608,54.83299],[-132.2941,54.85373],[-132.30127,54.85299],[-132.30002,54.83697],[-132.31105,54.8491],[-132.36501,54.87],[-132.29155,54.86738],[-132.32752,54.87415],[-132.29866,54.88992],[-132.29584,54.89625],[-132.30545,54.90607],[-132.33521,54.91133],[-132.31519,54.9031],[-132.31263,54.89436],[-132.32868,54.89154],[-132.32349,54.88639],[-132.33475,54.87249],[-132.35103,54.87744],[-132.33852,54.88674],[-132.3474,54.89563],[-132.35701,54.8826],[-132.37604,54.894],[-132.36348,54.91518],[-132.39061,54.9126],[-132.40715,54.92576],[-132.40105,54.93385],[-132.41222,54.9446],[-132.40862,54.95091],[-132.3739,54.92501],[-132.35652,54.92415],[-132.36859,54.93311],[-132.36565,54.94126],[-132.3824,54.93982],[-132.40842,54.96552],[-132.40738,55.00432],[-132.38921,55.01441],[-132.40723,55.02989],[-132.38892,55.0765],[-132.39586,55.07985],[-132.4054,55.08007],[-132.42145,55.04299],[-132.41506,55.02001],[-132.4296,54.99294],[-132.42449,54.96269],[-132.43358,54.93366],[-132.41552,54.90768],[-132.43523,54.92091],[-132.44722,54.91935],[-132.4497,54.90616],[-132.4661,54.90972],[-132.49234,54.89613],[-132.52744,54.91699],[-132.47135,54.93815],[-132.47298,54.96147],[-132.45568,54.98301],[-132.4664,54.98873],[-132.47339,54.97929],[-132.49627,54.99349],[-132.49576,55.00124],[-132.51325,55.00116],[-132.50248,54.98358],[-132.50945,54.97414],[-132.50479,54.96034],[-132.54029,54.95151],[-132.51407,54.95186],[-132.52881,54.93254],[-132.53553,54.93908],[-132.54081,54.93097],[-132.56058,54.93185],[-132.58287,54.94282],[-132.58377,54.9538],[-132.61539,54.96816],[-132.61251,54.98911],[-132.59752,54.98742],[-132.59473,54.96864],[-132.58216,54.97934],[-132.54134,54.98441],[-132.57978,54.99162],[-132.54601,55.02287],[-132.5528,55.02849],[-132.57598,55.01391],[-132.59108,55.01377],[-132.59652,55.0285],[-132.5847,55.03921],[-132.54909,55.04896],[-132.52201,55.03742],[-132.47341,55.05098],[-132.48484,55.05854],[-132.47144,55.08062],[-132.4847,55.08456],[-132.50341,55.05437],[-132.56235,55.06568],[-132.55051,55.08871],[-132.52929,55.09694],[-132.52053,55.10907],[-132.52411,55.11508],[-132.5537,55.11343],[-132.55751,55.12858],[-132.58609,55.11777],[-132.62288,55.05187],[-132.63341,55.06168],[-132.63472,55.07905],[-132.62166,55.08426],[-132.63015,55.08854],[-132.62062,55.10067],[-132.62554,55.11128],[-132.59092,55.15485],[-132.58309,55.1524],[-132.58069,55.16513],[-132.56757,55.17079],[-132.59294,55.17315],[-132.60343,55.19665],[-132.62368,55.20482],[-132.6041,55.21127],[-132.60367,55.21811],[-132.63112,55.21319],[-132.64481,55.22443],[-132.65674,55.25114],[-132.65332,55.26751],[-132.61454,55.27402],[-132.62198,55.28284],[-132.5367,55.27741],[-132.59674,55.28962],[-132.67122,55.27562],[-132.6673,55.2614],[-132.67575,55.24102],[-132.69901,55.23966],[-132.67391,55.23186],[-132.67218,55.22087],[-132.63202,55.18628],[-132.6265,55.17247],[-132.63594,55.14893],[-132.66132,55.15126],[-132.65992,55.13526],[-132.7266,55.15302],[-132.7714,55.17763],[-132.79441,55.17989],[-132.78716,55.19482],[-132.8015,55.19509],[-132.8295,55.22209],[-132.81795,55.24241],[-132.82793,55.24945],[-132.82959,55.26226],[-132.82029,55.27121],[-132.82549,55.27815],[-132.83432,55.27741],[-132.8339,55.27101],[-132.85268,55.2782],[-132.87612,55.25946],[-132.87488,55.25305],[-132.88384,55.25002],[-132.8713,55.24569],[-132.88002,55.23261],[-132.89988,55.23525],[-132.95652,55.22212],[-132.96042,55.20895],[-132.97231,55.22559],[-133.01421,55.2035],[-133.03943,55.20986],[-133.04067,55.23224],[-132.97138,55.24292],[-132.95497,55.26545],[-132.92209,55.26715],[-132.91291,55.27428],[-132.91657,55.28028],[-132.94582,55.27213],[-132.97907,55.27865],[-133.06522,55.2678],[-133.06008,55.27456],[-133.0864,55.27591],[-133.10111,55.28573],[-133.10318,55.27618],[-133.09153,55.2696],[-133.10312,55.26158],[-133.11914,55.2769],[-133.11417,55.28047],[-133.13077,55.28484],[-133.19349,55.27853],[-133.23693,55.29015],[-133.23896,55.29839],[-133.22644,55.30915],[-133.2618,55.32383],[-133.27474,55.33862],[-133.27188,55.34862],[-133.22847,55.35162],[-133.2643,55.35672],[-133.21904,55.38159],[-133.18462,55.38015],[-133.15664,55.36191],[-133.15102,55.37825],[-133.1118,55.37626],[-133.05478,55.36208],[-133.0374,55.34171],[-133.02825,55.3484],[-133.00129,55.34247],[-132.9887,55.3532],[-132.91388,55.34367],[-132.85881,55.35362],[-132.98537,55.37048],[-133.04728,55.39891],[-133.051,55.40445],[-133.03321,55.40689],[-133.03446,55.41375],[-133.08348,55.42871],[-132.98757,55.44991],[-133.04033,55.45537],[-133.08573,55.44791],[-133.12535,55.45905],[-133.12792,55.47232],[-133.13845,55.45424],[-133.14864,55.45988],[-133.14493,55.46985],[-133.15448,55.47183],[-133.12918,55.47918],[-133.13839,55.48845],[-133.1364,55.51214],[-133.12789,55.52159],[-133.10025,55.54258],[-133.07669,55.5463],[-133.10216,55.55264],[-133.10106,55.55855],[-133.09247,55.55294],[-133.08498,55.55784],[-133.08948,55.56429],[-133.08037,55.56916],[-133.08741,55.57338],[-133.0822,55.58059],[-133.05533,55.58517],[-133.05582,55.59156],[-133.07911,55.59377],[-133.03774,55.59764],[-132.99997,55.62528],[-132.93973,55.61921],[-132.9328,55.62776],[-132.94216,55.63385],[-133.01326,55.63326],[-133.04688,55.60828],[-133.05622,55.61528],[-133.05346,55.62162],[-133.06786,55.62414],[-133.09586,55.6132],[-133.13309,55.61152],[-133.15812,55.59504],[-133.17556,55.60124],[-133.17464,55.58709],[-133.18685,55.58454],[-133.18222,55.58036],[-133.20942,55.58489],[-133.22283,55.57415],[-133.24097,55.58263],[-133.27118,55.57441],[-133.39508,55.61858],[-133.38677,55.62439],[-133.40084,55.63507],[-133.40163,55.65423],[-133.41399,55.66763],[-133.39394,55.66416],[-133.39319,55.68148],[-133.38123,55.67767],[-133.38237,55.66993],[-133.34835,55.68998],[-133.35724,55.6901],[-133.36246,55.70021],[-133.36773,55.6907],[-133.38953,55.69146],[-133.39205,55.72706],[-133.37558,55.73367],[-133.35477,55.70968],[-133.33873,55.70626],[-133.32163,55.70875],[-133.33712,55.72447],[-133.32701,55.73345],[-133.34174,55.74825],[-133.3279,55.74988],[-133.32496,55.76123],[-133.31527,55.76064],[-133.32088,55.74385],[-133.31392,55.73645],[-133.28917,55.74659],[-133.30182,55.73537],[-133.29229,55.73159],[-133.28705,55.73972],[-133.25351,55.74698],[-133.25403,55.75337],[-133.22989,55.76669],[-133.2248,55.7885],[-133.21517,55.78653],[-133.18171,55.80745],[-133.15982,55.80711],[-133.16658,55.81816],[-133.14798,55.8165],[-133.16698,55.82637],[-133.16005,55.83493],[-133.17112,55.84103],[-133.14818,55.84523],[-133.16513,55.84732],[-133.16959,55.8556],[-133.15631,55.86132],[-133.14888,55.87989],[-133.13996,55.87975],[-133.15886,55.8919],[-133.17929,55.88994],[-133.19582,55.88427],[-133.16385,55.87329],[-133.20029,55.85926],[-133.21859,55.86729],[-133.20662,55.87942],[-133.23575,55.88214],[-133.26758,55.91452],[-133.25377,55.91386],[-133.25408,55.92481],[-133.28115,55.95528],[-133.25806,55.96133],[-133.25934,55.96865],[-133.23833,55.96515],[-133.26432,55.98422],[-133.26686,55.99975],[-133.25461,56.01735],[-133.2681,56.04308],[-133.26288,56.04984],[-133.27889,56.05691],[-133.29483,56.08312],[-133.27825,56.10613],[-133.28193,56.11484],[-133.27494,56.12431],[-133.28045,56.12895],[-133.26577,56.1456],[-133.27184,56.15572],[-133.33347,56.1689],[-133.35199,56.15776],[-133.37564,56.15991],[-133.39673,56.16475],[-133.40693,56.17537],[-133.4245,56.16648],[-133.45151,56.16684],[-133.45939,56.15509],[-133.47504,56.17261],[-133.46422,56.17703],[-133.52115,56.18732],[-133.51481,56.20227],[-133.52524,56.20787],[-133.52755,56.19149],[-133.56942,56.18972],[-133.56823,56.17786],[-133.60289,56.19286],[-133.60323,56.20562],[-133.61611,56.206],[-133.53918,56.2859],[-133.33843,56.29375],[-133.3331,56.28601],[-133.33995,56.27972]]],[[[-145.91835,64.3065],[-146.07238,63.97091],[-146.57545,63.89085],[-147.18818,63.84065],[-148.37694,63.88972],[-148.90853,63.9349],[-149.2193,64.23451],[-148.7961,64.56306],[-148.20511,64.75292],[-147.1576,64.73665],[-146.32313,64.61819],[-145.91835,64.3065]]]]},"properties":{"OBJECTID":1609,"DM":1,"DMArea":637384.2049134201,"ReleaseDate":1786606200000,"ReleaseYear":2026,"ReleaseWeek":32,"MapDate":1786433400000,"GlobalID":"4e54cd13-f175-4e96-a04f-189226ff285d","created_user":"cpoulsen2","created_date":1588318200000,"last_edited_user":"cpoulsen2","last_edited_date":1786606200000,"Shape__Area":2957979330524.5293,"Shape__Length":104863543.17987745,"CumulativePerct":17.71,"CatagoricalPerct":42.4,"ValidStart":1786433400000,"ValidEnd":1786968000000}},{"type":"Feature","id":1610,"geometry":{"type":"MultiPolygon","coordinates":[[[[-67.19614,18.07769],[-67.19607,18.07208],[-67.19916,18.07881],[-67.19614,18.07769]]],[[[-66.24546,17.93271],[-66.24594,17.93082],[-66.25019,17.93259],[-66.24546,17.93271]]],[[[-66.24714,17.93442],[-66.24664,17.93481],[-66.24669,17.93465],[-66.24714,17.93442]]],[[[-66.24437,17.93491],[-66.24631,17.93502],[-66.24531,17.93564],[-66.24437,17.93491]]],[[[-66.2336,17.94407],[-66.23374,17.94415],[-66.23361,17.94426],[-66.2336,17.94407]]],[[[-66.23275,17.94414],[-66.23191,17.93112],[-66.23794,17.94063],[-66.23275,17.94414]]],[[[-66.2235,17.9525],[-66.21894,17.95625],[-66.2232,17.95263],[-66.2235,17.9525]]],[[[-65.73259,18.1539],[-65.73488,18.15868],[-65.7298,18.15866],[-65.73259,18.1539]]],[[[-65.47194,18.08694],[-65.47378,18.0879],[-65.47238,18.09076],[-65.47194,18.08694]]],[[[-65.46548,18.08642],[-65.46824,18.08787],[-65.4673,18.09121],[-65.46548,18.08642]]],[[[-65.59929,18.21303],[-65.60531,18.21163],[-65.60392,18.21401],[-65.59929,18.21303]]],[[[-65.28867,18.1471],[-65.26763,18.13555],[-65.27269,18.13005],[-65.29574,18.12745],[-65.30681,18.13554],[-65.30876,18.1264],[-65.33362,18.12583],[-65.34667,18.11095],[-65.35309,18.11427],[-65.34041,18.12066],[-65.36237,18.13077],[-65.36491,18.1206],[-65.37524,18.12371],[-65.3753,18.10692],[-65.40894,18.11387],[-65.40769,18.10781],[-65.42126,18.1019],[-65.42978,18.11245],[-65.43616,18.10652],[-65.42341,18.09619],[-65.43801,18.09155],[-65.44027,18.1044],[-65.44877,18.10454],[-65.44071,18.09714],[-65.4506,18.08646],[-65.45804,18.0964],[-65.48158,18.09654],[-65.54162,18.08112],[-65.56556,18.0893],[-65.57759,18.10227],[-65.57751,18.11945],[-65.54631,18.11958],[-65.44844,18.14626],[-65.43733,18.15782],[-65.39297,18.16216],[-65.30305,18.14116],[-65.28867,18.1471]]],[[[-65.57789,18.24632],[-65.5802,18.24823],[-65.57695,18.25061],[-65.57789,18.24632]]],[[[-65.58572,18.2535],[-65.58252,18.24681],[-65.59777,18.24736],[-65.60052,18.25548],[-65.58572,18.2535]]],[[[-66.08673,18.46736],[-66.08597,18.4597],[-66.10605,18.46464],[-66.11639,18.4588],[-66.12482,18.47141],[-66.08673,18.46736]]],[[[-65.60908,18.31129],[-65.61139,18.31273],[-65.60998,18.3151],[-65.60908,18.31129]]],[[[-65.61638,18.33753],[-65.6187,18.33516],[-65.61869,18.33849],[-65.61638,18.33753]]],[[[-65.62053,18.34184],[-65.61868,18.33945],[-65.62146,18.33994],[-65.62053,18.34184]]],[[[-65.56775,18.34351],[-65.57466,18.35213],[-65.56587,18.35018],[-65.56775,18.34351]]],[[[-65.62828,18.37142],[-65.61855,18.37328],[-65.61904,18.36804],[-65.64002,18.34177],[-65.62673,18.33136],[-65.62484,18.30373],[-65.63601,18.28709],[-65.62355,18.27845],[-65.63099,18.26514],[-65.61772,18.25346],[-65.60512,18.26122],[-65.61047,18.25319],[-65.58999,18.22846],[-65.6072,18.23018],[-65.60448,18.21756],[-65.61133,18.2107],[-65.61588,18.22741],[-65.62783,18.23554],[-65.63946,18.22893],[-65.64299,18.21643],[-65.63466,18.21764],[-65.63598,18.20656],[-65.62758,18.2077],[-65.6317,18.20078],[-65.63869,18.20702],[-65.64055,18.19947],[-65.65197,18.20038],[-65.66102,18.21004],[-65.69088,18.19526],[-65.69318,18.1779],[-65.71262,18.18917],[-65.72844,18.18553],[-65.74273,18.16457],[-65.76881,18.14695],[-65.7877,18.0906],[-65.8019,18.0772],[-65.79976,18.06151],[-65.80909,18.05676],[-65.8173,18.06346],[-65.83825,18.05332],[-65.83115,18.05063],[-65.834,18.01195],[-65.84415,18.01607],[-65.87045,18.00646],[-65.91891,17.97531],[-65.96852,17.97421],[-65.98025,17.9677],[-65.99454,17.97868],[-66.01761,17.97966],[-66.04809,17.95241],[-66.07523,17.96767],[-66.15576,17.9292],[-66.16105,17.93959],[-66.15462,17.94214],[-66.1605,17.93174],[-66.1911,17.93846],[-66.20117,17.92953],[-66.21335,17.94455],[-66.17225,17.93987],[-66.17688,17.9504],[-66.20676,17.96321],[-66.21876,17.95641],[-66.19522,18.04272],[-66.21876,18.08588],[-66.29723,18.15258],[-66.38159,18.16828],[-66.42475,18.16435],[-66.47772,18.12119],[-66.57385,18.08],[-66.6484,18.0643],[-66.7716,18.06234],[-66.98503,18.02961],[-67.18342,18.02899],[-67.20993,18.03562],[-67.19878,18.0474],[-67.19646,18.06634],[-67.18435,18.06827],[-67.1936,18.0799],[-67.17375,18.08378],[-67.00778,18.0574],[-66.90343,18.07019],[-66.88185,18.08],[-66.86027,18.11923],[-66.68763,18.11923],[-66.6739,18.15062],[-66.65428,18.16239],[-66.54442,18.16043],[-66.52676,18.17416],[-66.50715,18.23302],[-66.48164,18.24479],[-66.45418,18.24871],[-66.40317,18.24479],[-66.36786,18.23302],[-66.27369,18.23106],[-66.13636,18.26048],[-66.10301,18.28206],[-66.09517,18.31149],[-66.10301,18.34092],[-66.13244,18.38015],[-66.1756,18.4135],[-66.30312,18.45078],[-66.32067,18.4763],[-66.28464,18.47177],[-66.2703,18.48038],[-66.19873,18.46415],[-66.17858,18.47538],[-66.18405,18.46059],[-66.1667,18.451],[-66.13873,18.465],[-66.13977,18.47526],[-66.13359,18.47179],[-66.13732,18.45066],[-66.12446,18.44163],[-66.11095,18.44411],[-66.11593,18.44149],[-66.1078,18.42758],[-66.08086,18.43815],[-66.08699,18.45026],[-66.09453,18.44739],[-66.10533,18.45966],[-66.0763,18.45463],[-66.08325,18.46204],[-66.03877,18.4545],[-66.02315,18.44389],[-66.00358,18.4457],[-65.99326,18.45782],[-65.98693,18.43798],[-65.97707,18.44183],[-65.96749,18.43228],[-65.96443,18.44296],[-65.99167,18.4606],[-65.92551,18.44494],[-65.89535,18.44738],[-65.84391,18.43157],[-65.81516,18.41005],[-65.79023,18.42147],[-65.79583,18.40465],[-65.77137,18.41353],[-65.77137,18.40045],[-65.7417,18.38038],[-65.72175,18.38937],[-65.70873,18.37258],[-65.66952,18.36204],[-65.65423,18.3658],[-65.64442,18.381],[-65.63569,18.36954],[-65.62449,18.38325],[-65.62828,18.37142]]],[[[-65.97942,18.35465],[-66.02454,18.34288],[-66.03827,18.32718],[-66.03435,18.30953],[-66.00296,18.27814],[-65.99315,18.25656],[-65.95392,18.25656],[-65.88329,18.22517],[-65.80482,18.2546],[-65.81267,18.27422],[-65.89899,18.32915],[-65.97942,18.35465]]],[[[-65.3287,18.29499],[-65.32879,18.2949],[-65.32898,18.295],[-65.3287,18.29499]]],[[[-65.37575,18.32598],[-65.37512,18.32144],[-65.38073,18.32606],[-65.37575,18.32598]]],[[[-65.30127,18.30114],[-65.30145,18.30089],[-65.30162,18.30098],[-65.30127,18.30114]]],[[[-65.28956,18.30022],[-65.28949,18.29127],[-65.28075,18.28844],[-65.28589,18.27742],[-65.30321,18.29816],[-65.28956,18.30022]]],[[[-65.3295,18.31576],[-65.32863,18.2951],[-65.33973,18.31016],[-65.3295,18.31576]]],[[[-65.27729,18.33243],[-65.24543,18.31095],[-65.2442,18.30375],[-65.25976,18.30772],[-65.25484,18.29341],[-65.26296,18.28963],[-65.29165,18.31178],[-65.30277,18.31044],[-65.30165,18.30106],[-65.30976,18.30286],[-65.34462,18.34887],[-65.31837,18.32819],[-65.31031,18.33797],[-65.29568,18.3304],[-65.27729,18.33243]]],[[[-65.22499,18.32269],[-65.22282,18.31046],[-65.23791,18.31946],[-65.22499,18.32269]]],[[[-65.25383,18.34084],[-65.24578,18.33475],[-65.25663,18.33296],[-65.26642,18.34115],[-65.25383,18.34084]]],[[[-80.72132,25.10155],[-80.72975,25.10096],[-80.72302,25.10774],[-80.72132,25.10155]]],[[[-97.69175,26.14533],[-97.51274,26.05385],[-97.35187,25.95649],[-97.32555,25.92185],[-97.34091,25.92173],[-97.34513,25.93203],[-97.3718,25.91419],[-97.36205,25.88755],[-97.37637,25.87911],[-97.35995,25.8736],[-97.37498,25.85824],[-97.37074,25.84887],[-97.40722,25.83822],[-97.40137,25.84918],[-97.41354,25.86199],[-97.41663,25.84262],[-97.42922,25.84108],[-97.45489,25.85654],[-97.44753,25.86747],[-97.45956,25.86823],[-97.45656,25.88529],[-97.47492,25.87555],[-97.47104,25.88843],[-97.49887,25.88123],[-97.50143,25.89704],[-97.52328,25.8883],[-97.53667,25.9127],[-97.53388,25.92236],[-97.54545,25.92217],[-97.54067,25.93132],[-97.55605,25.93863],[-97.56491,25.92726],[-97.58584,25.93377],[-97.57023,25.95285],[-97.58298,25.94621],[-97.58755,25.96252],[-97.61121,25.96168],[-97.61226,25.97837],[-97.63607,25.99049],[-97.62113,26.00357],[-97.64323,26.00454],[-97.64664,26.02776],[-97.65694,26.01874],[-97.66947,26.02041],[-97.66566,26.03097],[-97.67265,26.03344],[-97.68187,26.02717],[-97.69485,26.03116],[-97.69456,26.02282],[-97.70983,26.03519],[-97.71714,26.02518],[-97.73151,26.03382],[-97.73276,26.02459],[-97.74216,26.03035],[-97.76492,26.02622],[-97.77191,26.04766],[-97.77904,26.04457],[-97.77888,26.03115],[-97.79841,26.03481],[-97.80071,26.04319],[-97.792,26.04948],[-97.80478,26.06132],[-97.81726,26.04539],[-97.82098,26.0575],[-97.83782,26.04813],[-97.8628,26.05559],[-97.86564,26.06306],[-97.88625,26.06394],[-97.8997,26.04895],[-97.90142,26.06101],[-97.9284,26.05739],[-97.91832,26.20325],[-97.87708,26.23641],[-97.82937,26.22596],[-97.69175,26.14533]]],[[[-80.82263,25.12157],[-80.83354,25.12284],[-80.83483,25.12845],[-80.82263,25.12157]]],[[[-80.64771,25.11039],[-80.65461,25.10623],[-80.66887,25.11712],[-80.64771,25.11039]]],[[[-80.78628,25.13482],[-80.78612,25.12553],[-80.79623,25.13514],[-80.78628,25.13482]]],[[[-80.68521,25.11998],[-80.68582,25.13021],[-80.67856,25.12441],[-80.68521,25.11998]]],[[[-80.58143,25.1113],[-80.5921,25.11057],[-80.5828,25.11474],[-80.58143,25.1113]]],[[[-80.63655,25.1156],[-80.64242,25.11858],[-80.64081,25.13478],[-80.63057,25.12887],[-80.63655,25.1156]]],[[[-80.706,25.1369],[-80.71289,25.13898],[-80.71358,25.14736],[-80.706,25.1369]]],[[[-80.56015,25.14648],[-80.56975,25.15562],[-80.56225,25.1563],[-80.56015,25.14648]]],[[[-80.58888,25.16369],[-80.60231,25.16414],[-80.60736,25.17545],[-80.59151,25.17307],[-80.58888,25.16369]]],[[[-80.9798,25.23032],[-80.96732,25.23088],[-80.96508,25.22339],[-80.97718,25.22273],[-80.98289,25.24201],[-80.9798,25.23032]]],[[[-80.95024,25.2197],[-80.95745,25.2278],[-80.94016,25.23749],[-80.95024,25.2197]]],[[[-80.97565,25.24969],[-80.97663,25.26457],[-80.96958,25.26668],[-80.9635,25.2549],[-80.97565,25.24969]]],[[[-80.92215,25.2532],[-80.92042,25.24572],[-80.93291,25.24517],[-80.93464,25.25264],[-80.94702,25.25533],[-80.93454,25.27027],[-80.92215,25.2532]]],[[[-81.0004,25.26991],[-81.01007,25.27462],[-80.997,25.28187],[-81.0004,25.26991]]],[[[-80.93749,25.27129],[-80.9417,25.26492],[-80.95198,25.2708],[-80.94876,25.2772],[-80.93429,25.27723],[-80.93749,25.27129]]],[[[-80.96585,25.27353],[-80.97462,25.27982],[-80.96537,25.28744],[-80.96585,25.27353]]],[[[-81.00019,25.32001],[-80.99864,25.33621],[-80.98454,25.33997],[-81.00019,25.32001]]],[[[-81.86179,26.42272],[-81.86944,26.42433],[-81.86621,26.43212],[-81.8577,26.42917],[-81.86179,26.42272]]],[[[-82.10905,26.46825],[-82.10911,26.46556],[-82.11729,26.468],[-82.10905,26.46825]]],[[[-82.14778,26.47773],[-82.15301,26.47866],[-82.1518,26.47919],[-82.14778,26.47773]]],[[[-82.12114,26.47078],[-82.13087,26.47206],[-82.12204,26.47542],[-82.12114,26.47078]]],[[[-82.07996,26.45755],[-82.08239,26.46222],[-82.07163,26.46849],[-82.07996,26.45755]]],[[[-82.03545,26.45857],[-82.01481,26.45448],[-82.03221,26.44255],[-82.07163,26.45435],[-82.05822,26.45761],[-82.06657,26.46886],[-82.03545,26.45857]]],[[[-82.13318,26.4747],[-82.14119,26.47854],[-82.13305,26.4807],[-82.13318,26.4747]]],[[[-81.9378,26.4613],[-81.94893,26.46106],[-81.95281,26.46806],[-81.9378,26.4613]]],[[[-81.95696,26.46353],[-81.90251,26.4361],[-81.89228,26.41863],[-81.90449,26.41699],[-81.95771,26.45337],[-81.97103,26.4675],[-81.95696,26.46353]]],[[[-82.09996,26.49073],[-82.09147,26.48595],[-82.10718,26.48439],[-82.09996,26.49073]]],[[[-82.10234,26.49771],[-82.10588,26.49777],[-82.10674,26.50472],[-82.10234,26.49771]]],[[[-82.11802,26.49753],[-82.12957,26.5019],[-82.13046,26.50746],[-82.11802,26.49753]]],[[[-82.0211,26.48926],[-82.03466,26.49368],[-82.02093,26.49665],[-82.0211,26.48926]]],[[[-82.0295,26.4982],[-82.0371,26.49742],[-82.02981,26.50652],[-82.0295,26.4982]]],[[[-82.11679,26.50767],[-82.1218,26.51007],[-82.11907,26.51927],[-82.11679,26.50767]]],[[[-82.04315,26.49846],[-82.04972,26.49858],[-82.04692,26.51054],[-82.04315,26.49846]]],[[[-82.10759,26.51213],[-82.11206,26.5159],[-82.10893,26.52047],[-82.10759,26.51213]]],[[[-82.0661,26.51229],[-82.07366,26.51381],[-82.07096,26.52116],[-82.0661,26.51229]]],[[[-82.18688,26.51862],[-82.17838,26.51385],[-82.17582,26.49116],[-82.16107,26.48107],[-82.18712,26.48883],[-82.20098,26.54566],[-82.19186,26.54643],[-82.18688,26.51862]]],[[[-82.06931,26.52759],[-82.07678,26.53282],[-82.07158,26.53919],[-82.06931,26.52759]]],[[[-82.07697,26.56978],[-82.08599,26.57411],[-82.08332,26.58006],[-82.07376,26.57758],[-82.07697,26.56978]]],[[[-82.20024,26.5572],[-82.22583,26.59275],[-82.22411,26.60783],[-82.21494,26.6055],[-82.20024,26.5572]]],[[[-82.05675,26.59112],[-82.06384,26.59125],[-82.06262,26.60047],[-82.05675,26.59112]]],[[[-82.14154,26.60422],[-82.14748,26.61033],[-82.13787,26.6097],[-82.14154,26.60422]]],[[[-82.16513,26.61388],[-82.17068,26.6149],[-82.16908,26.61903],[-82.16513,26.61388]]],[[[-82.16281,26.62815],[-82.16735,26.62869],[-82.16368,26.63464],[-82.16281,26.62815]]],[[[-82.15328,26.62337],[-82.15724,26.62805],[-82.14792,26.63713],[-82.15328,26.62337]]],[[[-82.18003,26.62799],[-82.18447,26.63361],[-82.1666,26.64023],[-82.18003,26.62799]]],[[[-82.07663,26.63076],[-82.06692,26.6121],[-82.07016,26.58028],[-82.08779,26.5843],[-82.10401,26.62941],[-82.07663,26.63076]]],[[[-82.1837,26.64607],[-82.17818,26.64367],[-82.18333,26.6396],[-82.19081,26.64527],[-82.1837,26.64607]]],[[[-82.21907,26.65084],[-82.22869,26.651],[-82.23004,26.6598],[-82.21907,26.65084]]],[[[-82.18808,26.65492],[-82.19619,26.65506],[-82.19947,26.66759],[-82.18808,26.65492]]],[[[-82.08097,26.64054],[-82.08602,26.64155],[-82.09337,26.65277],[-82.08097,26.64054]]],[[[-82.21088,26.65485],[-82.21879,26.66423],[-82.21257,26.67105],[-82.21088,26.65485]]],[[[-82.26323,26.67191],[-82.27717,26.68461],[-82.27359,26.68639],[-82.26323,26.67191]]],[[[-82.21295,26.67706],[-82.21798,26.67946],[-82.2163,26.68728],[-82.21295,26.67706]]],[[[-82.22761,26.67916],[-82.24064,26.68631],[-82.24148,26.69509],[-82.22243,26.68461],[-82.22761,26.67916]]],[[[-82.20223,26.68103],[-82.21174,26.68674],[-82.20094,26.6944],[-82.20223,26.68103]]],[[[-82.08087,26.66825],[-82.09024,26.67997],[-82.08318,26.67845],[-82.08087,26.66825]]],[[[-82.1813,26.68806],[-82.18515,26.69829],[-82.17758,26.69631],[-82.1813,26.68806]]],[[[-82.22084,26.61392],[-82.25941,26.6857],[-82.25131,26.7105],[-82.24387,26.70206],[-82.24913,26.69245],[-82.24105,26.66645],[-82.22187,26.63795],[-82.22084,26.61392]]],[[[-82.12847,26.69359],[-82.12246,26.6667],[-82.11383,26.66746],[-82.11526,26.62499],[-82.08721,26.56489],[-82.0822,26.51628],[-82.06694,26.49752],[-82.07263,26.49208],[-82.09737,26.49392],[-82.12338,26.57756],[-82.13726,26.5912],[-82.12585,26.60347],[-82.13759,26.64618],[-82.16516,26.66007],[-82.16586,26.67532],[-82.18351,26.67932],[-82.15782,26.69596],[-82.12847,26.69359]]],[[[-82.16682,26.70166],[-82.17746,26.70185],[-82.17678,26.71015],[-82.15847,26.71306],[-82.16682,26.70166]]],[[[-82.08783,26.69747],[-82.09175,26.70309],[-82.08705,26.70946],[-82.08783,26.69747]]],[[[-81.81328,26.52328],[-81.81541,26.50432],[-81.85316,26.43482],[-81.85154,26.45308],[-81.8657,26.45337],[-81.88502,26.49028],[-81.8875,26.47138],[-81.87228,26.45305],[-81.88472,26.44036],[-81.90673,26.44959],[-81.91391,26.46683],[-81.92204,26.46514],[-81.92038,26.44986],[-81.947,26.47858],[-81.9567,26.47461],[-82.01453,26.48913],[-82.01081,26.49646],[-81.9967,26.49434],[-82.01201,26.51034],[-82.00772,26.52089],[-81.99606,26.52205],[-81.98069,26.50836],[-81.94364,26.53489],[-81.92897,26.53506],[-81.92273,26.56312],[-81.89891,26.58482],[-81.8813,26.64267],[-81.82508,26.68216],[-81.78257,26.69875],[-81.81328,26.52328]]],[[[-82.19918,26.77888],[-82.20671,26.7827],[-82.20314,26.78356],[-82.19918,26.77888]]],[[[-82.19212,26.77691],[-82.19713,26.77976],[-82.19046,26.7838],[-82.19212,26.77691]]],[[[-82.24482,26.78058],[-82.23798,26.79246],[-82.23607,26.78643],[-82.24482,26.78058]]],[[[-82.21455,26.77175],[-82.22737,26.78998],[-82.2168,26.78564],[-82.20944,26.77351],[-82.21455,26.77175]]],[[[-82.20967,26.7869],[-82.21575,26.78701],[-82.22014,26.79586],[-82.20967,26.7869]]],[[[-82.19086,26.78843],[-82.20401,26.79096],[-82.19987,26.79459],[-82.19086,26.78843]]],[[[-82.23626,26.80213],[-82.24486,26.8032],[-82.24324,26.80779],[-82.23626,26.80213]]],[[[-82.26852,26.81329],[-82.25528,26.76505],[-82.26329,26.71947],[-82.26839,26.76897],[-82.28414,26.80855],[-82.26852,26.81329]]],[[[-82.19928,26.79827],[-82.21697,26.80227],[-82.20724,26.80625],[-82.19928,26.79827]]],[[[-82.18371,26.79061],[-82.19166,26.7986],[-82.18394,26.80401],[-82.18371,26.79061]]],[[[-82.0639,26.79215],[-82.06721,26.80283],[-82.06016,26.8004],[-82.0639,26.79215]]],[[[-82.5644,27.30536],[-82.56444,27.30533],[-82.56435,27.30546],[-82.5644,27.30536]]],[[[-80.48356,27.05509],[-80.50503,27.05713],[-80.53516,27.03265],[-80.55557,26.97193],[-80.54718,26.94664],[-80.51949,26.93029],[-80.46822,26.92221],[-80.41102,26.88009],[-80.41748,26.80151],[-80.48498,26.70338],[-80.46721,26.61172],[-80.48942,26.49955],[-80.48833,26.38665],[-80.40808,26.32251],[-80.3678,26.25258],[-80.25407,26.11951],[-80.20384,25.9951],[-80.21605,25.73975],[-80.2421,25.7235],[-80.24785,25.6945],[-80.26747,25.6929],[-80.25175,25.68538],[-80.2797,25.62937],[-80.28633,25.63842],[-80.30533,25.61546],[-80.3027,25.57086],[-80.3126,25.53783],[-80.32783,25.53281],[-80.33969,25.5003],[-80.33991,25.47109],[-80.31987,25.43605],[-80.3296,25.43037],[-80.32985,25.40022],[-80.31642,25.38675],[-80.30681,25.38965],[-80.31102,25.37263],[-80.34013,25.33331],[-80.36893,25.32506],[-80.37857,25.29709],[-80.40094,25.28721],[-80.39705,25.27222],[-80.41509,25.27053],[-80.42546,25.26069],[-80.43154,25.24604],[-80.41934,25.23958],[-80.4304,25.21989],[-80.43281,25.22706],[-80.44914,25.23041],[-80.43878,25.2398],[-80.44308,25.24459],[-80.46221,25.24015],[-80.46404,25.23186],[-80.49162,25.22817],[-80.48596,25.22008],[-80.45598,25.22137],[-80.44741,25.20342],[-80.45465,25.1964],[-80.46865,25.21624],[-80.50056,25.20387],[-80.51034,25.22138],[-80.52979,25.22158],[-80.52604,25.22796],[-80.49832,25.22283],[-80.49806,25.24185],[-80.52203,25.24128],[-80.53283,25.23283],[-80.53683,25.24549],[-80.54264,25.23734],[-80.56377,25.24547],[-80.57331,25.24394],[-80.58216,25.22149],[-80.54901,25.22734],[-80.535,25.21573],[-80.53363,25.1999],[-80.55653,25.21367],[-80.5519,25.20469],[-80.5617,25.19621],[-80.57456,25.19896],[-80.56676,25.20705],[-80.57905,25.21164],[-80.59268,25.19446],[-80.61652,25.18365],[-80.6209,25.18658],[-80.60659,25.19585],[-80.60608,25.20883],[-80.63356,25.19442],[-80.65399,25.19463],[-80.66352,25.18009],[-80.64048,25.18305],[-80.63421,25.17727],[-80.64893,25.17033],[-80.65628,25.14735],[-80.67577,25.14567],[-80.6575,25.16782],[-80.6727,25.17435],[-80.67899,25.1662],[-80.68159,25.1765],[-80.69792,25.16635],[-80.70323,25.14424],[-80.72776,25.16824],[-80.746,25.16001],[-80.7246,25.14586],[-80.74359,25.14415],[-80.75733,25.16362],[-80.76721,25.16579],[-80.77597,25.14425],[-80.7758,25.16281],[-80.78816,25.16552],[-80.80095,25.15618],[-80.79445,25.18429],[-80.81478,25.18725],[-80.81404,25.16633],[-80.82363,25.16292],[-80.83808,25.17729],[-80.8729,25.17883],[-80.89882,25.16477],[-80.90332,25.14311],[-80.96797,25.19851],[-80.97222,25.20968],[-80.9597,25.20559],[-80.95394,25.21377],[-80.92086,25.21882],[-80.90501,25.24432],[-80.90958,25.27045],[-80.92273,25.26528],[-80.92943,25.28775],[-80.94257,25.28304],[-80.95375,25.30611],[-80.96715,25.30837],[-80.96109,25.32489],[-80.97834,25.33143],[-80.97743,25.34347],[-80.99726,25.34776],[-81.02178,25.33132],[-81.02699,25.33982],[-81.04645,25.33992],[-81.0073,25.38385],[-81.01068,25.49588],[-81.13145,25.70521],[-81.17365,25.75978],[-81.16036,26.21808],[-81.16321,26.3465],[-81.17174,26.44375],[-81.2186,26.5228],[-81.24993,26.61544],[-81.24809,26.86674],[-81.20539,26.93216],[-81.04169,27.03107],[-80.92841,27.11361],[-80.74163,27.2833],[-80.64905,27.36233],[-80.62516,27.37273],[-80.57019,27.36787],[-80.4667,27.23278],[-80.42867,27.14125],[-80.42558,27.09369],[-80.45344,27.06354],[-80.48356,27.05509]]],[[[-80.86586,25.43],[-80.82709,25.35573],[-80.76728,25.36047],[-80.70648,25.41296],[-80.65466,25.48419],[-80.59389,25.61452],[-80.5727,25.71068],[-80.56236,25.81024],[-80.53667,25.90005],[-80.53612,25.97458],[-80.56084,26.08861],[-80.59483,26.18613],[-80.64819,26.25062],[-80.69762,26.26641],[-80.77508,26.23993],[-80.82662,26.20656],[-80.84095,26.18507],[-80.83697,26.15749],[-80.85595,26.08888],[-80.89896,26.04562],[-80.84938,25.86544],[-80.85481,25.57895],[-80.87358,25.5133],[-80.86586,25.43]]],[[[-98.70449,28.3917],[-98.77622,28.36112],[-98.84983,28.38792],[-98.86609,28.47594],[-98.84405,28.55148],[-98.81646,28.61095],[-98.74472,28.63484],[-98.63074,28.55651],[-98.64146,28.44355],[-98.70449,28.3917]]],[[[-82.81814,27.9703],[-82.83001,27.96813],[-82.82789,28.00951],[-82.81814,27.9703]]],[[[-82.81571,28.03456],[-82.81785,28.00848],[-82.82806,28.01733],[-82.82256,28.05175],[-82.81571,28.03456]]],[[[-82.72654,27.93795],[-82.69994,27.92331],[-82.72838,27.87122],[-82.76736,27.83137],[-82.77578,27.83958],[-82.7724,27.82621],[-82.79405,27.81591],[-82.81332,27.83633],[-82.83171,27.84343],[-82.80216,27.80932],[-82.80787,27.80467],[-82.84448,27.84848],[-82.85146,27.88385],[-82.8285,27.96274],[-82.82189,27.95976],[-82.83831,27.92497],[-82.84137,27.8891],[-82.79316,27.99072],[-82.78512,28.06594],[-82.78096,28.07018],[-82.71053,27.97787],[-82.70184,27.95662],[-82.71753,27.95579],[-82.72654,27.93795]]],[[[-82.82466,28.05686],[-82.83301,28.07272],[-82.82155,28.08422],[-82.82903,28.07623],[-82.82466,28.05686]]],[[[-82.83909,28.16878],[-82.84942,28.16752],[-82.85344,28.1763],[-82.84696,28.19738],[-82.83909,28.16878]]],[[[-82.47148,28.49785],[-82.50627,28.36638],[-82.51158,28.26357],[-82.48337,28.178],[-82.43002,28.13259],[-82.33312,28.02117],[-82.26804,27.97401],[-82.18874,27.97393],[-81.99098,28.02266],[-81.89728,28.00748],[-81.73023,27.8418],[-81.66426,27.73395],[-81.57026,27.64744],[-81.50207,27.55364],[-81.40321,27.47347],[-81.25536,27.40592],[-81.22309,27.32994],[-81.21892,27.26462],[-81.26985,27.10691],[-81.30973,27.05954],[-81.43544,27.07027],[-81.65167,27.04227],[-81.72767,26.98558],[-81.76127,26.89476],[-81.78116,26.70684],[-81.84156,26.6922],[-81.88333,26.66304],[-81.897,26.66378],[-81.89575,26.65267],[-81.91857,26.63095],[-81.91253,26.60819],[-81.92708,26.59278],[-81.94599,26.54233],[-81.96978,26.54233],[-81.97662,26.53138],[-81.9953,26.53313],[-81.98951,26.54272],[-81.99494,26.54883],[-81.99874,26.53735],[-82.04155,26.5243],[-82.04406,26.54745],[-82.06034,26.54406],[-82.07041,26.5692],[-82.04907,26.59513],[-82.05832,26.63411],[-82.08155,26.66041],[-82.07574,26.67092],[-82.08596,26.69005],[-82.07715,26.6982],[-82.08386,26.71587],[-82.05284,26.80995],[-82.05836,26.83545],[-82.05156,26.86671],[-82.06093,26.87935],[-82.09419,26.8915],[-82.09976,26.9156],[-82.06109,26.93981],[-81.99141,26.96296],[-81.99757,26.98246],[-81.97103,27.00825],[-81.98321,27.00941],[-81.9813,27.04767],[-81.99479,27.03639],[-81.98767,27.01457],[-81.99629,26.99397],[-82.02082,26.96675],[-82.05385,26.96783],[-82.06279,26.95461],[-82.0745,26.95391],[-82.12109,26.96306],[-82.11992,26.94643],[-82.15415,26.93919],[-82.15275,26.93317],[-82.13952,26.93339],[-82.14325,26.92561],[-82.1745,26.93816],[-82.16916,26.95053],[-82.1853,26.95681],[-82.17681,26.97327],[-82.19036,26.98228],[-82.19474,26.96712],[-82.20602,26.9627],[-82.23278,26.97239],[-82.23883,26.99925],[-82.25857,27.00466],[-82.26782,27.02557],[-82.27545,27.02524],[-82.27379,27.00676],[-82.24665,26.99062],[-82.24103,26.96653],[-82.19022,26.94028],[-82.15834,26.86219],[-82.14844,26.80246],[-82.15378,26.79009],[-82.17052,26.79038],[-82.17205,26.81442],[-82.15979,26.81743],[-82.17323,26.83059],[-82.19556,26.80652],[-82.21115,26.81325],[-82.21285,26.82943],[-82.22138,26.80973],[-82.23961,26.81188],[-82.24566,26.83876],[-82.25514,26.8223],[-82.28004,26.84626],[-82.28581,26.86297],[-82.28505,26.87542],[-82.26553,26.88617],[-82.27053,26.89041],[-82.29364,26.8774],[-82.28764,26.8473],[-82.3031,26.8614],[-82.31179,26.85878],[-82.2832,26.81807],[-82.34205,26.89379],[-82.3324,26.89603],[-82.32055,26.8783],[-82.31143,26.87723],[-82.33513,26.91269],[-82.33191,26.9214],[-82.34145,26.92756],[-82.33366,26.9362],[-82.34941,26.93691],[-82.35914,26.95968],[-82.39862,26.99674],[-82.38396,26.96468],[-82.35703,26.93703],[-82.35485,26.91762],[-82.33985,26.90492],[-82.34503,26.89911],[-82.44572,27.0606],[-82.50802,27.20224],[-82.48938,27.18767],[-82.50688,27.23679],[-82.54049,27.27],[-82.51513,27.23138],[-82.51297,27.20881],[-82.54282,27.25825],[-82.56872,27.27531],[-82.55725,27.30527],[-82.54914,27.30147],[-82.5504,27.28766],[-82.54074,27.28522],[-82.538,27.32667],[-82.54451,27.334],[-82.52566,27.36109],[-82.47572,27.42186],[-82.38754,27.47336],[-82.24613,27.52534],[-82.13517,27.55358],[-82.09741,27.51644],[-82.02304,27.33479],[-81.98852,27.2739],[-81.91437,27.19039],[-81.87325,27.15808],[-81.73929,27.11881],[-81.55353,27.12358],[-81.46782,27.13487],[-81.44505,27.16341],[-81.43023,27.22101],[-81.46976,27.2707],[-81.55885,27.33957],[-81.63013,27.44198],[-81.65647,27.51371],[-81.69761,27.59303],[-81.74723,27.63298],[-81.95639,27.75755],[-82.12944,27.78919],[-82.22087,27.82378],[-82.27545,27.86045],[-82.33417,27.95818],[-82.36934,27.98796],[-82.5027,28.06923],[-82.59631,28.10062],[-82.62178,28.11858],[-82.64824,28.15484],[-82.62384,28.27507],[-82.64095,28.34273],[-82.6971,28.42009],[-82.66682,28.4334],[-82.6717,28.44031],[-82.6661,28.45011],[-82.67983,28.4616],[-82.66552,28.48301],[-82.66763,28.51337],[-82.65516,28.51365],[-82.66323,28.52893],[-82.53663,28.52551],[-82.47148,28.49785]]],[[[-81.63921,29.34313],[-81.65027,29.35896],[-81.6465,29.38135],[-81.62797,29.3704],[-81.63921,29.34313]]],[[[-81.65511,29.37282],[-81.67048,29.38462],[-81.65897,29.38437],[-81.65511,29.37282]]],[[[-97.42381,30.01179],[-97.54073,30.00642],[-97.62849,30.05818],[-97.67035,30.1094],[-97.67535,30.19428],[-97.51463,30.30338],[-97.40703,30.32735],[-97.32475,30.3162],[-97.27637,30.26886],[-97.24194,30.19527],[-97.27292,30.07639],[-97.3528,30.01764],[-97.42381,30.01179]]],[[[-81.51817,30.40271],[-81.53568,30.40219],[-81.5405,30.38262],[-81.55281,30.37832],[-81.58048,30.3922],[-81.55579,30.38525],[-81.53702,30.41045],[-81.51817,30.40271]]],[[[-81.45355,30.38522],[-81.45927,30.38856],[-81.45215,30.43003],[-81.44125,30.43984],[-81.41629,30.40769],[-81.45355,30.38522]]],[[[-81.42266,30.49156],[-81.43207,30.4959],[-81.42514,30.49711],[-81.42266,30.49156]]],[[[-81.43646,30.4745],[-81.41805,30.48642],[-81.4112,30.48221],[-81.42008,30.4596],[-81.41599,30.43212],[-81.40493,30.41529],[-81.41407,30.41084],[-81.42335,30.43576],[-81.41967,30.45169],[-81.42706,30.45278],[-81.42735,30.44363],[-81.43996,30.44713],[-81.46732,30.5054],[-81.46415,30.52226],[-81.45576,30.51886],[-81.455,30.50924],[-81.42603,30.48569],[-81.43646,30.4745]]],[[[-81.50432,30.50991],[-81.54291,30.51443],[-81.52143,30.54048],[-81.50856,30.54523],[-81.49875,30.51847],[-81.50432,30.50991]]],[[[-81.50006,30.56241],[-81.49919,30.55645],[-81.50607,30.55706],[-81.51641,30.56598],[-81.50006,30.56241]]],[[[-81.4719,30.54622],[-81.47632,30.54038],[-81.49166,30.55948],[-81.49401,30.58698],[-81.4838,30.59086],[-81.46811,30.58273],[-81.47969,30.56881],[-81.4719,30.54622]]],[[[-81.52749,30.65633],[-81.49419,30.64442],[-81.50524,30.63662],[-81.48832,30.64184],[-81.44034,30.62429],[-81.44646,30.56389],[-81.4333,30.51748],[-81.4415,30.5167],[-81.46096,30.53957],[-81.47014,30.56859],[-81.46314,30.58901],[-81.49209,30.61483],[-81.49754,30.61038],[-81.4878,30.59873],[-81.50191,30.58898],[-81.50191,30.5716],[-81.52594,30.56711],[-81.52954,30.55347],[-81.52339,30.54602],[-81.53547,30.53257],[-81.54451,30.53185],[-81.55241,30.5517],[-81.5766,30.54125],[-81.58688,30.57075],[-81.59616,30.5618],[-81.58869,30.56347],[-81.59177,30.5489],[-81.58147,30.53816],[-81.5554,30.54033],[-81.55005,30.5242],[-81.56631,30.51267],[-81.54346,30.49615],[-81.53321,30.50187],[-81.49303,30.4973],[-81.49554,30.48455],[-81.48356,30.47741],[-81.48134,30.49795],[-81.49628,30.51247],[-81.5006,30.54505],[-81.51645,30.54723],[-81.51979,30.55966],[-81.49986,30.55189],[-81.4741,30.52614],[-81.47644,30.50196],[-81.45206,30.45016],[-81.46218,30.43163],[-81.46326,30.39643],[-81.50299,30.39688],[-81.49997,30.40871],[-81.47842,30.42057],[-81.46879,30.40616],[-81.46394,30.4088],[-81.46617,30.42257],[-81.4862,30.42578],[-81.48481,30.43673],[-81.49434,30.43694],[-81.48609,30.44682],[-81.50592,30.43995],[-81.51895,30.44711],[-81.50304,30.42982],[-81.50793,30.40843],[-81.52741,30.41298],[-81.51068,30.42267],[-81.52702,30.42579],[-81.5497,30.41165],[-81.55764,30.39399],[-81.57574,30.40903],[-81.56906,30.41986],[-81.578,30.42234],[-81.58228,30.43891],[-81.59094,30.41485],[-81.60776,30.43764],[-81.63367,30.43957],[-81.6031,30.41557],[-81.63169,30.39789],[-81.65914,30.40168],[-81.67498,30.42215],[-81.73065,30.42148],[-81.67469,30.41391],[-81.68211,30.39485],[-81.67036,30.39826],[-81.63519,30.38699],[-81.62083,30.35236],[-81.62903,30.32508],[-81.66396,30.32537],[-81.71411,30.29211],[-81.70669,30.27365],[-81.69279,30.27885],[-81.67994,30.24654],[-81.65751,30.23599],[-81.65742,30.22043],[-81.6875,30.18491],[-81.6894,30.15474],[-81.71253,30.15888],[-81.74645,30.13532],[-81.75863,30.11452],[-81.74315,30.10147],[-81.8092,30.13684],[-81.91077,30.15084],[-82.25731,30.15036],[-82.47187,30.17562],[-82.57642,30.16056],[-82.64765,30.13805],[-82.65551,30.11919],[-82.75704,30.03561],[-82.86408,29.98392],[-82.86187,29.95395],[-82.83282,29.90458],[-82.7827,29.77424],[-82.70914,29.72336],[-82.62772,29.70399],[-82.58725,29.70736],[-82.55136,29.74177],[-82.51438,29.8108],[-82.49396,29.82766],[-82.4613,29.837],[-82.37047,29.81993],[-82.06882,29.79407],[-82.05201,29.79904],[-81.98249,29.78161],[-81.94612,29.75682],[-81.91187,29.72044],[-81.8676,29.71431],[-81.81095,29.72624],[-81.78387,29.75018],[-81.75393,29.78954],[-81.71828,29.85976],[-81.71562,29.95674],[-81.74225,30.10006],[-81.73483,30.09709],[-81.73037,30.12492],[-81.71817,30.12696],[-81.70542,30.14821],[-81.69698,30.14803],[-81.68425,30.13128],[-81.68428,30.09237],[-81.68908,30.07187],[-81.71297,30.04764],[-81.68854,30.03477],[-81.68798,30.0169],[-81.66615,29.98713],[-81.64878,29.9863],[-81.60674,29.9634],[-81.59901,29.93942],[-81.61038,29.92868],[-81.6105,29.90624],[-81.61962,29.90048],[-81.60575,29.88827],[-81.60134,29.84099],[-81.58026,29.80571],[-81.56987,29.80136],[-81.56871,29.78713],[-81.55622,29.78272],[-81.54975,29.77021],[-81.57753,29.71951],[-81.6212,29.71726],[-81.64619,29.70727],[-81.64381,29.67972],[-81.62429,29.66463],[-81.62616,29.6358],[-81.59738,29.63288],[-81.60122,29.60867],[-81.61883,29.59852],[-81.65068,29.60379],[-81.68448,29.59627],[-81.69453,29.57448],[-81.69741,29.54612],[-81.68167,29.50911],[-81.68396,29.48303],[-81.69471,29.47363],[-81.6946,29.4397],[-81.66524,29.42211],[-81.66443,29.39503],[-81.6796,29.39536],[-81.68199,29.3844],[-81.65528,29.34806],[-81.65602,29.34074],[-81.67641,29.34072],[-81.67688,29.32422],[-81.63093,29.26635],[-81.63777,29.24631],[-81.61151,29.23244],[-81.61359,29.21459],[-81.60342,29.20519],[-81.57263,29.2045],[-81.56824,29.19385],[-81.54496,29.18645],[-81.5476,29.20302],[-81.5662,29.20986],[-81.52313,29.23595],[-81.5262,29.25575],[-81.54074,29.27626],[-81.52746,29.30119],[-81.55207,29.3178],[-81.59746,29.37615],[-81.61179,29.36913],[-81.62596,29.38594],[-81.64972,29.39701],[-81.64521,29.42672],[-81.6763,29.43839],[-81.66411,29.46243],[-81.67499,29.46679],[-81.67343,29.52269],[-81.69108,29.54736],[-81.67414,29.59055],[-81.65032,29.59828],[-81.61966,29.58799],[-81.59401,29.60393],[-81.59104,29.63411],[-81.61181,29.6419],[-81.60406,29.65594],[-81.61842,29.66771],[-81.62645,29.69905],[-81.56852,29.70419],[-81.5402,29.72005],[-81.54016,29.7567],[-81.51668,29.76854],[-81.53067,29.79314],[-81.54665,29.80404],[-81.55696,29.84642],[-81.54756,29.86178],[-81.56681,29.87],[-81.59095,29.90856],[-81.58467,29.92537],[-81.56803,29.93599],[-81.56777,29.96255],[-81.54404,29.96293],[-81.55584,29.99159],[-81.56734,29.97719],[-81.59861,29.98933],[-81.61261,30.01574],[-81.659,30.03506],[-81.65582,30.07253],[-81.63514,30.09407],[-81.6382,30.11657],[-81.60018,30.13451],[-81.61533,30.14034],[-81.64413,30.13088],[-81.6644,30.14231],[-81.66289,30.15829],[-81.63986,30.16924],[-81.63079,30.19057],[-81.63687,30.19985],[-81.61831,30.22005],[-81.62098,30.2375],[-81.66314,30.27959],[-81.65418,30.29725],[-81.65894,30.31566],[-81.59858,30.31664],[-81.59696,30.29968],[-81.58752,30.29672],[-81.58995,30.32195],[-81.61212,30.32426],[-81.61554,30.38885],[-81.53544,30.35689],[-81.52366,30.3612],[-81.51996,30.3785],[-81.53001,30.39657],[-81.50122,30.3854],[-81.47349,30.39117],[-81.46163,30.38083],[-81.47788,30.38624],[-81.47377,30.3651],[-81.46028,30.37302],[-81.44891,30.36407],[-81.44288,30.31954],[-81.42684,30.30772],[-81.41966,30.28376],[-81.41991,30.30939],[-81.4337,30.32527],[-81.43238,30.35087],[-81.44526,30.37908],[-81.4188,30.39539],[-81.39224,30.39751],[-81.39937,30.38884],[-81.39725,30.32388],[-81.36491,30.19374],[-81.45628,29.98917],[-81.47443,29.72575],[-81.47458,29.49819],[-81.36061,29.26193],[-81.35508,29.18014],[-81.36814,29.14965],[-81.40019,29.1107],[-81.47735,29.06188],[-81.51015,28.98487],[-81.46403,28.81303],[-81.40912,28.50328],[-81.44081,28.42843],[-81.49563,28.34897],[-81.52811,28.3179],[-81.60279,28.3247],[-81.7001,28.35455],[-81.77484,28.46051],[-81.91146,28.79725],[-81.94093,28.90845],[-81.9463,29.06826],[-81.9679,29.12025],[-81.99746,29.16244],[-82.0306,29.25407],[-82.07592,29.34733],[-82.10644,29.37421],[-82.15894,29.45706],[-82.17544,29.51351],[-82.36874,29.58676],[-82.49009,29.58083],[-82.6052,29.53815],[-82.86045,29.47563],[-83.04802,29.51559],[-83.23374,29.64978],[-83.26279,29.72057],[-83.2813,29.85654],[-83.2672,29.9921],[-83.22049,30.07297],[-83.10617,30.09945],[-83.06605,30.1229],[-83.00166,30.17833],[-82.95656,30.29976],[-82.99062,30.35177],[-83.04288,30.36898],[-83.08665,30.36391],[-83.15869,30.37296],[-83.21867,30.41752],[-83.25208,30.47462],[-83.24943,30.52722],[-83.23561,30.57315],[-83.19341,30.60495],[-83.09445,30.60846],[-82.62155,30.56929],[-82.50732,30.55439],[-82.37403,30.52203],[-82.3059,30.49326],[-82.26086,30.46357],[-82.23518,30.3772],[-82.20877,30.34601],[-82.16553,30.33231],[-82.0862,30.34136],[-81.92346,30.40615],[-81.88584,30.43657],[-81.88414,30.4956],[-81.90374,30.53066],[-81.90168,30.56881],[-81.79934,30.69345],[-81.65546,30.7151],[-81.52749,30.65633]]],[[[-80.73577,32.30371],[-80.75637,32.30558],[-80.78393,32.34072],[-80.7709,32.34343],[-80.74331,32.32013],[-80.73577,32.30371]]],[[[-80.65155,32.34495],[-80.65372,32.34405],[-80.65478,32.34997],[-80.65155,32.34495]]],[[[-80.80278,32.39908],[-80.80818,32.40638],[-80.7995,32.40363],[-80.80278,32.39908]]],[[[-80.80149,32.48108],[-80.80799,32.48474],[-80.79494,32.48973],[-80.80149,32.48108]]],[[[-80.48805,32.46005],[-80.53965,32.46301],[-80.5433,32.48899],[-80.52533,32.49484],[-80.48142,32.47734],[-80.47602,32.47093],[-80.48805,32.46005]]],[[[-80.39868,32.56667],[-80.40306,32.56305],[-80.40793,32.56763],[-80.39868,32.56667]]],[[[-80.23061,32.67588],[-80.21729,32.67474],[-80.22869,32.61073],[-80.2345,32.61077],[-80.26215,32.62417],[-80.25287,32.62593],[-80.24938,32.65004],[-80.23566,32.65997],[-80.23604,32.67728],[-80.23061,32.67588]]],[[[-80.21406,32.69084],[-80.2147,32.68764],[-80.21521,32.68989],[-80.21406,32.69084]]],[[[-79.56181,32.96355],[-79.5816,32.95788],[-79.56221,32.97175],[-79.56181,32.96355]]],[[[-79.54392,32.98518],[-79.54994,32.9848],[-79.54495,32.98838],[-79.54392,32.98518]]],[[[-79.5165,33.01761],[-79.52032,33.01811],[-79.5186,33.02219],[-79.5165,33.01761]]],[[[-79.50289,33.01333],[-79.50782,33.01385],[-79.50659,33.02066],[-79.50289,33.01333]]],[[[-79.33838,33.05658],[-79.35355,33.01173],[-79.37069,33.00287],[-79.36116,33.01411],[-79.3637,33.02371],[-79.35317,33.02948],[-79.35648,33.05502],[-79.34719,33.05443],[-79.34136,33.07073],[-79.33838,33.05658]]],[[[-79.24873,33.14901],[-79.25333,33.1641],[-79.24848,33.16039],[-79.24873,33.14901]]],[[[-79.26694,33.16841],[-79.28731,33.16462],[-79.29102,33.17059],[-79.27384,33.17853],[-79.26353,33.17382],[-79.26694,33.16841]]],[[[-79.24787,33.26142],[-79.2658,33.27034],[-79.24881,33.26872],[-79.24787,33.26142]]],[[[-79.21826,33.26051],[-79.23085,33.26207],[-79.23503,33.27124],[-79.21826,33.26051]]],[[[-79.21026,33.27404],[-79.21234,33.27907],[-79.20469,33.27759],[-79.21026,33.27404]]],[[[-79.22116,33.27785],[-79.23682,33.28947],[-79.2258,33.29112],[-79.22116,33.27785]]],[[[-78.94794,33.7024],[-78.88902,33.68058],[-78.92974,33.64879],[-79.00851,33.56647],[-79.028,33.53633],[-79.08213,33.48583],[-79.14554,33.38769],[-79.15943,33.33512],[-79.15692,33.34828],[-79.1709,33.33804],[-79.17421,33.36084],[-79.17978,33.35775],[-79.18303,33.33596],[-79.16415,33.32109],[-79.18305,33.23993],[-79.17283,33.20745],[-79.18053,33.20666],[-79.19814,33.252],[-79.1998,33.29936],[-79.26515,33.29946],[-79.27478,33.31098],[-79.26793,33.32271],[-79.27662,33.32739],[-79.27038,33.33639],[-79.25901,33.32894],[-79.23749,33.38231],[-79.18111,33.44285],[-79.20228,33.43136],[-79.24116,33.3901],[-79.25729,33.35713],[-79.2632,33.36314],[-79.26145,33.39223],[-79.27824,33.3538],[-79.28753,33.35622],[-79.29429,33.29807],[-79.28059,33.27147],[-79.26551,33.2585],[-79.20511,33.23527],[-79.20745,33.20436],[-79.19625,33.19053],[-79.2054,33.17429],[-79.19266,33.18],[-79.18685,33.19402],[-79.18146,33.18984],[-79.19792,33.16598],[-79.22515,33.14956],[-79.23667,33.12425],[-79.23898,33.16844],[-79.26977,33.18939],[-79.31122,33.17453],[-79.28847,33.16191],[-79.26763,33.16159],[-79.24733,33.13761],[-79.24979,33.12582],[-79.27242,33.11888],[-79.26486,33.13788],[-79.28815,33.15143],[-79.35057,33.15462],[-79.29774,33.13883],[-79.27999,33.12309],[-79.30133,33.09928],[-79.33486,33.09386],[-79.38032,33.06719],[-79.37734,33.05213],[-79.40033,33.05245],[-79.36993,33.03973],[-79.37131,33.0261],[-79.40991,33.03893],[-79.44019,33.03025],[-79.42398,33.01955],[-79.41115,33.03166],[-79.37849,33.02301],[-79.37162,33.01108],[-79.40325,33.01653],[-79.49617,32.99276],[-79.47673,33.00843],[-79.47581,33.02754],[-79.48655,33.00993],[-79.50897,33.03936],[-79.54081,33.03431],[-79.53542,33.03014],[-79.58292,33.00616],[-79.58426,32.99206],[-79.60478,32.97638],[-79.61302,32.94279],[-79.62508,32.94112],[-79.60619,32.92768],[-79.61946,32.91874],[-79.61463,32.91367],[-79.59856,32.92622],[-79.56836,32.93359],[-79.57267,32.90723],[-79.62188,32.89216],[-79.79389,32.92545],[-79.78156,32.93242],[-79.82022,32.93034],[-79.88929,32.90857],[-79.94072,32.85669],[-79.9598,32.88684],[-79.95362,32.89999],[-79.92447,32.91428],[-79.93199,32.92391],[-79.92852,32.93845],[-79.93624,32.93306],[-79.93648,32.91531],[-79.96173,32.90598],[-79.96801,32.88555],[-79.96337,32.86502],[-79.94782,32.84951],[-79.96328,32.83389],[-79.9553,32.78804],[-79.96333,32.82631],[-79.973,32.83778],[-79.99041,32.84295],[-80.02432,32.83778],[-80.01353,32.82721],[-79.97371,32.82504],[-79.96835,32.81771],[-79.97305,32.79179],[-79.95097,32.76311],[-79.94606,32.73481],[-79.89716,32.67602],[-79.96411,32.64051],[-79.97175,32.64012],[-79.95845,32.65731],[-80.00282,32.63813],[-80.01364,32.64368],[-79.99702,32.66586],[-79.99942,32.69139],[-80.00513,32.67094],[-80.02505,32.64561],[-80.04741,32.64261],[-80.0013,32.62855],[-79.99268,32.62164],[-79.99389,32.61162],[-80.09522,32.59816],[-80.0609,32.76807],[-79.99983,32.9465],[-79.72422,33.17491],[-79.60664,33.23418],[-79.34734,33.32172],[-79.12977,33.61872],[-79.0654,33.69547],[-79.01028,33.70614],[-78.94794,33.7024]]],[[[-92.48217,35.30354],[-92.17442,35.24339],[-91.94812,35.27693],[-91.70056,35.29301],[-91.57563,35.24377],[-91.54584,35.15034],[-91.64129,34.90269],[-91.59384,34.78292],[-91.60772,34.57213],[-91.62958,34.58738],[-91.63424,34.57043],[-91.76029,34.42435],[-91.78114,34.28307],[-91.62302,34.21918],[-91.34302,34.24419],[-91.19447,34.28839],[-91.15504,34.33082],[-91.08808,34.38015],[-90.9881,34.39958],[-90.93091,34.39294],[-90.84909,34.33801],[-90.76754,34.25615],[-90.69725,34.13917],[-90.58049,34.06975],[-90.43649,34.02024],[-90.29975,33.99224],[-90.06506,33.96917],[-89.99772,33.92418],[-90.02787,33.6771],[-90.02628,33.56125],[-90.0422,33.42162],[-90.15752,33.3587],[-90.29682,33.25032],[-90.60665,33.11577],[-90.71396,33.04956],[-90.8107,33.01127],[-91.1088,33.01256],[-91.23289,33.06018],[-91.46022,33.12272],[-91.69328,33.11437],[-91.7419,33.12225],[-91.79529,33.07039],[-92.02056,33.09033],[-92.18813,33.13756],[-92.33477,33.20877],[-92.39092,33.29356],[-92.45496,33.42834],[-92.59871,33.79673],[-92.58524,33.89181],[-92.52598,33.98381],[-92.38416,34.02014],[-92.23872,34.03537],[-92.11826,34.05842],[-92.04163,34.1285],[-92.04051,34.21562],[-92.09323,34.32935],[-92.14805,34.48145],[-92.21633,34.62706],[-92.29161,34.73106],[-92.35731,34.85553],[-92.41165,34.88198],[-92.47175,34.8076],[-92.5771,34.7662],[-93.0682,34.72734],[-93.07401,34.69618],[-93.00933,34.61745],[-93.01105,34.58268],[-93.03813,34.53038],[-93.05122,34.52196],[-93.25455,34.52067],[-93.33224,34.60369],[-93.39981,34.59417],[-93.42787,34.65611],[-93.45432,34.78092],[-93.49188,34.8811],[-93.53073,35.26276],[-93.46505,35.38552],[-93.30489,35.47758],[-93.17986,35.46463],[-93.0106,35.43283],[-92.85751,35.37568],[-92.48217,35.30354]]],[[[-92.88169,35.01848],[-92.79091,35.00717],[-92.72837,35.03784],[-92.70456,35.1027],[-92.73368,35.12835],[-92.74076,35.18607],[-92.82874,35.25478],[-92.9667,35.14447],[-93.01058,35.08023],[-92.98221,35.03825],[-92.88169,35.01848]]],[[[-91.97376,34.91234],[-91.95629,34.84012],[-91.83767,34.84153],[-91.77287,34.86041],[-91.74959,34.9303],[-91.89227,34.93579],[-91.97376,34.91234]]],[[[-91.07497,33.95541],[-91.18371,33.93092],[-91.27852,33.93838],[-91.30807,33.93329],[-91.49154,33.85525],[-91.64642,33.76637],[-91.81439,33.74888],[-92.08157,33.77301],[-92.19861,33.80631],[-92.23605,33.76556],[-92.2606,33.66124],[-92.15579,33.49341],[-92.11211,33.46289],[-92.11152,33.27197],[-92.04217,33.25714],[-91.92781,33.20293],[-91.87574,33.33063],[-91.78889,33.38905],[-91.73076,33.39358],[-91.68918,33.26743],[-91.56865,33.23185],[-91.51617,33.18976],[-91.30721,33.15463],[-91.12262,33.26863],[-91.02828,33.21105],[-90.81659,33.18246],[-90.61652,33.2818],[-90.4733,33.37873],[-90.27569,33.58482],[-90.3653,33.66583],[-90.45283,33.72101],[-90.57463,33.77269],[-90.63538,33.93412],[-90.80778,34.01508],[-91.07497,33.95541]]],[[[-102.16303,35.57296],[-102.05407,35.57781],[-101.93303,35.62036],[-101.79237,35.60148],[-101.78754,35.52713],[-101.87277,35.41169],[-102.0089,35.36852],[-102.13207,35.36306],[-102.25785,35.39464],[-102.33842,35.44064],[-102.45447,35.54706],[-102.35183,35.62646],[-102.27195,35.59287],[-102.16303,35.57296]]],[[[-99.6351,35.11615],[-99.51917,34.98113],[-99.46566,34.92948],[-99.43494,34.91664],[-99.39885,34.86192],[-99.31531,34.79768],[-99.26266,34.74099],[-99.30093,34.66588],[-99.34877,34.66486],[-99.3637,34.68225],[-99.42425,34.71057],[-99.55677,34.70922],[-99.79127,34.73711],[-99.87574,34.76203],[-99.98597,34.81826],[-100.08003,34.80318],[-100.1342,34.77253],[-100.22657,34.70133],[-100.26213,34.59297],[-100.23351,34.52522],[-100.08739,34.44589],[-99.96091,34.39269],[-99.9105,34.31948],[-99.93928,34.21732],[-100.11236,34.0843],[-100.26503,33.99636],[-100.41187,33.94716],[-100.51683,33.9379],[-100.56212,33.95386],[-100.85644,34.25726],[-100.94522,35.02691],[-100.89628,35.10359],[-100.73708,35.25593],[-100.66045,35.40904],[-100.44251,35.69765],[-100.31445,35.7538],[-100.1175,35.73324],[-99.98781,35.67559],[-99.94973,35.54984],[-99.83253,35.46962],[-99.72466,35.35576],[-99.69729,35.30926],[-99.66801,35.21758],[-99.64959,35.18733],[-99.64297,35.12525],[-99.6351,35.11615]]],[[[-100.51544,34.12967],[-100.41025,34.12635],[-100.23172,34.16499],[-100.12681,34.21274],[-100.05209,34.27933],[-100.13573,34.3803],[-100.3515,34.47236],[-100.33953,34.60868],[-100.30252,34.73791],[-100.13011,34.85125],[-100.11269,34.8715],[-100.12207,34.91892],[-100.19302,35.02719],[-100.24902,35.04346],[-100.65771,35.03387],[-100.69715,35.01172],[-100.75268,34.9443],[-100.80031,34.86817],[-100.8326,34.66838],[-100.78774,34.48232],[-100.71439,34.30138],[-100.64458,34.18577],[-100.54167,34.13049],[-100.51544,34.12967]]],[[[-112.15363,31.78492],[-112.23389,31.69935],[-113.25544,32.01583],[-113.18267,32.62914],[-113.3678,33.09654],[-113.34866,33.35744],[-113.34968,33.63263],[-113.22312,33.82666],[-113.34081,33.98273],[-113.64377,34.20083],[-113.87149,34.41899],[-113.92351,34.65244],[-113.89205,34.71629],[-113.85778,34.7218],[-113.45529,34.66867],[-113.18087,34.57619],[-112.90268,34.44174],[-112.68905,34.25544],[-112.28746,33.98893],[-112.13159,33.84322],[-111.82543,33.61536],[-111.77218,33.55793],[-111.71976,33.48132],[-111.64836,33.33549],[-111.58467,33.29026],[-111.41547,33.03891],[-111.29372,32.92336],[-111.22967,32.79352],[-111.26635,32.68044],[-111.45625,32.50153],[-111.59462,32.3235],[-111.94346,32.04093],[-112.15363,31.78492]]],[[[-83.02615,35.4202],[-82.99397,35.3792],[-82.74017,35.40511],[-82.59152,35.37918],[-82.55918,35.32949],[-82.55893,35.24568],[-82.61617,35.1073],[-82.75912,35.06876],[-82.89137,35.07456],[-82.90594,35.10289],[-82.90826,35.16521],[-82.87279,35.24784],[-82.89575,35.26653],[-82.93734,35.25552],[-82.97626,35.22292],[-82.97703,35.17498],[-82.99478,35.14779],[-83.02806,35.12702],[-83.05886,35.09445],[-83.11603,35.06928],[-83.18139,35.07163],[-83.22922,35.09848],[-83.27986,35.10968],[-83.40143,35.09184],[-83.52798,35.08914],[-83.65491,35.10215],[-83.72366,35.14443],[-83.73933,35.2096],[-83.69906,35.25689],[-83.61683,35.31059],[-83.48758,35.32501],[-83.45125,35.35542],[-83.44894,35.38202],[-83.51698,35.49724],[-83.51574,35.54507],[-83.49073,35.5978],[-83.32773,35.6673],[-83.14484,35.6925],[-83.04993,35.74506],[-83.0094,35.73438],[-82.99262,35.71631],[-82.99283,35.67127],[-83.04154,35.58043],[-83.07215,35.50032],[-83.04532,35.46698],[-83.02615,35.4202]]],[[[-82.80414,35.29812],[-82.84461,35.20675],[-82.84327,35.18514],[-82.83427,35.17347],[-82.79371,35.17124],[-82.69985,35.18451],[-82.66825,35.2126],[-82.65273,35.29583],[-82.65982,35.3286],[-82.71506,35.35123],[-82.75576,35.3455],[-82.80414,35.29812]]],[[[-83.13198,35.2983],[-83.16065,35.31715],[-83.28456,35.29367],[-83.37009,35.26034],[-83.44028,35.24508],[-83.52609,35.24424],[-83.58412,35.21364],[-83.59964,35.16228],[-83.56025,35.13419],[-83.50711,35.1333],[-83.46266,35.15577],[-83.42447,35.19099],[-83.35606,35.20379],[-83.28079,35.17098],[-83.25183,35.1659],[-83.2019,35.19453],[-83.13175,35.27588],[-83.13198,35.2983]]],[[[-90.48498,36.4826],[-90.42811,36.4699],[-90.29063,36.4672],[-90.19209,36.41403],[-90.13574,36.27449],[-90.16184,36.17365],[-90.27245,36.08431],[-90.45087,35.99854],[-90.63472,35.92375],[-90.7474,35.92958],[-90.82805,35.95011],[-90.88504,36.01047],[-90.92094,36.07796],[-90.92433,36.15022],[-90.95907,36.16791],[-91.06042,36.1865],[-91.21608,36.16668],[-91.38314,36.10629],[-91.54378,36.01131],[-91.63375,35.90035],[-91.68325,35.77682],[-91.76837,35.73123],[-91.83562,35.79977],[-91.87066,35.89154],[-91.87555,35.97383],[-91.81021,36.02854],[-91.71063,36.131],[-91.71536,36.21328],[-91.68696,36.32696],[-91.54958,36.37021],[-91.28159,36.35805],[-90.9558,36.42456],[-90.61151,36.4564],[-90.48498,36.4826]]],[[[-90.75003,36.35787],[-90.79368,36.30428],[-90.78213,36.18633],[-90.6981,36.15702],[-90.544,36.14898],[-90.39882,36.15765],[-90.2603,36.20759],[-90.23335,36.27027],[-90.24392,36.306],[-90.29752,36.37394],[-90.41765,36.42152],[-90.53037,36.43573],[-90.63551,36.41659],[-90.75003,36.35787]]],[[[-77.65953,34.93941],[-77.67645,34.93255],[-77.83897,34.79673],[-77.9193,34.69935],[-77.98874,34.55136],[-78.06273,34.4355],[-78.24717,34.24929],[-78.3056,34.22632],[-78.32325,34.18054],[-78.29517,34.13276],[-78.23035,34.10062],[-78.16026,34.03843],[-78.16016,33.94514],[-78.14719,33.91573],[-78.23097,33.91389],[-78.19258,33.9224],[-78.21131,33.92632],[-78.20714,33.93944],[-78.21733,33.95415],[-78.22891,33.9557],[-78.21831,33.93507],[-78.24731,33.91712],[-78.25632,34.00636],[-78.28544,34.06128],[-78.32935,34.10046],[-78.46548,34.1656],[-78.91299,34.19861],[-79.15941,34.18827],[-79.31255,34.10963],[-79.37806,34.01062],[-79.53288,33.93873],[-79.77594,33.91285],[-79.92883,33.84696],[-79.97339,33.7871],[-79.97756,33.75407],[-79.86869,33.76008],[-79.74718,33.74195],[-79.69987,33.71271],[-79.69676,33.6458],[-79.70624,33.60292],[-79.88407,33.52618],[-80.01612,33.49411],[-80.04583,33.44901],[-80.02865,33.36313],[-79.98008,33.20377],[-79.99192,33.06118],[-80.07806,32.93627],[-80.15818,32.88261],[-80.21105,32.70586],[-80.22272,32.70269],[-80.22173,32.69221],[-80.25068,32.68512],[-80.25571,32.6724],[-80.24587,32.67552],[-80.24321,32.66776],[-80.26898,32.65108],[-80.28387,32.63022],[-80.31484,32.63771],[-80.31826,32.62042],[-80.29979,32.61529],[-80.27468,32.62379],[-80.26661,32.6119],[-80.23949,32.6017],[-80.21052,32.55268],[-80.33633,32.47703],[-80.34705,32.49486],[-80.34426,32.5035],[-80.36364,32.52776],[-80.40372,32.54848],[-80.38235,32.56886],[-80.3887,32.59212],[-80.38308,32.61487],[-80.401,32.62134],[-80.41361,32.60956],[-80.42225,32.61826],[-80.41944,32.62963],[-80.40147,32.63091],[-80.38718,32.64814],[-80.41207,32.67058],[-80.41162,32.65738],[-80.39698,32.64865],[-80.40687,32.6364],[-80.42429,32.63695],[-80.4293,32.62194],[-80.41637,32.6032],[-80.39397,32.61492],[-80.39592,32.57394],[-80.42219,32.55176],[-80.40924,32.53666],[-80.38265,32.53014],[-80.36058,32.50223],[-80.38626,32.48551],[-80.3885,32.47642],[-80.41732,32.47338],[-80.40349,32.50656],[-80.41207,32.52346],[-80.42258,32.49755],[-80.48671,32.49831],[-80.50939,32.52302],[-80.53163,32.53313],[-80.54776,32.566],[-80.54248,32.53591],[-80.52195,32.51396],[-80.52687,32.50942],[-80.55188,32.50998],[-80.56961,32.54695],[-80.58318,32.55383],[-80.58215,32.54289],[-80.59088,32.53701],[-80.56436,32.51367],[-80.56984,32.50595],[-80.62142,32.51707],[-80.64918,32.51169],[-80.71706,32.53284],[-80.67472,32.51495],[-80.68186,32.4963],[-80.61552,32.50247],[-80.59494,32.48646],[-80.5569,32.48677],[-80.54775,32.4717],[-80.60001,32.45185],[-80.60386,32.44229],[-80.55815,32.45625],[-80.47242,32.44039],[-80.45526,32.40933],[-80.45964,32.40297],[-80.50368,32.39406],[-80.51023,32.38862],[-80.50758,32.37768],[-80.55652,32.36011],[-80.5512,32.34277],[-80.49899,32.36305],[-80.48039,32.38484],[-80.46465,32.38477],[-80.4411,32.41382],[-80.43297,32.41241],[-80.43325,32.37368],[-80.44975,32.34141],[-80.48384,32.35615],[-80.48443,32.34886],[-80.45099,32.31954],[-80.50096,32.30702],[-80.57925,32.26996],[-80.57862,32.285],[-80.55462,32.31225],[-80.55836,32.32229],[-80.59875,32.2714],[-80.62213,32.25599],[-80.63783,32.25923],[-80.6454,32.26336],[-80.63615,32.27108],[-80.64209,32.27611],[-80.63665,32.28202],[-80.64314,32.28477],[-80.64666,32.34539],[-80.63406,32.37269],[-80.64383,32.37089],[-80.65422,32.35498],[-80.67263,32.36369],[-80.66658,32.38372],[-80.6724,32.42065],[-80.6593,32.43519],[-80.66304,32.44841],[-80.67822,32.45756],[-80.68693,32.45303],[-80.67445,32.44935],[-80.66962,32.43521],[-80.68703,32.42798],[-80.678,32.37829],[-80.6862,32.36327],[-80.66889,32.35047],[-80.66191,32.33313],[-80.66422,32.29851],[-80.67832,32.29809],[-80.7302,32.3479],[-80.72746,32.35609],[-80.74536,32.35613],[-80.76485,32.37121],[-80.80322,32.43872],[-80.80912,32.46788],[-80.79008,32.47879],[-80.78457,32.50519],[-80.79439,32.49291],[-80.81449,32.4934],[-80.8248,32.50207],[-80.82357,32.51275],[-80.78815,32.51264],[-80.64327,32.60258],[-80.43834,32.84489],[-80.22963,33.03591],[-80.24113,33.17038],[-80.51792,33.27716],[-80.77049,33.25636],[-81.10676,33.11337],[-81.13632,33.06999],[-81.2925,33.07664],[-81.35586,33.01343],[-81.34896,32.95109],[-81.2921,32.94855],[-81.21149,32.85028],[-81.2096,32.83151],[-81.15929,32.82454],[-81.06899,32.83408],[-81.00021,32.82444],[-80.99604,32.75749],[-81.02621,32.69534],[-81.01493,32.66456],[-80.94871,32.63234],[-80.89032,32.51292],[-80.8411,32.51075],[-80.82759,32.47201],[-80.83793,32.46064],[-80.82115,32.43601],[-80.81577,32.41186],[-80.82773,32.40367],[-80.7963,32.38221],[-80.78661,32.35485],[-80.79966,32.34121],[-80.8186,32.36265],[-80.83434,32.36222],[-80.81483,32.35126],[-80.79915,32.32662],[-80.80845,32.29565],[-80.82797,32.29614],[-80.86914,32.31488],[-80.87888,32.33084],[-80.88921,32.31262],[-80.87622,32.29894],[-80.85128,32.29936],[-80.81987,32.28063],[-80.79871,32.28744],[-80.79648,32.31113],[-80.78399,32.31703],[-80.76025,32.27688],[-80.76516,32.27005],[-80.75485,32.27276],[-80.74351,32.25816],[-80.72233,32.27041],[-80.6737,32.23382],[-80.66671,32.22013],[-80.73304,32.14647],[-80.81919,32.1047],[-80.82727,32.11657],[-80.79364,32.15252],[-80.79145,32.16027],[-80.80555,32.15209],[-80.78327,32.18395],[-80.77552,32.24501],[-80.77929,32.25185],[-80.78202,32.2473],[-80.7908,32.20448],[-80.81787,32.20544],[-80.83573,32.21503],[-80.86281,32.2096],[-80.8552,32.22554],[-80.86927,32.23422],[-80.87958,32.22602],[-80.87091,32.22328],[-80.8834,32.20461],[-80.88017,32.19549],[-80.84928,32.2073],[-80.79299,32.19081],[-80.79355,32.18488],[-80.87377,32.13304],[-80.84127,32.14622],[-80.8321,32.13572],[-80.86843,32.0838],[-80.88033,32.08792],[-80.88402,32.08261],[-80.90176,32.22024],[-80.92711,32.31243],[-80.9792,32.41946],[-81.06554,32.56154],[-81.21193,32.72144],[-81.27735,32.76896],[-81.34746,32.79303],[-81.39867,32.85928],[-81.42189,32.97141],[-81.42669,33.05942],[-81.40823,33.13142],[-81.36372,33.16399],[-81.33215,33.20206],[-81.00658,33.27501],[-80.88366,33.34068],[-80.70525,33.38364],[-80.59397,33.4229],[-80.49828,33.4699],[-80.45039,33.63564],[-80.45461,33.65842],[-80.42154,33.73025],[-80.11573,33.82589],[-80.08548,33.89277],[-80.10823,34.00629],[-80.08672,34.17812],[-80.00634,34.32838],[-79.88639,34.44039],[-79.75208,34.54371],[-79.53551,34.62946],[-79.51857,34.62561],[-79.33188,34.75312],[-79.24504,34.73994],[-79.02838,34.77816],[-79.01084,34.81979],[-78.93766,34.87442],[-78.90814,34.95782],[-78.84791,35.02446],[-78.80093,35.05688],[-78.63344,35.09923],[-78.47524,35.09052],[-78.32851,35.03482],[-78.18074,35.01115],[-78.00092,35.03609],[-77.80021,35.11681],[-77.70855,35.18822],[-77.62677,35.2313],[-77.53697,35.22821],[-77.48208,35.25942],[-77.44923,35.25878],[-77.41197,35.24715],[-77.36344,35.20116],[-77.32809,35.13031],[-77.33793,35.11166],[-77.38173,35.05631],[-77.4992,34.99082],[-77.55106,34.9833],[-77.65953,34.93941]]],[[[-105.59626,36.98746],[-105.73854,36.96755],[-105.80844,37.04775],[-105.81347,37.18968],[-105.74761,37.34633],[-105.57837,37.34918],[-105.41896,37.33213],[-105.3492,37.25172],[-105.37116,37.1269],[-105.46913,37.03457],[-105.59626,36.98746]]],[[[-100.21666,37.70049],[-100.27651,37.68259],[-100.40615,37.69569],[-100.50737,37.73926],[-100.61885,37.82372],[-100.71354,37.87919],[-100.78714,37.95905],[-100.84647,38.05126],[-100.67992,38.11048],[-100.66629,38.09371],[-100.42483,38.00814],[-100.15785,37.86392],[-100.11599,37.79445],[-100.1647,37.716],[-100.21666,37.70049]]],[[[-97.67761,38.17393],[-97.6988,38.1705],[-97.80204,38.19629],[-97.79449,38.27603],[-97.73495,38.32295],[-97.64065,38.34352],[-97.57995,38.29078],[-97.57948,38.24431],[-97.61319,38.18435],[-97.67761,38.17393]]],[[[-78.61717,36.73637],[-78.59636,36.70813],[-78.51947,36.71228],[-78.30258,36.79055],[-78.19837,36.84222],[-78.13498,36.85227],[-78.02866,36.8515],[-77.92529,36.8391],[-77.81898,36.79181],[-77.7223,36.57753],[-77.6926,36.53267],[-77.71545,36.4667],[-77.75815,36.42812],[-77.80411,36.34459],[-77.75926,36.16841],[-77.79723,36.08359],[-77.83323,36.06812],[-77.98793,36.12269],[-78.05626,36.22141],[-78.22487,36.32242],[-78.36018,36.32462],[-78.53016,36.38225],[-78.58731,36.3751],[-78.66463,36.34705],[-78.87069,36.22278],[-78.95882,36.1483],[-78.97836,36.1428],[-79.11463,36.13556],[-79.44765,36.13756],[-79.58123,36.11264],[-79.69574,36.07983],[-79.81184,36.06537],[-79.94201,36.02455],[-80.02716,36.03673],[-80.1329,36.07311],[-80.24561,36.07833],[-80.516,36.03599],[-80.79781,36.03197],[-81.00688,36.08684],[-81.11426,36.05321],[-81.25191,36.03416],[-81.29428,36.08769],[-81.30091,36.13137],[-81.21797,36.29997],[-81.19271,36.31598],[-81.1144,36.33513],[-80.98615,36.34181],[-80.82856,36.36438],[-80.68334,36.33718],[-80.61399,36.30334],[-80.57604,36.23114],[-80.47582,36.19904],[-80.43081,36.19643],[-80.37996,36.17317],[-80.2873,36.2106],[-80.20716,36.3337],[-80.17199,36.53865],[-80.11082,36.59229],[-79.89348,36.63407],[-79.75893,36.7181],[-79.54826,37.02803],[-79.55539,37.16275],[-79.6213,37.24516],[-79.76174,37.30777],[-79.79703,37.33201],[-79.82727,37.37125],[-79.89947,37.4309],[-79.87573,37.50725],[-79.77331,37.65053],[-79.72003,37.90626],[-79.58575,38.01823],[-79.4659,38.16302],[-79.27045,38.21138],[-79.07538,38.38746],[-79.02345,38.37987],[-78.92767,38.34427],[-78.82781,38.25054],[-78.81773,38.22572],[-78.79319,38.04438],[-78.73948,37.86942],[-78.61055,37.74767],[-78.58889,37.69591],[-78.6059,37.65539],[-78.65319,37.60561],[-78.88039,37.46844],[-78.88726,37.42861],[-78.69628,37.24062],[-78.73984,37.10656],[-78.7718,37.04641],[-78.76353,36.99724],[-78.70859,36.97293],[-78.63702,36.95727],[-78.61145,36.91418],[-78.61387,36.84264],[-78.62618,36.7926],[-78.61717,36.73637]]],[[[-80.00949,36.21221],[-79.92298,36.124],[-79.81319,36.12355],[-79.7028,36.10757],[-79.67328,36.11931],[-79.62893,36.16629],[-79.61291,36.2067],[-79.56675,36.23203],[-79.48452,36.25796],[-79.45822,36.28831],[-79.27674,36.32071],[-79.20127,36.38518],[-79.16009,36.38965],[-79.04466,36.35959],[-78.64568,36.40407],[-78.61501,36.47024],[-78.60731,36.54027],[-78.65724,36.55871],[-78.77752,36.58184],[-79.28907,36.56232],[-79.84859,36.55228],[-79.9406,36.5254],[-79.96586,36.52565],[-80.08639,36.41979],[-80.07077,36.31165],[-80.0507,36.26565],[-80.00949,36.21221]]],[[[-76.02497,38.58374],[-76.03317,38.58565],[-76.02738,38.59327],[-75.9986,38.59897],[-76.02497,38.58374]]],[[[-75.39451,39.23579],[-75.40343,39.22673],[-75.3904,39.20723],[-75.41184,39.15512],[-75.39883,39.11885],[-75.47707,39.09559],[-75.51896,39.06138],[-75.54852,39.00772],[-75.54916,38.96742],[-75.59496,38.90502],[-75.59282,38.88838],[-75.53903,38.87899],[-75.54363,38.86352],[-75.68838,38.7803],[-75.68559,38.74187],[-75.66634,38.71141],[-75.61115,38.70721],[-75.50135,38.72053],[-75.47088,38.70433],[-75.54519,38.53311],[-75.68774,38.48042],[-75.81127,38.48019],[-75.8883,38.44702],[-75.97634,38.44532],[-76.07226,38.42929],[-76.17257,38.3977],[-76.24991,38.42169],[-76.21364,38.53478],[-76.17739,38.52246],[-76.18232,38.50937],[-76.16535,38.50465],[-76.15996,38.51004],[-76.17221,38.51606],[-76.16256,38.52865],[-76.13615,38.52563],[-76.13884,38.53881],[-76.12815,38.54458],[-76.18485,38.53206],[-76.20657,38.54505],[-76.20227,38.55128],[-76.17921,38.55149],[-76.16916,38.5541],[-76.1731,38.56431],[-76.07383,38.58406],[-76.07166,38.57477],[-76.03424,38.56163],[-76.01352,38.56728],[-76.01155,38.57723],[-75.99788,38.58341],[-75.97079,38.58398],[-75.97466,38.59627],[-75.96378,38.60585],[-75.82033,38.63641],[-75.77773,38.70511],[-75.77066,38.75239],[-75.80708,38.85186],[-75.89928,38.94074],[-75.96297,39.02739],[-75.94369,39.12435],[-75.95048,39.18454],[-75.96134,39.20067],[-76.01696,39.22889],[-75.97885,39.24499],[-75.93856,39.23951],[-75.92949,39.24665],[-75.97273,39.25308],[-76.02918,39.23508],[-76.08055,39.26109],[-76.05937,39.29766],[-76.01417,39.32614],[-75.89752,39.34645],[-75.82499,39.34208],[-75.73727,39.31843],[-75.67252,39.27802],[-75.55759,39.2803],[-75.43044,39.29422],[-75.39451,39.23579]]],[[[-74.31546,39.46939],[-74.30234,39.47255],[-74.30537,39.45442],[-74.331,39.44992],[-74.33106,39.42499],[-74.36031,39.40024],[-74.34291,39.48125],[-74.32198,39.48164],[-74.31546,39.46939]]],[[[-76.63227,39.59784],[-76.80688,39.50923],[-76.89454,39.47724],[-77.09986,39.35541],[-77.21,39.30512],[-77.38625,39.31163],[-77.53386,39.34995],[-77.6133,39.40032],[-77.62295,39.43019],[-77.66673,39.45492],[-77.70261,39.45369],[-77.71539,39.47422],[-77.7091,39.51726],[-77.73202,39.58883],[-77.7966,39.64282],[-77.81766,39.70207],[-77.81443,39.75358],[-77.75031,39.79572],[-77.58865,39.82672],[-77.54702,39.82424],[-77.51616,39.81943],[-77.39875,39.68649],[-77.1374,39.69931],[-76.9832,39.81925],[-76.8956,39.92072],[-76.85154,39.93232],[-76.78709,39.91637],[-76.66973,39.85666],[-76.60472,39.80592],[-76.5752,39.76254],[-76.56347,39.69084],[-76.58274,39.64186],[-76.63227,39.59784]]],[[[-74.28317,39.50515],[-74.28734,39.50833],[-74.28077,39.51013],[-74.28317,39.50515]]],[[[-74.30453,39.54508],[-74.30987,39.5546],[-74.29796,39.54869],[-74.30453,39.54508]]],[[[-74.27171,39.54955],[-74.27825,39.55365],[-74.27287,39.55862],[-74.27171,39.54955]]],[[[-74.25192,39.57944],[-74.25786,39.58625],[-74.2501,39.58669],[-74.25192,39.57944]]],[[[-74.2208,39.60022],[-74.23035,39.60251],[-74.22258,39.60431],[-74.2208,39.60022]]],[[[-104.59869,41.03576],[-104.70224,41.0223],[-104.76289,41.03736],[-104.77576,41.09883],[-104.71498,41.1709],[-104.56602,41.20846],[-104.47289,41.19699],[-104.42633,41.12011],[-104.44861,41.07368],[-104.59869,41.03576]]],[[[-74.21652,39.62832],[-74.21888,39.63331],[-74.20871,39.63556],[-74.21652,39.62832]]],[[[-74.19852,39.6455],[-74.20387,39.65277],[-74.18891,39.65772],[-74.19852,39.6455]]],[[[-74.16122,39.70208],[-74.17377,39.70301],[-74.1912,39.68039],[-74.18166,39.67629],[-74.2032,39.66818],[-74.22064,39.64329],[-74.24812,39.64153],[-74.24638,39.62838],[-74.25533,39.62795],[-74.26078,39.60484],[-74.28346,39.60669],[-74.2841,39.59627],[-74.29244,39.60263],[-74.30379,39.59766],[-74.30801,39.5818],[-74.32236,39.57094],[-74.3325,39.57504],[-74.3236,39.55055],[-74.29501,39.53509],[-74.30463,39.50927],[-74.32728,39.5093],[-74.32186,39.53286],[-74.33615,39.54104],[-74.35405,39.5388],[-74.3612,39.54561],[-74.363,39.53654],[-74.38375,39.53876],[-74.4119,39.55608],[-74.41171,39.54038],[-74.58651,39.45733],[-74.61776,39.42589],[-74.5609,39.30945],[-74.6191,39.30356],[-74.6316,39.3099],[-74.63873,39.30354],[-74.65479,39.30987],[-74.66132,39.30487],[-74.65119,39.29582],[-74.65949,39.28766],[-74.62264,39.2818],[-74.62675,39.25505],[-74.60657,39.26822],[-74.60719,39.28318],[-74.59232,39.27911],[-74.55845,39.29364],[-74.5519,39.28593],[-74.55605,39.27369],[-74.60476,39.25009],[-74.62728,39.21789],[-74.65339,39.21196],[-74.66465,39.20107],[-74.65276,39.19066],[-74.7125,39.12032],[-74.71784,39.12257],[-74.71494,39.14162],[-74.72383,39.13752],[-74.72733,39.12301],[-74.74359,39.11678],[-74.89,39.11613],[-74.89355,39.14889],[-74.91384,39.17058],[-74.96557,39.18626],[-75.02848,39.18465],[-75.03269,39.19143],[-75.02677,39.19508],[-75.04057,39.21225],[-75.11883,39.19919],[-75.12521,39.18103],[-75.14119,39.17641],[-75.17344,39.19709],[-75.16463,39.20802],[-75.1718,39.21206],[-75.16721,39.22976],[-75.17562,39.24014],[-75.19819,39.24002],[-75.20069,39.25269],[-75.24305,39.26967],[-75.24786,39.27463],[-75.23905,39.28511],[-75.25395,39.28865],[-75.25581,39.29634],[-75.2778,39.2962],[-75.29493,39.28613],[-75.31828,39.30139],[-75.33362,39.34163],[-75.3521,39.34513],[-75.36567,39.33597],[-75.3939,39.35753],[-75.35092,39.38485],[-75.3311,39.38503],[-75.2746,39.36125],[-75.19263,39.3468],[-74.86809,39.33753],[-74.7664,39.35738],[-74.71308,39.38244],[-74.70615,39.41933],[-74.7191,39.43532],[-74.7143,39.47539],[-74.68274,39.5911],[-74.64075,39.62077],[-74.47941,39.6801],[-74.35717,39.69719],[-74.23152,39.68399],[-74.16744,39.70786],[-74.15897,39.70687],[-74.16122,39.70208]]],[[[-74.14508,39.70158],[-74.15104,39.70595],[-74.14327,39.70505],[-74.14508,39.70158]]],[[[-74.26466,39.51645],[-74.2712,39.521],[-74.26279,39.54047],[-74.21787,39.58662],[-74.14211,39.69704],[-74.12839,39.70332],[-74.14584,39.66939],[-74.26466,39.51645]]],[[[-75.76033,40.24997],[-75.9964,40.27253],[-76.11601,40.30803],[-76.15502,40.36292],[-76.14583,40.40979],[-76.10977,40.43837],[-75.9972,40.49362],[-75.89165,40.50945],[-75.8384,40.50539],[-75.79107,40.4664],[-75.70772,40.34787],[-75.6919,40.27163],[-75.76033,40.24997]]],[[[-104.56414,42.11102],[-104.42901,42.06351],[-104.1874,41.96061],[-104.11375,41.88219],[-104.10213,41.78205],[-104.1336,41.63767],[-104.20884,41.52609],[-104.37635,41.38473],[-104.88144,41.28338],[-105.13995,41.21329],[-105.37503,41.26516],[-105.47996,41.31308],[-105.58821,41.68612],[-105.45649,41.82169],[-105.55201,42.01341],[-105.4936,42.07567],[-105.29276,42.06178],[-105.1861,42.06229],[-105.08496,42.10511],[-104.98553,42.16197],[-104.84019,42.16487],[-104.6922,42.14641],[-104.56414,42.11102]]],[[[-95.09181,42.17873],[-95.26636,42.17584],[-95.40374,42.15969],[-95.5415,42.11974],[-95.61461,42.08497],[-95.72759,42.06825],[-95.81594,42.08081],[-95.87968,42.12861],[-95.88636,42.22921],[-95.852,42.37685],[-95.79372,42.48881],[-95.64707,42.5408],[-95.36248,42.58522],[-95.0951,42.57599],[-94.93348,42.55597],[-94.83002,42.48931],[-94.79234,42.39404],[-94.81952,42.29387],[-94.88559,42.24164],[-95.03233,42.18461],[-95.09181,42.17873]]],[[[-72.45307,40.97702],[-72.45672,40.96304],[-72.47605,40.98075],[-72.45307,40.97702]]],[[[-72.39104,41.03091],[-72.42489,41.03717],[-72.44289,41.02944],[-72.44898,41.01551],[-72.4372,40.99208],[-72.45226,40.99607],[-72.46608,41.01456],[-72.47254,40.99156],[-72.49072,40.99243],[-72.42081,41.05719],[-72.38669,41.04669],[-72.39104,41.03091]]],[[[-72.37917,41.07874],[-72.39078,41.07738],[-72.37832,41.08463],[-72.37917,41.07874]]],[[[-72.27262,41.07518],[-72.31284,41.07573],[-72.30978,41.06249],[-72.28402,41.06593],[-72.27465,41.05753],[-72.27364,41.02618],[-72.28278,41.03957],[-72.31019,41.05343],[-72.31976,41.04413],[-72.34374,41.0529],[-72.34961,41.04442],[-72.35925,41.04693],[-72.37844,41.06783],[-72.36111,41.07375],[-72.35881,41.08414],[-72.34088,41.0896],[-72.3298,41.10567],[-72.32127,41.10545],[-72.31278,41.09071],[-72.27262,41.07518]]],[[[-72.0829,41.08931],[-72.08439,41.05848],[-72.10174,41.05258],[-72.0998,41.08022],[-72.14236,41.09588],[-72.12419,41.10584],[-72.12537,41.1195],[-72.08067,41.09742],[-72.0829,41.08931]]],[[[-71.89372,41.07911],[-71.86097,41.07546],[-71.85588,41.06759],[-71.90006,41.03843],[-71.92828,41.03468],[-72.12042,40.96773],[-72.43356,40.85128],[-72.46125,40.84332],[-72.46341,40.84973],[-72.41218,40.86756],[-72.41539,40.87763],[-72.43352,40.86626],[-72.43969,40.87821],[-72.48594,40.88021],[-72.49199,40.89724],[-72.43306,40.9189],[-72.43324,40.92889],[-72.44663,40.92876],[-72.43667,40.94804],[-72.4157,40.94027],[-72.39816,40.95165],[-72.37407,40.98737],[-72.3711,41.01317],[-72.36333,40.99618],[-72.32797,40.99667],[-72.31814,41.01231],[-72.32877,41.03346],[-72.31158,41.03621],[-72.30408,41.02694],[-72.29858,41.01364],[-72.31173,41.0058],[-72.30976,40.99531],[-72.24545,41.01638],[-72.24114,41.0308],[-72.25287,41.04063],[-72.24779,41.04504],[-72.19233,41.03181],[-72.20413,41.02712],[-72.18464,41.00074],[-72.17916,41.03964],[-72.1621,41.05236],[-72.13535,41.03804],[-72.14769,41.02202],[-72.13139,41.01887],[-72.10092,40.99354],[-72.06152,41.01474],[-72.05731,41.001],[-72.04249,41.00514],[-72.03806,41.00865],[-72.04962,41.02123],[-72.02641,41.02241],[-71.99479,41.04561],[-71.95946,41.04508],[-71.96207,41.06604],[-71.95266,41.07123],[-71.93913,41.07357],[-71.93437,41.05891],[-71.91758,41.05345],[-71.91358,41.06015],[-71.92732,41.07779],[-71.90625,41.08446],[-71.89372,41.07911]]],[[[-70.8049,41.24906],[-70.83169,41.25696],[-70.81144,41.26239],[-70.8049,41.24906]]],[[[-70.76251,41.32673],[-70.76415,41.32786],[-70.76169,41.32827],[-70.76251,41.32673]]],[[[-70.90836,41.42301],[-70.90836,41.42298],[-70.90844,41.42304],[-70.90836,41.42301]]],[[[-70.93017,41.42331],[-70.9205,41.42301],[-70.93495,41.41263],[-70.95105,41.41178],[-70.92861,41.43087],[-70.93017,41.42331]]],[[[-70.85814,41.43644],[-70.86192,41.42466],[-70.90683,41.42445],[-70.90176,41.4334],[-70.88325,41.43224],[-70.85955,41.44756],[-70.85814,41.43644]]],[[[-70.83134,41.44131],[-70.84156,41.44847],[-70.83884,41.45541],[-70.81574,41.44894],[-70.83134,41.44131]]],[[[-70.55755,41.42074],[-70.5594,41.42145],[-70.55991,41.42237],[-70.55755,41.42074]]],[[[-70.98441,41.50918],[-70.98556,41.50916],[-70.98436,41.51507],[-70.98441,41.50918]]],[[[-70.54989,41.41953],[-70.55468,41.4229],[-70.55711,41.43228],[-70.54989,41.41953]]],[[[-70.9832,41.51802],[-70.98435,41.51511],[-70.98359,41.51883],[-70.9832,41.51802]]],[[[-70.62589,41.4545],[-70.62662,41.45453],[-70.62582,41.45494],[-70.62589,41.4545]]],[[[-70.98285,41.52194],[-70.98159,41.52866],[-70.98019,41.52548],[-70.98285,41.52194]]],[[[-70.58934,41.45572],[-70.59015,41.45666],[-70.58697,41.45758],[-70.58934,41.45572]]],[[[-70.96856,41.53884],[-70.96996,41.53969],[-70.96917,41.54056],[-70.96856,41.53884]]],[[[-70.59792,41.47437],[-70.60891,41.42907],[-70.59975,41.42969],[-70.58161,41.45234],[-70.58776,41.45983],[-70.56611,41.46916],[-70.55394,41.43971],[-70.55559,41.4329],[-70.5703,41.43061],[-70.57235,41.41466],[-70.56556,41.41832],[-70.56384,41.40923],[-70.54376,41.40312],[-70.53615,41.40641],[-70.54724,41.41455],[-70.51485,41.40023],[-70.52008,41.38575],[-70.51391,41.34764],[-70.70956,41.34214],[-70.74901,41.32966],[-70.77567,41.30099],[-70.83856,41.34605],[-70.83386,41.35336],[-70.81482,41.35453],[-70.77387,41.34974],[-70.78411,41.34307],[-70.78579,41.33109],[-70.75672,41.32502],[-70.76788,41.32834],[-70.76402,41.35652],[-70.73189,41.39751],[-70.71243,41.40885],[-70.69827,41.43419],[-70.67229,41.44255],[-70.65403,41.4608],[-70.64,41.4631],[-70.62241,41.44802],[-70.62862,41.46959],[-70.61169,41.4784],[-70.59792,41.47437]]],[[[-70.70134,41.50446],[-70.70499,41.50203],[-70.70323,41.50478],[-70.70134,41.50446]]],[[[-70.70092,41.50573],[-70.69942,41.50912],[-70.69851,41.50643],[-70.70092,41.50573]]],[[[-70.71148,41.51491],[-70.70122,41.50904],[-70.71074,41.50203],[-70.70519,41.49673],[-70.7583,41.47815],[-70.76281,41.46059],[-70.79522,41.44671],[-70.80578,41.45023],[-70.80209,41.46675],[-70.78704,41.47736],[-70.77527,41.47747],[-70.71148,41.51491]]],[[[-70.70235,41.51228],[-70.705,41.51317],[-70.70235,41.51342],[-70.70235,41.51228]]],[[[-70.69507,41.50635],[-70.69941,41.51334],[-70.69555,41.51179],[-70.69507,41.50635]]],[[[-70.70579,41.51343],[-70.71025,41.51715],[-70.70357,41.51502],[-70.70579,41.51343]]],[[[-70.03644,41.38326],[-69.96635,41.28774],[-69.96013,41.26498],[-69.96835,41.25191],[-70.00159,41.23936],[-70.09868,41.24138],[-70.10131,41.28971],[-70.08877,41.27744],[-70.02446,41.3052],[-70.02307,41.29319],[-70.02261,41.30049],[-70.0102,41.30451],[-70.03059,41.31241],[-69.99947,41.32741],[-70.00805,41.34425],[-70.01997,41.34558],[-70.01366,41.35386],[-70.04672,41.31534],[-70.07926,41.29328],[-70.09026,41.29734],[-70.06257,41.30873],[-70.03191,41.3384],[-70.02403,41.36862],[-70.04993,41.39017],[-70.03644,41.38326]]],[[[-70.85047,41.6039],[-70.85036,41.6024],[-70.85102,41.60292],[-70.85047,41.6039]]],[[[-70.82621,41.60164],[-70.81697,41.58934],[-70.82166,41.58392],[-70.83783,41.59474],[-70.83567,41.60438],[-70.82621,41.60164]]],[[[-70.53505,41.55636],[-70.54163,41.5528],[-70.53375,41.54999],[-70.54782,41.55264],[-70.53158,41.56594],[-70.53505,41.55636]]],[[[-70.53286,41.56581],[-70.53481,41.56686],[-70.53012,41.57133],[-70.53286,41.56581]]],[[[-70.64577,41.60306],[-70.64789,41.60562],[-70.64489,41.60498],[-70.64577,41.60306]]],[[[-70.4597,41.58191],[-70.45871,41.58003],[-70.45991,41.58141],[-70.4597,41.58191]]],[[[-70.45985,41.5822],[-70.46354,41.58561],[-70.46354,41.58836],[-70.45985,41.5822]]],[[[-70.41502,41.60677],[-70.41779,41.60836],[-70.4072,41.60806],[-70.41502,41.60677]]],[[[-70.61862,41.65847],[-70.62082,41.65945],[-70.61826,41.66048],[-70.61862,41.65847]]],[[[-70.40682,41.62314],[-70.40643,41.60861],[-70.41803,41.60918],[-70.41792,41.62051],[-70.40682,41.62314]]],[[[-70.62093,41.71444],[-70.61809,41.71365],[-70.62206,41.7099],[-70.62093,41.71444]]],[[[-70.64434,41.73488],[-70.64434,41.73484],[-70.64455,41.73488],[-70.64434,41.73488]]],[[[-70.48146,41.76702],[-70.47666,41.76367],[-70.486,41.76131],[-70.47461,41.75791],[-70.45896,41.75592],[-70.47545,41.76336],[-70.36404,41.73667],[-70.36478,41.72715],[-70.37286,41.72746],[-70.36486,41.72609],[-70.37137,41.61484],[-70.396,41.60807],[-70.38897,41.61173],[-70.40592,41.64922],[-70.41401,41.64021],[-70.40553,41.63933],[-70.43289,41.62042],[-70.45144,41.58826],[-70.45385,41.60179],[-70.46303,41.59719],[-70.45058,41.61632],[-70.46714,41.5968],[-70.47773,41.61396],[-70.46592,41.59401],[-70.47512,41.58442],[-70.46525,41.59113],[-70.45726,41.57726],[-70.48088,41.55702],[-70.5212,41.5491],[-70.50099,41.57136],[-70.49766,41.56464],[-70.49401,41.56931],[-70.49968,41.5757],[-70.51628,41.55933],[-70.51387,41.57786],[-70.51829,41.57326],[-70.526,41.57979],[-70.53417,41.56903],[-70.53026,41.57986],[-70.54319,41.5565],[-70.54379,41.57277],[-70.55394,41.54915],[-70.57005,41.54785],[-70.56633,41.5738],[-70.57675,41.54594],[-70.57331,41.57634],[-70.58019,41.56442],[-70.58577,41.56874],[-70.5877,41.54541],[-70.60716,41.54277],[-70.60153,41.55153],[-70.60833,41.54283],[-70.6347,41.53784],[-70.65669,41.5155],[-70.6822,41.52864],[-70.68695,41.52209],[-70.6843,41.53078],[-70.65355,41.53998],[-70.66114,41.54181],[-70.65277,41.5658],[-70.64088,41.57634],[-70.63385,41.57333],[-70.64761,41.59533],[-70.64044,41.59544],[-70.63626,41.60721],[-70.65014,41.60883],[-70.63942,41.6238],[-70.64652,41.63524],[-70.634,41.63416],[-70.64124,41.63325],[-70.64916,41.64586],[-70.61502,41.6579],[-70.62095,41.66462],[-70.62734,41.6606],[-70.61963,41.65652],[-70.65423,41.66606],[-70.6284,41.66385],[-70.61363,41.67773],[-70.62151,41.67776],[-70.61846,41.68512],[-70.62475,41.68331],[-70.62813,41.69344],[-70.64584,41.68128],[-70.65803,41.68445],[-70.64407,41.69478],[-70.61048,41.69725],[-70.62321,41.69999],[-70.61695,41.70184],[-70.61478,41.72836],[-70.63046,41.72423],[-70.63306,41.71554],[-70.6347,41.72294],[-70.61915,41.73879],[-70.58305,41.74974],[-70.55419,41.77387],[-70.49527,41.77519],[-70.48146,41.76702]]],[[[-70.5771,41.94437],[-70.53903,41.92643],[-70.54713,41.91008],[-70.53228,41.89025],[-70.52643,41.85702],[-70.54482,41.81856],[-70.54066,41.80808],[-70.49675,41.77732],[-70.55522,41.77532],[-70.58587,41.7501],[-70.62689,41.73894],[-70.62237,41.75453],[-70.60909,41.75577],[-70.61145,41.76451],[-70.60793,41.75808],[-70.60258,41.76199],[-70.62394,41.76515],[-70.63153,41.75311],[-70.62173,41.74748],[-70.63096,41.74839],[-70.62702,41.74492],[-70.6371,41.74368],[-70.63847,41.73516],[-70.6539,41.73987],[-70.6495,41.75058],[-70.65711,41.74842],[-70.65515,41.75472],[-70.66211,41.75076],[-70.65424,41.74211],[-70.66407,41.73772],[-70.66606,41.74593],[-70.67791,41.74587],[-70.66615,41.73482],[-70.65867,41.73692],[-70.64927,41.71826],[-70.6746,41.69144],[-70.65312,41.71566],[-70.66552,41.71724],[-70.67886,41.73248],[-70.68078,41.72687],[-70.69361,41.73164],[-70.69006,41.72488],[-70.70658,41.73066],[-70.70593,41.73909],[-70.69498,41.7419],[-70.70451,41.74191],[-70.69896,41.74815],[-70.71115,41.76085],[-70.68872,41.76417],[-70.71414,41.76002],[-70.72111,41.76551],[-70.70812,41.74651],[-70.72431,41.75194],[-70.70912,41.74317],[-70.7327,41.73722],[-70.72152,41.72489],[-70.73673,41.72993],[-70.71421,41.70846],[-70.73063,41.70657],[-70.71745,41.6935],[-70.71702,41.67761],[-70.74042,41.69289],[-70.73145,41.69171],[-70.76084,41.72116],[-70.75712,41.7123],[-70.76604,41.71134],[-70.74472,41.67369],[-70.76664,41.67945],[-70.75879,41.66177],[-70.76503,41.64192],[-70.77505,41.64646],[-70.77148,41.65138],[-70.82193,41.65967],[-70.83065,41.6536],[-70.80233,41.63647],[-70.80497,41.62653],[-70.81775,41.63509],[-70.83552,41.62459],[-70.86733,41.63916],[-70.86626,41.62259],[-70.85439,41.61813],[-70.85066,41.60464],[-70.85369,41.58218],[-70.86632,41.60016],[-70.87031,41.62563],[-70.88753,41.63296],[-70.89941,41.62502],[-70.91725,41.6792],[-70.92507,41.64148],[-70.9009,41.59371],[-70.91061,41.5943],[-70.92167,41.61436],[-70.92932,41.61338],[-70.93786,41.57889],[-70.9618,41.60054],[-70.96421,41.58445],[-70.95257,41.58167],[-70.93799,41.563],[-70.92898,41.53891],[-70.94436,41.53914],[-70.95437,41.52778],[-70.95008,41.53059],[-70.95632,41.53298],[-70.95464,41.51458],[-70.96874,41.53474],[-70.96835,41.54813],[-70.97943,41.53929],[-70.95123,41.67747],[-70.88959,41.76415],[-70.63837,41.94893],[-70.61661,41.94022],[-70.59119,41.94831],[-70.5771,41.94437]]],[[[-96.23836,44.6278],[-96.21428,44.62125],[-96.19158,44.62758],[-96.08651,44.6104],[-96.0059,44.51015],[-95.80127,44.02985],[-95.79297,43.93538],[-95.79462,43.82745],[-95.84231,43.72821],[-95.9128,43.63743],[-96.14459,43.51439],[-96.2022,43.50546],[-96.25746,43.48145],[-96.37504,43.46563],[-96.5704,43.49106],[-96.75434,43.55768],[-96.96183,43.69873],[-97.08921,43.83136],[-97.11761,43.91195],[-97.11279,43.94755],[-97.04384,44.12207],[-96.39057,44.60345],[-96.23836,44.6278]]],[[[-70.22881,43.53812],[-70.24401,43.54117],[-70.2277,43.54723],[-70.22881,43.53812]]],[[[-70.18774,43.64639],[-70.20398,43.63486],[-70.21043,43.64208],[-70.20486,43.64851],[-70.18774,43.64639]]],[[[-70.14735,43.65175],[-70.145,43.66224],[-70.13743,43.66322],[-70.14735,43.65175]]],[[[-70.17648,43.65377],[-70.19673,43.65405],[-70.20002,43.6613],[-70.17871,43.67288],[-70.17648,43.65377]]],[[[-70.22958,43.68697],[-70.23473,43.69148],[-70.22334,43.69204],[-70.22958,43.68697]]],[[[-70.20086,43.67313],[-70.206,43.67764],[-70.20107,43.68542],[-70.18656,43.68783],[-70.20086,43.67313]]],[[[-70.09271,43.67498],[-70.09847,43.67949],[-70.08407,43.68871],[-70.09271,43.67498]]],[[[-70.15857,43.67897],[-70.17193,43.68295],[-70.16949,43.68844],[-70.13881,43.70828],[-70.13365,43.70241],[-70.15857,43.67897]]],[[[-70.19147,43.7151],[-70.19532,43.71826],[-70.18273,43.72246],[-70.19147,43.7151]]],[[[-70.15466,43.70951],[-70.14021,43.71647],[-70.14706,43.70912],[-70.15466,43.70951]]],[[[-70.11781,43.70118],[-70.1204,43.7048],[-70.10845,43.70991],[-70.11781,43.70118]]],[[[-70.09245,43.69866],[-70.08424,43.69964],[-70.08982,43.69276],[-70.10063,43.69586],[-70.11441,43.68709],[-70.09327,43.71049],[-70.09245,43.69866]]],[[[-70.02196,43.72472],[-70.0351,43.7146],[-70.0283,43.72558],[-70.02196,43.72472]]],[[[-70.09639,43.74689],[-70.1205,43.71072],[-70.12746,43.71111],[-70.12381,43.7198],[-70.13969,43.72285],[-70.12048,43.74851],[-70.10655,43.74862],[-70.09599,43.76101],[-70.09639,43.74689]]],[[[-69.93581,43.72126],[-69.94162,43.72987],[-69.93145,43.72676],[-69.93581,43.72126]]],[[[-70.12843,43.76893],[-70.11382,43.76632],[-70.12129,43.75897],[-70.13715,43.75975],[-70.15023,43.74734],[-70.15664,43.75138],[-70.14432,43.77198],[-70.12353,43.77899],[-70.12843,43.76893]]],[[[-70.05518,43.74404],[-70.06028,43.74628],[-70.04028,43.76374],[-70.05518,43.74404]]],[[[-70.09136,43.78837],[-70.08688,43.78522],[-70.10387,43.7787],[-70.09136,43.78837]]],[[[-70.07502,43.79715],[-70.06754,43.80496],[-70.06243,43.80272],[-70.07502,43.79715]]],[[[-70.04253,43.78603],[-70.04763,43.78827],[-70.03639,43.79929],[-70.04253,43.78603]]],[[[-70.02327,43.81169],[-70.03201,43.80296],[-70.0296,43.81164],[-70.02327,43.81169]]],[[[-70.05174,43.80782],[-70.05307,43.81236],[-70.03791,43.81567],[-70.05174,43.80782]]],[[[-70.00806,43.8118],[-70.0114,43.82362],[-69.99943,43.82872],[-69.99799,43.81734],[-70.00806,43.8118]]],[[[-69.63013,43.80094],[-69.63653,43.80774],[-69.62833,43.81279],[-69.63013,43.80094]]],[[[-69.31934,43.75424],[-69.32568,43.75514],[-69.31815,43.77018],[-69.30168,43.77159],[-69.31934,43.75424]]],[[[-69.64875,43.82681],[-69.64489,43.82091],[-69.65251,43.82224],[-69.65786,43.78487],[-69.68931,43.82432],[-69.66798,43.84812],[-69.64571,43.84048],[-69.64875,43.82681]]],[[[-69.5711,43.86633],[-69.58205,43.88541],[-69.57447,43.89045],[-69.5711,43.86633]]],[[[-69.67023,43.88271],[-69.68161,43.87856],[-69.68493,43.89311],[-69.6662,43.92509],[-69.67023,43.88271]]],[[[-69.31854,43.85397],[-69.32555,43.85988],[-69.30913,43.87631],[-69.31854,43.85397]]],[[[-69.28436,43.87227],[-69.28559,43.86179],[-69.29955,43.86358],[-69.29768,43.87179],[-69.28436,43.87227]]],[[[-69.4261,43.91288],[-69.42993,43.91514],[-69.4249,43.92336],[-69.4261,43.91288]]],[[[-69.3111,43.89088],[-69.32447,43.90041],[-69.31622,43.90043],[-69.3111,43.89088]]],[[[-69.69333,43.9081],[-69.70989,43.8529],[-69.72201,43.85922],[-69.73635,43.89466],[-69.71298,43.90572],[-69.65983,43.98844],[-69.69333,43.9081]]],[[[-69.31373,43.91183],[-69.31693,43.9182],[-69.30677,43.91594],[-69.31373,43.91183]]],[[[-69.44068,43.90873],[-69.4464,43.90871],[-69.43524,43.95202],[-69.42367,43.92974],[-69.43443,43.92515],[-69.44068,43.90873]]],[[[-69.34807,43.92222],[-69.35442,43.92311],[-69.34305,43.93407],[-69.34807,43.92222]]],[[[-68.89552,43.81698],[-68.90121,43.81971],[-68.88978,43.83473],[-68.8771,43.83654],[-68.89552,43.81698]]],[[[-69.36776,43.92399],[-69.3697,43.93081],[-69.35196,43.93815],[-69.36776,43.92399]]],[[[-69.12827,43.86659],[-69.13462,43.8675],[-69.13338,43.88025],[-69.11945,43.89757],[-69.12576,43.8757],[-69.12067,43.87024],[-69.12827,43.86659]]],[[[-69.2731,43.91283],[-69.28202,43.91918],[-69.27,43.92969],[-69.2731,43.91283]]],[[[-69.29668,43.93145],[-69.30367,43.93371],[-69.29608,43.94102],[-69.29668,43.93145]]],[[[-69.22042,43.91384],[-69.22806,43.9202],[-69.21728,43.92478],[-69.22042,43.91384]]],[[[-69.39207,43.95534],[-69.39908,43.95896],[-69.38831,43.96628],[-69.39207,43.95534]]],[[[-69.32977,43.94504],[-69.33612,43.94639],[-69.32536,43.95461],[-69.32977,43.94504]]],[[[-69.42765,43.95751],[-69.42964,43.97025],[-69.41824,43.97667],[-69.42765,43.95751]]],[[[-69.33873,43.95959],[-69.34879,43.94089],[-69.36913,43.94311],[-69.3432,43.96459],[-69.33873,43.95959]]],[[[-68.89164,43.86297],[-68.88467,43.85385],[-68.90942,43.84886],[-68.90178,43.87026],[-68.88908,43.87526],[-68.88338,43.86706],[-68.89164,43.86297]]],[[[-69.00837,43.89853],[-69.01535,43.90764],[-69.0052,43.904],[-69.00837,43.89853]]],[[[-69.03439,43.90992],[-69.03884,43.91629],[-69.03186,43.91538],[-69.03439,43.90992]]],[[[-69.38153,44.00229],[-69.38519,43.97404],[-69.39469,43.97037],[-69.39674,43.99496],[-69.39108,44.00363],[-69.38153,44.00229]]],[[[-69.37513,43.99411],[-69.37456,44.00596],[-69.36696,44.01144],[-69.37513,43.99411]]],[[[-68.75009,43.88191],[-68.74944,43.88783],[-68.72974,43.89325],[-68.75009,43.88191]]],[[[-69.14313,43.99001],[-69.15838,43.98771],[-69.1406,43.99867],[-69.14313,43.99001]]],[[[-69.11137,43.99961],[-69.11326,43.9946],[-69.12725,43.99823],[-69.11137,43.99961]]],[[[-69.04592,44.05932],[-69.0472,44.06798],[-69.04211,44.06479],[-69.04592,44.05932]]],[[[-68.88183,44.03149],[-68.89074,44.02831],[-68.89518,44.03606],[-68.88818,44.03924],[-68.88183,44.03149]]],[[[-68.85828,44.03694],[-68.84939,44.03055],[-68.86276,44.02692],[-68.87291,44.04287],[-68.86336,44.04559],[-68.85828,44.03694]]],[[[-69.03384,44.07391],[-69.04466,44.07345],[-69.03957,44.08347],[-69.03384,44.07391]]],[[[-90.7833,46.72467],[-90.7718,46.71193],[-90.81577,46.7262],[-90.7833,46.72467]]],[[[-92.08427,46.77374],[-92.02529,46.71485],[-92.03455,46.71541],[-92.08326,46.75905],[-92.08963,46.77104],[-92.08427,46.77374]]],[[[-68.87541,44.06383],[-68.88241,44.06703],[-68.8754,44.07112],[-68.86777,44.06564],[-68.87541,44.06383]]],[[[-68.89384,44.07615],[-68.89767,44.06841],[-68.9072,44.08345],[-68.89384,44.07615]]],[[[-68.8168,44.08791],[-68.80723,44.09792],[-68.80215,44.09518],[-68.8168,44.08791]]],[[[-68.86195,44.10665],[-68.86515,44.10118],[-68.85305,44.10436],[-68.82828,44.08337],[-68.79709,44.08333],[-68.78432,44.09424],[-68.77361,44.0637],[-68.78826,44.05552],[-68.79525,44.05918],[-68.8125,44.03369],[-68.82776,44.03371],[-68.82388,44.05694],[-68.84873,44.04011],[-68.85761,44.05242],[-68.87479,44.05609],[-68.86012,44.07156],[-68.86456,44.0784],[-68.88239,44.07842],[-68.87599,44.08935],[-68.89701,44.08663],[-68.90465,44.08846],[-68.89891,44.0962],[-68.911,44.09621],[-68.90652,44.11443],[-68.89378,44.12308],[-68.86893,44.12214],[-68.86195,44.10665]]],[[[-68.63992,44.07571],[-68.65778,44.06892],[-68.66985,44.0735],[-68.66536,44.08079],[-68.63544,44.08116],[-68.63992,44.07571]]],[[[-68.83645,44.12439],[-68.83456,44.11801],[-68.81862,44.12254],[-68.80337,44.11159],[-68.82188,44.09612],[-68.83079,44.0975],[-68.84413,44.10799],[-68.84473,44.12439],[-68.8511,44.12395],[-68.84535,44.12987],[-68.83645,44.12439]]],[[[-68.59808,44.04734],[-68.6123,44.01002],[-68.61413,44.02279],[-68.64534,44.01376],[-68.64856,44.00648],[-68.65932,44.01608],[-68.63878,44.0511],[-68.65216,44.0484],[-68.65467,44.05524],[-68.6214,44.0875],[-68.59913,44.08744],[-68.59808,44.04734]]],[[[-68.61056,44.09112],[-68.62009,44.09388],[-68.6048,44.09611],[-68.61056,44.09112]]],[[[-68.81668,44.1353],[-68.82304,44.13986],[-68.80455,44.14394],[-68.81668,44.1353]]],[[[-68.63278,44.10211],[-68.64934,44.1017],[-68.65694,44.11038],[-68.6461,44.11263],[-68.63278,44.10211]]],[[[-68.78674,44.13662],[-68.79246,44.14073],[-68.77907,44.14617],[-68.78674,44.13662]]],[[[-68.63203,44.12398],[-68.63966,44.12628],[-68.62626,44.12988],[-68.63203,44.12398]]],[[[-68.61868,44.11893],[-68.61288,44.13167],[-68.60782,44.12528],[-68.61868,44.11893]]],[[[-68.6619,44.13727],[-68.66639,44.13045],[-68.6778,44.14278],[-68.66503,44.14776],[-68.6619,44.13727]]],[[[-68.64596,44.14042],[-68.65293,44.14682],[-68.64591,44.14726],[-68.64596,44.14042]]],[[[-68.81655,44.18178],[-68.82485,44.17814],[-68.80769,44.16034],[-68.8128,44.15625],[-68.80071,44.15077],[-68.8434,44.14855],[-68.84086,44.14353],[-68.8517,44.13944],[-68.85677,44.14901],[-68.86316,44.13991],[-68.85809,44.13216],[-68.87401,44.12944],[-68.88993,44.13219],[-68.87591,44.13719],[-68.87079,44.14766],[-68.88098,44.14721],[-68.92689,44.12264],[-68.93581,44.11035],[-68.94282,44.11263],[-68.93197,44.13313],[-68.90582,44.15407],[-68.88416,44.15178],[-68.87587,44.15632],[-68.88605,44.16226],[-68.84203,44.18682],[-68.82227,44.18817],[-68.81655,44.18178]]],[[[-68.60139,44.13619],[-68.60452,44.14486],[-68.59817,44.14165],[-68.60139,44.13619]]],[[[-68.63063,44.1463],[-68.63571,44.1486],[-68.62231,44.15266],[-68.63063,44.1463]]],[[[-68.50036,44.10305],[-68.50486,44.09714],[-68.51872,44.11587],[-68.50335,44.12903],[-68.48947,44.11166],[-68.50036,44.10305]]],[[[-90.75948,46.82903],[-90.76809,46.82895],[-90.76694,46.83814],[-90.7502,46.86445],[-90.72835,46.86694],[-90.73786,46.84345],[-90.75948,46.82903]]],[[[-90.67601,46.7972],[-90.65742,46.79552],[-90.6632,46.78492],[-90.7221,46.78074],[-90.77122,46.75047],[-90.79305,46.74935],[-90.78812,46.76774],[-90.79571,46.78327],[-90.73438,46.79944],[-90.73387,46.8077],[-90.66746,46.83811],[-90.62292,46.87152],[-90.60565,46.87028],[-90.57403,46.84392],[-90.67768,46.81645],[-90.67601,46.7972]]],[[[-68.43271,44.12283],[-68.45049,44.12882],[-68.43771,44.13378],[-68.43271,44.12283]]],[[[-68.94783,44.21698],[-68.95229,44.22109],[-68.93377,44.24067],[-68.94783,44.21698]]],[[[-90.68938,46.87692],[-90.70666,46.87861],[-90.70746,46.88548],[-90.67371,46.89129],[-90.6775,46.88024],[-90.68938,46.87692]]],[[[-68.77889,44.2004],[-68.78586,44.21363],[-68.76799,44.21907],[-68.77889,44.2004]]],[[[-68.33527,44.12192],[-68.33663,44.11372],[-68.32458,44.10911],[-68.33228,44.10322],[-68.34241,44.10828],[-68.36347,44.10292],[-68.37481,44.11619],[-68.34984,44.13065],[-68.33527,44.12192]]],[[[-90.49612,46.86745],[-90.5201,46.87324],[-90.4691,46.89114],[-90.46712,46.88143],[-90.49612,46.86745]]],[[[-68.61443,44.19319],[-68.61386,44.1818],[-68.64377,44.19145],[-68.61443,44.19319]]],[[[-68.81706,44.23008],[-68.83173,44.2301],[-68.83172,44.23603],[-68.81639,44.2433],[-68.81706,44.23008]]],[[[-68.93886,44.25572],[-68.94907,44.24296],[-68.96502,44.25071],[-68.95097,44.27213],[-68.93886,44.25572]]],[[[-68.79285,44.22367],[-68.80047,44.23234],[-68.79025,44.23916],[-68.7788,44.22683],[-68.79285,44.22367]]],[[[-91.02193,46.93652],[-91.03193,46.93779],[-91.02532,46.93924],[-91.02193,46.93652]]],[[[-68.75768,44.24867],[-68.74686,44.24182],[-68.76472,44.24094],[-68.75768,44.24867]]],[[[-68.56217,44.19166],[-68.57496,44.18669],[-68.59468,44.19314],[-68.58508,44.19948],[-68.59332,44.20635],[-68.58752,44.21818],[-68.56217,44.19166]]],[[[-68.60213,44.22597],[-68.60535,44.22097],[-68.61552,44.22646],[-68.60213,44.22597]]],[[[-68.38777,44.16272],[-68.39245,44.13723],[-68.40778,44.1332],[-68.41925,44.13279],[-68.43434,44.15655],[-68.45231,44.14068],[-68.45725,44.15892],[-68.48157,44.1449],[-68.49741,44.15726],[-68.46609,44.17035],[-68.45897,44.18445],[-68.44178,44.18119],[-68.44507,44.16935],[-68.41251,44.17605],[-68.41427,44.19383],[-68.38777,44.16272]]],[[[-68.46395,44.19905],[-68.46967,44.20044],[-68.46452,44.20771],[-68.45053,44.20219],[-68.46395,44.19905]]],[[[-68.58172,44.22636],[-68.58935,44.2314],[-68.57404,44.23044],[-68.58172,44.22636]]],[[[-68.72826,44.26594],[-68.72892,44.26002],[-68.75125,44.26188],[-68.75888,44.27056],[-68.72826,44.26594]]],[[[-68.34499,44.17072],[-68.35323,44.17623],[-68.34456,44.18713],[-68.33779,44.1714],[-68.34499,44.17072]]],[[[-68.48688,44.20097],[-68.48872,44.21145],[-68.47657,44.21551],[-68.47282,44.20592],[-68.48688,44.20097]]],[[[-90.73936,46.95818],[-90.71738,46.95516],[-90.6984,46.93513],[-90.69602,46.91358],[-90.73978,46.91044],[-90.76002,46.92678],[-90.76905,46.94689],[-90.74741,46.96178],[-90.73936,46.95818]]],[[[-68.3742,44.18316],[-68.3613,44.19951],[-68.3496,44.19884],[-68.36272,44.18357],[-68.3742,44.18316]]],[[[-90.52904,46.93604],[-90.55014,46.92625],[-90.5432,46.90794],[-90.55047,46.90513],[-90.57265,46.92194],[-90.59375,46.9126],[-90.61243,46.91842],[-90.63609,46.90399],[-90.65881,46.91252],[-90.64135,46.93883],[-90.58913,46.9544],[-90.55993,46.95801],[-90.52904,46.93604]]],[[[-68.47462,44.2196],[-68.4829,44.22146],[-68.48285,44.22921],[-68.4669,44.2296],[-68.47462,44.2196]]],[[[-68.66694,44.27765],[-68.65105,44.26439],[-68.61791,44.2561],[-68.60274,44.23053],[-68.62695,44.23744],[-68.62576,44.22057],[-68.66598,44.2143],[-68.59966,44.2132],[-68.62582,44.20918],[-68.61822,44.20095],[-68.64687,44.20832],[-68.65901,44.20425],[-68.64821,44.1983],[-68.6559,44.18966],[-68.62157,44.17225],[-68.64704,44.17733],[-68.63563,44.16454],[-68.63884,44.15954],[-68.67457,44.15097],[-68.7032,44.15924],[-68.69552,44.16743],[-68.71463,44.16792],[-68.71393,44.18524],[-68.70114,44.19387],[-68.71062,44.21303],[-68.7329,44.22083],[-68.70415,44.23353],[-68.68507,44.22391],[-68.69516,44.24718],[-68.67656,44.26856],[-68.6778,44.27768],[-68.66694,44.27765]]],[[[-90.80131,46.96541],[-90.81004,46.97038],[-90.79224,46.97743],[-90.80131,46.96541]]],[[[-90.66351,46.95242],[-90.67271,46.94729],[-90.68278,46.95271],[-90.66845,46.9689],[-90.63867,46.97604],[-90.66351,46.95242]]],[[[-90.87476,46.9826],[-90.8568,46.9814],[-90.8666,46.9735],[-90.88408,46.98296],[-90.88353,46.98848],[-90.87476,46.9826]]],[[[-68.69056,44.2768],[-68.70016,44.2718],[-68.72564,44.28325],[-68.74023,44.30516],[-68.73128,44.3097],[-68.69241,44.29093],[-68.68604,44.28727],[-68.69056,44.2768]]],[[[-90.93003,46.98662],[-90.94051,46.97963],[-90.93807,46.95946],[-90.97198,46.96002],[-90.98899,46.97773],[-90.94741,46.99103],[-90.94363,47.00071],[-90.93003,46.98662]]],[[[-90.61341,46.98878],[-90.62355,46.9858],[-90.63243,46.99972],[-90.61341,46.98878]]],[[[-68.40237,44.25452],[-68.4029,44.2544],[-68.40326,44.25511],[-68.40237,44.25452]]],[[[-90.70435,47.00577],[-90.67492,46.99593],[-90.71453,46.98089],[-90.70435,47.00577]]],[[[-68.46596,44.26788],[-68.48701,44.26842],[-68.492,44.28484],[-68.46596,44.26788]]],[[[-90.75533,46.99384],[-90.7794,47.00096],[-90.78251,47.02389],[-90.76536,47.03139],[-90.7491,47.01593],[-90.75533,46.99384]]],[[[-90.68342,47.02478],[-90.68726,47.01648],[-90.6986,47.01868],[-90.70084,47.03198],[-90.69733,47.03698],[-90.68342,47.02478]]],[[[-68.97075,44.30313],[-69.00012,44.29584],[-69.00523,44.27168],[-69.04285,44.22519],[-69.04284,44.20833],[-69.04858,44.21425],[-69.05878,44.20741],[-69.05048,44.19511],[-69.05811,44.18098],[-69.05173,44.17369],[-69.05746,44.16822],[-69.07406,44.18507],[-69.08101,44.13904],[-69.09247,44.13539],[-69.074,44.13267],[-69.0778,44.11717],[-69.09754,44.11807],[-69.1058,44.10804],[-69.09943,44.10303],[-69.10258,44.07752],[-69.07268,44.08984],[-69.04467,44.09076],[-69.05739,44.06934],[-69.079,44.05885],[-69.07517,44.04017],[-69.10824,44.03514],[-69.10126,44.04745],[-69.11779,44.04242],[-69.12355,44.05882],[-69.13691,44.06108],[-69.12417,44.04834],[-69.13177,44.0333],[-69.1165,44.03195],[-69.11395,44.02375],[-69.13234,44.00141],[-69.16921,44.00228],[-69.17809,43.99088],[-69.19209,44.00134],[-69.19904,43.98311],[-69.1933,43.97765],[-69.21422,43.96122],[-69.19324,43.95624],[-69.21095,43.93253],[-69.23067,43.94115],[-69.23381,43.93112],[-69.26232,43.91604],[-69.25727,43.92197],[-69.27256,43.93515],[-69.26752,43.94609],[-69.27833,43.94789],[-69.27708,43.95427],[-69.25929,43.95431],[-69.26378,43.96295],[-69.2562,43.97663],[-69.2416,43.97894],[-69.23085,43.99581],[-69.21877,43.99355],[-69.20419,44.00815],[-69.21945,44.00813],[-69.16556,44.06834],[-69.17829,44.07106],[-69.19604,44.0478],[-69.2075,44.0496],[-69.20427,44.03412],[-69.2182,44.01542],[-69.23344,44.01084],[-69.24555,44.01765],[-69.26067,43.98209],[-69.27209,43.97797],[-69.28041,43.9907],[-69.28988,43.97611],[-69.28663,43.95926],[-69.31831,43.94097],[-69.30507,43.96195],[-69.3146,43.96193],[-69.30452,43.98108],[-69.31151,43.98061],[-69.29505,43.99705],[-69.32172,43.99197],[-69.34449,43.96914],[-69.35092,43.98324],[-69.37052,43.96452],[-69.34859,44.0247],[-69.37336,44.01962],[-69.34864,44.03518],[-69.34046,44.05297],[-69.34563,44.06845],[-69.37045,44.06975],[-69.38261,44.0811],[-69.38572,44.06788],[-69.37231,44.05972],[-69.37093,44.03968],[-69.38423,44.03007],[-69.37925,44.04922],[-69.38815,44.04874],[-69.40836,44.02499],[-69.39113,44.01274],[-69.39554,44.0068],[-69.42271,43.9803],[-69.4278,43.98119],[-69.42219,43.99807],[-69.43422,43.99119],[-69.45171,43.94558],[-69.46185,43.94191],[-69.45358,43.94011],[-69.46097,43.90547],[-69.4729,43.8863],[-69.47863,43.88902],[-69.49248,43.87393],[-69.48548,43.87077],[-69.50488,43.83426],[-69.5169,43.83103],[-69.52673,43.87289],[-69.511,43.88981],[-69.51552,43.90026],[-69.51922,43.88567],[-69.54201,43.87875],[-69.53276,43.9134],[-69.54541,43.90697],[-69.54614,43.91972],[-69.54916,43.89967],[-69.56055,43.89552],[-69.55983,43.88505],[-69.5491,43.89147],[-69.55843,43.86866],[-69.5463,43.85915],[-69.55815,43.83496],[-69.56647,43.84403],[-69.56214,43.85772],[-69.56939,43.89047],[-69.56339,43.9324],[-69.5812,43.93551],[-69.56248,43.97659],[-69.53601,44.00312],[-69.53307,44.03411],[-69.53815,44.03364],[-69.5489,44.02539],[-69.55124,43.99987],[-69.57331,43.97882],[-69.60064,43.90719],[-69.58045,43.92185],[-69.57597,43.91686],[-69.58974,43.89494],[-69.59083,43.87444],[-69.57291,43.85494],[-69.58466,43.82119],[-69.60487,43.81199],[-69.60497,43.82246],[-69.59422,43.82615],[-69.59197,43.85986],[-69.604,43.85753],[-69.61832,43.82695],[-69.62984,43.83828],[-69.6236,43.8497],[-69.64512,43.84504],[-69.66358,43.85178],[-69.66371,43.86544],[-69.68088,43.869],[-69.66383,43.87682],[-69.65663,43.92059],[-69.64206,43.9243],[-69.62729,43.9057],[-69.61604,43.92579],[-69.6422,43.93979],[-69.67194,43.9278],[-69.65901,43.97022],[-69.63961,44.00129],[-69.64347,44.00628],[-69.61691,44.02099],[-69.62345,44.04146],[-69.63725,44.02044],[-69.65881,44.01441],[-69.6644,44.00071],[-69.67644,43.99701],[-69.66875,43.99158],[-69.69439,43.94954],[-69.702,43.94814],[-69.70065,43.9404],[-69.7317,43.93477],[-69.73273,43.9129],[-69.74212,43.89964],[-69.74849,43.90188],[-69.74236,43.92195],[-69.75443,43.92189],[-69.75917,43.8918],[-69.77445,43.89626],[-69.75757,43.86175],[-69.74251,43.87732],[-69.73546,43.87053],[-69.73275,43.8546],[-69.74812,43.80989],[-69.72317,43.84828],[-69.7035,43.84793],[-69.71955,43.8064],[-69.71868,43.78364],[-69.75319,43.75294],[-69.75208,43.76706],[-69.76472,43.76471],[-69.76648,43.75195],[-69.78087,43.79194],[-69.77235,43.82296],[-69.78188,43.82518],[-69.78802,43.80738],[-69.80083,43.81823],[-69.78929,43.86247],[-69.8137,43.99396],[-69.79765,44.0346],[-69.76663,44.04754],[-69.76232,44.06032],[-69.77189,44.06255],[-69.77972,44.07936],[-69.79903,44.04325],[-69.82004,44.04495],[-69.83424,44.01069],[-69.85394,44.00874],[-69.85936,43.98502],[-69.87532,43.99038],[-69.88398,43.9721],[-69.88181,43.95207],[-69.85156,43.97186],[-69.84012,43.97148],[-69.83073,43.98383],[-69.82687,43.97976],[-69.83225,43.95194],[-69.82262,43.94289],[-69.81377,43.94659],[-69.81134,43.90288],[-69.82746,43.87135],[-69.80216,43.87788],[-69.79698,43.8688],[-69.80297,43.83871],[-69.81362,43.82772],[-69.8084,43.81545],[-69.81847,43.80947],[-69.81213,43.80951],[-69.81075,43.79904],[-69.80706,43.80908],[-69.80069,43.80685],[-69.79034,43.78824],[-69.80372,43.79453],[-69.7869,43.76549],[-69.79636,43.76179],[-69.80251,43.74536],[-69.78738,43.75183],[-69.78156,43.74139],[-69.79475,43.73175],[-69.81696,43.73662],[-69.81371,43.72844],[-69.83634,43.71601],[-69.83364,43.70191],[-69.85456,43.70451],[-69.85028,43.71683],[-69.85799,43.72589],[-69.84249,43.7524],[-69.86328,43.74361],[-69.8584,43.75821],[-69.86489,43.77092],[-69.87309,43.76723],[-69.86881,43.78],[-69.87531,43.79271],[-69.86718,43.80142],[-69.8463,43.80428],[-69.86469,43.80508],[-69.84482,43.83799],[-69.86811,43.82464],[-69.87336,43.83872],[-69.86662,43.85698],[-69.86028,43.85702],[-69.86355,43.8652],[-69.85416,43.87528],[-69.85928,43.87843],[-69.87119,43.86743],[-69.87449,43.87697],[-69.88392,43.87007],[-69.89111,43.78988],[-69.9127,43.79292],[-69.90035,43.81714],[-69.91324,43.83298],[-69.93465,43.77591],[-69.93967,43.77178],[-69.94172,43.78315],[-69.94927,43.77945],[-69.97556,43.75649],[-69.99412,43.7263],[-70.00046,43.72671],[-69.99128,43.74864],[-69.94328,43.80409],[-69.94973,43.81223],[-69.93985,43.83143],[-69.92952,43.81785],[-69.92421,43.84702],[-69.93558,43.84285],[-69.93203,43.86154],[-69.95195,43.83453],[-69.95239,43.82087],[-69.97871,43.79973],[-69.9785,43.78516],[-70.00542,43.76264],[-69.99825,43.74904],[-70.02015,43.73111],[-70.0154,43.75255],[-70.0374,43.74099],[-70.03442,43.75331],[-69.94595,43.85962],[-69.96867,43.85035],[-69.98584,43.85387],[-70.02092,43.82445],[-69.98731,43.86752],[-70.01704,43.86183],[-70.06449,43.81272],[-70.06411,43.82912],[-70.07742,43.82902],[-70.10127,43.81334],[-70.07961,43.84722],[-70.11464,43.81687],[-70.10695,43.81192],[-70.10938,43.80507],[-70.14096,43.79843],[-70.13831,43.79207],[-70.15199,43.77601],[-70.17393,43.76216],[-70.17421,43.77855],[-70.19308,43.77064],[-70.19078,43.74789],[-70.22073,43.72257],[-70.21357,43.71171],[-70.21912,43.70392],[-70.23122,43.707],[-70.23924,43.69599],[-70.2441,43.71962],[-70.25352,43.71498],[-70.25374,43.69267],[-70.24357,43.69049],[-70.25095,43.67858],[-70.2368,43.66643],[-70.26681,43.64656],[-70.28199,43.64687],[-70.28183,43.63822],[-70.25712,43.63618],[-70.25223,43.64534],[-70.24832,43.639],[-70.2347,43.65506],[-70.22259,43.64971],[-70.22563,43.64331],[-70.2069,43.62118],[-70.21787,43.59831],[-70.20313,43.58616],[-70.20801,43.57655],[-70.19904,43.56889],[-70.20267,43.56021],[-70.21463,43.55782],[-70.2217,43.56504],[-70.24297,43.55301],[-70.2638,43.55281],[-70.27114,43.57414],[-70.2753,43.55998],[-70.30409,43.54559],[-70.31151,43.53732],[-70.30753,43.52735],[-70.31699,43.52634],[-70.32546,43.54037],[-70.31812,43.55273],[-70.33197,43.55032],[-70.33531,43.55984],[-70.34264,43.54702],[-70.33745,43.53979],[-70.35617,43.53175],[-70.38799,43.55112],[-70.39609,43.64668],[-70.23646,43.87352],[-69.99915,44.11759],[-69.56332,44.29232],[-69.11311,44.40199],[-68.98354,44.41169],[-68.97774,44.4016],[-68.98477,44.3943],[-68.9541,44.37606],[-68.94644,44.35508],[-68.94901,44.33366],[-68.97075,44.30313]]],[[[-68.86978,44.34455],[-68.88001,44.33772],[-68.88895,44.34502],[-68.89091,44.31767],[-68.90114,44.30902],[-68.88583,44.30172],[-68.92484,44.23338],[-68.91586,44.27667],[-68.9216,44.28397],[-68.93948,44.28489],[-68.90367,44.32178],[-68.91771,44.33547],[-68.90364,44.34686],[-68.91,44.36646],[-68.89976,44.37877],[-68.88186,44.37875],[-68.87608,44.39151],[-68.86079,44.36779],[-68.87679,44.35048],[-68.86978,44.34455]]],[[[-106.44429,46.33631],[-106.53743,46.30889],[-106.64353,46.30128],[-106.7878,46.32225],[-107.00723,46.57347],[-106.99503,46.64127],[-106.87754,46.68931],[-106.6806,46.73905],[-106.5428,46.72923],[-106.29546,46.58924],[-106.27644,46.49621],[-106.33188,46.40983],[-106.44429,46.33631]]],[[[-68.51725,44.3246],[-68.52746,44.326],[-68.52958,44.33925],[-68.51287,44.32813],[-68.51725,44.3246]]],[[[-68.78654,44.40508],[-68.79805,44.40281],[-68.78847,44.40006],[-68.79554,44.38868],[-68.81984,44.38552],[-68.82044,44.39783],[-68.80763,44.40647],[-68.8185,44.40512],[-68.8176,44.41236],[-68.78654,44.40508]]],[[[-68.5803,44.35444],[-68.58425,44.33394],[-68.57014,44.34438],[-68.56388,44.36204],[-68.54836,44.35173],[-68.56521,44.31564],[-68.55004,44.29189],[-68.53663,44.2923],[-68.53656,44.30233],[-68.53082,44.3014],[-68.52779,44.27814],[-68.51766,44.26626],[-68.53427,44.26358],[-68.5495,44.27685],[-68.55595,44.2673],[-68.55154,44.25862],[-68.52988,44.25263],[-68.52303,44.22981],[-68.55103,44.23811],[-68.5497,44.24722],[-68.56881,44.25139],[-68.57001,44.26187],[-68.62097,44.27935],[-68.61124,44.30576],[-68.63049,44.28804],[-68.6815,44.3023],[-68.68345,44.29683],[-68.72803,44.32519],[-68.73817,44.34344],[-68.74524,44.33343],[-68.75414,44.34575],[-68.76378,44.32982],[-68.7663,44.34076],[-68.7721,44.32208],[-68.78999,44.32348],[-68.79258,44.31072],[-68.8264,44.31761],[-68.82574,44.32535],[-68.81488,44.32853],[-68.82444,44.33766],[-68.81864,44.35452],[-68.79112,44.36907],[-68.7994,44.37819],[-68.79108,44.38092],[-68.76687,44.36036],[-68.7579,44.36536],[-68.75721,44.37995],[-68.7738,44.3891],[-68.7612,44.4023],[-68.6819,44.3881],[-68.67161,44.36928],[-68.66072,44.37336],[-68.66331,44.38477],[-68.57389,44.36869],[-68.5803,44.35444]]],[[[-96.96972,47.91117],[-96.92159,47.89888],[-96.84681,47.90284],[-96.61357,47.8355],[-96.45468,47.71768],[-96.3205,47.64175],[-96.24874,47.45701],[-96.20205,47.23897],[-96.25192,47.10522],[-96.34212,46.96727],[-96.44989,46.4787],[-96.59465,46.35374],[-96.77469,46.32889],[-96.88271,46.39571],[-97.03918,46.51253],[-97.30515,46.56128],[-97.49696,46.5802],[-97.70055,46.64941],[-97.81928,46.76227],[-97.93096,46.89679],[-98.01276,47.09114],[-98.01538,47.23747],[-97.97095,47.40054],[-97.90141,47.49332],[-97.83924,47.52129],[-97.78214,47.56571],[-97.6645,47.61011],[-97.50858,47.725],[-97.19071,47.86882],[-96.96972,47.91117]]],[[[-100.46455,47.51866],[-100.58174,47.50655],[-100.60807,47.53145],[-100.63213,47.53776],[-100.67643,47.61802],[-100.77598,47.69131],[-100.92197,47.74144],[-101.10678,47.77394],[-101.2436,47.91651],[-101.24765,47.97623],[-101.21755,48.00272],[-101.13311,48.02987],[-101.01545,48.04017],[-100.83787,48.03866],[-100.62879,48.00416],[-100.16045,47.90185],[-100.05005,47.85741],[-100.02264,47.83125],[-100.0548,47.70858],[-100.19401,47.60637],[-100.34731,47.53066],[-100.46455,47.51866]]],[[[-93.18657,48.62794],[-92.98549,48.62364],[-92.95136,48.62998],[-92.95085,48.60965],[-92.73496,48.54076],[-92.63689,48.5425],[-92.62927,48.50275],[-92.69398,48.49667],[-92.71681,48.46542],[-92.69192,48.44405],[-92.65871,48.43555],[-92.50832,48.44702],[-92.47617,48.41726],[-92.46062,48.41253],[-92.47822,48.37344],[-92.47707,48.36005],[-92.43655,48.30624],[-92.42639,48.30524],[-92.37021,48.22087],[-92.30885,48.24157],[-92.27014,48.24538],[-92.29334,48.27326],[-92.30535,48.3204],[-92.27151,48.35194],[-92.18122,48.35157],[-92.15917,48.36705],[-92.14833,48.36602],[-92.14851,48.35772],[-92.08406,48.35524],[-92.05677,48.36142],[-92.03712,48.32938],[-92.00465,48.32488],[-92.01415,48.29546],[-92.00468,48.26538],[-91.9918,48.26524],[-91.97533,48.24431],[-91.96903,48.25301],[-91.9582,48.25243],[-91.95161,48.24451],[-91.95461,48.23209],[-91.89217,48.23646],[-91.86231,48.21122],[-91.82029,48.2121],[-91.78819,48.19603],[-91.77785,48.20282],[-91.72101,48.20072],[-91.70917,48.18812],[-91.72255,48.16939],[-91.70621,48.17286],[-91.70619,48.14889],[-91.69762,48.14048],[-91.71262,48.11256],[-91.68465,48.12049],[-91.6836,48.10988],[-91.65645,48.11321],[-91.63931,48.09777],[-91.55859,48.10543],[-91.56908,48.09405],[-91.57465,48.06601],[-91.57517,48.0485],[-91.56851,48.04519],[-91.48402,48.06749],[-91.45021,48.06793],[-91.42989,48.04827],[-91.36774,48.06807],[-91.26532,48.07799],[-91.08854,48.17693],[-91.02497,48.19241],[-90.97096,48.22234],[-90.91431,48.23238],[-90.88665,48.24616],[-90.86591,48.23932],[-90.84465,48.24537],[-90.83799,48.24247],[-90.83525,48.17739],[-90.81943,48.18308],[-90.80608,48.17868],[-90.80267,48.16293],[-90.77834,48.162],[-90.77885,48.14956],[-90.80173,48.13663],[-90.77917,48.12605],[-90.75287,48.09187],[-90.64346,48.10351],[-90.57561,48.12285],[-90.55611,48.12013],[-90.56762,48.10516],[-90.5558,48.09707],[-90.46332,48.10754],[-90.43999,48.10011],[-90.39852,48.10426],[-90.3795,48.09185],[-90.31117,48.10552],[-90.29054,48.09859],[-90.13229,48.11053],[-90.02665,48.08673],[-89.99719,48.05602],[-89.99458,48.02921],[-89.96297,48.01412],[-89.93922,48.01582],[-89.89806,47.99033],[-89.86706,47.98906],[-89.83054,48.00194],[-89.81403,48.01902],[-89.80074,48.01498],[-89.76037,48.02358],[-89.65066,48.00445],[-89.61283,48.01539],[-89.58094,47.99513],[-89.50062,48.00483],[-89.60474,47.98151],[-89.62649,47.99041],[-89.64747,47.97855],[-89.64414,47.95495],[-89.65972,47.96552],[-89.68637,47.96026],[-89.68301,47.94864],[-89.79007,47.89439],[-89.91506,47.86634],[-89.94807,47.84231],[-90.05636,47.80818],[-90.30465,47.75838],[-90.33575,47.7416],[-90.42226,47.73341],[-90.44303,47.72097],[-90.50945,47.70999],[-90.75704,47.61155],[-91.06763,47.43886],[-91.16941,47.36337],[-91.18288,47.34199],[-91.28235,47.26733],[-91.2833,47.25907],[-91.34389,47.22372],[-91.37011,47.19702],[-91.4121,47.17699],[-91.46841,47.125],[-91.5689,47.08327],[-91.62872,47.04047],[-91.62974,47.02808],[-91.69697,47.00235],[-91.80404,46.92521],[-91.82863,46.92459],[-92.08851,46.79259],[-92.10378,46.76017],[-92.09586,46.74328],[-92.00864,46.67975],[-91.98092,46.68163],[-92.01815,46.70343],[-91.9556,46.67704],[-91.79662,46.69218],[-91.60254,46.74988],[-91.52449,46.75381],[-91.43378,46.77806],[-91.41296,46.7912],[-91.39555,46.78547],[-91.40855,46.77658],[-91.39533,46.77768],[-91.34727,46.81275],[-91.26039,46.83683],[-91.23647,46.86008],[-91.20882,46.86869],[-91.1926,46.88312],[-91.18648,46.87722],[-91.21046,46.8549],[-91.19091,46.84321],[-91.17564,46.84248],[-91.14583,46.87084],[-91.13946,46.85485],[-91.10897,46.85613],[-91.09694,46.87967],[-91.05579,46.87969],[-91.03844,46.90375],[-91.00151,46.91471],[-90.97816,46.93929],[-90.92413,46.92931],[-90.86965,46.96061],[-90.83691,46.9513],[-90.83649,46.93065],[-90.79663,46.93057],[-90.78687,46.90771],[-90.76755,46.90376],[-90.75595,46.8878],[-90.76508,46.87946],[-90.77839,46.88117],[-90.77743,46.86603],[-90.80569,46.81897],[-90.82732,46.80637],[-90.84018,46.78652],[-90.8607,46.7854],[-90.87089,46.76556],[-90.88863,46.75851],[-90.89105,46.74793],[-90.85821,46.69689],[-90.88883,46.67411],[-90.91644,46.66557],[-90.92419,46.62605],[-90.95599,46.59912],[-90.95112,46.58771],[-90.91926,46.58117],[-90.83015,46.61828],[-90.79457,46.62459],[-90.75537,46.6488],[-90.69059,46.65075],[-90.71854,46.66013],[-90.7701,46.65829],[-90.75177,46.66809],[-90.69668,46.65803],[-90.75701,46.70015],[-90.66128,46.63908],[-90.66843,46.63168],[-90.65785,46.63177],[-90.65372,46.62264],[-90.64653,46.62728],[-90.65261,46.63457],[-90.5519,46.58036],[-90.50776,46.58802],[-90.44128,46.56007],[-90.40423,46.57197],[-90.39474,46.52508],[-90.38585,46.52674],[-90.37307,46.54658],[-90.09859,46.63604],[-90.00324,46.65575],[-89.89487,46.65371],[-89.77867,46.67857],[-89.73116,46.70692],[-89.67072,46.71746],[-89.62179,46.71489],[-89.56172,46.64892],[-89.53705,46.61025],[-89.5202,46.55024],[-89.52515,46.52877],[-89.62555,46.4309],[-89.69126,46.39647],[-89.90432,46.3124],[-89.90122,46.23706],[-89.78683,46.14841],[-89.73197,46.06057],[-89.67158,45.98565],[-89.56603,45.95105],[-89.36245,45.99629],[-89.19117,45.98064],[-89.05357,45.8822],[-89.12478,45.82721],[-89.11281,45.82385],[-89.23145,45.77142],[-89.88588,45.60959],[-90.13363,45.56304],[-91.06884,45.5472],[-91.22418,45.58654],[-91.31236,45.64922],[-91.33674,45.67842],[-91.38877,45.70182],[-91.58923,45.87677],[-91.71918,46.04883],[-91.82276,46.10284],[-91.94216,46.10719],[-92.12604,46.04684],[-92.26477,45.943],[-92.42409,45.88147],[-92.81214,45.77669],[-92.95856,45.68222],[-93.0764,45.52568],[-93.03333,45.24104],[-92.91385,45.06264],[-92.70219,44.86472],[-92.54441,44.75983],[-92.27654,44.38473],[-92.28548,44.25193],[-92.51944,44.23479],[-92.66995,44.24792],[-92.87231,44.37054],[-93.23486,44.78854],[-93.47977,45.053],[-93.72738,45.30054],[-93.90682,45.52126],[-94.41908,45.78155],[-94.62682,45.97699],[-95.02755,46.33264],[-95.13943,46.39896],[-95.23792,46.4926],[-95.32362,46.63495],[-95.38795,46.76889],[-95.42436,46.89381],[-95.4226,46.97504],[-95.38123,47.07214],[-95.29254,47.16873],[-95.25177,47.2279],[-95.30573,47.27731],[-95.39966,47.30543],[-95.49323,47.35519],[-95.51436,47.48017],[-95.47815,47.60203],[-95.30256,47.72647],[-94.91901,47.84758],[-94.64669,47.91072],[-94.38583,47.98195],[-94.27114,48.0807],[-94.20203,48.26434],[-93.89333,48.52743],[-93.80874,48.58128],[-93.80256,48.56566],[-93.81326,48.52454],[-93.79076,48.51536],[-93.65873,48.51556],[-93.63086,48.53037],[-93.61314,48.52161],[-93.54781,48.52764],[-93.46884,48.54611],[-93.45998,48.56457],[-93.46677,48.59089],[-93.40543,48.60887],[-93.37203,48.60653],[-93.35018,48.62544],[-93.2465,48.64284],[-93.20969,48.63999],[-93.18657,48.62794]]],[[[-90.41341,46.56749],[-90.41348,46.56751],[-90.41351,46.56744],[-90.41341,46.56749]]],[[[-90.41136,46.56872],[-90.41155,46.56877],[-90.41151,46.56865],[-90.41136,46.56872]]],[[[-115.82172,47.64704],[-115.78499,47.55671],[-115.70704,47.41542],[-115.70775,47.33918],[-115.65799,47.21097],[-115.60707,47.01576],[-115.65466,46.95403],[-115.80018,46.93928],[-115.95129,46.97463],[-116.01212,46.91383],[-116.03466,46.81259],[-116.02014,46.7549],[-115.97357,46.29852],[-116.0087,46.00143],[-116.1482,45.88408],[-116.43072,45.78217],[-116.54514,45.76536],[-116.58159,45.73807],[-116.63733,45.66956],[-116.66698,45.57814],[-116.65443,45.53642],[-116.62602,45.48954],[-116.61083,45.35745],[-116.5768,45.28624],[-116.59319,45.05286],[-116.67851,44.82141],[-116.78336,44.42913],[-116.96479,44.35288],[-117.14935,44.288],[-117.49883,44.29061],[-117.59358,44.22504],[-117.61242,44.13514],[-117.59964,43.88319],[-117.52905,43.59385],[-117.33689,43.29735],[-117.26485,43.24205],[-117.20057,43.21217],[-117.15778,43.20428],[-116.6451,43.21117],[-116.42242,43.20678],[-116.19001,43.23665],[-115.73787,43.26632],[-115.49273,43.30323],[-115.18319,43.41724],[-114.86539,43.4939],[-114.60396,43.47976],[-114.3731,43.42287],[-114.03356,43.32205],[-113.75778,43.32562],[-113.63298,43.39864],[-113.61703,43.42806],[-113.63964,43.51943],[-113.73758,43.69184],[-114.00171,44.11648],[-113.73387,44.63765],[-113.46034,44.74666],[-113.35318,44.78017],[-113.25043,44.79056],[-112.9563,44.60155],[-112.53093,44.53283],[-112.10871,44.57456],[-111.71869,44.571],[-111.39989,44.52003],[-111.0775,44.38751],[-110.9347,44.26013],[-110.79024,44.06645],[-110.64823,43.80782],[-110.6359,43.72391],[-110.65785,43.63532],[-110.69422,43.53947],[-110.71352,43.39943],[-110.6675,43.32958],[-110.58948,43.29759],[-110.39706,43.28898],[-110.31699,43.24557],[-110.27925,43.1748],[-110.3414,43.04777],[-110.34689,42.87495],[-110.34132,42.72627],[-110.30513,42.69054],[-110.33234,42.6484],[-110.37561,42.44792],[-110.43086,42.33134],[-110.47085,42.30062],[-110.67165,42.22381],[-110.85647,42.20767],[-110.99527,42.16999],[-111.1305,42.16132],[-111.28943,42.17124],[-111.40554,42.16455],[-111.52802,42.1426],[-111.72032,42.0832],[-111.83926,42.0038],[-111.85319,41.85098],[-111.8149,41.80048],[-111.82792,41.73122],[-111.79236,41.56578],[-111.60145,41.39394],[-111.37382,41.27048],[-111.18144,41.08581],[-110.89401,40.88796],[-110.64692,40.83565],[-110.38281,40.8585],[-110.24096,40.91943],[-110.17845,40.99476],[-110.19231,41.06776],[-110.26983,41.11112],[-110.71096,41.16109],[-110.90777,41.2197],[-111.07924,41.30384],[-111.14635,41.40532],[-111.1636,41.45311],[-111.11653,41.58965],[-111.02243,41.71269],[-110.68005,41.79878],[-110.51062,41.81687],[-110.40417,41.88032],[-110.21464,42.0809],[-110.12466,42.15062],[-110.04699,42.18545],[-109.96013,42.18826],[-109.77784,42.2173],[-109.6615,42.30078],[-109.64686,42.33955],[-109.57476,42.414],[-109.53641,42.50374],[-109.51621,42.60876],[-109.51593,42.59263],[-109.44267,42.61898],[-109.33282,42.59232],[-109.14855,42.61569],[-109.06113,42.69844],[-109.13871,42.86875],[-109.26062,43.06354],[-109.46486,43.48568],[-109.55715,43.80977],[-109.6595,43.88601],[-109.72739,43.94833],[-109.75444,44.05152],[-109.68834,44.10856],[-109.72611,44.29443],[-109.7379,44.4684],[-109.67086,44.72219],[-109.56031,44.83498],[-109.26579,44.89275],[-109.22833,45.0117],[-109.21074,45.1287],[-109.26643,45.29644],[-109.36319,45.4401],[-109.50144,45.55086],[-109.52538,45.66831],[-109.77925,45.74347],[-109.88754,45.81874],[-110.02274,45.95655],[-110.1334,46.08875],[-110.26016,46.14778],[-110.32755,46.14065],[-110.3603,46.1468],[-110.41647,46.21828],[-110.48666,46.42337],[-110.45596,46.60977],[-110.37423,46.68548],[-110.13236,46.72859],[-109.91595,46.71493],[-109.6175,46.61246],[-109.50615,46.61572],[-109.38447,46.56804],[-109.00482,46.66453],[-108.81856,46.72557],[-108.36575,46.84517],[-108.21704,46.83419],[-107.99588,46.84279],[-107.94988,46.81766],[-107.8991,46.76404],[-107.90479,46.71547],[-108.22618,46.48701],[-108.50625,46.27095],[-108.53359,46.19168],[-108.50159,46.08871],[-108.39041,45.92532],[-108.26495,45.64228],[-108.23114,45.5052],[-108.07181,45.21331],[-107.85689,45.16539],[-107.70674,45.07355],[-107.69343,45.04248],[-107.70379,44.99162],[-107.76281,44.96575],[-107.87809,44.94311],[-107.97474,44.89823],[-108.01416,44.84491],[-107.99945,44.7119],[-107.98375,44.68426],[-107.87766,44.62469],[-107.63908,44.45229],[-107.53683,44.36593],[-107.39081,44.28039],[-107.1476,44.18133],[-107.10688,44.17924],[-107.06449,44.1904],[-107.02237,44.22778],[-106.95949,44.4217],[-106.88285,44.50108],[-106.78585,44.56879],[-106.39615,44.63639],[-106.24098,44.70817],[-106.16366,44.75531],[-106.14478,44.82571],[-106.15516,44.94919],[-106.19368,45.08031],[-106.18067,45.2294],[-106.21534,45.38001],[-106.19017,45.53963],[-106.11227,45.66464],[-105.99674,45.81612],[-105.80759,46.03467],[-105.67519,46.17268],[-105.59884,46.37408],[-105.57441,46.60579],[-105.50479,46.86451],[-105.39994,47.18109],[-105.3886,47.25798],[-105.25206,47.44129],[-105.07673,47.55812],[-104.92326,47.64584],[-104.7579,47.65303],[-104.3016,47.63671],[-104.23053,47.67082],[-104.11855,47.81138],[-103.85562,48.02022],[-103.52575,48.07689],[-103.17888,48.06617],[-102.82894,47.91338],[-102.66727,47.75881],[-102.52473,47.58995],[-102.44656,47.47892],[-102.04643,47.24618],[-101.56293,47.02886],[-101.21693,46.8478],[-100.75316,46.2191],[-100.74736,46.1208],[-100.84344,45.88742],[-100.72503,45.61338],[-100.58805,45.47699],[-100.49807,45.41946],[-100.38778,45.38137],[-100.17176,45.34573],[-99.54782,45.31856],[-99.35902,45.21255],[-99.3261,45.11037],[-99.39944,44.99937],[-99.71762,44.80869],[-100.04845,44.73493],[-100.5547,44.67334],[-100.80164,44.6345],[-100.90729,44.62688],[-101.068,44.78703],[-101.14765,44.92376],[-101.23567,44.95813],[-101.64892,45.06892],[-102.21372,45.06706],[-102.41963,45.09297],[-102.54425,45.16569],[-102.9762,45.49719],[-103.44703,45.57519],[-103.94029,45.51673],[-104.03231,45.37818],[-103.99332,45.28764],[-103.88826,45.15883],[-103.68783,45.02148],[-103.09708,44.70955],[-102.78984,44.43129],[-102.62559,44.33734],[-102.54774,44.25548],[-102.41589,44.08957],[-102.11259,43.76199],[-101.82969,43.63491],[-101.67804,43.49167],[-101.49006,43.34658],[-101.48099,43.23303],[-101.5848,43.05779],[-101.77092,42.98352],[-101.86903,42.84512],[-101.91663,42.81141],[-102.07998,42.79338],[-102.09614,42.73597],[-101.99452,42.69087],[-101.78053,42.70055],[-101.5785,42.73781],[-101.35567,42.76139],[-101.17007,42.76177],[-100.99145,42.70519],[-100.86397,42.61833],[-100.84136,42.5508],[-100.83508,42.44184],[-100.80054,42.32693],[-100.69147,42.20746],[-100.55534,42.09552],[-100.39673,42.07953],[-100.2776,42.11002],[-100.08406,42.34],[-100.00747,42.49874],[-99.94616,42.58888],[-99.88003,42.61002],[-99.72799,42.59636],[-99.53683,42.71946],[-99.48854,42.86014],[-99.34302,42.94222],[-99.14847,43.03524],[-98.95029,42.98626],[-98.719,42.99933],[-98.63048,43.09392],[-98.87736,43.2844],[-98.92324,43.37859],[-98.92578,43.46213],[-98.86562,43.66795],[-98.72689,43.79979],[-98.53916,43.89798],[-98.42588,43.94039],[-98.25498,43.96965],[-97.92986,43.9044],[-97.77696,43.86457],[-97.67079,43.74233],[-97.59207,43.57449],[-97.57131,43.5142],[-97.47772,43.34878],[-97.29222,43.0676],[-97.15471,42.99339],[-97.01478,42.95257],[-96.86658,42.92569],[-96.8211,42.76227],[-96.77908,42.7195],[-96.72785,42.7223],[-96.6024,42.66601],[-96.58173,42.52407],[-96.619,42.34286],[-96.67621,42.24319],[-96.76295,42.20722],[-96.84949,42.2062],[-96.89149,42.18658],[-97.06565,42.19349],[-97.18161,42.16485],[-97.23915,42.07953],[-97.26748,41.97299],[-97.38267,41.90161],[-97.60396,41.87211],[-97.75842,41.89948],[-97.86522,41.95545],[-97.90574,42.08285],[-97.96483,42.15333],[-98.05259,42.19512],[-98.17044,42.18034],[-98.20909,42.16205],[-98.29023,42.04533],[-98.2978,41.9635],[-98.34203,41.86762],[-98.58789,41.82869],[-98.89457,41.79378],[-99.06856,41.73603],[-99.22866,41.58859],[-99.33195,41.47803],[-99.45123,41.42675],[-99.55168,41.41947],[-99.71788,41.42926],[-99.79469,41.4474],[-100.1533,41.64302],[-100.23784,41.67488],[-100.44262,41.71019],[-100.60707,41.67823],[-100.6697,41.6423],[-100.67705,41.60801],[-100.64833,41.58842],[-100.53755,41.58484],[-100.4077,41.56807],[-100.30482,41.53682],[-100.2201,41.4982],[-100.23195,41.4378],[-100.31481,41.36624],[-100.46915,41.39035],[-100.5666,41.42303],[-100.64118,41.38536],[-100.64385,41.25755],[-100.58825,41.11018],[-100.54571,41.02629],[-100.4978,41.02058],[-100.45171,41.05027],[-100.39784,41.11563],[-100.34246,41.15263],[-100.21078,41.19165],[-100.06779,41.19534],[-99.98009,41.15496],[-99.95317,41.08086],[-99.95116,41.03508],[-100.02146,40.97207],[-100.11992,40.92872],[-100.12494,40.84008],[-100.04023,40.78097],[-99.9011,40.72312],[-99.75424,40.69254],[-99.60961,40.7162],[-99.52049,40.76576],[-99.52229,40.81337],[-99.60094,40.96145],[-99.6024,40.99886],[-99.57263,41.01652],[-99.54984,41.05786],[-99.40263,41.05574],[-99.2896,40.98251],[-99.10714,40.94454],[-99.00514,40.88447],[-99.04012,40.83623],[-99.50756,40.66393],[-99.56907,40.60818],[-99.56725,40.56058],[-99.48509,40.5487],[-99.37649,40.55773],[-99.30273,40.52516],[-99.26415,40.45785],[-99.17066,40.37115],[-99.09741,40.34526],[-99.01776,40.25667],[-99.02131,40.22413],[-99.06498,40.17575],[-99.21167,40.13362],[-99.30007,40.18499],[-99.4347,40.16188],[-99.56743,40.09104],[-99.61755,39.98789],[-99.61413,39.89952],[-99.64525,39.84877],[-99.70799,39.80965],[-99.94511,39.8116],[-100.04297,39.83294],[-100.27176,39.76864],[-100.36335,39.69092],[-100.56714,39.75793],[-100.73527,39.8768],[-100.77821,40.0525],[-100.85691,40.17363],[-100.59506,40.16761],[-100.53517,40.23408],[-100.67185,40.30713],[-100.74476,40.41082],[-100.79563,40.44962],[-100.86018,40.54455],[-100.79139,40.68861],[-100.82201,40.77097],[-100.8863,40.82031],[-100.98424,40.80136],[-101.07644,40.76962],[-101.21723,40.64599],[-101.42448,40.57434],[-101.5504,40.56972],[-101.65368,40.60368],[-101.77642,40.77784],[-101.8672,40.76572],[-101.95148,40.70558],[-102.04339,40.57882],[-102.13638,40.47087],[-102.17735,40.44076],[-102.36041,40.4329],[-102.53122,40.51998],[-102.62537,40.59144],[-102.96881,40.76467],[-103.13439,40.91758],[-103.50879,40.9526],[-103.56243,40.87864],[-103.55243,40.77304],[-103.50308,40.65249],[-103.43225,40.57095],[-103.48544,40.46398],[-103.60076,40.36421],[-103.59803,40.35383],[-103.65506,40.25842],[-103.81555,40.17524],[-103.89527,40.11022],[-103.97551,40.06886],[-104.23446,39.8273],[-104.33568,39.70623],[-104.54526,39.40878],[-104.57227,39.31236],[-104.55189,39.23783],[-104.47896,39.18548],[-104.41064,39.16855],[-104.20066,39.16196],[-104.11134,39.16932],[-103.95492,39.22608],[-103.75567,39.21838],[-103.60495,39.19828],[-103.2436,39.0376],[-103.18776,38.96476],[-103.12218,38.92079],[-103.0607,38.92389],[-103.03553,38.93725],[-103.01216,38.97888],[-102.95516,39.01968],[-102.89194,39.0293],[-102.78475,39.0018],[-102.58014,38.9259],[-102.39304,38.66192],[-102.09414,38.60881],[-102.03097,38.58583],[-101.9777,38.51537],[-101.9246,38.47276],[-101.77608,38.4366],[-101.6498,38.38926],[-101.47294,38.37953],[-101.31438,38.41012],[-101.17693,38.41598],[-101.12778,38.39371],[-101.05396,38.33637],[-101.02795,38.31276],[-101.01968,38.29127],[-101.03616,38.27165],[-101.1037,38.26357],[-101.19429,38.19386],[-101.41346,38.09252],[-101.58113,38.09091],[-101.73267,38.07799],[-101.90172,38.09361],[-101.9968,38.13799],[-102.17645,38.24142],[-102.40049,38.25926],[-102.58926,38.28391],[-102.81889,38.2785],[-102.97803,38.20394],[-103.03152,38.15678],[-103.05449,38.08891],[-103.1055,38.01403],[-103.28189,37.98263],[-103.69738,37.98227],[-103.8325,38.04693],[-103.95233,38.17353],[-104.0203,38.28083],[-104.05156,38.37914],[-104.08175,38.5387],[-104.19835,38.62081],[-104.24091,38.6127],[-104.34963,38.54491],[-104.36993,38.53997],[-104.39922,38.48942],[-104.44754,38.3633],[-104.49803,38.16869],[-104.4847,37.98332],[-104.43341,37.82187],[-104.34882,37.69355],[-104.2406,37.61114],[-104.11246,37.54098],[-104.05694,37.48308],[-103.99352,37.34217],[-103.88777,37.27604],[-103.64515,37.18423],[-103.5177,37.18577],[-103.36058,37.1721],[-103.21905,37.17409],[-103.11511,37.20177],[-103.02367,37.29545],[-102.95641,37.42674],[-102.83525,37.51061],[-102.71783,37.55526],[-102.51002,37.53734],[-102.31063,37.53536],[-102.21361,37.473],[-102.12681,37.21729],[-102.09364,37.0837],[-102.04709,37.02459],[-101.98997,37.01593],[-101.90845,37.06383],[-101.84167,37.12218],[-101.82002,37.16117],[-101.64286,37.33024],[-101.52273,37.39936],[-101.49135,37.40281],[-101.41651,37.45565],[-101.42061,37.52215],[-101.48914,37.55658],[-101.61039,37.59817],[-101.69523,37.58926],[-101.78604,37.56338],[-101.82899,37.56718],[-101.84655,37.61646],[-101.77212,37.67506],[-101.58162,37.70484],[-101.50981,37.6965],[-101.35847,37.65161],[-101.29548,37.6189],[-101.23646,37.31998],[-101.20019,37.23287],[-101.06,37.05556],[-100.92553,36.95472],[-100.81727,36.90589],[-100.69752,36.91062],[-100.59193,36.90168],[-100.48255,36.82897],[-100.42254,36.70116],[-100.42479,36.61241],[-100.41318,36.54191],[-100.41647,36.47085],[-100.39814,36.41241],[-100.33019,36.39716],[-100.23618,36.44781],[-100.19066,36.56762],[-100.18979,36.68585],[-100.15769,36.78152],[-100.2005,36.9482],[-100.22692,37.00391],[-100.31559,37.09443],[-100.4822,37.21579],[-100.58971,37.33213],[-100.5445,37.44649],[-100.46256,37.50877],[-100.36914,37.51151],[-100.30875,37.49332],[-100.22991,37.44239],[-100.13039,37.30559],[-100.06477,37.16118],[-99.9532,37.12423],[-99.88668,37.1525],[-99.84682,37.2133],[-99.80875,37.32054],[-99.76873,37.3813],[-99.67545,37.38351],[-99.5284,37.30714],[-99.32931,37.18518],[-99.27772,37.13285],[-99.2318,37.10398],[-99.01267,37.05504],[-98.63273,36.9459],[-98.28667,36.90935],[-98.25821,36.89355],[-98.0101,36.82403],[-97.61629,36.45309],[-97.33264,36.37976],[-97.01821,36.33075],[-96.85069,36.38077],[-96.73537,36.43061],[-96.60963,36.40549],[-96.57848,36.32228],[-96.64169,36.17272],[-96.59123,35.63199],[-96.60242,35.37409],[-96.63427,35.06623],[-96.69657,34.79161],[-96.83,34.5752],[-97.03413,34.36683],[-97.32944,34.266],[-97.58303,34.13968],[-97.82628,34.06287],[-98.03491,34.01982],[-98.22846,33.95366],[-98.38247,33.87309],[-98.56155,33.86073],[-98.77667,33.85733],[-99.12378,33.87065],[-99.44612,33.85401],[-99.75491,33.79747],[-100.32084,33.62444],[-100.45138,33.61058],[-100.58548,33.60685],[-100.75812,33.57901],[-101.01467,33.62245],[-101.06721,33.71233],[-101.1097,33.90744],[-101.16254,33.99724],[-101.27489,34.0061],[-101.34471,34.10828],[-101.35002,34.19982],[-101.41105,34.42023],[-101.57932,34.54454],[-101.85387,34.55927],[-102.50355,34.53681],[-102.80509,34.51066],[-103.40154,34.41539],[-104.03004,34.1887],[-104.48194,33.85267],[-104.53292,33.57523],[-104.50026,33.25998],[-104.54048,32.99963],[-104.60753,32.84552],[-104.72124,32.64354],[-104.79342,32.47551],[-105.00461,32.46511],[-105.27355,32.56924],[-105.38038,32.65934],[-105.65347,33.08],[-105.74302,33.3734],[-105.81158,33.44682],[-105.92388,33.47062],[-106.13456,33.44561],[-106.24471,33.32795],[-106.32866,33.17323],[-106.62811,33.08457],[-106.84365,33.03442],[-107.10286,32.93724],[-107.20534,32.80096],[-107.33257,32.71695],[-107.7808,32.55136],[-107.88094,32.40023],[-107.87453,32.19612],[-107.82313,32.0423],[-107.81717,31.88959],[-107.8335,31.78367],[-108.20903,31.78453],[-108.20906,31.33403],[-108.851,31.33284],[-108.84457,31.42043],[-108.88499,31.79773],[-108.87942,31.92199],[-108.88571,32.0055],[-108.83795,32.10094],[-108.82013,32.17374],[-108.85121,32.27798],[-108.85945,32.37285],[-109.06253,32.76867],[-109.09368,32.96793],[-109.23215,33.09628],[-109.49138,33.17314],[-109.7396,33.1737],[-109.97481,33.15115],[-110.12638,33.20291],[-110.27154,33.29508],[-110.40181,33.4042],[-110.46809,33.51372],[-110.44858,33.70633],[-110.26271,34.02607],[-110.31257,34.14526],[-110.39081,34.93366],[-110.49059,35.21878],[-110.65288,35.47606],[-110.8151,35.66623],[-111.0048,35.80968],[-111.22878,35.92737],[-111.27079,35.96099],[-111.38898,36.03017],[-111.44035,36.13261],[-111.51469,36.19037],[-111.63949,36.18321],[-111.78529,36.12304],[-111.89891,36.00815],[-112.03164,35.78173],[-112.18073,35.63833],[-112.29607,35.59152],[-112.48703,35.5534],[-112.70281,35.55273],[-112.78715,35.58943],[-112.84834,35.63145],[-112.96597,35.74122],[-113.046,35.77218],[-113.11728,35.76234],[-113.20536,35.73332],[-113.4632,35.57111],[-113.52805,35.55801],[-113.72252,35.58452],[-113.77612,35.65815],[-114.15162,35.85679],[-114.49724,36.3134],[-114.47445,36.80878],[-114.38901,37.2973],[-114.5375,37.83077],[-114.76173,38.16272],[-115.0043,38.31336],[-115.31068,38.34194],[-115.44334,38.42584],[-115.49953,38.56199],[-115.45816,38.67371],[-115.46301,38.78805],[-115.81898,38.99119],[-115.95517,39.10433],[-116.20375,39.14879],[-116.52006,39.22161],[-117.08454,39.30656],[-117.38722,39.48035],[-117.51129,39.58441],[-117.56743,39.72549],[-117.71114,39.9816],[-117.81877,40.0544],[-118.29311,40.06917],[-118.57018,40.06227],[-118.858,40.12607],[-118.88265,40.21123],[-118.82675,40.37401],[-118.49833,40.84612],[-118.33365,40.96677],[-118.19817,41.15484],[-118.12949,41.34914],[-118.08019,41.66207],[-118.13573,41.87038],[-118.15704,42.02602],[-118.29616,42.18045],[-118.47034,42.29873],[-118.55372,42.37478],[-118.56646,42.46699],[-118.65284,42.70001],[-118.79087,42.90217],[-119.07691,43.1804],[-119.36279,43.3926],[-119.77972,43.5952],[-120.18619,43.61315],[-120.60683,43.56301],[-121.32751,43.35809],[-121.51414,43.15156],[-121.7421,42.60455],[-121.85321,42.39025],[-121.96174,42.30557],[-122.04435,42.26929],[-122.18204,42.23574],[-122.93296,42.19313],[-123.07519,42.19593],[-123.38172,41.99893],[-123.55929,41.76799],[-123.83554,41.46549],[-124.07288,41.38763],[-124.06928,41.47033],[-124.08491,41.51248],[-124.0845,41.54385],[-124.07962,41.53494],[-124.07449,41.54103],[-124.05015,41.53508],[-124.09753,41.5552],[-124.1043,41.60222],[-124.11737,41.61402],[-124.14329,41.67126],[-124.146,41.70298],[-124.15813,41.72799],[-124.18711,41.74694],[-124.21501,41.74956],[-124.25841,41.78069],[-124.23732,41.80602],[-124.22094,41.84662],[-124.20519,41.94267],[-124.2043,41.92952],[-124.19546,41.92666],[-124.19838,41.94247],[-124.2112,41.94927],[-124.20656,41.97218],[-124.21203,41.99973],[-124.26691,42.04313],[-124.29894,42.0522],[-124.35243,42.10244],[-124.35295,42.13424],[-124.36658,42.15656],[-124.36113,42.18127],[-124.37505,42.19768],[-124.38358,42.22834],[-124.41096,42.25207],[-124.4108,42.30436],[-124.41775,42.31779],[-124.4323,42.32235],[-124.42429,42.3567],[-124.42602,42.42031],[-124.37712,42.43542],[-124.37839,42.44721],[-124.40727,42.42951],[-124.42755,42.42526],[-124.43427,42.43416],[-124.42059,42.46731],[-124.42093,42.4955],[-124.38998,42.56511],[-124.39623,42.58766],[-124.40665,42.59554],[-124.40021,42.60301],[-124.40214,42.62615],[-124.41594,42.66076],[-124.45103,42.67426],[-124.44736,42.68665],[-124.47294,42.73001],[-124.49485,42.74162],[-124.513,42.73152],[-124.52911,42.80427],[-124.5388,42.82035],[-124.56604,42.8368],[-124.53869,42.85039],[-124.53509,42.87462],[-124.49758,42.91855],[-124.44779,43.02247],[-124.42937,43.0954],[-124.43356,43.11393],[-124.39936,43.18643],[-124.38141,43.26937],[-124.32394,43.29308],[-124.31923,43.28303],[-124.31437,43.29703],[-124.30598,43.28251],[-124.3104,43.29867],[-124.00934,43.42218],[-123.73231,43.78637],[-123.64878,43.99324],[-123.50379,44.41047],[-123.3733,44.70222],[-123.25828,44.77316],[-123.10515,44.79727],[-122.92805,44.78524],[-122.7145,44.75308],[-122.52081,44.77096],[-122.37322,44.83377],[-122.2529,44.9182],[-122.06744,45.00825],[-121.86773,45.08714],[-121.69073,45.10043],[-121.53518,45.06884],[-121.34638,45.05007],[-121.17323,45.0214],[-120.9893,45.01478],[-120.48927,45.07893],[-120.05101,45.14886],[-119.74066,45.27144],[-119.45628,45.41063],[-119.02058,45.87201],[-118.93871,46.07085],[-118.92679,46.1638],[-118.86767,46.27464],[-118.6819,46.41287],[-118.43586,46.63461],[-118.34916,46.78331],[-118.26905,47.01186],[-118.25242,47.10895],[-118.29436,47.26432],[-118.36091,47.4632],[-118.37165,47.58318],[-118.30231,47.72935],[-118.19878,47.83351],[-117.59502,48.13599],[-117.52971,48.24052],[-117.50502,48.50137],[-117.41821,48.88017],[-117.32518,48.99566],[-117.29922,49.00092],[-116.28368,49.0014],[-116.18525,48.97205],[-116.0933,48.84962],[-116.03611,48.66103],[-116.03759,48.36635],[-115.9627,47.99693],[-115.83545,47.6646],[-115.82172,47.64704]]],[[[-116.34165,47.09748],[-116.33088,47.09736],[-116.32463,47.10888],[-116.35397,47.17119],[-116.35766,47.22542],[-116.39052,47.34765],[-116.41997,47.39836],[-116.49133,47.47099],[-116.60484,47.46307],[-116.68477,47.44789],[-116.73537,47.42486],[-116.72314,47.35929],[-116.64918,47.28168],[-116.34165,47.09748]]],[[[-119.01864,45.35508],[-119.23257,45.22202],[-119.83347,44.93188],[-119.92039,44.90326],[-120.15535,44.86853],[-120.5624,44.86305],[-121.19703,44.82776],[-121.45121,44.79377],[-121.62328,44.69368],[-121.73035,44.59893],[-121.85382,44.54827],[-121.9666,44.51982],[-122.07532,44.43114],[-122.17008,44.25707],[-122.23243,44.12308],[-122.38382,43.95121],[-122.56356,43.85464],[-122.88735,43.79954],[-123.03963,43.72286],[-123.19239,43.57083],[-123.19668,43.35222],[-123.17333,43.20216],[-123.01534,43.01356],[-122.74046,42.88662],[-122.16782,42.79055],[-122.02542,42.84188],[-121.95938,43.00082],[-121.94923,43.15343],[-121.9166,43.2923],[-121.90587,43.37542],[-121.5755,43.53037],[-120.3488,44.05729],[-120.24121,44.09231],[-120.06431,44.0971],[-119.88985,44.02727],[-119.76456,43.90831],[-119.57174,43.7542],[-119.29814,43.63416],[-118.97392,43.58271],[-118.80397,43.63173],[-118.37967,43.99071],[-118.19125,44.24932],[-117.98298,44.59783],[-117.87162,44.93052],[-117.86584,45.01742],[-117.84502,45.05874],[-117.80677,45.24576],[-117.8977,45.39617],[-118.03992,45.51416],[-118.07105,45.69985],[-118.13841,45.80617],[-118.26133,45.85916],[-118.41979,45.862],[-118.56657,45.80043],[-118.72323,45.70757],[-118.83751,45.61442],[-118.89988,45.49334],[-119.01864,45.35508]]],[[[-115.25377,43.26167],[-115.44571,43.18276],[-115.59721,43.13896],[-115.82551,43.10564],[-116.14475,43.08407],[-116.38611,43.05818],[-116.57107,43.00252],[-116.65923,43.01038],[-116.83901,42.96311],[-116.92153,42.92306],[-117.09543,42.88356],[-117.56072,42.6702],[-117.7888,42.40813],[-117.6461,42.13163],[-117.11583,41.83565],[-116.97515,41.72652],[-116.8465,41.63901],[-116.68733,41.56187],[-116.43087,41.54672],[-116.20931,41.50078],[-116.02547,41.48322],[-115.84246,41.42094],[-115.71143,41.26025],[-115.61524,41.12085],[-115.38596,41.10528],[-115.06109,41.14842],[-114.90646,41.18746],[-114.67297,41.23069],[-114.41394,41.29775],[-114.14091,41.30542],[-114.06097,41.24814],[-113.97188,41.21856],[-113.51589,41.62457],[-113.05965,41.93363],[-112.95817,41.9636],[-112.70186,41.86118],[-112.38985,41.9209],[-112.08654,41.99081],[-112.01377,42.16146],[-112.12599,42.27896],[-112.13054,42.3264],[-112.11177,42.38638],[-111.94725,42.46928],[-111.86025,42.66916],[-111.84224,42.67929],[-111.63015,42.72687],[-111.18804,42.61523],[-111.08855,42.57722],[-110.95417,42.59804],[-110.9114,42.61687],[-110.82448,42.68511],[-110.77467,42.83753],[-110.77162,43.02171],[-110.81274,43.22328],[-110.88172,43.31154],[-111.0172,43.31822],[-111.13144,43.38421],[-111.17938,43.46507],[-111.12782,43.54646],[-111.11748,43.6551],[-111.17211,43.91396],[-111.18285,43.93151],[-111.20317,44.06033],[-111.25264,44.14135],[-111.35556,44.17039],[-111.52033,44.18674],[-112.16005,44.05096],[-112.70927,43.99866],[-112.87195,43.96338],[-113.00078,43.90413],[-113.10442,43.86813],[-113.15146,43.75351],[-113.22012,43.54924],[-113.32275,43.36211],[-113.52358,43.24843],[-113.73886,43.21253],[-114.08354,43.21293],[-114.15943,43.21937],[-114.40165,43.3194],[-114.58399,43.37903],[-114.68988,43.40072],[-114.83801,43.39237],[-115.08945,43.33316],[-115.25377,43.26167]]],[[[-113.01091,37.92403],[-112.8566,37.93734],[-112.73692,38.02491],[-112.66956,38.1197],[-112.54904,38.35263],[-112.3615,38.37796],[-112.22788,38.29885],[-112.08731,38.24241],[-111.7703,38.18335],[-111.50734,38.16513],[-111.18812,38.18882],[-110.92571,38.21943],[-110.81975,38.24594],[-110.77209,38.28719],[-110.75292,38.33232],[-110.74402,38.4017],[-110.81859,38.58925],[-110.66145,38.67511],[-110.56526,38.76469],[-110.656,38.90226],[-110.82416,39.01351],[-111.04195,39.0749],[-111.09982,39.29466],[-111.01331,39.47114],[-111.00843,39.58791],[-110.98067,39.70084],[-110.80457,39.915],[-110.81628,39.97511],[-111.08452,39.85269],[-111.27452,39.86676],[-111.53519,39.75253],[-111.90805,39.61587],[-112.00773,39.45388],[-112.25008,39.32577],[-112.34615,39.25006],[-112.42346,39.17557],[-112.52599,39.15608],[-112.65812,39.62926],[-112.66002,39.89035],[-112.35437,39.97387],[-112.17162,40.00989],[-111.81731,40.27183],[-111.75359,40.29991],[-111.77075,40.41988],[-111.76938,40.5853],[-111.82871,40.72157],[-111.92874,40.82396],[-112.12112,40.90736],[-112.53167,40.89017],[-113.13364,40.95483],[-113.41046,40.96645],[-113.61372,40.96705],[-113.83234,40.93268],[-113.8708,40.9128],[-113.88725,40.86356],[-113.83158,40.77768],[-113.7923,40.6239],[-113.80994,40.45669],[-113.91935,40.14159],[-113.92103,39.83443],[-113.87252,39.28762],[-113.86188,38.77286],[-113.83011,38.58357],[-113.75173,38.40559],[-113.63269,38.21344],[-113.4503,38.0659],[-113.20303,37.95573],[-113.01091,37.92403]]],[[[-108.78618,40.80467],[-108.77863,40.79605],[-108.73359,40.83754],[-108.72133,40.88196],[-108.78483,40.90923],[-108.80124,40.94384],[-108.78461,41.01645],[-108.80507,41.08436],[-108.84835,41.14988],[-108.94413,41.19209],[-109.10091,41.2231],[-109.22711,41.26696],[-109.28194,41.30571],[-109.36492,41.32371],[-109.41986,41.3255],[-109.45357,41.2846],[-109.48927,41.2079],[-109.47558,41.14615],[-109.35169,41.0769],[-109.28795,40.99411],[-109.2272,41.0085],[-109.17985,41.06582],[-109.12835,41.09593],[-109.07761,41.06504],[-109.07973,40.99943],[-109.04985,40.93459],[-108.98863,40.88121],[-108.78618,40.80467]]],[[[-106.07099,41.56756],[-105.97094,41.29657],[-105.79161,41.12219],[-105.7518,41.00019],[-105.55523,40.75291],[-105.39874,40.60479],[-105.23848,40.488],[-105.24716,40.30331],[-105.4443,40.14959],[-105.61248,40.15012],[-105.79712,40.31308],[-106.0244,40.4015],[-106.10667,40.38918],[-106.34424,40.41294],[-106.42707,40.44062],[-106.47995,40.44445],[-106.68119,40.49617],[-106.96168,40.45818],[-106.98384,40.46959],[-107.06416,40.42917],[-107.51281,40.3816],[-107.84241,40.28059],[-107.99842,40.17685],[-108.12842,40.12671],[-108.27304,40.14121],[-108.39219,40.17236],[-108.53324,40.16549],[-108.66427,40.10228],[-108.73049,39.99549],[-108.75562,39.87141],[-108.75539,39.76422],[-108.81145,39.63278],[-108.94396,39.539],[-109.08037,39.56476],[-109.19913,39.77265],[-109.27429,39.81],[-109.34423,39.82995],[-109.45388,39.80868],[-109.53612,39.75806],[-109.63109,39.6598],[-109.67056,39.55798],[-109.68876,39.46914],[-109.73019,39.36436],[-109.81814,39.27442],[-109.88748,39.1798],[-109.90281,39.07785],[-109.8475,39.01727],[-109.70579,39.00638],[-109.54948,39.0103],[-109.46214,39.05659],[-109.34835,39.06895],[-109.22253,39.04911],[-109.13503,38.95168],[-109.09065,38.86146],[-108.92298,38.73789],[-108.82661,38.71096],[-108.6927,38.7126],[-108.48405,38.68563],[-108.40691,38.69128],[-108.2238,38.8523],[-108.12559,38.88366],[-108.00144,38.968],[-107.82481,38.97077],[-107.61629,38.89067],[-107.42684,38.75144],[-107.24291,38.58295],[-107.04586,38.44396],[-106.99936,38.40258],[-107.01686,38.32537],[-107.09132,38.26874],[-107.18922,38.24556],[-107.29031,38.2434],[-107.43105,38.25886],[-107.62992,38.29462],[-107.79302,38.36673],[-107.88247,38.27307],[-107.76485,38.08995],[-107.75135,37.98706],[-107.77457,37.97216],[-107.63836,37.67761],[-107.38955,37.50661],[-107.10517,37.49737],[-106.89463,37.43094],[-106.6589,37.31848],[-106.5473,37.1968],[-106.50728,37.10249],[-106.50517,36.99259],[-106.72258,36.94645],[-107.06945,36.96318],[-107.31418,37.01432],[-107.52872,36.99393],[-107.77549,37.00569],[-108.01568,37.0319],[-108.21417,37.10677],[-108.4043,37.12732],[-108.48996,37.18179],[-108.52139,37.31677],[-108.58942,37.42243],[-108.81047,37.54701],[-109.05637,37.62383],[-109.15493,37.39289],[-109.14039,37.30275],[-109.15191,37.12794],[-109.12294,36.96423],[-109.06408,36.82714],[-109.04087,36.7429],[-108.95515,36.63874],[-108.84934,36.56341],[-108.81859,36.43324],[-108.89222,36.28055],[-108.85475,36.17817],[-108.72388,35.92832],[-108.61785,35.8326],[-108.54205,35.84013],[-108.42289,35.93017],[-108.29486,36.00974],[-108.11122,36.09444],[-107.86769,36.15642],[-107.62912,36.20625],[-107.44647,36.20592],[-107.35939,36.18572],[-107.30858,36.12317],[-107.30864,36.02262],[-107.32867,35.91471],[-107.40307,35.79635],[-107.45818,35.74112],[-107.56299,35.69254],[-107.63246,35.64149],[-107.64898,35.56171],[-107.60193,35.42626],[-107.51384,35.2442],[-107.38819,35.03751],[-107.25184,34.84844],[-107.22932,34.73302],[-107.2318,34.69701],[-107.20528,34.65687],[-107.16684,34.62673],[-107.11779,34.61989],[-106.81993,34.6395],[-106.5941,34.60695],[-106.38829,34.53887],[-106.2036,34.44195],[-106.03001,34.3638],[-105.81812,34.30198],[-105.75845,34.29286],[-105.65778,34.20433],[-105.4874,33.86179],[-105.38667,33.71474],[-105.21857,33.63438],[-105.0807,33.6598],[-104.98185,33.79044],[-104.99869,33.95145],[-105.04934,34.16409],[-105.15543,34.44992],[-105.25239,34.63579],[-105.27982,34.72973],[-105.3457,34.80729],[-105.50838,35.02973],[-105.53022,35.10065],[-105.5116,35.18015],[-105.44988,35.24605],[-105.3831,35.26766],[-105.21265,35.29107],[-105.16638,35.31109],[-105.01118,35.47808],[-104.86881,35.5618],[-104.66748,35.52404],[-104.47736,35.45146],[-104.19191,35.17931],[-104.099,35.07943],[-104.00161,35.01303],[-103.90168,34.99987],[-103.80665,35.06856],[-103.58902,35.20563],[-103.42961,35.32975],[-103.31371,35.43408],[-103.26759,35.45588],[-103.05596,35.51696],[-103.00254,35.48894],[-102.94614,35.11226],[-102.87115,34.94198],[-102.81849,34.93937],[-102.73016,34.85915],[-102.2109,34.8317],[-101.93704,34.84394],[-101.67592,34.80261],[-101.47791,34.73203],[-101.26494,34.67479],[-101.11367,34.56253],[-101.13562,34.37831],[-101.12911,34.26061],[-101.1088,34.18273],[-100.99203,34.09523],[-100.92405,34.01901],[-100.88468,33.8762],[-100.89381,33.74478],[-100.79513,33.68265],[-100.58739,33.66337],[-100.36623,33.69656],[-100.18694,33.78677],[-100.06077,33.83748],[-99.62143,33.9957],[-99.34908,34.11824],[-99.19335,34.20525],[-98.98017,34.24734],[-98.82993,34.34999],[-98.661,34.54436],[-98.55423,34.80415],[-98.50652,34.97136],[-98.42648,35.08069],[-98.18177,35.22524],[-97.9578,35.43562],[-97.805,35.62834],[-97.74454,35.77855],[-97.7361,35.94498],[-97.90862,36.35938],[-97.95321,36.5419],[-98.00674,36.6079],[-98.16582,36.6894],[-98.51516,36.78481],[-98.94975,36.87776],[-99.28849,36.91293],[-99.65796,36.91318],[-99.83592,36.87563],[-99.97896,36.76387],[-100.00157,36.33674],[-100.19885,36.31317],[-100.27212,36.29284],[-100.33623,36.24323],[-100.28061,36.18021],[-100.33569,36.15339],[-100.16401,36.10371],[-100.14801,36.05934],[-100.14459,35.98097],[-100.32342,35.94972],[-100.52226,35.99605],[-100.89936,35.99687],[-101.07903,35.90457],[-101.2124,35.93596],[-101.27397,36.00703],[-101.38716,36.07727],[-101.538,35.99691],[-101.64433,35.9554],[-101.92364,35.94379],[-102.17619,35.99485],[-102.32844,36.16186],[-102.41349,36.46849],[-102.28944,36.5545],[-102.16442,36.56009],[-101.9334,36.60031],[-101.77258,36.7485],[-101.83646,36.83344],[-102.02193,36.8958],[-102.14291,36.99009],[-102.14588,37.04123],[-102.18339,37.15202],[-102.31554,37.31284],[-102.44865,37.38457],[-102.61269,37.39354],[-102.81656,37.36699],[-102.93887,37.29974],[-103.00507,37.22937],[-103.11517,37.06799],[-103.15747,37.03273],[-103.60931,36.93034],[-103.96873,37.00977],[-104.08771,37.06946],[-104.1218,37.12863],[-104.13589,37.27247],[-104.15419,37.31755],[-104.25344,37.45454],[-104.42943,37.64402],[-104.507,37.81566],[-104.6674,38.09955],[-104.87998,38.38733],[-104.94801,38.41765],[-105.08649,38.44347],[-105.22385,38.5272],[-105.32049,38.88231],[-105.23778,38.94368],[-105.05366,38.95197],[-104.93907,38.94254],[-104.80014,38.67259],[-104.68191,38.60437],[-104.59132,38.56273],[-104.49454,38.57826],[-104.26917,38.78148],[-104.08421,38.9061],[-103.90085,38.92616],[-103.70494,38.81411],[-103.62953,38.66681],[-103.61784,38.54082],[-103.67069,38.38977],[-103.66031,38.22747],[-103.62714,38.15304],[-103.55114,38.10718],[-103.42011,38.08648],[-103.26289,38.11638],[-103.18924,38.15427],[-103.08814,38.23174],[-102.92098,38.29572],[-102.71679,38.35012],[-102.37769,38.33808],[-102.24946,38.35491],[-102.19694,38.42388],[-102.2285,38.46139],[-102.27751,38.49022],[-102.95002,38.64448],[-103.07072,38.70843],[-103.21797,38.71491],[-103.30938,38.76392],[-103.33755,38.84342],[-103.41085,38.97206],[-103.59441,39.08525],[-103.78456,39.13156],[-104.04238,39.1074],[-104.3389,39.09931],[-104.66489,39.14921],[-104.88345,39.21768],[-104.91054,39.35061],[-104.85096,39.44058],[-104.66443,39.5493],[-104.47849,39.62229],[-104.43705,39.67139],[-104.422,39.90143],[-104.40126,40.02464],[-104.18298,40.26784],[-104.08591,40.45924],[-104.10411,40.45708],[-104.06197,40.52752],[-104.0419,40.62955],[-104.07167,40.75213],[-104.03965,40.81936],[-103.95695,40.86014],[-103.79396,40.89395],[-103.43887,41.08103],[-103.27204,41.13578],[-103.01699,41.1552],[-102.73382,41.14044],[-102.56412,41.10677],[-102.39756,41.10587],[-102.32397,41.15861],[-102.35382,41.25644],[-102.33807,41.33972],[-102.28704,41.39973],[-102.25507,41.4803],[-102.29916,41.59841],[-102.28348,41.70536],[-102.17889,41.75842],[-102.11919,41.80933],[-101.98102,41.85575],[-101.73528,41.83661],[-101.66588,41.8382],[-101.62143,41.78727],[-101.56276,41.6973],[-101.57169,41.61266],[-101.70557,41.61009],[-101.82385,41.54402],[-101.71443,41.47789],[-101.61741,41.46442],[-101.5596,41.48454],[-101.47835,41.59521],[-101.44619,41.80772],[-101.47319,41.93631],[-101.56097,42.00133],[-101.69238,42.02375],[-101.97094,42.02662],[-102.42616,42.00091],[-102.73597,41.95567],[-102.97108,41.88981],[-103.13257,41.81575],[-103.27465,41.79001],[-103.36691,41.82627],[-103.35775,41.89202],[-103.25241,41.96323],[-102.94355,42.09881],[-102.8461,42.17517],[-102.97532,42.17419],[-103.11095,42.31509],[-103.12294,42.37471],[-103.10345,42.40074],[-103.04072,42.41862],[-102.87283,42.50399],[-102.66868,42.64153],[-102.49276,42.73378],[-102.43034,42.74803],[-102.25023,42.81908],[-102.12137,42.91061],[-102.01605,43.05078],[-101.98072,43.20906],[-102.01633,43.27865],[-102.14446,43.27984],[-102.26807,43.23125],[-102.38502,43.14094],[-102.47882,43.11006],[-102.58893,43.14115],[-102.70553,43.18983],[-102.80774,43.257],[-102.87979,43.32906],[-102.87474,43.46334],[-102.79687,43.54898],[-102.67148,43.63668],[-102.60264,43.7218],[-102.57159,43.80526],[-102.61821,43.90589],[-102.72385,44.02446],[-103.03438,44.21148],[-103.16876,44.34688],[-103.29051,44.52066],[-103.39263,44.62487],[-103.44357,44.66068],[-103.64697,44.73096],[-103.92954,44.79411],[-104.1162,44.82267],[-104.2231,44.85855],[-104.47792,44.90326],[-104.59973,44.91593],[-104.77677,44.92523],[-105.4595,44.83049],[-105.69613,44.72969],[-105.79964,44.60465],[-105.86757,44.47965],[-105.98731,44.35569],[-106.13468,44.31406],[-106.24541,44.32904],[-106.34486,44.38069],[-106.44301,44.41109],[-106.59036,44.41371],[-106.7617,44.35706],[-106.93926,44.16806],[-107.06158,44.09426],[-107.25241,44.09244],[-107.47856,44.22026],[-107.6497,44.36412],[-107.78877,44.44021],[-107.99519,44.49932],[-108.43091,44.4836],[-108.6377,44.52123],[-108.73176,44.4991],[-108.87556,44.41492],[-108.98287,44.32554],[-109.06012,44.20115],[-109.07753,44.10322],[-109.00705,43.97157],[-108.96712,43.87898],[-108.95944,43.77075],[-108.92985,43.73233],[-108.9437,43.68624],[-108.904,43.5639],[-108.84851,43.48467],[-108.71081,43.38764],[-108.66959,43.27732],[-108.6833,43.20652],[-108.65885,43.12372],[-108.7284,42.96902],[-108.73673,42.80196],[-108.65981,42.73635],[-108.46719,42.65466],[-108.34519,42.58349],[-108.21845,42.4686],[-107.81293,42.47646],[-107.4475,42.27855],[-107.12279,42.22525],[-106.80353,42.18327],[-106.52776,42.13052],[-106.37389,42.12665],[-106.22977,42.09817],[-106.19377,41.96066],[-106.47306,41.71097],[-106.38213,41.59876],[-106.07099,41.56756]]],[[[-108.19816,41.61654],[-108.08057,41.70077],[-107.99426,41.70831],[-107.74709,41.68565],[-107.38103,41.7749],[-106.89364,41.79751],[-106.4544,41.87233],[-106.45953,42.02189],[-106.63133,42.10269],[-107.03737,42.11516],[-107.36435,42.14966],[-107.69096,42.35684],[-107.83025,42.36657],[-108.13317,42.35944],[-108.557,42.32919],[-108.97982,42.16877],[-109.00359,42.10528],[-108.90649,41.78319],[-108.81515,41.71732],[-108.72341,41.61962],[-108.5198,41.52294],[-108.35385,41.538],[-108.19816,41.61654]]],[[[-101.17487,42.09137],[-101.15509,42.03599],[-101.17231,41.86494],[-101.11191,41.78515],[-100.98595,41.77081],[-100.91709,41.78916],[-100.69095,41.95302],[-100.64882,42.00382],[-100.65197,42.06155],[-100.69823,42.08496],[-100.86823,42.30284],[-100.91617,42.35092],[-100.98525,42.37353],[-101.03909,42.4096],[-101.06665,42.41404],[-101.19611,42.39612],[-101.26795,42.35275],[-101.27204,42.27075],[-101.23987,42.20363],[-101.1888,42.13033],[-101.17487,42.09137]]],[[[-101.5667,36.70364],[-101.56571,36.52056],[-101.51917,36.46025],[-101.49929,36.41972],[-101.37547,36.28059],[-101.2895,36.21841],[-101.23723,36.16802],[-101.00761,36.17626],[-100.84632,36.2341],[-100.85118,36.32548],[-100.904,36.38909],[-100.91495,36.44525],[-100.85482,36.55833],[-100.77015,36.58183],[-100.7736,36.6477],[-100.79549,36.6604],[-100.8207,36.73897],[-100.95374,36.8593],[-101.11554,36.92023],[-101.35044,36.9616],[-101.50656,36.92238],[-101.5667,36.70364]]],[[[-98.09805,34.6039],[-98.05099,34.6044],[-97.97006,34.62957],[-97.87251,34.6966],[-97.74961,34.80899],[-97.7286,34.84743],[-97.73313,34.86827],[-97.81483,34.87806],[-98.10523,34.78133],[-98.1812,34.71088],[-98.12851,34.63489],[-98.09805,34.6039]]],[[[-110.85383,36.59268],[-110.85378,36.59271],[-110.85409,36.59252],[-110.85383,36.59268]]],[[[-111.98537,37.01022],[-111.95386,37.06442],[-111.90865,37.10632],[-111.84468,37.1272],[-111.76266,37.21844],[-111.73918,37.34887],[-111.72936,37.8012],[-111.7744,37.9319],[-111.8741,38.01281],[-112.0296,38.09389],[-112.21713,38.14924],[-112.3785,38.16682],[-112.46017,38.08436],[-112.62052,37.84352],[-112.64558,37.61372],[-112.64858,37.40298],[-112.59352,37.17442],[-112.4195,37.07854],[-112.30302,37.05337],[-112.25323,36.96767],[-112.24326,36.86845],[-112.19389,36.73244],[-112.11487,36.70909],[-112.02322,36.7794],[-111.98777,36.91784],[-111.98537,37.01022]]],[[[-110.42107,37.30731],[-110.33084,37.29726],[-110.24367,37.31186],[-109.87156,37.31167],[-109.76177,37.37314],[-109.67349,37.45062],[-109.67002,37.57089],[-109.88054,37.69005],[-110.04168,37.82162],[-110.12235,37.8393],[-110.24569,37.78616],[-110.36303,37.62926],[-110.49631,37.42654],[-110.48117,37.34248],[-110.42107,37.30731]]],[[[-106.33755,40.53296],[-106.18349,40.50687],[-106.11849,40.52908],[-106.11401,40.58618],[-106.12032,40.6481],[-106.15021,40.71569],[-106.27097,40.8857],[-106.35741,40.89834],[-106.4848,40.79046],[-106.47853,40.64501],[-106.33755,40.53296]]],[[[-108.20071,41.12247],[-108.30522,41.12221],[-108.40196,41.01595],[-108.45648,40.92742],[-108.39709,40.90382],[-108.30747,40.88867],[-108.23155,40.926],[-108.15296,41.04622],[-108.16741,41.08572],[-108.20071,41.12247]]],[[[-100.46203,40.87973],[-100.44965,40.82334],[-100.46536,40.75906],[-100.71506,40.50664],[-100.73738,40.43461],[-100.6873,40.4251],[-100.53387,40.50509],[-100.44131,40.63351],[-100.25927,40.78135],[-100.27197,40.82395],[-100.22692,40.86846],[-100.23584,40.90116],[-100.25911,40.92529],[-100.33804,40.95614],[-100.42601,40.94545],[-100.44521,40.92277],[-100.46203,40.87973]]],[[[-100.19389,40.53481],[-100.3111,40.34986],[-100.32119,40.28044],[-100.23861,40.34542],[-100.12146,40.38288],[-99.90123,40.48255],[-99.85615,40.56869],[-99.85961,40.63242],[-99.98195,40.61214],[-100.19389,40.53481]]],[[[-97.26538,42.70703],[-97.52832,42.80137],[-97.6231,42.89632],[-97.70805,42.9367],[-98.4498,42.9365],[-98.39227,42.84324],[-98.41481,42.80904],[-98.58762,42.69318],[-98.64349,42.59298],[-98.63138,42.50082],[-98.5819,42.46598],[-98.47441,42.43898],[-98.08606,42.44328],[-97.89219,42.46629],[-97.77293,42.50743],[-97.50468,42.57535],[-97.46947,42.56621],[-97.34814,42.50903],[-97.24511,42.44123],[-97.13308,42.40063],[-96.98405,42.41451],[-96.83496,42.48957],[-96.78828,42.5509],[-96.80691,42.63272],[-97.03145,42.70758],[-97.26538,42.70703]]],[[[-101.199,45.11811],[-101.069,45.1157],[-100.95081,45.15432],[-100.85672,45.2358],[-100.82263,45.33951],[-100.8255,45.43996],[-100.91143,45.67791],[-101.04637,45.7416],[-101.46502,45.79361],[-101.88724,45.80043],[-102.18923,45.78666],[-102.29554,45.74958],[-102.32474,45.6871],[-102.29661,45.57225],[-102.14908,45.4403],[-101.87973,45.33036],[-101.4,45.20976],[-101.199,45.11811]]],[[[-100.51008,44.78558],[-100.37091,44.77132],[-100.15407,44.80086],[-100.04659,44.86894],[-100.02477,44.92838],[-100.07027,44.97749],[-100.19905,45.02453],[-100.32951,45.04086],[-100.47782,45.04347],[-100.65561,45.02107],[-100.67989,45.01383],[-100.69738,44.99586],[-100.70386,44.94764],[-100.67945,44.89814],[-100.62583,44.82109],[-100.55643,44.7903],[-100.51008,44.78558]]],[[[-103.82559,46.10134],[-103.6882,46.3494],[-103.58476,46.65611],[-103.57308,46.9142],[-103.53588,47.11436],[-103.5519,47.16034],[-103.80655,47.29773],[-103.95916,47.26464],[-104.05726,47.12697],[-104.11701,46.85107],[-104.3458,46.48833],[-104.56503,46.35159],[-104.61348,46.30993],[-104.71317,46.18751],[-104.77125,46.02083],[-104.75834,45.91275],[-104.64723,45.81818],[-104.48675,45.77296],[-104.0791,45.89634],[-103.82559,46.10134]]],[[[-102.39557,46.30108],[-102.2771,46.27879],[-102.10061,46.30736],[-102.05529,46.42281],[-102.12476,46.51222],[-102.24492,46.55086],[-102.35563,46.56812],[-102.46727,46.50397],[-102.50741,46.42646],[-102.50139,46.3563],[-102.39557,46.30108]]],[[[-118.44991,49.00082],[-118.44172,48.91457],[-118.47692,48.81177],[-118.55102,48.67491],[-118.57158,48.56068],[-118.61397,48.42212],[-118.71826,48.31489],[-118.89396,48.25733],[-119.21669,48.22922],[-119.43228,48.19246],[-119.65006,48.13266],[-119.8425,48.15124],[-120.00698,48.18192],[-120.34819,48.19054],[-120.72338,49.00112],[-118.44991,49.00082]]],[[[-119.83723,48.49801],[-119.76421,48.24159],[-119.4894,48.29703],[-119.37942,48.40224],[-119.28046,48.58558],[-119.36143,48.78384],[-119.46301,48.76865],[-119.62841,48.71826],[-119.77394,48.59621],[-119.83723,48.49801]]]]},"properties":{"OBJECTID":1610,"DM":2,"DMArea":579430.2800886208,"ReleaseDate":1786606200000,"ReleaseYear":2026,"ReleaseWeek":32,"MapDate":1786433400000,"GlobalID":"04487875-41af-408d-91ee-1556c3aa164d","created_user":"cpoulsen2","created_date":1588318200000,"last_edited_user":"cpoulsen2","last_edited_date":1786606200000,"Shape__Area":2621577455956.2627,"Shape__Length":74562237.945784,"CumulativePerct":16.1,"CatagoricalPerct":24.7,"ValidStart":1786433400000,"ValidEnd":1786968000000}},{"type":"Feature","id":1611,"geometry":{"type":"MultiPolygon","coordinates":[[[[-67.17698,18.00918],[-67.17753,18.00859],[-67.17744,18.00875],[-67.17698,18.00918]]],[[[-67.18197,18.02853],[-67.18342,18.02899],[-67.18185,18.02899],[-67.18197,18.02853]]],[[[-66.75497,17.99391],[-66.75501,17.99386],[-66.75499,17.99407],[-66.75497,17.99391]]],[[[-66.61747,17.96383],[-66.61564,17.96312],[-66.61892,17.96255],[-66.61747,17.96383]]],[[[-66.23643,17.94195],[-66.23718,17.94149],[-66.2369,17.94182],[-66.23643,17.94195]]],[[[-66.23415,17.94381],[-66.23574,17.94252],[-66.23647,17.94351],[-66.23415,17.94381]]],[[[-66.22656,17.95063],[-66.24853,17.93729],[-66.26244,17.94643],[-66.24531,17.93564],[-66.25158,17.93226],[-66.27113,17.94725],[-66.28863,17.94194],[-66.29136,17.96213],[-66.29775,17.95919],[-66.32517,17.97859],[-66.36278,17.96814],[-66.36089,17.96216],[-66.36969,17.96092],[-66.37083,17.9513],[-66.37658,17.95567],[-66.38507,17.93903],[-66.41212,17.95731],[-66.42783,17.95874],[-66.44694,17.98237],[-66.46448,17.99066],[-66.49955,17.98878],[-66.58044,17.96177],[-66.59401,17.97067],[-66.61369,17.96364],[-66.62072,17.96765],[-66.61801,17.97803],[-66.63109,17.98279],[-66.67339,17.96588],[-66.72417,17.99205],[-66.74766,17.98979],[-66.75892,17.97664],[-66.76285,17.98458],[-66.75796,17.98206],[-66.75049,17.99559],[-66.76278,18.00033],[-66.7662,18.0108],[-66.79059,17.99294],[-66.798,17.99526],[-66.79743,17.98238],[-66.80621,17.98516],[-66.80556,17.97505],[-66.78377,17.98576],[-66.78725,17.97289],[-66.83636,17.95052],[-66.85632,17.95655],[-66.86259,17.9455],[-66.87167,17.95267],[-66.90181,17.94894],[-66.90565,17.96473],[-66.92509,17.97306],[-66.93114,17.96152],[-66.90909,17.95065],[-66.93135,17.94243],[-66.9201,17.93348],[-66.92374,17.92724],[-66.98005,17.95151],[-66.98692,17.97087],[-67.00624,17.97221],[-67.00111,17.96141],[-67.00613,17.9617],[-67.01585,17.97608],[-67.01916,17.96871],[-67.07535,17.97293],[-67.07725,17.95848],[-67.08704,17.9658],[-67.10397,17.94586],[-67.17877,17.96494],[-67.19241,17.95176],[-67.18384,17.93093],[-67.19673,17.9356],[-67.19662,17.95162],[-67.21325,17.95269],[-67.21513,17.98345],[-67.20545,17.99927],[-67.1653,18.00756],[-67.16648,18.01763],[-67.17499,18.00839],[-67.1724,18.02274],[-67.17964,18.02899],[-66.96621,18.03095],[-66.7716,18.06234],[-66.6484,18.0643],[-66.57385,18.08],[-66.47772,18.12119],[-66.42475,18.16435],[-66.38159,18.16828],[-66.29723,18.15258],[-66.21876,18.08588],[-66.19522,18.04272],[-66.20307,17.9976],[-66.22656,17.95063]]],[[[-65.92645,18.34092],[-65.81267,18.27422],[-65.80482,18.2546],[-65.88329,18.22517],[-65.95392,18.25656],[-65.99315,18.25656],[-66.00296,18.27814],[-66.03435,18.30953],[-66.03827,18.32718],[-66.02454,18.34288],[-65.97942,18.35465],[-65.92645,18.34092]]],[[[-80.76728,25.36047],[-80.82709,25.35573],[-80.86586,25.43],[-80.87358,25.5133],[-80.85481,25.57895],[-80.84938,25.86544],[-80.89896,26.04562],[-80.85595,26.08888],[-80.83697,26.15749],[-80.84095,26.18507],[-80.82662,26.20656],[-80.77508,26.23993],[-80.69762,26.26641],[-80.64819,26.25062],[-80.59483,26.18613],[-80.56084,26.08861],[-80.53612,25.97458],[-80.53667,25.90005],[-80.56236,25.81024],[-80.5727,25.71068],[-80.59389,25.61452],[-80.65466,25.48419],[-80.70648,25.41296],[-80.76728,25.36047]]],[[[-82.56366,27.31918],[-82.56863,27.32709],[-82.56456,27.32611],[-82.56366,27.31918]]],[[[-82.55855,27.31911],[-82.56247,27.32931],[-82.55732,27.33154],[-82.55855,27.31911]]],[[[-82.56444,27.30533],[-82.57144,27.30178],[-82.58908,27.32716],[-82.57414,27.33362],[-82.56444,27.30533]]],[[[-82.62378,27.3905],[-82.62737,27.39009],[-82.62931,27.39657],[-82.62378,27.3905]]],[[[-82.66598,27.43759],[-82.65741,27.43011],[-82.66659,27.43115],[-82.67109,27.43765],[-82.66598,27.43759]]],[[[-82.6848,27.44382],[-82.65195,27.41898],[-82.63053,27.38414],[-82.61171,27.37928],[-82.61095,27.36268],[-82.58168,27.34017],[-82.59394,27.33162],[-82.61259,27.35026],[-82.6567,27.40802],[-82.69226,27.43911],[-82.6848,27.44382]]],[[[-82.67363,27.43861],[-82.67811,27.4465],[-82.67305,27.44321],[-82.67363,27.43861]]],[[[-82.64746,27.44473],[-82.6577,27.44394],[-82.6632,27.45138],[-82.64746,27.44473]]],[[[-82.68626,27.44844],[-82.69237,27.44791],[-82.71162,27.49621],[-82.74067,27.53895],[-82.70864,27.52382],[-82.71141,27.51049],[-82.68626,27.44844]]],[[[-82.73687,27.55364],[-82.74201,27.55232],[-82.74368,27.55808],[-82.73687,27.55364]]],[[[-82.60649,27.54233],[-82.61464,27.54474],[-82.60592,27.54555],[-82.60649,27.54233]]],[[[-82.61329,27.56499],[-82.60418,27.55842],[-82.62834,27.55275],[-82.61329,27.56499]]],[[[-82.75083,27.5796],[-82.7614,27.5917],[-82.75712,27.60455],[-82.75054,27.59894],[-82.75083,27.5796]]],[[[-82.59489,27.59423],[-82.60093,27.6003],[-82.58607,27.60102],[-82.59489,27.59423]]],[[[-82.71061,27.63163],[-82.69561,27.64019],[-82.70095,27.62598],[-82.73648,27.61444],[-82.7421,27.64831],[-82.72988,27.64521],[-82.7261,27.62352],[-82.71891,27.62482],[-82.71701,27.64828],[-82.71061,27.63163]]],[[[-82.67056,27.63666],[-82.68042,27.66211],[-82.67375,27.66202],[-82.67056,27.63666]]],[[[-82.71068,27.66064],[-82.72396,27.66356],[-82.71958,27.68285],[-82.71239,27.68323],[-82.71068,27.66064]]],[[[-82.67518,27.66895],[-82.68128,27.67271],[-82.67695,27.68693],[-82.67518,27.66895]]],[[[-82.69062,27.69815],[-82.69516,27.70327],[-82.6823,27.70588],[-82.69062,27.69815]]],[[[-82.52106,27.68671],[-82.52464,27.68768],[-82.51884,27.69635],[-82.52106,27.68671]]],[[[-82.51422,27.69721],[-82.51677,27.6977],[-82.51359,27.70364],[-82.51422,27.69721]]],[[[-82.50795,27.70356],[-82.51255,27.70455],[-82.51091,27.71005],[-82.50795,27.70356]]],[[[-82.50272,27.70947],[-82.5078,27.71185],[-82.50162,27.7136],[-82.50272,27.70947]]],[[[-82.61732,27.72715],[-82.62454,27.72494],[-82.62801,27.73235],[-82.62068,27.74193],[-82.61732,27.72715]]],[[[-82.49027,27.71713],[-82.49689,27.71998],[-82.49109,27.72865],[-82.49027,27.71713]]],[[[-82.79624,27.80944],[-82.75881,27.77034],[-82.72828,27.71795],[-82.73012,27.69771],[-82.71997,27.69022],[-82.73394,27.6821],[-82.74518,27.72844],[-82.7829,27.78385],[-82.80787,27.80467],[-82.79624,27.80944]]],[[[-82.76586,27.81461],[-82.76756,27.80404],[-82.79405,27.81591],[-82.77123,27.82741],[-82.76586,27.81461]]],[[[-82.49607,27.82494],[-82.50985,27.82928],[-82.50418,27.83104],[-82.49607,27.82494]]],[[[-82.68817,27.9246],[-82.61836,27.88506],[-82.58651,27.88372],[-82.55858,27.89393],[-82.56555,27.87745],[-82.61091,27.86885],[-82.59342,27.83916],[-82.60212,27.84066],[-82.60805,27.855],[-82.63223,27.85348],[-82.62052,27.84689],[-82.63095,27.83735],[-82.61244,27.83803],[-82.61056,27.82742],[-82.5963,27.81987],[-82.60672,27.8108],[-82.61016,27.82005],[-82.62146,27.82066],[-82.61967,27.80406],[-82.60752,27.79332],[-82.63268,27.79319],[-82.62616,27.78343],[-82.63152,27.76969],[-82.62134,27.76403],[-82.63781,27.76195],[-82.62926,27.75033],[-82.63916,27.74171],[-82.63995,27.72422],[-82.62983,27.71488],[-82.63616,27.70437],[-82.68033,27.70033],[-82.69281,27.72258],[-82.69152,27.7396],[-82.70488,27.73839],[-82.73849,27.75582],[-82.76076,27.81271],[-82.75054,27.84435],[-82.7621,27.82654],[-82.76736,27.83137],[-82.72838,27.87122],[-82.69994,27.92331],[-82.68817,27.9246]]],[[[-82.43997,27.91526],[-82.44267,27.90794],[-82.46011,27.91003],[-82.45767,27.93163],[-82.43997,27.91526]]],[[[-82.68755,28.40713],[-82.64095,28.34273],[-82.62384,28.27507],[-82.64824,28.15484],[-82.62178,28.11858],[-82.59631,28.10062],[-82.5027,28.06923],[-82.36934,27.98796],[-82.33417,27.95818],[-82.27545,27.86045],[-82.22087,27.82378],[-82.12944,27.78919],[-81.95639,27.75755],[-81.74723,27.63298],[-81.69761,27.59303],[-81.60865,27.4066],[-81.55885,27.33957],[-81.46976,27.2707],[-81.43023,27.22101],[-81.44505,27.16341],[-81.46782,27.13487],[-81.55353,27.12358],[-81.73929,27.11881],[-81.87325,27.15808],[-81.91437,27.19039],[-81.98852,27.2739],[-82.02304,27.33479],[-82.09741,27.51644],[-82.13517,27.55358],[-82.24613,27.52534],[-82.38754,27.47336],[-82.47572,27.42186],[-82.54659,27.33186],[-82.55028,27.35495],[-82.5804,27.41758],[-82.62008,27.42963],[-82.68694,27.47103],[-82.68578,27.47977],[-82.65475,27.46878],[-82.64236,27.47599],[-82.6409,27.5027],[-82.64953,27.50788],[-82.67131,27.48926],[-82.68923,27.48856],[-82.68937,27.51252],[-82.6771,27.51145],[-82.67893,27.52621],[-82.64716,27.52812],[-82.6101,27.50921],[-82.57846,27.50418],[-82.5298,27.5072],[-82.51887,27.48816],[-82.49408,27.4726],[-82.49237,27.48225],[-82.51305,27.49913],[-82.51641,27.51162],[-82.49472,27.52329],[-82.48708,27.52088],[-82.49029,27.51309],[-82.46555,27.52287],[-82.43651,27.51553],[-82.42821,27.5214],[-82.44912,27.52539],[-82.44127,27.53495],[-82.46943,27.53491],[-82.5307,27.51412],[-82.57882,27.5134],[-82.63938,27.534],[-82.64032,27.54001],[-82.6055,27.54001],[-82.60009,27.52704],[-82.56945,27.55289],[-82.56554,27.57264],[-82.59441,27.56106],[-82.59318,27.57348],[-82.61035,27.58798],[-82.57348,27.58795],[-82.57898,27.59632],[-82.57006,27.60817],[-82.5502,27.60099],[-82.54499,27.60691],[-82.56278,27.61498],[-82.55719,27.64574],[-82.53999,27.65934],[-82.5325,27.6772],[-82.51556,27.6788],[-82.51106,27.67229],[-82.49394,27.68356],[-82.51334,27.68844],[-82.50752,27.69895],[-82.4662,27.71494],[-82.45247,27.70829],[-82.44668,27.68795],[-82.441,27.69063],[-82.44252,27.71966],[-82.47116,27.72468],[-82.46781,27.73937],[-82.47382,27.74774],[-82.46101,27.74663],[-82.44027,27.75876],[-82.39697,27.79587],[-82.3982,27.81246],[-82.38649,27.83392],[-82.39075,27.85331],[-82.40043,27.8576],[-82.39793,27.88104],[-82.42418,27.90675],[-82.41274,27.91394],[-82.42632,27.93025],[-82.413,27.92775],[-82.40182,27.94783],[-82.41561,27.95264],[-82.4291,27.94639],[-82.43404,27.9299],[-82.44407,27.94385],[-82.46209,27.94274],[-82.48725,27.9164],[-82.479,27.88867],[-82.48552,27.86944],[-82.46749,27.84248],[-82.47405,27.82094],[-82.50565,27.83474],[-82.5309,27.83003],[-82.54171,27.85872],[-82.55192,27.86254],[-82.52954,27.87926],[-82.54266,27.89325],[-82.52967,27.90136],[-82.52854,27.93677],[-82.55934,27.97079],[-82.56667,27.96306],[-82.62116,27.96608],[-82.61732,27.9803],[-82.56224,27.98141],[-82.60326,27.9907],[-82.62447,28.01582],[-82.63137,28.00303],[-82.64086,28.02063],[-82.65274,28.01848],[-82.65918,28.002],[-82.66533,28.00346],[-82.66647,28.02969],[-82.70177,28.04393],[-82.6766,28.00728],[-82.69976,27.97398],[-82.68782,27.98027],[-82.68431,27.97425],[-82.63897,27.97874],[-82.63185,27.97267],[-82.63403,27.96533],[-82.70184,27.95662],[-82.71053,27.97787],[-82.78096,28.07018],[-82.77254,28.08038],[-82.7824,28.0851],[-82.77598,28.11105],[-82.80079,28.17149],[-82.77071,28.15468],[-82.7678,28.14269],[-82.76193,28.15596],[-82.75005,28.15766],[-82.77164,28.16205],[-82.79895,28.18519],[-82.78193,28.20799],[-82.7684,28.20754],[-82.75957,28.2248],[-82.7538,28.21794],[-82.75238,28.24261],[-82.74057,28.24032],[-82.75031,28.249],[-82.73876,28.25777],[-82.74316,28.27844],[-82.71895,28.30443],[-82.73448,28.29977],[-82.73159,28.32459],[-82.71073,28.33513],[-82.71744,28.34255],[-82.704,28.37483],[-82.70822,28.39496],[-82.68755,28.40713]]],[[[-82.69436,28.41954],[-82.68799,28.40793],[-82.69921,28.4122],[-82.69436,28.41954]]],[[[-81.74225,30.10006],[-81.71562,29.95674],[-81.71828,29.85976],[-81.75393,29.78954],[-81.78387,29.75018],[-81.81095,29.72624],[-81.8676,29.71431],[-81.91187,29.72044],[-81.94612,29.75682],[-81.98249,29.78161],[-82.05201,29.79904],[-82.06882,29.79407],[-82.37047,29.81993],[-82.4613,29.837],[-82.49396,29.82766],[-82.51438,29.8108],[-82.55136,29.74177],[-82.58725,29.70736],[-82.62772,29.70399],[-82.70914,29.72336],[-82.7827,29.77424],[-82.83282,29.90458],[-82.86187,29.95395],[-82.86408,29.98392],[-82.75704,30.03561],[-82.65551,30.11919],[-82.64765,30.13805],[-82.57642,30.16056],[-82.47187,30.17562],[-82.25731,30.15036],[-81.91077,30.15084],[-81.8092,30.13684],[-81.74225,30.10006]]],[[[-80.17643,32.54204],[-80.18403,32.54255],[-80.18177,32.55073],[-80.1715,32.54519],[-80.17643,32.54204]]],[[[-80.20983,32.57416],[-80.19416,32.56267],[-80.21052,32.55268],[-80.23109,32.58751],[-80.20983,32.57416]]],[[[-90.63538,33.93412],[-90.57463,33.77269],[-90.45283,33.72101],[-90.3653,33.66583],[-90.27569,33.58482],[-90.4733,33.37873],[-90.61652,33.2818],[-90.81659,33.18246],[-91.02828,33.21105],[-91.12262,33.26863],[-91.30721,33.15463],[-91.51617,33.18976],[-91.56865,33.23185],[-91.68918,33.26743],[-91.73076,33.39358],[-91.78889,33.38905],[-91.87574,33.33063],[-91.92781,33.20293],[-92.04217,33.25714],[-92.11152,33.27197],[-92.11211,33.46289],[-92.15579,33.49341],[-92.2606,33.66124],[-92.23605,33.76556],[-92.19861,33.80631],[-92.08157,33.77301],[-91.81439,33.74888],[-91.64642,33.76637],[-91.49154,33.85525],[-91.30807,33.93329],[-91.27852,33.93838],[-91.18371,33.93092],[-90.80778,34.01508],[-90.63538,33.93412]]],[[[-90.97574,33.93274],[-91.01506,33.92733],[-91.07961,33.93365],[-91.16922,33.79576],[-91.45311,33.63508],[-91.58673,33.57464],[-91.68548,33.4413],[-91.48106,33.40593],[-91.36647,33.42749],[-91.16479,33.43274],[-91.02806,33.51395],[-90.86602,33.57873],[-90.88103,33.67903],[-90.87486,33.70722],[-90.84066,33.74893],[-90.82444,33.79801],[-90.8348,33.8376],[-90.89555,33.90077],[-90.97574,33.93274]]],[[[-80.43834,32.84489],[-80.64327,32.60258],[-80.78815,32.51264],[-80.82357,32.51275],[-80.86551,32.53675],[-80.86499,32.52855],[-80.84354,32.5128],[-80.89032,32.51292],[-80.94871,32.63234],[-81.01493,32.66456],[-81.02621,32.69534],[-80.99604,32.75749],[-81.00021,32.82444],[-81.06899,32.83408],[-81.15929,32.82454],[-81.2096,32.83151],[-81.21149,32.85028],[-81.2921,32.94855],[-81.34896,32.95109],[-81.35888,33.00267],[-81.2925,33.07664],[-81.13632,33.06999],[-81.10676,33.11337],[-80.77049,33.25636],[-80.51792,33.27716],[-80.24113,33.17038],[-80.22963,33.03591],[-80.43834,32.84489]]],[[[-91.83767,34.84153],[-91.95629,34.84012],[-91.97376,34.91234],[-91.89227,34.93579],[-91.74959,34.9303],[-91.77287,34.86041],[-91.83767,34.84153]]],[[[-92.72837,35.03784],[-92.79091,35.00717],[-92.88169,35.01848],[-92.98221,35.03825],[-93.01058,35.08023],[-92.9667,35.14447],[-92.82874,35.25478],[-92.74076,35.18607],[-92.73368,35.12835],[-92.70456,35.1027],[-92.72837,35.03784]]],[[[-78.28544,34.06128],[-78.25632,34.00636],[-78.24731,33.91712],[-78.32203,33.91046],[-78.33967,33.94012],[-78.38326,33.98424],[-78.43271,34.02926],[-78.47572,34.051],[-78.59689,34.04814],[-78.64307,34.01845],[-78.67208,33.94651],[-78.7424,33.83914],[-78.7556,33.7785],[-78.84219,33.7227],[-78.88902,33.68058],[-78.94794,33.7024],[-79.01028,33.70614],[-79.0654,33.69547],[-79.12977,33.61872],[-79.34734,33.32172],[-79.60664,33.23418],[-79.72422,33.17491],[-79.99983,32.9465],[-80.0609,32.76807],[-80.09522,32.59816],[-80.14389,32.58325],[-80.17679,32.55935],[-80.20372,32.58687],[-80.1982,32.59458],[-80.20917,32.58555],[-80.22,32.59109],[-80.22869,32.61073],[-80.21729,32.67474],[-80.20823,32.67982],[-80.21406,32.69084],[-80.17958,32.7115],[-80.19368,32.71797],[-80.19975,32.71073],[-80.20898,32.71444],[-80.21105,32.70586],[-80.20044,32.75868],[-80.15818,32.88261],[-80.07806,32.93627],[-79.99192,33.06118],[-79.98008,33.20377],[-80.02865,33.36313],[-80.04583,33.44901],[-80.01612,33.49411],[-79.88407,33.52618],[-79.70624,33.60292],[-79.69676,33.6458],[-79.69987,33.71271],[-79.74718,33.74195],[-79.86869,33.76008],[-79.97756,33.75407],[-79.97339,33.7871],[-79.92883,33.84696],[-79.77594,33.91285],[-79.53288,33.93873],[-79.37806,34.01062],[-79.31255,34.10963],[-79.15941,34.18827],[-78.91299,34.19861],[-78.46548,34.1656],[-78.32935,34.10046],[-78.28544,34.06128]]],[[[-83.2019,35.19453],[-83.25183,35.1659],[-83.28079,35.17098],[-83.35606,35.20379],[-83.39729,35.19992],[-83.42447,35.19099],[-83.46266,35.15577],[-83.50711,35.1333],[-83.56025,35.13419],[-83.59964,35.16228],[-83.58412,35.21364],[-83.52609,35.24424],[-83.44028,35.24508],[-83.37009,35.26034],[-83.28456,35.29367],[-83.16065,35.31715],[-83.13198,35.2983],[-83.13175,35.27588],[-83.2019,35.19453]]],[[[-82.79371,35.17124],[-82.83427,35.17347],[-82.84327,35.18514],[-82.83432,35.23937],[-82.80414,35.29812],[-82.75576,35.3455],[-82.71506,35.35123],[-82.65982,35.3286],[-82.65273,35.29583],[-82.66825,35.2126],[-82.69985,35.18451],[-82.79371,35.17124]]],[[[-90.39882,36.15765],[-90.544,36.14898],[-90.6981,36.15702],[-90.78213,36.18633],[-90.79368,36.30428],[-90.74343,36.36596],[-90.63551,36.41659],[-90.53037,36.43573],[-90.41765,36.42152],[-90.29752,36.37394],[-90.24392,36.306],[-90.23335,36.27027],[-90.2603,36.20759],[-90.39882,36.15765]]],[[[-100.84632,36.2341],[-101.00761,36.17626],[-101.23723,36.16802],[-101.2895,36.21841],[-101.37547,36.28059],[-101.49929,36.41972],[-101.51917,36.46025],[-101.56571,36.52056],[-101.5667,36.70364],[-101.50656,36.92238],[-101.35044,36.9616],[-101.11554,36.92023],[-100.95374,36.8593],[-100.8207,36.73897],[-100.79549,36.6604],[-100.7736,36.6477],[-100.77015,36.58183],[-100.85482,36.55833],[-100.91495,36.44525],[-100.904,36.38909],[-100.85118,36.32548],[-100.84632,36.2341]]],[[[-78.80062,36.3873],[-79.04466,36.35959],[-79.16009,36.38965],[-79.20127,36.38518],[-79.27674,36.32071],[-79.45822,36.28831],[-79.48452,36.25796],[-79.56675,36.23203],[-79.61291,36.2067],[-79.62893,36.16629],[-79.67328,36.11931],[-79.7028,36.10757],[-79.81319,36.12355],[-79.92298,36.124],[-80.00949,36.21221],[-80.0507,36.26565],[-80.07077,36.31165],[-80.08639,36.41979],[-79.96586,36.52565],[-79.9406,36.5254],[-79.84859,36.55228],[-79.28907,36.56232],[-78.77752,36.58184],[-78.65724,36.55871],[-78.60731,36.54027],[-78.61501,36.47024],[-78.64568,36.40407],[-78.80062,36.3873]]],[[[-109.76177,37.37314],[-109.87156,37.31167],[-110.24367,37.31186],[-110.33084,37.29726],[-110.42107,37.30731],[-110.48117,37.34248],[-110.49631,37.42654],[-110.36303,37.62926],[-110.24569,37.78616],[-110.12235,37.8393],[-110.04168,37.82162],[-109.88054,37.69005],[-109.67002,37.57089],[-109.67349,37.45062],[-109.76177,37.37314]]],[[[-100.23861,40.34542],[-100.32119,40.28044],[-100.3111,40.34986],[-100.19389,40.53481],[-99.98195,40.61214],[-99.85961,40.63242],[-99.85615,40.56869],[-99.90123,40.48255],[-100.12146,40.38288],[-100.23861,40.34542]]],[[[-74.73029,39.11575],[-74.73203,39.10487],[-74.7101,39.1099],[-74.70651,39.09948],[-74.74784,39.04683],[-74.77442,39.02683],[-74.7692,39.05585],[-74.75264,39.06449],[-74.76158,39.07807],[-74.75989,39.10255],[-74.78953,39.10112],[-74.79186,39.09115],[-74.78411,39.08165],[-74.77525,39.08711],[-74.76687,39.06673],[-74.78806,39.03223],[-74.80049,39.02813],[-74.78619,39.00641],[-74.79914,38.98915],[-74.86346,38.94683],[-74.86831,38.97083],[-74.8482,38.97316],[-74.84114,38.9827],[-74.87194,38.98714],[-74.87246,38.97263],[-74.88963,38.97258],[-74.87594,38.95721],[-74.90725,38.9485],[-74.87472,38.94996],[-74.87823,38.94225],[-74.94557,38.92616],[-74.97398,38.92832],[-74.96662,38.98138],[-74.94561,39.0295],[-74.92322,39.04907],[-74.89,39.11613],[-74.73029,39.11575]]],[[[-100.53387,40.50509],[-100.6873,40.4251],[-100.73738,40.43461],[-100.71506,40.50664],[-100.46536,40.75906],[-100.44965,40.82334],[-100.46203,40.87973],[-100.44521,40.92277],[-100.42601,40.94545],[-100.33804,40.95614],[-100.25911,40.92529],[-100.23584,40.90116],[-100.22692,40.86846],[-100.27197,40.82395],[-100.25927,40.78135],[-100.44131,40.63351],[-100.53387,40.50509]]],[[[-74.54241,39.30452],[-74.54836,39.31132],[-74.53528,39.32311],[-74.54241,39.30452]]],[[[-74.41326,39.41193],[-74.41921,39.41103],[-74.42159,39.42281],[-74.41326,39.41193]]],[[[-74.44602,39.40243],[-74.45316,39.40742],[-74.44838,39.42645],[-74.43468,39.4337],[-74.42755,39.41285],[-74.44602,39.40243]]],[[[-74.34116,39.4755],[-74.36031,39.40024],[-74.40676,39.37702],[-74.4222,39.39743],[-74.41684,39.40287],[-74.40435,39.39606],[-74.37753,39.41371],[-74.38824,39.41871],[-74.36557,39.43954],[-74.37325,39.47536],[-74.35834,39.48214],[-74.34116,39.4755]]],[[[-74.38099,39.47763],[-74.40961,39.47584],[-74.39533,39.46405],[-74.40547,39.4568],[-74.39417,39.43821],[-74.40728,39.43142],[-74.42214,39.455],[-74.44121,39.46045],[-74.44539,39.4473],[-74.45731,39.44232],[-74.46208,39.42057],[-74.48055,39.41377],[-74.47757,39.39201],[-74.44066,39.39653],[-74.43591,39.38656],[-74.42401,39.38429],[-74.42461,39.37703],[-74.41093,39.37294],[-74.40678,39.35979],[-74.53051,39.30271],[-74.51744,39.33308],[-74.49543,39.34487],[-74.50019,39.35122],[-74.4871,39.35983],[-74.48829,39.37162],[-74.50971,39.37434],[-74.51983,39.37071],[-74.53291,39.33625],[-74.55373,39.33987],[-74.5609,39.30945],[-74.61776,39.42589],[-74.58651,39.45733],[-74.41171,39.54038],[-74.41373,39.51846],[-74.38099,39.47763]]],[[[-74.38984,39.53838],[-74.39737,39.54632],[-74.38375,39.53876],[-74.38984,39.53838]]],[[[-108.23155,40.926],[-108.30747,40.88867],[-108.39709,40.90382],[-108.45648,40.92742],[-108.40196,41.01595],[-108.30522,41.12221],[-108.20071,41.12247],[-108.16741,41.08572],[-108.15296,41.04622],[-108.23155,40.926]]],[[[-108.84835,41.14988],[-108.80507,41.08436],[-108.78461,41.01645],[-108.80124,40.94384],[-108.78483,40.90923],[-108.72133,40.88196],[-108.73359,40.83754],[-108.77863,40.79605],[-108.78618,40.80467],[-108.98863,40.88121],[-109.04985,40.93459],[-109.07973,40.99943],[-109.07761,41.06504],[-109.12835,41.09593],[-109.17985,41.06582],[-109.2272,41.0085],[-109.28795,40.99411],[-109.35169,41.0769],[-109.47558,41.14615],[-109.48927,41.2079],[-109.45357,41.2846],[-109.41986,41.3255],[-109.36492,41.32371],[-109.28194,41.30571],[-109.22711,41.26696],[-109.10091,41.2231],[-108.94413,41.19209],[-108.84835,41.14988]]],[[[-112.6365,39.55227],[-112.52599,39.15608],[-112.42346,39.17557],[-112.34615,39.25006],[-112.25008,39.32577],[-112.00773,39.45388],[-111.90805,39.61587],[-111.53519,39.75253],[-111.27452,39.86676],[-111.08452,39.85269],[-110.81628,39.97511],[-110.80457,39.915],[-110.98067,39.70084],[-111.00843,39.58791],[-111.01331,39.47114],[-111.09982,39.29466],[-111.04195,39.0749],[-110.82416,39.01351],[-110.656,38.90226],[-110.56526,38.76469],[-110.66145,38.67511],[-110.81859,38.58925],[-110.74402,38.4017],[-110.75292,38.33232],[-110.77209,38.28719],[-110.81975,38.24594],[-110.92571,38.21943],[-111.18812,38.18882],[-111.50734,38.16513],[-111.7703,38.18335],[-112.08731,38.24241],[-112.22788,38.29885],[-112.3615,38.37796],[-112.54904,38.35263],[-112.71009,38.05418],[-112.73692,38.02491],[-112.8566,37.93734],[-113.01091,37.92403],[-113.20303,37.95573],[-113.4503,38.0659],[-113.63269,38.21344],[-113.75173,38.40559],[-113.83011,38.58357],[-113.86188,38.77286],[-113.87252,39.28762],[-113.92103,39.83443],[-113.91935,40.14159],[-113.80994,40.45669],[-113.7923,40.6239],[-113.83158,40.77768],[-113.88725,40.86356],[-113.8708,40.9128],[-113.83234,40.93268],[-113.61372,40.96705],[-113.41046,40.96645],[-113.13364,40.95483],[-112.53167,40.89017],[-112.12112,40.90736],[-111.92874,40.82396],[-111.82871,40.72157],[-111.76938,40.5853],[-111.77075,40.41988],[-111.75359,40.29991],[-111.81731,40.27183],[-112.17162,40.00989],[-112.35437,39.97387],[-112.66002,39.89035],[-112.65812,39.62926],[-112.6365,39.55227]]],[[[-100.91709,41.78916],[-100.98595,41.77081],[-101.11191,41.78515],[-101.17231,41.86494],[-101.15509,42.03599],[-101.1888,42.13033],[-101.23987,42.20363],[-101.27204,42.27075],[-101.26795,42.35275],[-101.19611,42.39612],[-101.06665,42.41404],[-101.03909,42.4096],[-100.98525,42.37353],[-100.91617,42.35092],[-100.86823,42.30284],[-100.69823,42.08496],[-100.65197,42.06155],[-100.64882,42.00382],[-100.69095,41.95302],[-100.91709,41.78916]]],[[[-96.80691,42.63272],[-96.78828,42.5509],[-96.83496,42.48957],[-96.98405,42.41451],[-97.13308,42.40063],[-97.24511,42.44123],[-97.34814,42.50903],[-97.46947,42.56621],[-97.50468,42.57535],[-97.77293,42.50743],[-97.89219,42.46629],[-98.08606,42.44328],[-98.47441,42.43898],[-98.5819,42.46598],[-98.63138,42.50082],[-98.64349,42.59298],[-98.58762,42.69318],[-98.41481,42.80904],[-98.39227,42.84324],[-98.4498,42.9365],[-97.70805,42.9367],[-97.6231,42.89632],[-97.52832,42.80137],[-97.26538,42.70703],[-97.03145,42.70758],[-96.80691,42.63272]]],[[[-111.35556,44.17039],[-111.25264,44.14135],[-111.20317,44.06033],[-111.18285,43.93151],[-111.17211,43.91396],[-111.11748,43.6551],[-111.12782,43.54646],[-111.17938,43.46507],[-111.13144,43.38421],[-111.0172,43.31822],[-110.88172,43.31154],[-110.81274,43.22328],[-110.77162,43.02171],[-110.77467,42.83753],[-110.82448,42.68511],[-110.9114,42.61687],[-110.95417,42.59804],[-111.08855,42.57722],[-111.18804,42.61523],[-111.63015,42.72687],[-111.84224,42.67929],[-111.86025,42.66916],[-111.94725,42.46928],[-112.11177,42.38638],[-112.13054,42.3264],[-112.12599,42.27896],[-112.01377,42.16146],[-112.08654,41.99081],[-112.38985,41.9209],[-112.70186,41.86118],[-112.95817,41.9636],[-113.05965,41.93363],[-113.51589,41.62457],[-113.97188,41.21856],[-114.06097,41.24814],[-114.14091,41.30542],[-114.41394,41.29775],[-114.67297,41.23069],[-114.90646,41.18746],[-115.06109,41.14842],[-115.38596,41.10528],[-115.61524,41.12085],[-115.71143,41.26025],[-115.84246,41.42094],[-116.02547,41.48322],[-116.20931,41.50078],[-116.43087,41.54672],[-116.68733,41.56187],[-116.8465,41.63901],[-116.97515,41.72652],[-117.11583,41.83565],[-117.6461,42.13163],[-117.7888,42.40813],[-117.56072,42.6702],[-117.09543,42.88356],[-116.92153,42.92306],[-116.83901,42.96311],[-116.65923,43.01038],[-116.57107,43.00252],[-116.38611,43.05818],[-116.14475,43.08407],[-115.82551,43.10564],[-115.59721,43.13896],[-115.44571,43.18276],[-115.08945,43.33316],[-114.83801,43.39237],[-114.68988,43.40072],[-114.58399,43.37903],[-114.40165,43.3194],[-114.15943,43.21937],[-114.08354,43.21293],[-113.73886,43.21253],[-113.52358,43.24843],[-113.32275,43.36211],[-113.22012,43.54924],[-113.15146,43.75351],[-113.10442,43.86813],[-113.00078,43.90413],[-112.87195,43.96338],[-112.70927,43.99866],[-112.16005,44.05096],[-111.52033,44.18674],[-111.35556,44.17039]]],[[[-116.72642,42.85504],[-116.79152,42.84794],[-116.88525,42.77694],[-116.96271,42.65514],[-116.9886,42.47988],[-116.98396,42.33512],[-116.96778,42.18501],[-116.68268,42.00322],[-115.92974,42.00997],[-115.67785,42.06095],[-115.32485,42.11567],[-114.98238,42.07397],[-114.70325,41.98568],[-114.29541,42.04433],[-114.11466,42.06096],[-113.8503,42.03391],[-113.40315,41.96383],[-113.33073,41.98305],[-113.27203,42.01909],[-113.2278,42.23384],[-113.29571,42.34626],[-113.48616,42.4138],[-113.67363,42.41996],[-114.03371,42.38789],[-114.33496,42.37142],[-114.8651,42.44217],[-115.09719,42.49681],[-115.3702,42.48003],[-115.53797,42.48842],[-115.73949,42.54461],[-116.00265,42.63508],[-116.3918,42.81041],[-116.61293,42.86734],[-116.72642,42.85504]]],[[[-100.15407,44.80086],[-100.37091,44.77132],[-100.55643,44.7903],[-100.62583,44.82109],[-100.67945,44.89814],[-100.70386,44.94764],[-100.69738,44.99586],[-100.67989,45.01383],[-100.65561,45.02107],[-100.47782,45.04347],[-100.32951,45.04086],[-100.19905,45.02453],[-100.07027,44.97749],[-100.02477,44.92838],[-100.04659,44.86894],[-100.15407,44.80086]]],[[[-103.29051,44.52066],[-103.16876,44.34688],[-103.03438,44.21148],[-102.72385,44.02446],[-102.61821,43.90589],[-102.57159,43.80526],[-102.60264,43.7218],[-102.67148,43.63668],[-102.79687,43.54898],[-102.87474,43.46334],[-102.87979,43.32906],[-102.80774,43.257],[-102.70553,43.18983],[-102.58893,43.14115],[-102.47882,43.11006],[-102.38502,43.14094],[-102.26807,43.23125],[-102.14446,43.27984],[-102.01633,43.27865],[-101.98072,43.20906],[-102.01605,43.05078],[-102.12137,42.91061],[-102.25023,42.81908],[-102.43034,42.74803],[-102.49276,42.73378],[-102.66868,42.64153],[-102.87283,42.50399],[-103.04072,42.41862],[-103.10474,42.39951],[-103.12294,42.37471],[-103.11095,42.31509],[-102.97532,42.17419],[-102.8461,42.17517],[-102.94355,42.09881],[-103.25241,41.96323],[-103.35775,41.89202],[-103.36691,41.82627],[-103.27465,41.79001],[-103.13257,41.81575],[-102.97108,41.88981],[-102.73597,41.95567],[-102.42616,42.00091],[-101.97094,42.02662],[-101.69238,42.02375],[-101.56097,42.00133],[-101.47319,41.93631],[-101.44619,41.80772],[-101.47835,41.59521],[-101.5596,41.48454],[-101.61741,41.46442],[-101.71443,41.47789],[-101.82385,41.54402],[-101.70557,41.61009],[-101.57169,41.61266],[-101.56276,41.6973],[-101.62143,41.78727],[-101.66588,41.8382],[-101.73528,41.83661],[-101.98102,41.85575],[-102.11919,41.80933],[-102.17889,41.75842],[-102.28348,41.70536],[-102.29916,41.59841],[-102.25507,41.4803],[-102.28704,41.39973],[-102.33807,41.33972],[-102.35382,41.25644],[-102.32397,41.15861],[-102.39756,41.10587],[-102.56412,41.10677],[-102.73382,41.14044],[-103.01699,41.1552],[-103.27204,41.13578],[-103.43887,41.08103],[-103.79396,40.89395],[-103.95695,40.86014],[-104.03965,40.81936],[-104.07167,40.75213],[-104.0419,40.62955],[-104.06197,40.52752],[-104.10411,40.45708],[-104.08591,40.45924],[-104.18298,40.26784],[-104.40126,40.02464],[-104.422,39.90143],[-104.43705,39.67139],[-104.47849,39.62229],[-104.66443,39.5493],[-104.85096,39.44058],[-104.91054,39.35061],[-104.88345,39.21768],[-104.66489,39.14921],[-104.3389,39.09931],[-104.04238,39.1074],[-103.78456,39.13156],[-103.59441,39.08525],[-103.41085,38.97206],[-103.33755,38.84342],[-103.30938,38.76392],[-103.21797,38.71491],[-103.07072,38.70843],[-102.95002,38.64448],[-102.27751,38.49022],[-102.2285,38.46139],[-102.19694,38.42388],[-102.24946,38.35491],[-102.37769,38.33808],[-102.71679,38.35012],[-102.92098,38.29572],[-103.08814,38.23174],[-103.18924,38.15427],[-103.26289,38.11638],[-103.42011,38.08648],[-103.55114,38.10718],[-103.62714,38.15304],[-103.66031,38.22747],[-103.67069,38.38977],[-103.61784,38.54082],[-103.62953,38.66681],[-103.70494,38.81411],[-103.90085,38.92616],[-104.08421,38.9061],[-104.26917,38.78148],[-104.49454,38.57826],[-104.59132,38.56273],[-104.68191,38.60437],[-104.80014,38.67259],[-104.93907,38.94254],[-105.05366,38.95197],[-105.23778,38.94368],[-105.32049,38.88231],[-105.27416,38.69715],[-105.22385,38.5272],[-105.08649,38.44347],[-104.94801,38.41765],[-104.87998,38.38733],[-104.6674,38.09955],[-104.507,37.81566],[-104.42943,37.64402],[-104.25344,37.45454],[-104.15419,37.31755],[-104.13589,37.27247],[-104.1218,37.12863],[-104.08771,37.06946],[-103.96873,37.00977],[-103.60931,36.93034],[-103.15747,37.03273],[-103.11517,37.06799],[-103.00507,37.22937],[-102.93887,37.29974],[-102.81656,37.36699],[-102.61269,37.39354],[-102.44865,37.38457],[-102.31554,37.31284],[-102.18339,37.15202],[-102.14588,37.04123],[-102.14291,36.99009],[-102.02193,36.8958],[-101.83646,36.83344],[-101.77258,36.7485],[-101.9334,36.60031],[-102.16442,36.56009],[-102.28944,36.5545],[-102.41349,36.46849],[-102.32844,36.16186],[-102.17619,35.99485],[-101.92364,35.94379],[-101.64433,35.9554],[-101.538,35.99691],[-101.38716,36.07727],[-101.27397,36.00703],[-101.2124,35.93596],[-101.07903,35.90457],[-100.89936,35.99687],[-100.52226,35.99605],[-100.32342,35.94972],[-100.14459,35.98097],[-100.14801,36.05934],[-100.16401,36.10371],[-100.33569,36.15339],[-100.28061,36.18021],[-100.33623,36.24323],[-100.27212,36.29284],[-100.19885,36.31317],[-100.00157,36.33674],[-99.97896,36.76387],[-99.83592,36.87563],[-99.65796,36.91318],[-99.28849,36.91293],[-98.94975,36.87776],[-98.51516,36.78481],[-98.16582,36.6894],[-98.00674,36.6079],[-97.95321,36.5419],[-97.90862,36.35938],[-97.7361,35.94498],[-97.74454,35.77855],[-97.805,35.62834],[-97.9578,35.43562],[-98.18177,35.22524],[-98.42648,35.08069],[-98.50652,34.97136],[-98.55423,34.80415],[-98.661,34.54436],[-98.82993,34.34999],[-98.98017,34.24734],[-99.19335,34.20525],[-99.34908,34.11824],[-99.62143,33.9957],[-100.06077,33.83748],[-100.18694,33.78677],[-100.36623,33.69656],[-100.58739,33.66337],[-100.79513,33.68265],[-100.89381,33.74478],[-100.88468,33.8762],[-100.92405,34.01901],[-100.99203,34.09523],[-101.1088,34.18273],[-101.12911,34.26061],[-101.13562,34.37831],[-101.11367,34.56253],[-101.26494,34.67479],[-101.47791,34.73203],[-101.67592,34.80261],[-101.93704,34.84394],[-102.2109,34.8317],[-102.73016,34.85915],[-102.81849,34.93937],[-102.87115,34.94198],[-102.94614,35.11226],[-103.00254,35.48894],[-103.05596,35.51696],[-103.26759,35.45588],[-103.31371,35.43408],[-103.42961,35.32975],[-103.58902,35.20563],[-103.80665,35.06856],[-103.90168,34.99987],[-104.00161,35.01303],[-104.099,35.07943],[-104.19191,35.17931],[-104.47736,35.45146],[-104.66748,35.52404],[-104.86881,35.5618],[-105.01118,35.47808],[-105.16638,35.31109],[-105.21265,35.29107],[-105.3831,35.26766],[-105.44988,35.24605],[-105.5116,35.18015],[-105.53022,35.10065],[-105.50838,35.02973],[-105.3457,34.80729],[-105.27982,34.72973],[-105.25239,34.63579],[-105.15543,34.44992],[-105.04934,34.16409],[-104.99869,33.95145],[-104.98185,33.79044],[-105.0807,33.6598],[-105.21857,33.63438],[-105.38667,33.71474],[-105.4874,33.86179],[-105.65778,34.20433],[-105.75845,34.29286],[-105.81812,34.30198],[-106.03001,34.3638],[-106.2036,34.44195],[-106.38829,34.53887],[-106.5941,34.60695],[-106.81993,34.6395],[-107.11366,34.61997],[-107.16684,34.62673],[-107.20528,34.65687],[-107.2309,34.69374],[-107.22932,34.73302],[-107.25184,34.84844],[-107.38819,35.03751],[-107.51384,35.2442],[-107.60193,35.42626],[-107.64898,35.56171],[-107.63246,35.64149],[-107.56299,35.69254],[-107.45818,35.74112],[-107.40307,35.79635],[-107.32867,35.91471],[-107.30864,36.02262],[-107.30858,36.12317],[-107.35939,36.18572],[-107.44647,36.20592],[-107.62912,36.20625],[-107.86769,36.15642],[-108.11122,36.09444],[-108.29486,36.00974],[-108.42289,35.93017],[-108.54205,35.84013],[-108.61785,35.8326],[-108.72388,35.92832],[-108.85475,36.17817],[-108.89222,36.28055],[-108.81859,36.43324],[-108.84934,36.56341],[-108.95515,36.63874],[-109.04087,36.7429],[-109.06408,36.82714],[-109.12294,36.96423],[-109.15191,37.12794],[-109.14039,37.30275],[-109.15493,37.39289],[-109.05637,37.62383],[-108.81047,37.54701],[-108.58942,37.42243],[-108.52139,37.31677],[-108.48996,37.18179],[-108.4043,37.12732],[-108.21417,37.10677],[-108.01568,37.0319],[-107.77549,37.00569],[-107.52872,36.99393],[-107.31418,37.01432],[-107.06945,36.96318],[-106.72258,36.94645],[-106.50517,36.99259],[-106.50728,37.10249],[-106.5473,37.1968],[-106.6589,37.31848],[-106.89463,37.43094],[-107.10517,37.49737],[-107.38955,37.50661],[-107.63836,37.67761],[-107.77457,37.97216],[-107.75135,37.98706],[-107.76485,38.08995],[-107.88247,38.27307],[-107.79302,38.36673],[-107.62992,38.29462],[-107.43105,38.25886],[-107.29031,38.2434],[-107.18922,38.24556],[-107.09132,38.26874],[-107.01686,38.32537],[-106.99936,38.40258],[-107.04586,38.44396],[-107.24291,38.58295],[-107.42684,38.75144],[-107.61629,38.89067],[-107.82481,38.97077],[-108.00144,38.968],[-108.12559,38.88366],[-108.2238,38.8523],[-108.40691,38.69128],[-108.48405,38.68563],[-108.6927,38.7126],[-108.82661,38.71096],[-108.92298,38.73789],[-109.09065,38.86146],[-109.13503,38.95168],[-109.22253,39.04911],[-109.34835,39.06895],[-109.46214,39.05659],[-109.54948,39.0103],[-109.70579,39.00638],[-109.8475,39.01727],[-109.90281,39.07785],[-109.88748,39.1798],[-109.81814,39.27442],[-109.73019,39.36436],[-109.68876,39.46914],[-109.67056,39.55798],[-109.63109,39.6598],[-109.53612,39.75806],[-109.45388,39.80868],[-109.34423,39.82995],[-109.27429,39.81],[-109.19913,39.77265],[-109.08037,39.56476],[-108.94396,39.539],[-108.81145,39.63278],[-108.75539,39.76422],[-108.75562,39.87141],[-108.73049,39.99549],[-108.66427,40.10228],[-108.53324,40.16549],[-108.39219,40.17236],[-108.27304,40.14121],[-108.12842,40.12671],[-107.99842,40.17685],[-107.84241,40.28059],[-107.51281,40.3816],[-107.06416,40.42917],[-106.98384,40.46959],[-106.96168,40.45818],[-106.68119,40.49617],[-106.47995,40.44445],[-106.42707,40.44062],[-106.34424,40.41294],[-106.10667,40.38918],[-106.0244,40.4015],[-105.79712,40.31308],[-105.61248,40.15012],[-105.4443,40.14959],[-105.24716,40.30331],[-105.23848,40.488],[-105.39874,40.60479],[-105.55523,40.75291],[-105.7518,41.00019],[-105.79161,41.12219],[-105.97094,41.29657],[-106.07099,41.56756],[-106.38213,41.59876],[-106.47306,41.71097],[-106.19377,41.96066],[-106.22977,42.09817],[-106.37389,42.12665],[-106.52776,42.13052],[-106.80353,42.18327],[-107.12279,42.22525],[-107.4475,42.27855],[-107.81293,42.47646],[-108.21845,42.4686],[-108.34519,42.58349],[-108.46719,42.65466],[-108.65981,42.73635],[-108.73673,42.80196],[-108.7284,42.96902],[-108.65885,43.12372],[-108.6833,43.20652],[-108.66959,43.27732],[-108.71081,43.38764],[-108.84851,43.48467],[-108.904,43.5639],[-108.9437,43.68624],[-108.92985,43.73233],[-108.95944,43.77075],[-108.96712,43.87898],[-109.00705,43.97157],[-109.07753,44.10322],[-109.06012,44.20115],[-108.98287,44.32554],[-108.87556,44.41492],[-108.73176,44.4991],[-108.6377,44.52123],[-108.43091,44.4836],[-107.99519,44.49932],[-107.78877,44.44021],[-107.6497,44.36412],[-107.47856,44.22026],[-107.25241,44.09244],[-107.06158,44.09426],[-106.93926,44.16806],[-106.7617,44.35706],[-106.59036,44.41371],[-106.44301,44.41109],[-106.34486,44.38069],[-106.24541,44.32904],[-106.13468,44.31406],[-106.01741,44.34223],[-105.98731,44.35569],[-105.86757,44.47965],[-105.79964,44.60465],[-105.69613,44.72969],[-105.4595,44.83049],[-104.77677,44.92523],[-104.47792,44.90326],[-104.2231,44.85855],[-104.1162,44.82267],[-103.92954,44.79411],[-103.64697,44.73096],[-103.44357,44.66068],[-103.39263,44.62487],[-103.29051,44.52066]]],[[[-103.44419,42.4095],[-103.18244,42.41893],[-103.13656,42.46215],[-103.10964,42.50899],[-103.14356,42.53923],[-103.24584,42.56611],[-103.39661,42.57682],[-103.52083,42.57049],[-103.56523,42.51353],[-103.55864,42.44554],[-103.51132,42.40699],[-103.44419,42.4095]]],[[[-105.08496,42.10511],[-105.1861,42.06229],[-105.29276,42.06178],[-105.4936,42.07567],[-105.55201,42.01341],[-105.45649,41.82169],[-105.58821,41.68612],[-105.47996,41.31308],[-105.37503,41.26516],[-105.13995,41.21329],[-104.88144,41.28338],[-104.37635,41.38473],[-104.20884,41.52609],[-104.1336,41.63767],[-104.10213,41.78205],[-104.11375,41.88219],[-104.1874,41.96061],[-104.42901,42.06351],[-104.6922,42.14641],[-104.84019,42.16487],[-104.98553,42.16197],[-105.08496,42.10511]]],[[[-103.39977,42.01902],[-103.28199,42.01493],[-103.14186,42.06428],[-103.15192,42.13312],[-103.42348,42.0904],[-103.48199,42.07467],[-103.41152,42.01942],[-103.39977,42.01902]]],[[[-103.06767,41.61893],[-103.11915,41.52604],[-103.25944,41.48854],[-103.36475,41.50031],[-103.46589,41.54781],[-103.56336,41.55988],[-103.62919,41.50526],[-103.66296,41.43096],[-103.6571,41.31717],[-103.74407,41.16372],[-103.75472,41.11565],[-103.69422,41.07431],[-103.58525,41.07517],[-103.50749,41.10226],[-103.41184,41.14855],[-103.08798,41.25571],[-102.92035,41.24727],[-102.777,41.26227],[-102.76759,41.2651],[-102.76348,41.41183],[-102.61191,41.43752],[-102.3981,41.40119],[-102.41655,41.53021],[-102.44704,41.66691],[-102.437,41.75498],[-102.39078,41.80498],[-102.44938,41.90513],[-102.51499,41.89062],[-102.73862,41.88464],[-102.84819,41.86593],[-102.92709,41.81445],[-103.00048,41.70177],[-103.06767,41.61893]]],[[[-104.47289,41.19699],[-104.56602,41.20846],[-104.71498,41.1709],[-104.77576,41.09883],[-104.76289,41.03736],[-104.70224,41.0223],[-104.59869,41.03576],[-104.44861,41.07368],[-104.42633,41.12011],[-104.47289,41.19699]]],[[[-106.40568,40.30106],[-106.72187,40.38147],[-106.82125,40.38485],[-106.96912,40.36909],[-107.10293,40.33952],[-107.20703,40.29759],[-107.5524,40.23361],[-107.70576,40.13315],[-107.80243,40.02592],[-107.82521,39.85422],[-107.81024,39.59687],[-107.7222,39.37305],[-107.40882,39.10976],[-107.23177,39.01555],[-106.93395,38.92859],[-106.51758,38.82388],[-106.46742,38.78045],[-106.4877,38.63387],[-106.51497,38.5369],[-106.77361,38.33722],[-106.95613,38.14811],[-107.27557,38.10377],[-107.36803,38.06139],[-107.36316,37.94507],[-107.20337,37.80684],[-106.91331,37.79104],[-106.76054,37.8223],[-106.31647,38.07555],[-106.18476,38.3027],[-106.05113,38.65222],[-105.98339,39.02322],[-105.95637,39.06511],[-105.94529,39.47462],[-105.91705,39.7287],[-105.95595,40.03521],[-106.09108,40.22104],[-106.14115,40.24546],[-106.40568,40.30106]]],[[[-105.00401,39.51637],[-104.95736,39.51568],[-104.70359,39.57106],[-104.50299,39.64501],[-104.5322,39.7345],[-104.55048,39.74455],[-104.51495,39.8492],[-104.53445,39.87036],[-104.63086,39.87372],[-104.85329,39.77025],[-105.00521,39.67842],[-105.03778,39.64088],[-105.05137,39.5878],[-105.04568,39.53786],[-105.00401,39.51637]]],[[[-105.26002,37.93646],[-105.96191,37.70985],[-106.01289,37.63011],[-105.9892,37.53703],[-105.91979,37.46635],[-105.81789,37.42651],[-105.71834,37.40539],[-105.5643,37.43555],[-105.46045,37.48091],[-105.39924,37.45779],[-105.2507,37.33849],[-105.24484,37.1724],[-105.19964,37.10614],[-104.97652,37.08084],[-104.89846,37.10785],[-104.86847,37.23701],[-104.86883,37.27897],[-104.85554,37.31532],[-104.69233,37.40795],[-104.60823,37.4897],[-104.55106,37.5821],[-104.59099,37.64744],[-104.69529,37.73596],[-104.89427,37.88066],[-105.08921,37.95973],[-105.22778,37.94933],[-105.26002,37.93646]]],[[[-105.57837,37.34918],[-105.74761,37.34633],[-105.81347,37.18968],[-105.80844,37.04775],[-105.73854,36.96755],[-105.59626,36.98746],[-105.46913,37.03457],[-105.37116,37.1269],[-105.3492,37.25172],[-105.41896,37.33213],[-105.57837,37.34918]]],[[[-105.31838,36.45132],[-105.30099,36.38319],[-105.16894,36.33082],[-105.00985,36.29558],[-104.85973,36.25183],[-104.66724,36.26461],[-104.53402,36.28868],[-104.45929,36.31658],[-104.2095,36.33996],[-104.14647,36.39003],[-104.15614,36.48953],[-104.21935,36.53954],[-104.54968,36.44172],[-104.852,36.45266],[-105.06295,36.51539],[-105.24012,36.53391],[-105.31838,36.45132]]],[[[-103.8116,36.44081],[-103.85202,36.35377],[-103.79673,36.28003],[-103.60334,36.17568],[-103.45935,36.11543],[-103.33677,36.08631],[-103.19491,36.0691],[-103.04164,36.10204],[-102.96797,36.15557],[-102.96756,36.30994],[-102.88189,36.44578],[-102.85661,36.5216],[-102.90648,36.55636],[-103.10331,36.53568],[-103.26691,36.54054],[-103.55495,36.50166],[-103.8116,36.44081]]],[[[-102.53098,35.74228],[-102.43817,35.7467],[-102.38171,35.82391],[-102.43546,35.92081],[-102.54772,35.96518],[-102.6389,35.93591],[-102.65945,35.79819],[-102.53098,35.74228]]],[[[-99.92532,35.85673],[-99.91236,35.77154],[-99.86769,35.72327],[-99.77092,35.7371],[-99.70847,35.78044],[-99.64657,35.84083],[-99.65595,35.90142],[-99.69807,35.94602],[-99.77757,35.97069],[-99.87979,35.90731],[-99.92532,35.85673]]],[[[-100.1175,35.73324],[-100.31445,35.7538],[-100.44251,35.69765],[-100.66045,35.40904],[-100.73708,35.25593],[-100.89628,35.10359],[-100.94522,35.02691],[-100.85644,34.25726],[-100.56212,33.95386],[-100.51683,33.9379],[-100.41187,33.94716],[-100.26503,33.99636],[-100.11236,34.0843],[-99.93928,34.21732],[-99.9105,34.31948],[-99.96091,34.39269],[-100.08739,34.44589],[-100.23351,34.52522],[-100.26213,34.59297],[-100.22657,34.70133],[-100.1342,34.77253],[-100.08003,34.80318],[-99.98597,34.81826],[-99.87574,34.76203],[-99.79127,34.73711],[-99.55677,34.70922],[-99.42425,34.71057],[-99.3637,34.68225],[-99.34877,34.66486],[-99.30093,34.66588],[-99.26266,34.74099],[-99.31531,34.79768],[-99.39885,34.86192],[-99.43494,34.91664],[-99.46566,34.92948],[-99.51917,34.98113],[-99.64297,35.12525],[-99.64959,35.18733],[-99.66801,35.21758],[-99.69729,35.30926],[-99.72466,35.35576],[-99.83253,35.46962],[-99.94973,35.54984],[-99.98781,35.67559],[-100.1175,35.73324]]],[[[-99.19495,34.91941],[-99.13489,34.87962],[-99.00386,34.88897],[-98.90164,34.95292],[-98.85705,35.06417],[-98.88231,35.15226],[-98.9967,35.26768],[-99.05107,35.34315],[-99.12636,35.38849],[-99.32429,35.37717],[-99.42213,35.42808],[-99.53848,35.40051],[-99.54932,35.31739],[-99.47143,35.21916],[-99.27721,35.13601],[-99.22401,35.09016],[-99.19814,34.99623],[-99.19495,34.91941]]],[[[-101.21131,35.27781],[-101.17231,35.34102],[-101.152,35.43441],[-101.12914,35.48327],[-101.09118,35.4915],[-101.0339,35.45924],[-100.99091,35.37499],[-100.96353,35.34164],[-100.91601,35.32957],[-100.83982,35.33904],[-100.76251,35.41024],[-100.75483,35.50998],[-100.76243,35.5749],[-100.78643,35.62555],[-100.82309,35.67234],[-100.92488,35.65516],[-101.23167,35.55842],[-101.5062,35.43467],[-101.54582,35.38505],[-101.54392,35.35424],[-101.45143,35.23434],[-101.36124,35.22068],[-101.28176,35.24429],[-101.21131,35.27781]]],[[[-101.93129,35.62013],[-102.05407,35.57781],[-102.17757,35.5723],[-102.27195,35.59287],[-102.35183,35.62646],[-102.45447,35.54706],[-102.33842,35.44064],[-102.25785,35.39464],[-102.13207,35.36306],[-102.0089,35.36852],[-101.87277,35.41169],[-101.78754,35.52713],[-101.79237,35.60148],[-101.93129,35.62013]]],[[[-99.10633,36.51086],[-99.17678,36.51051],[-99.22995,36.49598],[-99.29257,36.42567],[-99.31471,36.37923],[-99.35915,36.34211],[-99.4509,36.29326],[-99.52174,36.24354],[-99.57885,36.15411],[-99.54325,36.10429],[-99.41856,36.07113],[-99.25774,36.0924],[-99.20708,36.10304],[-99.05207,36.18212],[-99.01341,36.3207],[-99.02334,36.38289],[-99.05348,36.46733],[-99.10633,36.51086]]],[[[-103.39695,38.16676],[-103.37702,38.16664],[-103.27367,38.21659],[-103.18022,38.29929],[-103.15155,38.38416],[-103.14962,38.44541],[-103.16158,38.50039],[-103.24348,38.52952],[-103.33066,38.53608],[-103.44159,38.4857],[-103.49763,38.38814],[-103.52287,38.26999],[-103.52297,38.19213],[-103.47043,38.16718],[-103.39695,38.16676]]],[[[-100.95081,45.15432],[-101.069,45.1157],[-101.199,45.11811],[-101.4,45.20976],[-101.87973,45.33036],[-102.14908,45.4403],[-102.29661,45.57225],[-102.32474,45.6871],[-102.29554,45.74958],[-102.18923,45.78666],[-101.88724,45.80043],[-101.46502,45.79361],[-101.04637,45.7416],[-100.91143,45.67791],[-100.8255,45.43996],[-100.82263,45.33951],[-100.85672,45.2358],[-100.95081,45.15432]]],[[[-104.13154,45.88056],[-104.48675,45.77296],[-104.64723,45.81818],[-104.75834,45.91275],[-104.77125,46.02083],[-104.71317,46.18751],[-104.61348,46.30993],[-104.56503,46.35159],[-104.3458,46.48833],[-104.11701,46.85107],[-104.05726,47.12697],[-103.95916,47.26464],[-103.80655,47.29773],[-103.5519,47.16034],[-103.53588,47.11436],[-103.57308,46.9142],[-103.58476,46.65611],[-103.6882,46.3494],[-103.82559,46.10134],[-104.0791,45.89634],[-104.13154,45.88056]]],[[[-117.8977,45.39617],[-117.80677,45.24576],[-117.84502,45.05874],[-117.86584,45.01742],[-117.87162,44.93052],[-117.98298,44.59783],[-118.19125,44.24932],[-118.37967,43.99071],[-118.80397,43.63173],[-118.97392,43.58271],[-119.29814,43.63416],[-119.57174,43.7542],[-119.76456,43.90831],[-119.88985,44.02727],[-120.06431,44.0971],[-120.24121,44.09231],[-120.3488,44.05729],[-121.5755,43.53037],[-121.90587,43.37542],[-121.9166,43.2923],[-121.94923,43.15343],[-121.95938,43.00082],[-122.02542,42.84188],[-122.16782,42.79055],[-122.74046,42.88662],[-123.01534,43.01356],[-123.17333,43.20216],[-123.19668,43.35222],[-123.19239,43.57083],[-123.03963,43.72286],[-122.88735,43.79954],[-122.56356,43.85464],[-122.38382,43.95121],[-122.23243,44.12308],[-122.17008,44.25707],[-122.07532,44.43114],[-121.9666,44.51982],[-121.85382,44.54827],[-121.73035,44.59893],[-121.62328,44.69368],[-121.45121,44.79377],[-121.19703,44.82776],[-120.5624,44.86305],[-120.15535,44.86853],[-119.92039,44.90326],[-119.83347,44.93188],[-119.23257,45.22202],[-119.01864,45.35508],[-118.89988,45.49334],[-118.83751,45.61442],[-118.72323,45.70757],[-118.56657,45.80043],[-118.41979,45.862],[-118.26133,45.85916],[-118.13841,45.80617],[-118.07105,45.69985],[-118.03992,45.51416],[-117.8977,45.39617]]],[[[-119.13348,44.54158],[-119.1978,44.39631],[-119.19111,44.23632],[-119.16347,44.1538],[-119.04301,44.07373],[-118.9214,44.07427],[-118.51043,44.2504],[-118.40634,44.33461],[-118.27651,44.45643],[-118.07743,44.71659],[-118.03737,44.85708],[-118.08888,44.92923],[-118.32825,44.93741],[-118.49221,44.9173],[-118.97516,44.68926],[-119.13348,44.54158]]],[[[-119.4894,48.29703],[-119.76421,48.24159],[-119.83723,48.49801],[-119.77394,48.59621],[-119.62841,48.71826],[-119.46301,48.76865],[-119.36143,48.78384],[-119.28046,48.58558],[-119.37942,48.40224],[-119.4894,48.29703]]]]},"properties":{"OBJECTID":1611,"DM":3,"DMArea":278230.545306361,"ReleaseDate":1786606200000,"ReleaseYear":2026,"ReleaseWeek":32,"MapDate":1786433400000,"GlobalID":"dcdbb1ec-e34d-4ff5-8998-8a0e796567e3","created_user":"cpoulsen2","created_date":1588318200000,"last_edited_user":"cpoulsen2","last_edited_date":1786606200000,"Shape__Area":1233422296714.8867,"Shape__Length":32326855.53012505,"CumulativePerct":7.73,"CatagoricalPerct":8.6,"ValidStart":1786433400000,"ValidEnd":1786968000000}},{"type":"Feature","id":1612,"geometry":{"type":"MultiPolygon","coordinates":[[[[-90.97574,33.93274],[-90.89555,33.90077],[-90.8348,33.8376],[-90.82444,33.79801],[-90.84066,33.74893],[-90.87486,33.70722],[-90.88103,33.67903],[-90.86602,33.57873],[-91.02806,33.51395],[-91.16479,33.43274],[-91.36647,33.42749],[-91.48106,33.40593],[-91.68548,33.4413],[-91.58673,33.57464],[-91.45311,33.63508],[-91.16922,33.79576],[-91.07961,33.93365],[-91.01506,33.92733],[-90.97574,33.93274]]],[[[-78.53871,33.85544],[-78.54424,33.85551],[-78.54027,33.86047],[-78.52808,33.86167],[-78.53871,33.85544]]],[[[-78.50751,33.86732],[-78.53923,33.86967],[-78.50067,33.87769],[-78.49859,33.87084],[-78.50751,33.86732]]],[[[-78.48463,33.87748],[-78.49121,33.88075],[-78.47122,33.88458],[-78.48463,33.87748]]],[[[-78.46816,33.87135],[-78.47472,33.87508],[-78.4556,33.89074],[-78.3879,33.89982],[-78.46816,33.87135]]],[[[-78.38326,33.98424],[-78.33967,33.94012],[-78.32203,33.91046],[-78.37451,33.90554],[-78.36049,33.91399],[-78.35855,33.9276],[-78.34571,33.93287],[-78.35897,33.93351],[-78.36579,33.9518],[-78.37367,33.91917],[-78.39195,33.91806],[-78.38771,33.90937],[-78.54722,33.87328],[-78.5574,33.85893],[-78.57291,33.87608],[-78.54694,33.88874],[-78.56905,33.88993],[-78.59463,33.87154],[-78.62193,33.86528],[-78.58246,33.87128],[-78.5741,33.85564],[-78.55431,33.85158],[-78.67146,33.81853],[-78.7556,33.7785],[-78.7424,33.83914],[-78.67208,33.94651],[-78.64307,34.01845],[-78.59689,34.04814],[-78.47572,34.051],[-78.43271,34.02926],[-78.38326,33.98424]]],[[[-99.36299,35.39732],[-99.32429,35.37717],[-99.12636,35.38849],[-99.05107,35.34315],[-98.9967,35.26768],[-98.88231,35.15226],[-98.85705,35.06417],[-98.90164,34.95292],[-99.00386,34.88897],[-99.13489,34.87962],[-99.19495,34.91941],[-99.19814,34.99623],[-99.22401,35.09016],[-99.27721,35.13601],[-99.47143,35.21916],[-99.54932,35.31739],[-99.53848,35.40051],[-99.42213,35.42808],[-99.36299,35.39732]]],[[[-100.75483,35.50998],[-100.76251,35.41024],[-100.83982,35.33904],[-100.91601,35.32957],[-100.96353,35.34164],[-100.99091,35.37499],[-101.0339,35.45924],[-101.09118,35.4915],[-101.12914,35.48327],[-101.152,35.43441],[-101.17231,35.34102],[-101.21131,35.27781],[-101.28176,35.24429],[-101.36124,35.22068],[-101.45143,35.23434],[-101.54392,35.35424],[-101.54582,35.38505],[-101.5062,35.43467],[-101.42331,35.47566],[-101.23167,35.55842],[-100.92488,35.65516],[-100.82309,35.67234],[-100.78643,35.62555],[-100.76243,35.5749],[-100.75483,35.50998]]],[[[-99.77092,35.7371],[-99.86769,35.72327],[-99.91236,35.77154],[-99.92532,35.85673],[-99.87979,35.90731],[-99.77757,35.97069],[-99.69807,35.94602],[-99.65595,35.90142],[-99.64657,35.84083],[-99.70847,35.78044],[-99.77092,35.7371]]],[[[-102.38171,35.82391],[-102.43817,35.7467],[-102.53098,35.74228],[-102.65945,35.79819],[-102.6389,35.93591],[-102.54772,35.96518],[-102.43546,35.92081],[-102.38171,35.82391]]],[[[-99.38065,36.07617],[-99.41856,36.07113],[-99.54325,36.10429],[-99.57885,36.15411],[-99.55318,36.19722],[-99.52174,36.24354],[-99.4509,36.29326],[-99.35915,36.34211],[-99.31471,36.37923],[-99.29257,36.42567],[-99.22995,36.49598],[-99.17678,36.51051],[-99.10633,36.51086],[-99.05348,36.46733],[-99.02334,36.38289],[-99.01341,36.3207],[-99.05207,36.18212],[-99.20708,36.10304],[-99.38065,36.07617]]],[[[-103.23107,36.53812],[-103.10331,36.53568],[-102.90648,36.55636],[-102.85661,36.5216],[-102.88189,36.44578],[-102.96756,36.30994],[-102.96797,36.15557],[-103.04164,36.10204],[-103.19491,36.0691],[-103.33677,36.08631],[-103.45935,36.11543],[-103.60334,36.17568],[-103.79673,36.28003],[-103.85202,36.35377],[-103.8116,36.44081],[-103.55495,36.50166],[-103.40163,36.52554],[-103.26691,36.54054],[-103.23107,36.53812]]],[[[-104.852,36.45266],[-104.54968,36.44172],[-104.21935,36.53954],[-104.15614,36.48953],[-104.14647,36.39003],[-104.2095,36.33996],[-104.45929,36.31658],[-104.53402,36.28868],[-104.66724,36.26461],[-104.85973,36.25183],[-105.00985,36.29558],[-105.16894,36.33082],[-105.30099,36.38319],[-105.31838,36.45132],[-105.24012,36.53391],[-105.06295,36.51539],[-104.852,36.45266]]],[[[-104.56239,37.56381],[-104.60823,37.4897],[-104.69233,37.40795],[-104.85554,37.31532],[-104.86883,37.27897],[-104.86847,37.23701],[-104.89846,37.10785],[-104.97652,37.08084],[-105.19964,37.10614],[-105.24484,37.1724],[-105.2507,37.33849],[-105.39924,37.45779],[-105.46045,37.48091],[-105.5643,37.43555],[-105.71834,37.40539],[-105.81789,37.42651],[-105.91979,37.46635],[-105.9892,37.53703],[-106.01289,37.63011],[-105.96191,37.70985],[-105.37576,37.90408],[-105.31574,37.9142],[-105.22778,37.94933],[-105.08921,37.95973],[-104.89427,37.88066],[-104.69529,37.73596],[-104.59099,37.64744],[-104.55106,37.5821],[-104.56239,37.56381]]],[[[-103.27367,38.21659],[-103.37702,38.16664],[-103.47043,38.16718],[-103.52297,38.19213],[-103.52287,38.26999],[-103.49763,38.38814],[-103.44159,38.4857],[-103.33066,38.53608],[-103.24348,38.52952],[-103.16158,38.50039],[-103.14962,38.44541],[-103.15155,38.38416],[-103.18022,38.29929],[-103.27367,38.21659]]],[[[-104.88092,39.53368],[-104.95736,39.51568],[-105.00401,39.51637],[-105.04568,39.53786],[-105.05137,39.5878],[-105.03778,39.64088],[-105.00521,39.67842],[-104.85329,39.77025],[-104.63086,39.87372],[-104.53445,39.87036],[-104.51495,39.8492],[-104.55048,39.74455],[-104.5322,39.7345],[-104.50299,39.64501],[-104.70359,39.57106],[-104.88092,39.53368]]],[[[-106.76054,37.8223],[-106.91331,37.79104],[-107.20337,37.80684],[-107.36316,37.94507],[-107.36803,38.06139],[-107.27557,38.10377],[-106.95613,38.14811],[-106.77361,38.33722],[-106.51497,38.5369],[-106.4877,38.63387],[-106.46742,38.78045],[-106.51758,38.82388],[-106.93395,38.92859],[-107.23177,39.01555],[-107.40882,39.10976],[-107.7222,39.37305],[-107.81024,39.59687],[-107.82521,39.85422],[-107.80243,40.02592],[-107.70576,40.13315],[-107.5524,40.23361],[-107.20703,40.29759],[-107.10293,40.33952],[-106.96912,40.36909],[-106.82125,40.38485],[-106.72187,40.38147],[-106.40568,40.30106],[-106.14115,40.24546],[-106.09108,40.22104],[-105.95595,40.03521],[-105.91705,39.7287],[-105.94529,39.47462],[-105.95637,39.06511],[-105.98339,39.02322],[-106.05113,38.65222],[-106.18476,38.3027],[-106.31647,38.07555],[-106.76054,37.8223]]],[[[-102.44938,41.90513],[-102.39078,41.80498],[-102.437,41.75498],[-102.44704,41.66691],[-102.41655,41.53021],[-102.3981,41.40119],[-102.61191,41.43752],[-102.76348,41.41183],[-102.76759,41.2651],[-102.777,41.26227],[-102.92035,41.24727],[-103.08798,41.25571],[-103.41184,41.14855],[-103.50749,41.10226],[-103.58525,41.07517],[-103.69422,41.07431],[-103.75472,41.11565],[-103.74407,41.16372],[-103.6571,41.31717],[-103.66296,41.43096],[-103.62919,41.50526],[-103.56336,41.55988],[-103.46589,41.54781],[-103.36475,41.50031],[-103.25944,41.48854],[-103.11915,41.52604],[-103.05088,41.64476],[-103.00048,41.70177],[-102.92709,41.81445],[-102.84819,41.86593],[-102.73862,41.88464],[-102.51499,41.89062],[-102.44938,41.90513]]],[[[-103.14186,42.06428],[-103.28199,42.01493],[-103.41152,42.01942],[-103.48199,42.07467],[-103.42348,42.0904],[-103.15192,42.13312],[-103.14186,42.06428]]],[[[-103.16233,42.43789],[-103.18244,42.41893],[-103.51132,42.40699],[-103.55864,42.44554],[-103.56523,42.51353],[-103.52083,42.57049],[-103.39661,42.57682],[-103.24584,42.56611],[-103.14356,42.53923],[-103.10964,42.50899],[-103.13656,42.46215],[-103.16233,42.43789]]],[[[-113.48616,42.4138],[-113.29571,42.34626],[-113.2278,42.23384],[-113.27203,42.01909],[-113.33073,41.98305],[-113.40315,41.96383],[-113.8503,42.03391],[-114.11466,42.06096],[-114.29541,42.04433],[-114.70325,41.98568],[-114.98238,42.07397],[-115.32485,42.11567],[-115.67785,42.06095],[-115.92974,42.00997],[-116.68268,42.00322],[-116.96778,42.18501],[-116.98396,42.33512],[-116.9886,42.47988],[-116.96271,42.65514],[-116.88525,42.77694],[-116.79152,42.84794],[-116.61293,42.86734],[-116.3918,42.81041],[-116.00265,42.63508],[-115.73949,42.54461],[-115.53797,42.48842],[-115.3702,42.48003],[-115.09719,42.49681],[-114.8651,42.44217],[-114.33496,42.37142],[-114.03371,42.38789],[-113.67363,42.41996],[-113.48616,42.4138]]],[[[-118.51043,44.2504],[-118.9214,44.07427],[-119.04301,44.07373],[-119.16347,44.1538],[-119.19111,44.23632],[-119.1978,44.39631],[-119.13348,44.54158],[-118.97516,44.68926],[-118.49221,44.9173],[-118.32825,44.93741],[-118.08888,44.92923],[-118.03737,44.85708],[-118.07743,44.71659],[-118.27651,44.45643],[-118.40634,44.33461],[-118.51043,44.2504]]]]},"properties":{"OBJECTID":1612,"DM":4,"DMArea":31299.203381366093,"ReleaseDate":1786606200000,"ReleaseYear":2026,"ReleaseWeek":32,"MapDate":1786433400000,"GlobalID":"8b7bd31d-c294-41e3-afb3-253beaf8063c","created_user":"cpoulsen2","created_date":1588318200000,"last_edited_user":"cpoulsen2","last_edited_date":1786606200000,"Shape__Area":137649465368.50195,"Shape__Length":5993127.041956915,"CumulativePerct":0.87,"CatagoricalPerct":0.87,"ValidStart":1786433400000,"ValidEnd":1786968000000}}]}
