{"type":"FeatureCollection","source":"https://hydro.nationalmap.gov/arcgis/rest/services/wbd/MapServer/3","filter":"states LIKE '%UT%' AND huc6 NOT LIKE '17%'","unit_count":14,"features":[{"type":"Feature","properties":{"huc6":"140100","name":"Colorado Headwaters","states":"CO,UT"},"geometry":{"type":"Polygon","coordinates":[[[-105.84051,40.4833],[-105.8921,40.47609],[-105.89915,40.46558],[-105.90335,40.40051],[-105.92064,40.40159],[-105.92519,40.39257],[-105.94645,40.38496],[-105.93846,40.36607],[-105.95427,40.36037],[-105.95966,40.34815],[-105.98583,40.36424],[-106.01126,40.36217],[-106.01935,40.37329],[-106.08587,40.34731],[-106.10069,40.35416],[-106.1363,40.33018],[-106.1712,40.34387],[-106.18914,40.32652],[-106.23052,40.32322],[-106.26584,40.36104],[-106.27856,40.35371],[-106.29108,40.3582],[-106.29859,40.34986],[-106.29579,40.33324],[-106.306,40.32845],[-106.33707,40.33962],[-106.35585,40.35897],[-106.3896,40.34547],[-106.4219,40.35275],[-106.44334,40.34645],[-106.48109,40.38968],[-106.47759,40.4047],[-106.48966,40.41156],[-106.51223,40.38692],[-106.52616,40.38489],[-106.53468,40.36512],[-106.5612,40.37856],[-106.61002,40.37825],[-106.62879,40.41851],[-106.62242,40.43048],[-106.64527,40.43182],[-106.65116,40.42139],[-106.6447,40.41153],[-106.65618,40.40876],[-106.64099,40.40232],[-106.63378,40.38463],[-106.65451,40.3682],[-106.6445,40.35004],[-106.68769,40.31565],[-106.6763,40.29818],[-106.66331,40.30097],[-106.65228,40.28984],[-106.6158,40.2773],[-106.60987,40.25558],[-106.58963,40.24281],[-106.60964,40.22424],[-106.65464,40.22804],[-106.63936,40.20951],[-106.61765,40.20065],[-106.64008,40.1893],[-106.62593,40.17184],[-106.65835,40.15987],[-106.6693,40.16589],[-106.68059,40.15601],[-106.66546,40.14675],[-106.66215,40.13075],[-106.68419,40.11843],[-106.6868,40.1079],[-106.70897,40.10193],[-106.71725,40.11877],[-106.74121,40.11943],[-106.74761,40.12973],[-106.78575,40.13781],[-106.8007,40.12311],[-106.79814,40.09602],[-106.81812,40.0809],[-106.82333,40.06301],[-106.84698,40.05888],[-106.94425,40.07854],[-106.96734,40.06908],[-106.98603,40.07114],[-107.01298,40.04705],[-107.02063,40.03009],[-107.04388,40.02303],[-107.0569,39.99547],[-107.06508,40.00907],[-107.08341,40.01495],[-107.12877,40.00246],[-107.13722,39.97488],[-107.17112,39.97009],[-107.1721,39.95041],[-107.18492,39.92802],[-107.17455,39.91951],[-107.18087,39.90885],[-107.20956,39.89911],[-107.23452,39.90455],[-107.25871,39.88627],[-107.25673,39.87441],[-107.28691,39.87187],[-107.27568,39.85013],[-107.3042,39.83974],[-107.30338,39.82858],[-107.28354,39.82227],[-107.29127,39.81158],[-107.28498,39.79838],[-107.26197,39.79823],[-107.26659,39.78393],[-107.2881,39.7745],[-107.32941,39.77533],[-107.33906,39.78229],[-107.36601,39.75529],[-107.41637,39.74327],[-107.42731,39.7552],[-107.42039,39.80678],[-107.46902,39.81198],[-107.48866,39.84042],[-107.5034,39.84043],[-107.51153,39.83067],[-107.54492,39.83205],[-107.55057,39.84095],[-107.56637,39.84288],[-107.58185,39.82802],[-107.58571,39.8121],[-107.6151,39.79956],[-107.62684,39.80814],[-107.6325,39.80235],[-107.64033,39.8141],[-107.64986,39.80435],[-107.6652,39.81415],[-107.68083,39.80559],[-107.69302,39.81157],[-107.69396,39.82396],[-107.7015,39.81462],[-107.7411,39.80273],[-107.74387,39.78701],[-107.76654,39.7929],[-107.79247,39.78782],[-107.80806,39.79603],[-107.81485,39.7924],[-107.81291,39.77628],[-107.84823,39.78025],[-107.85256,39.76791],[-107.8688,39.76517],[-107.90359,39.74033],[-107.92384,39.70781],[-107.94503,39.70149],[-107.93999,39.67471],[-107.92618,39.65712],[-107.9588,39.64655],[-107.99565,39.64439],[-108.0207,39.66529],[-108.04673,39.65307],[-108.07325,39.67794],[-108.1054,39.66502],[-108.12272,39.67705],[-108.13967,39.6708],[-108.15453,39.65122],[-108.16564,39.65553],[-108.19799,39.64618],[-108.21133,39.64908],[-108.21463,39.65761],[-108.22516,39.65228],[-108.22576,39.65948],[-108.27039,39.64944],[-108.29329,39.62328],[-108.30386,39.63425],[-108.31125,39.63173],[-108.3171,39.64921],[-108.33836,39.64703],[-108.34708,39.65889],[-108.38071,39.66357],[-108.39528,39.67335],[-108.40226,39.66959],[-108.41055,39.68132],[-108.44628,39.68059],[-108.47368,39.69851],[-108.49541,39.68818],[-108.52743,39.69019],[-108.53786,39.69781],[-108.55878,39.68413],[-108.56511,39.69125],[-108.6293,39.65647],[-108.65254,39.65911],[-108.65479,39.62437],[-108.68029,39.60084],[-108.71664,39.60445],[-108.73664,39.59371],[-108.77169,39.60676],[-108.81102,39.59731],[-108.82497,39.61879],[-108.83458,39.60952],[-108.85286,39.62107],[-108.87285,39.61687],[-108.87994,39.6285],[-108.88525,39.62165],[-108.90662,39.62155],[-108.92122,39.59296],[-108.94166,39.60145],[-108.95339,39.58243],[-108.99503,39.56933],[-109.00853,39.53457],[-109.0262,39.51554],[-109.03703,39.51534],[-109.05193,39.49738],[-109.07258,39.49974],[-109.07691,39.48943],[-109.08769,39.49178],[-109.10773,39.46153],[-109.09332,39.44492],[-109.10228,39.42627],[-109.08789,39.40742],[-109.05982,39.39634],[-109.06029,39.36943],[-109.02653,39.33102],[-109.0078,39.2918],[-109.01388,39.27457],[-109.00915,39.26318],[-109.03663,39.21494],[-109.02605,39.19835],[-109.04105,39.18995],[-109.035,39.17547],[-109.07876,39.1399],[-109.07702,39.12749],[-109.10051,39.09298],[-109.08083,39.09485],[-109.04761,39.07426],[-109.0353,39.08009],[-108.99491,39.07757],[-108.92965,39.05009],[-108.88857,39.06367],[-108.87444,39.07817],[-108.85054,39.08001],[-108.84445,39.09244],[-108.79567,39.09349],[-108.79009,39.07723],[-108.76569,39.06361],[-108.77098,39.05581],[-108.75085,39.04554],[-108.755,39.01494],[-108.7101,38.9953],[-108.71495,38.97251],[-108.70106,38.96218],[-108.70843,38.94301],[-108.67164,38.98232],[-108.63515,38.99635],[-108.61067,38.99381],[-108.60759,39.02003],[-108.61851,39.02274],[-108.58535,39.06299],[-108.56208,39.04989],[-108.52272,39.04641],[-108.50875,39.03258],[-108.50941,39.02184],[-108.48199,39.01388],[-108.42901,39.01579],[-108.4252,39.02245],[-108.40701,39.01649],[-108.38835,39.03233],[-108.36461,39.02802],[-108.35975,39.01496],[-108.33519,39.01218],[-108.24633,39.05149],[-108.2072,39.04951],[-108.18889,39.05863],[-108.1605,39.03965],[-108.13309,39.03216],[-108.11645,39.0436],[-108.10457,39.03159],[-108.02483,39.05435],[-107.90743,39.06083],[-107.8589,39.08007],[-107.79488,39.06188],[-107.76564,39.04345],[-107.73859,39.06599],[-107.72108,39.06487],[-107.70941,39.08286],[-107.6878,39.08807],[-107.65979,39.11238],[-107.65117,39.1309],[-107.61912,39.1549],[-107.56885,39.18126],[-107.54271,39.18222],[-107.54294,39.19584],[-107.52358,39.19786],[-107.52862,39.2033],[-107.49455,39.21857],[-107.48405,39.23544],[-107.46384,39.22839],[-107.43047,39.24038],[-107.4267,39.25769],[-107.39442,39.25633],[-107.37691,39.24628],[-107.37149,39.23905],[-107.3793,39.23112],[-107.37663,39.1988],[-107.35345,39.17304],[-107.29567,39.1538],[-107.27692,39.08993],[-107.28702,39.0638],[-107.27837,39.05413],[-107.27658,39.0302],[-107.23245,39.01988],[-107.21333,39.0317],[-107.18937,39.03284],[-107.17823,39.03034],[-107.15384,38.99383],[-107.10345,38.99177],[-107.09526,39.01073],[-107.05147,38.98496],[-107.0459,39.01556],[-107.02137,39.01384],[-106.99601,39.03397],[-106.96754,39.03096],[-106.96406,39.01709],[-106.91034,39.00082],[-106.90806,38.99252],[-106.88439,38.99051],[-106.8766,39.00719],[-106.86135,39.00964],[-106.84578,38.9863],[-106.80396,38.97814],[-106.78463,38.98627],[-106.78251,38.9993],[-106.74469,39.02665],[-106.74967,39.04277],[-106.71034,39.04763],[-106.69873,39.05584],[-106.68488,39.04519],[-106.65521,39.04415],[-106.64842,39.02218],[-106.61301,38.99578],[-106.59932,38.99795],[-106.59142,39.02552],[-106.59973,39.03452],[-106.59731,39.04461],[-106.57784,39.05245],[-106.57699,39.0794],[-106.58636,39.09572],[-106.56365,39.10642],[-106.55819,39.12104],[-106.56481,39.13278],[-106.56173,39.15494],[-106.51133,39.16341],[-106.49365,39.19835],[-106.48965,39.22782],[-106.49772,39.24198],[-106.48109,39.25997],[-106.48301,39.27256],[-106.50412,39.2849],[-106.50254,39.29835],[-106.47646,39.31514],[-106.46832,39.30726],[-106.43253,39.31622],[-106.42705,39.32325],[-106.43348,39.35405],[-106.40497,39.37912],[-106.38059,39.37631],[-106.37167,39.36199],[-106.35144,39.3538],[-106.31202,39.36228],[-106.28381,39.34951],[-106.25926,39.36205],[-106.25111,39.3577],[-106.21695,39.38325],[-106.19796,39.36833],[-106.16218,39.36199],[-106.13453,39.37965],[-106.09702,39.37797],[-106.05654,39.3587],[-106.02191,39.36164],[-106.01423,39.38698],[-105.95161,39.41465],[-105.96662,39.43852],[-105.94398,39.44084],[-105.93924,39.45813],[-105.90589,39.45967],[-105.89211,39.48422],[-105.87946,39.4839],[-105.85593,39.50514],[-105.8681,39.51925],[-105.8602,39.53118],[-105.84683,39.5238],[-105.8231,39.52991],[-105.81592,39.55218],[-105.83851,39.57259],[-105.77611,39.60517],[-105.78272,39.62922],[-105.84879,39.64417],[-105.86496,39.66719],[-105.88498,39.65709],[-105.91105,39.66234],[-105.92655,39.6733],[-105.91959,39.6901],[-105.92445,39.70407],[-105.90749,39.72699],[-105.88341,39.73731],[-105.88048,39.75945],[-105.89246,39.78217],[-105.88762,39.79705],[-105.8231,39.78567],[-105.79905,39.80331],[-105.76393,39.79495],[-105.73605,39.80492],[-105.71335,39.83807],[-105.69594,39.8391],[-105.69037,39.85202],[-105.69964,39.89163],[-105.67517,39.93327],[-105.69381,39.94228],[-105.6831,39.99285],[-105.69121,39.99703],[-105.68972,40.01368],[-105.66188,40.01641],[-105.64124,40.0343],[-105.63778,40.04614],[-105.65113,40.05852],[-105.63297,40.08141],[-105.63673,40.10719],[-105.62656,40.12748],[-105.63605,40.1463],[-105.66767,40.15832],[-105.67049,40.18496],[-105.67787,40.191],[-105.67054,40.21924],[-105.66288,40.21992],[-105.66881,40.22883],[-105.65996,40.24893],[-105.64368,40.24991],[-105.68259,40.27263],[-105.68213,40.2921],[-105.69051,40.30887],[-105.70264,40.31259],[-105.69882,40.32074],[-105.75876,40.35273],[-105.78157,40.37342],[-105.79123,40.39912],[-105.81751,40.42518],[-105.80573,40.44771],[-105.80741,40.47388],[-105.84051,40.4833]]]}},{"type":"Feature","properties":{"huc6":"140300","name":"Upper Colorado-Dolores","states":"CO,UT"},"geometry":{"type":"Polygon","coordinates":[[[-109.1235,39.45311],[-109.12866,39.45896],[-109.16584,39.44272],[-109.18598,39.45369],[-109.20894,39.45094],[-109.22268,39.44073],[-109.26191,39.44402],[-109.2745,39.45265],[-109.33401,39.41658],[-109.34127,39.42356],[-109.36014,39.41478],[-109.39253,39.4126],[-109.39879,39.41944],[-109.42414,39.40869],[-109.42884,39.3969],[-109.44501,39.38971],[-109.45708,39.36143],[-109.474,39.3609],[-109.49942,39.33767],[-109.51376,39.33661],[-109.52183,39.30971],[-109.5467,39.29861],[-109.5589,39.25945],[-109.5549,39.23807],[-109.58645,39.22595],[-109.62387,39.19149],[-109.62942,39.17602],[-109.65322,39.18224],[-109.657,39.17256],[-109.71132,39.15798],[-109.72203,39.14714],[-109.68906,39.11046],[-109.68004,39.0786],[-109.68794,39.06488],[-109.67656,39.04036],[-109.68886,39.01464],[-109.68591,38.9935],[-109.70169,38.97741],[-109.67526,38.91998],[-109.68336,38.89385],[-109.69464,38.88635],[-109.69751,38.86435],[-109.70816,38.86459],[-109.71994,38.85203],[-109.6694,38.8176],[-109.69231,38.80528],[-109.73178,38.82641],[-109.77326,38.80761],[-109.7659,38.79474],[-109.78702,38.78283],[-109.78958,38.76707],[-109.82694,38.73967],[-109.84364,38.70378],[-109.82925,38.69233],[-109.82958,38.68287],[-109.85159,38.67067],[-109.80292,38.63387],[-109.80797,38.59057],[-109.79248,38.57993],[-109.78995,38.55387],[-109.80824,38.51069],[-109.80425,38.47919],[-109.82157,38.45837],[-109.81583,38.44109],[-109.8252,38.43582],[-109.81729,38.42281],[-109.83198,38.40518],[-109.86581,38.38874],[-109.86787,38.36022],[-109.85271,38.32037],[-109.87509,38.29031],[-109.86191,38.27358],[-109.86312,38.23026],[-109.8689,38.20971],[-109.8924,38.19549],[-109.88036,38.19022],[-109.87443,38.17131],[-109.88069,38.14924],[-109.87008,38.14405],[-109.88053,38.12546],[-109.84669,38.11836],[-109.8464,38.09994],[-109.81779,38.07958],[-109.82268,38.06614],[-109.81014,38.05329],[-109.81633,38.0257],[-109.80776,38.02204],[-109.80493,37.99069],[-109.81959,37.97402],[-109.79787,37.96093],[-109.81033,37.9477],[-109.80025,37.94635],[-109.78911,37.92169],[-109.79228,37.90643],[-109.78042,37.89925],[-109.78043,37.84462],[-109.79161,37.83198],[-109.73784,37.84743],[-109.71999,37.82302],[-109.64366,37.83291],[-109.63904,37.82443],[-109.6221,37.84603],[-109.60751,37.83028],[-109.59206,37.83823],[-109.57031,37.8304],[-109.55849,37.83538],[-109.53421,37.82266],[-109.51198,37.82689],[-109.5033,37.83551],[-109.47445,37.84105],[-109.4738,37.85972],[-109.49444,37.8565],[-109.49548,37.871],[-109.47308,37.88738],[-109.47231,37.90514],[-109.38054,37.95572],[-109.33914,37.95763],[-109.31441,37.98227],[-109.27073,37.95185],[-109.27846,37.92393],[-109.25661,37.93043],[-109.23923,37.9035],[-109.21552,37.90345],[-109.20424,37.88724],[-109.17001,37.87642],[-109.13729,37.88566],[-109.12907,37.90094],[-109.10336,37.91624],[-109.04688,37.92146],[-109.03354,37.93162],[-109.0319,37.95444],[-109.00324,37.96218],[-109.00249,37.93737],[-108.98131,37.91934],[-108.98157,37.91086],[-108.97051,37.90733],[-108.93704,37.93399],[-108.92617,37.9245],[-108.90657,37.93687],[-108.89379,37.92335],[-108.86652,37.9316],[-108.85811,37.91218],[-108.83528,37.91577],[-108.83726,37.87497],[-108.8274,37.8586],[-108.84571,37.84721],[-108.85549,37.82277],[-108.88217,37.81024],[-108.88019,37.78349],[-108.81763,37.75686],[-108.78255,37.78719],[-108.76776,37.76509],[-108.75715,37.76362],[-108.77051,37.74458],[-108.77475,37.72127],[-108.76151,37.67547],[-108.74781,37.67131],[-108.75858,37.65415],[-108.75509,37.63026],[-108.7463,37.62548],[-108.7521,37.61167],[-108.73201,37.59547],[-108.71879,37.60272],[-108.69119,37.58614],[-108.65978,37.59698],[-108.63308,37.58605],[-108.6136,37.59254],[-108.60107,37.57349],[-108.60887,37.56012],[-108.59095,37.55091],[-108.59478,37.52799],[-108.58669,37.49121],[-108.5535,37.49132],[-108.554,37.47968],[-108.525,37.4558],[-108.50891,37.46057],[-108.45846,37.43418],[-108.44449,37.44212],[-108.41426,37.43909],[-108.39212,37.42333],[-108.38719,37.40516],[-108.37924,37.4063],[-108.35878,37.43528],[-108.32942,37.41977],[-108.31135,37.41974],[-108.26549,37.4577],[-108.26418,37.46647],[-108.24362,37.46648],[-108.19408,37.49838],[-108.11701,37.49135],[-108.07311,37.45981],[-108.07888,37.43927],[-108.05359,37.43731],[-108.03311,37.46486],[-108.03759,37.50281],[-108.03122,37.50949],[-108.03473,37.53287],[-108.01999,37.55366],[-108.02312,37.59096],[-107.95731,37.6485],[-107.97496,37.68366],[-107.96879,37.69666],[-107.90285,37.71878],[-107.87766,37.71578],[-107.87577,37.73875],[-107.86185,37.75599],[-107.86861,37.76702],[-107.86029,37.77546],[-107.84112,37.77401],[-107.82224,37.79563],[-107.82873,37.81169],[-107.80853,37.8241],[-107.79662,37.82274],[-107.77955,37.84916],[-107.78267,37.86785],[-107.75604,37.88312],[-107.73508,37.91075],[-107.73276,37.9299],[-107.74903,37.95322],[-107.7803,37.96186],[-107.79611,37.98862],[-107.84907,37.99261],[-107.84229,38.00574],[-107.89089,38.01349],[-107.89113,38.02532],[-107.90028,38.02635],[-107.88804,38.04541],[-107.89559,38.07302],[-107.8894,38.10869],[-107.92235,38.11977],[-107.93125,38.11062],[-107.936,38.11823],[-107.95232,38.10997],[-107.94564,38.13385],[-107.9498,38.14325],[-107.96812,38.14414],[-107.96719,38.16151],[-107.94023,38.17731],[-107.93253,38.19606],[-107.94337,38.21233],[-107.96797,38.22252],[-107.96443,38.22971],[-107.98514,38.2275],[-107.99941,38.236],[-108.03465,38.22223],[-108.04289,38.23044],[-108.03724,38.25834],[-108.07961,38.25544],[-108.07849,38.27402],[-108.09478,38.28123],[-108.12093,38.27412],[-108.12256,38.30639],[-108.13004,38.31327],[-108.15477,38.30151],[-108.17253,38.30572],[-108.16442,38.3179],[-108.18446,38.32494],[-108.20131,38.31468],[-108.22217,38.31886],[-108.25374,38.36291],[-108.27257,38.37558],[-108.33607,38.40539],[-108.42466,38.41988],[-108.44086,38.4471],[-108.45418,38.44705],[-108.46176,38.4622],[-108.49783,38.4719],[-108.53828,38.45812],[-108.56835,38.47777],[-108.59393,38.518],[-108.61545,38.53048],[-108.62099,38.54784],[-108.64401,38.55123],[-108.65063,38.57366],[-108.64496,38.58986],[-108.67183,38.60134],[-108.66341,38.60662],[-108.66743,38.62394],[-108.71812,38.67868],[-108.64489,38.70989],[-108.62002,38.74551],[-108.67433,38.76065],[-108.64906,38.76873],[-108.64618,38.77797],[-108.6578,38.80364],[-108.68137,38.79529],[-108.6839,38.80209],[-108.69954,38.79781],[-108.70176,38.80551],[-108.68516,38.82546],[-108.68761,38.85027],[-108.70518,38.85414],[-108.71803,38.84256],[-108.72982,38.84579],[-108.74889,38.83583],[-108.77322,38.83746],[-108.77745,38.84423],[-108.76161,38.8815],[-108.73133,38.90111],[-108.70833,38.94119],[-108.71178,38.94821],[-108.70106,38.96218],[-108.71495,38.97251],[-108.7101,38.9953],[-108.755,39.01494],[-108.75085,39.04554],[-108.77098,39.05581],[-108.76569,39.06361],[-108.79009,39.07723],[-108.79567,39.09349],[-108.84445,39.09244],[-108.85054,39.08001],[-108.87444,39.07817],[-108.88857,39.06367],[-108.92965,39.05009],[-108.99491,39.07757],[-109.0353,39.08009],[-109.04761,39.07426],[-109.08083,39.09485],[-109.10051,39.09298],[-109.07702,39.12749],[-109.07876,39.1399],[-109.035,39.17547],[-109.04105,39.18995],[-109.02605,39.19835],[-109.03663,39.21494],[-109.00915,39.26318],[-109.01388,39.27457],[-109.0078,39.2918],[-109.02653,39.33102],[-109.06029,39.36943],[-109.05982,39.39634],[-109.08789,39.40742],[-109.10228,39.42627],[-109.09332,39.44492],[-109.10804,39.45826],[-109.1235,39.45311]]]}},{"type":"Feature","properties":{"huc6":"140401","name":"Upper Green","states":"CO,UT,WY"},"geometry":{"type":"Polygon","coordinates":[[[-110.0315,43.44945],[-110.0617,43.45081],[-110.09838,43.43609],[-110.08584,43.4084],[-110.11222,43.4032],[-110.10205,43.38381],[-110.11633,43.36457],[-110.16833,43.38177],[-110.1933,43.36881],[-110.19741,43.35655],[-110.23887,43.351],[-110.26595,43.32937],[-110.24901,43.28514],[-110.17577,43.27114],[-110.16954,43.24196],[-110.15833,43.23586],[-110.1666,43.2187],[-110.19075,43.22344],[-110.20087,43.21141],[-110.1957,43.18784],[-110.20176,43.16724],[-110.19267,43.14514],[-110.20499,43.13991],[-110.19969,43.13201],[-110.21179,43.12129],[-110.21228,43.108],[-110.26989,43.09916],[-110.27246,43.08355],[-110.28485,43.08176],[-110.28331,43.07419],[-110.29961,43.06626],[-110.35349,43.06888],[-110.4245,43.04523],[-110.46895,43.04756],[-110.46737,43.03378],[-110.48768,43.00515],[-110.51865,42.99529],[-110.51957,42.98385],[-110.55547,42.96833],[-110.56899,42.97857],[-110.5734,42.99922],[-110.64483,42.99983],[-110.62954,42.96133],[-110.62101,42.95864],[-110.62329,42.95137],[-110.61006,42.95415],[-110.60009,42.93725],[-110.6017,42.92608],[-110.61971,42.91107],[-110.59743,42.88768],[-110.57694,42.81865],[-110.58888,42.79397],[-110.64116,42.80302],[-110.63251,42.76904],[-110.63649,42.74325],[-110.61632,42.72742],[-110.62685,42.71161],[-110.64528,42.70915],[-110.64258,42.67837],[-110.61376,42.6808],[-110.62133,42.66484],[-110.61697,42.64603],[-110.63578,42.63626],[-110.62379,42.60426],[-110.63216,42.5854],[-110.61771,42.57753],[-110.61552,42.54128],[-110.65321,42.53042],[-110.67092,42.53661],[-110.68119,42.52558],[-110.69608,42.52517],[-110.71494,42.54934],[-110.72368,42.59123],[-110.73606,42.58885],[-110.72561,42.54246],[-110.70498,42.51132],[-110.70313,42.48214],[-110.68939,42.48068],[-110.67282,42.44062],[-110.65217,42.42395],[-110.63408,42.36826],[-110.69747,42.35458],[-110.73557,42.33189],[-110.74733,42.33217],[-110.7644,42.34956],[-110.79414,42.32221],[-110.81025,42.26182],[-110.80452,42.23747],[-110.81092,42.20079],[-110.80201,42.19068],[-110.8123,42.17727],[-110.80505,42.17507],[-110.80264,42.15589],[-110.78406,42.15173],[-110.79849,42.13691],[-110.79196,42.09939],[-110.80296,42.08583],[-110.79367,42.0434],[-110.80046,42.01596],[-110.78824,42.00231],[-110.8003,41.98071],[-110.79697,41.96919],[-110.8064,41.96096],[-110.77983,41.95758],[-110.77788,41.93542],[-110.74903,41.9369],[-110.73364,41.92401],[-110.6967,41.92235],[-110.67123,41.91008],[-110.66411,41.90002],[-110.67315,41.88943],[-110.60979,41.85624],[-110.61234,41.83672],[-110.5986,41.8327],[-110.59853,41.82287],[-110.6087,41.79315],[-110.63225,41.77386],[-110.63274,41.76563],[-110.62227,41.76516],[-110.62165,41.73748],[-110.64627,41.73467],[-110.65642,41.71597],[-110.67817,41.70704],[-110.67264,41.68812],[-110.7142,41.6773],[-110.78005,41.69872],[-110.85448,41.70867],[-110.86874,41.70476],[-110.8652,41.69556],[-110.90991,41.66739],[-110.9249,41.63319],[-110.91877,41.62363],[-110.92534,41.59605],[-110.91401,41.5918],[-110.91132,41.57923],[-110.91654,41.57463],[-110.888,41.5649],[-110.88079,41.54558],[-110.89185,41.52087],[-110.87445,41.51178],[-110.87949,41.50218],[-110.86703,41.4934],[-110.8771,41.46668],[-110.89027,41.45564],[-110.88804,41.44732],[-110.87429,41.44696],[-110.88852,41.42904],[-110.88447,41.41692],[-110.90672,41.4035],[-110.89038,41.39286],[-110.90679,41.37375],[-110.90793,41.35243],[-110.88479,41.36678],[-110.82181,41.36478],[-110.83018,41.35781],[-110.82911,41.34685],[-110.81462,41.34037],[-110.81412,41.33104],[-110.83365,41.31904],[-110.82825,41.29729],[-110.8399,41.29479],[-110.80286,41.27437],[-110.81,41.26738],[-110.80708,41.24399],[-110.82455,41.22427],[-110.81067,41.21472],[-110.81378,41.20435],[-110.79968,41.20426],[-110.78943,41.2137],[-110.77213,41.21147],[-110.77525,41.17309],[-110.73523,41.19057],[-110.71657,41.17817],[-110.71867,41.16247],[-110.70427,41.16362],[-110.70917,41.11799],[-110.71678,41.10247],[-110.7451,41.08881],[-110.74632,41.0619],[-110.71923,41.05206],[-110.70478,41.03502],[-110.71145,41.01176],[-110.73321,40.98436],[-110.73056,40.9769],[-110.69159,40.96474],[-110.66658,40.9345],[-110.6771,40.91137],[-110.69682,40.89278],[-110.6917,40.87744],[-110.7094,40.8685],[-110.69983,40.86287],[-110.70574,40.85175],[-110.68298,40.8046],[-110.68436,40.76027],[-110.69676,40.74675],[-110.65662,40.74028],[-110.62517,40.76961],[-110.6071,40.75722],[-110.58322,40.76269],[-110.56921,40.75636],[-110.54705,40.77366],[-110.52367,40.76144],[-110.49986,40.76763],[-110.48714,40.78021],[-110.47255,40.77178],[-110.45715,40.78322],[-110.43259,40.77848],[-110.42424,40.79226],[-110.4108,40.78428],[-110.37439,40.7881],[-110.35482,40.8005],[-110.34314,40.82304],[-110.32029,40.82047],[-110.29477,40.83312],[-110.28274,40.82815],[-110.26175,40.83471],[-110.20242,40.82169],[-110.1889,40.82578],[-110.17623,40.81768],[-110.15827,40.82081],[-110.10298,40.80796],[-110.02467,40.82038],[-109.93194,40.79638],[-109.86985,40.76389],[-109.83482,40.7682],[-109.81522,40.77965],[-109.7649,40.78254],[-109.75287,40.80285],[-109.73203,40.79471],[-109.70207,40.80357],[-109.67663,40.79519],[-109.65319,40.7996],[-109.63202,40.81588],[-109.60001,40.81551],[-109.58163,40.82534],[-109.57159,40.81353],[-109.52846,40.8276],[-109.51335,40.8107],[-109.5164,40.75473],[-109.48439,40.73974],[-109.47307,40.74386],[-109.46874,40.7557],[-109.43653,40.75755],[-109.44063,40.76524],[-109.43395,40.77746],[-109.40902,40.79124],[-109.39517,40.7509],[-109.37738,40.74559],[-109.37343,40.71456],[-109.32782,40.71178],[-109.27738,40.73908],[-109.25882,40.73252],[-109.25428,40.69059],[-109.2452,40.6844],[-109.22324,40.67965],[-109.21267,40.68843],[-109.20756,40.67763],[-109.18801,40.68009],[-109.17992,40.66938],[-109.14379,40.6712],[-109.11822,40.63965],[-109.10236,40.65464],[-109.03944,40.64556],[-109.0253,40.63027],[-109.02518,40.61841],[-109.01278,40.6105],[-109.01688,40.58773],[-108.99652,40.57559],[-108.98632,40.5281],[-108.97788,40.53894],[-108.93729,40.55234],[-108.93794,40.56038],[-108.92554,40.56704],[-108.92803,40.5741],[-108.89413,40.58386],[-108.87499,40.60697],[-108.85645,40.61024],[-108.84809,40.59995],[-108.83044,40.60495],[-108.81251,40.58996],[-108.77549,40.60071],[-108.76308,40.59107],[-108.74604,40.59286],[-108.74566,40.58508],[-108.7283,40.57517],[-108.70632,40.57885],[-108.68618,40.56336],[-108.62173,40.55511],[-108.58622,40.58288],[-108.58294,40.60708],[-108.56884,40.60669],[-108.54564,40.62391],[-108.55182,40.64894],[-108.54152,40.65382],[-108.53809,40.67069],[-108.56013,40.69359],[-108.54835,40.7129],[-108.57485,40.73151],[-108.60963,40.73847],[-108.62742,40.75487],[-108.62003,40.76629],[-108.62831,40.78133],[-108.61194,40.78963],[-108.61146,40.80836],[-108.5828,40.81621],[-108.57863,40.83919],[-108.54409,40.84749],[-108.52589,40.83718],[-108.51271,40.83931],[-108.50624,40.85694],[-108.4708,40.86909],[-108.42299,40.90236],[-108.41307,40.92593],[-108.42669,40.93802],[-108.41517,40.95426],[-108.41728,40.99242],[-108.40426,40.99759],[-108.40773,41.00921],[-108.38802,41.01388],[-108.40005,41.02415],[-108.38956,41.03896],[-108.33408,41.04598],[-108.3433,41.05437],[-108.36647,41.05209],[-108.35543,41.05942],[-108.35431,41.07344],[-108.36892,41.09751],[-108.3639,41.11413],[-108.26473,41.19496],[-108.27336,41.2003],[-108.29073,41.19541],[-108.30199,41.20485],[-108.31254,41.1947],[-108.31056,41.17914],[-108.34051,41.17963],[-108.3857,41.19315],[-108.38845,41.20532],[-108.374,41.22078],[-108.38178,41.23347],[-108.37539,41.24251],[-108.39394,41.26575],[-108.35773,41.29341],[-108.36352,41.29797],[-108.35919,41.3035],[-108.33777,41.30843],[-108.30782,41.33652],[-108.31507,41.34543],[-108.30227,41.36145],[-108.30736,41.36994],[-108.29188,41.37366],[-108.28008,41.39766],[-108.24564,41.39423],[-108.22758,41.40107],[-108.22185,41.41161],[-108.20502,41.41228],[-108.21222,41.43955],[-108.20094,41.46613],[-108.22118,41.47193],[-108.24037,41.52037],[-108.25465,41.51997],[-108.25679,41.53676],[-108.2768,41.55015],[-108.28206,41.56435],[-108.30372,41.55838],[-108.31524,41.5724],[-108.34758,41.57811],[-108.35312,41.5941],[-108.32335,41.6061],[-108.32825,41.6148],[-108.31085,41.63315],[-108.3253,41.64254],[-108.35103,41.64003],[-108.36037,41.64807],[-108.35994,41.66956],[-108.3901,41.65183],[-108.44485,41.65546],[-108.50045,41.6758],[-108.5248,41.67724],[-108.53944,41.66538],[-108.60733,41.66654],[-108.58711,41.69255],[-108.58768,41.70566],[-108.60033,41.71758],[-108.5841,41.73477],[-108.58434,41.7586],[-108.62725,41.78327],[-108.67756,41.78934],[-108.70374,41.80978],[-108.74387,41.80947],[-108.7648,41.81713],[-108.77022,41.82771],[-108.81793,41.8417],[-108.87185,41.83233],[-108.8901,41.8367],[-108.8864,41.8303],[-108.90351,41.8214],[-108.93856,41.82578],[-108.98311,41.79918],[-108.99848,41.80258],[-109.0029,41.81768],[-109.02384,41.83298],[-109.00522,41.85421],[-109.01812,41.85928],[-109.01439,41.86926],[-109.06522,41.89909],[-109.06906,41.90591],[-109.05857,41.92026],[-109.06764,41.92894],[-109.05691,41.93104],[-109.04316,41.91591],[-109.01861,41.91878],[-109.00935,41.92527],[-109.00826,41.9379],[-108.99562,41.94297],[-108.99424,41.96015],[-108.97484,41.96812],[-108.95646,41.96538],[-108.95196,41.9792],[-108.91112,42.01085],[-108.89889,42.04126],[-108.90542,42.05663],[-108.84322,42.10144],[-108.84825,42.11453],[-108.84125,42.14612],[-108.86656,42.15167],[-108.8735,42.17317],[-108.87207,42.19022],[-108.8584,42.1996],[-108.87636,42.23894],[-108.84846,42.26052],[-108.87158,42.28296],[-108.86465,42.29144],[-108.88134,42.31369],[-108.86533,42.31744],[-108.86727,42.33753],[-108.88968,42.33693],[-108.88772,42.34864],[-108.90842,42.35409],[-108.89511,42.36035],[-108.89836,42.36787],[-108.91522,42.37027],[-108.91476,42.38253],[-108.93949,42.3853],[-108.9687,42.41427],[-108.992,42.41757],[-108.99132,42.42788],[-109.00232,42.43068],[-109.02039,42.42146],[-109.0234,42.42919],[-109.03419,42.4282],[-109.03137,42.43492],[-109.0598,42.43478],[-109.06294,42.44654],[-109.12094,42.45421],[-109.12887,42.4769],[-109.16482,42.48424],[-109.16774,42.49229],[-109.18204,42.48936],[-109.18537,42.50464],[-109.20418,42.50725],[-109.19561,42.54422],[-109.16746,42.57167],[-109.13938,42.57698],[-109.12167,42.61987],[-109.11394,42.61667],[-109.09462,42.62901],[-109.09387,42.64175],[-109.11377,42.65229],[-109.11482,42.66344],[-109.12696,42.67064],[-109.13753,42.70514],[-109.12862,42.7083],[-109.14779,42.72744],[-109.13227,42.73738],[-109.17957,42.75109],[-109.19552,42.76852],[-109.20997,42.77043],[-109.21755,42.76019],[-109.23607,42.76837],[-109.23653,42.77863],[-109.21218,42.79779],[-109.23675,42.80955],[-109.24683,42.80616],[-109.26971,42.82522],[-109.2789,42.84589],[-109.31955,42.85915],[-109.34541,42.91883],[-109.37054,42.94552],[-109.39805,42.93925],[-109.43279,42.96826],[-109.45427,42.97008],[-109.46204,42.98914],[-109.49244,42.99548],[-109.50221,43.0105],[-109.55261,43.0125],[-109.55583,43.02724],[-109.54879,43.03692],[-109.5709,43.04958],[-109.55302,43.05876],[-109.55296,43.0722],[-109.57056,43.09981],[-109.62132,43.1262],[-109.63001,43.16325],[-109.65133,43.16694],[-109.65874,43.20133],[-109.67617,43.21493],[-109.67016,43.22907],[-109.67782,43.23597],[-109.67402,43.24789],[-109.69268,43.26517],[-109.67873,43.27348],[-109.68574,43.28563],[-109.67198,43.30936],[-109.70027,43.33466],[-109.69429,43.36555],[-109.7088,43.37439],[-109.7584,43.3661],[-109.78377,43.38771],[-109.79895,43.39044],[-109.87813,43.37848],[-109.92341,43.39798],[-109.94731,43.42179],[-109.9689,43.42038],[-109.98971,43.42957],[-109.99711,43.44454],[-110.02193,43.4409],[-110.0315,43.44945]]]}},{"type":"Feature","properties":{"huc6":"140500","name":"White-Yampa","states":"CO,UT,WY"},"geometry":{"type":"Polygon","coordinates":[[[-108.07814,41.63542],[-108.08818,41.64203],[-108.12676,41.63118],[-108.1293,41.62075],[-108.12101,41.61457],[-108.13198,41.60279],[-108.12845,41.58955],[-108.28206,41.56435],[-108.2768,41.55015],[-108.25679,41.53676],[-108.25465,41.51997],[-108.24037,41.52037],[-108.22118,41.47193],[-108.20094,41.46613],[-108.21222,41.43955],[-108.20502,41.41228],[-108.22185,41.41161],[-108.22758,41.40107],[-108.24564,41.39423],[-108.28008,41.39766],[-108.29188,41.37366],[-108.30736,41.36994],[-108.30227,41.36145],[-108.31507,41.34543],[-108.30782,41.33652],[-108.33777,41.30843],[-108.35919,41.3035],[-108.36352,41.29797],[-108.35773,41.29341],[-108.39394,41.26575],[-108.37539,41.24251],[-108.38178,41.23347],[-108.374,41.22078],[-108.38845,41.20532],[-108.3857,41.19315],[-108.34051,41.17963],[-108.31056,41.17914],[-108.31254,41.1947],[-108.30199,41.20485],[-108.29073,41.19541],[-108.27336,41.2003],[-108.26473,41.19496],[-108.3639,41.11413],[-108.36892,41.09751],[-108.35431,41.07344],[-108.35543,41.05942],[-108.36647,41.05209],[-108.3433,41.05437],[-108.33408,41.04598],[-108.38956,41.03896],[-108.40005,41.02415],[-108.38802,41.01388],[-108.40773,41.00921],[-108.40426,40.99759],[-108.41728,40.99242],[-108.41517,40.95426],[-108.42669,40.93802],[-108.41307,40.92593],[-108.42299,40.90236],[-108.4708,40.86909],[-108.50624,40.85694],[-108.51271,40.83931],[-108.52589,40.83718],[-108.54409,40.84749],[-108.57863,40.83919],[-108.5828,40.81621],[-108.61146,40.80836],[-108.61194,40.78963],[-108.62831,40.78133],[-108.62003,40.76629],[-108.62742,40.75487],[-108.60963,40.73847],[-108.57485,40.73151],[-108.54835,40.7129],[-108.56013,40.69359],[-108.53809,40.67069],[-108.54152,40.65382],[-108.55121,40.65176],[-108.54951,40.61874],[-108.56884,40.60669],[-108.58294,40.60708],[-108.58622,40.58288],[-108.62894,40.55338],[-108.65652,40.56443],[-108.68618,40.56336],[-108.70632,40.57885],[-108.7283,40.57517],[-108.74566,40.58508],[-108.74604,40.59286],[-108.76308,40.59107],[-108.77549,40.60071],[-108.81251,40.58996],[-108.83044,40.60495],[-108.84809,40.59995],[-108.85645,40.61024],[-108.87499,40.60697],[-108.89413,40.58386],[-108.92803,40.5741],[-108.92554,40.56704],[-108.94792,40.54489],[-108.97788,40.53894],[-108.9849,40.52791],[-108.97406,40.52627],[-108.9783,40.50532],[-108.99622,40.49044],[-109.02354,40.48336],[-109.03862,40.46614],[-109.04114,40.44841],[-109.01857,40.43109],[-109.03,40.41753],[-109.02437,40.40314],[-109.03125,40.39397],[-109.01983,40.38134],[-109.02122,40.37107],[-108.94874,40.35078],[-108.94199,40.34222],[-108.94835,40.32828],[-108.90476,40.30723],[-108.92339,40.29904],[-108.94909,40.30145],[-108.98069,40.28765],[-109.0093,40.24587],[-109.04911,40.23306],[-109.04795,40.21846],[-109.06042,40.21376],[-109.06955,40.19582],[-109.0877,40.20863],[-109.11859,40.19109],[-109.21343,40.22007],[-109.26707,40.21705],[-109.27212,40.20774],[-109.33979,40.18199],[-109.36742,40.18353],[-109.40558,40.17149],[-109.42745,40.17934],[-109.47599,40.16798],[-109.48225,40.14811],[-109.50977,40.12965],[-109.52371,40.10501],[-109.56404,40.10139],[-109.59097,40.09039],[-109.59962,40.09937],[-109.62317,40.09938],[-109.67852,40.0626],[-109.63757,40.04136],[-109.63659,40.01874],[-109.61969,40.00941],[-109.60681,39.97223],[-109.58778,39.95963],[-109.61144,39.92709],[-109.60282,39.88946],[-109.60548,39.86078],[-109.59055,39.81764],[-109.59384,39.80087],[-109.5867,39.79423],[-109.5923,39.76967],[-109.49855,39.73748],[-109.50124,39.7247],[-109.47603,39.70696],[-109.43107,39.69537],[-109.41464,39.66029],[-109.43451,39.62261],[-109.41547,39.60529],[-109.40851,39.5782],[-109.36039,39.54938],[-109.35797,39.52341],[-109.34502,39.50275],[-109.31335,39.48556],[-109.29657,39.4613],[-109.27583,39.45722],[-109.26191,39.44402],[-109.22268,39.44073],[-109.20894,39.45094],[-109.18598,39.45369],[-109.16584,39.44272],[-109.12866,39.45896],[-109.1235,39.45311],[-109.10954,39.45679],[-109.08769,39.49178],[-109.07691,39.48943],[-109.07258,39.49974],[-109.05193,39.49738],[-109.03703,39.51534],[-109.0262,39.51554],[-109.00853,39.53457],[-108.99503,39.56933],[-108.95339,39.58243],[-108.94166,39.60145],[-108.92122,39.59296],[-108.90662,39.62155],[-108.88525,39.62165],[-108.87994,39.6285],[-108.87285,39.61687],[-108.85286,39.62107],[-108.83458,39.60952],[-108.82497,39.61879],[-108.81102,39.59731],[-108.77169,39.60676],[-108.73664,39.59371],[-108.71664,39.60445],[-108.68029,39.60084],[-108.65479,39.62437],[-108.65254,39.65911],[-108.6293,39.65647],[-108.53951,39.69775],[-108.49541,39.68818],[-108.47368,39.69851],[-108.44628,39.68059],[-108.41055,39.68132],[-108.40226,39.66959],[-108.39528,39.67335],[-108.38071,39.66357],[-108.34708,39.65889],[-108.33836,39.64703],[-108.3171,39.64921],[-108.31125,39.63173],[-108.30386,39.63425],[-108.29329,39.62328],[-108.27039,39.64944],[-108.22576,39.65948],[-108.22516,39.65228],[-108.21463,39.65761],[-108.21133,39.64908],[-108.19799,39.64618],[-108.16564,39.65553],[-108.15453,39.65122],[-108.13967,39.6708],[-108.12272,39.67705],[-108.1054,39.66502],[-108.07325,39.67794],[-108.04673,39.65307],[-108.0207,39.66529],[-107.99565,39.64439],[-107.95129,39.64822],[-107.92618,39.65712],[-107.94671,39.6994],[-107.92384,39.70781],[-107.90359,39.74033],[-107.88098,39.7578],[-107.85256,39.76791],[-107.84823,39.78025],[-107.81291,39.77628],[-107.81485,39.7924],[-107.80806,39.79603],[-107.79247,39.78782],[-107.76654,39.7929],[-107.74387,39.78701],[-107.7411,39.80273],[-107.7015,39.81462],[-107.6995,39.82339],[-107.68083,39.80559],[-107.6652,39.81415],[-107.64986,39.80435],[-107.64033,39.8141],[-107.6325,39.80235],[-107.62684,39.80814],[-107.6151,39.79956],[-107.58571,39.8121],[-107.56935,39.84226],[-107.55057,39.84095],[-107.54492,39.83205],[-107.51153,39.83067],[-107.5034,39.84043],[-107.48866,39.84042],[-107.46902,39.81198],[-107.42039,39.80678],[-107.42731,39.7552],[-107.41001,39.74242],[-107.36601,39.75529],[-107.33906,39.78229],[-107.32941,39.77533],[-107.2881,39.7745],[-107.26659,39.78393],[-107.26197,39.79823],[-107.28498,39.79838],[-107.29127,39.81158],[-107.28354,39.82227],[-107.30338,39.82858],[-107.3042,39.83974],[-107.27568,39.85013],[-107.28691,39.87187],[-107.25673,39.87441],[-107.25871,39.88627],[-107.23452,39.90455],[-107.20956,39.89911],[-107.18087,39.90885],[-107.17455,39.91951],[-107.18492,39.92802],[-107.1721,39.95041],[-107.17112,39.97009],[-107.13722,39.97488],[-107.12877,40.00246],[-107.08341,40.01495],[-107.06508,40.00907],[-107.0569,39.99547],[-107.04388,40.02303],[-107.02063,40.03009],[-107.01298,40.04705],[-106.98603,40.07114],[-106.96734,40.06908],[-106.94425,40.07854],[-106.84698,40.05888],[-106.82333,40.06301],[-106.81812,40.0809],[-106.79814,40.09602],[-106.8007,40.12311],[-106.78575,40.13781],[-106.74761,40.12973],[-106.74121,40.11943],[-106.71725,40.11877],[-106.70897,40.10193],[-106.69422,40.10346],[-106.65958,40.13698],[-106.68059,40.15601],[-106.67499,40.16349],[-106.65835,40.15987],[-106.62593,40.17184],[-106.64008,40.1893],[-106.61805,40.19693],[-106.61849,40.20258],[-106.65725,40.22347],[-106.646,40.23097],[-106.60964,40.22424],[-106.58963,40.24281],[-106.60987,40.25558],[-106.6158,40.2773],[-106.65228,40.28984],[-106.66331,40.30097],[-106.6763,40.29818],[-106.68769,40.31565],[-106.65385,40.33659],[-106.6445,40.35004],[-106.65451,40.3682],[-106.63378,40.38463],[-106.64099,40.40232],[-106.65618,40.40876],[-106.6447,40.41153],[-106.65116,40.42139],[-106.6401,40.43292],[-106.65918,40.45883],[-106.65432,40.46761],[-106.66709,40.47259],[-106.6532,40.49382],[-106.65581,40.509],[-106.67388,40.52305],[-106.67048,40.53556],[-106.6975,40.55332],[-106.69228,40.56259],[-106.70232,40.57799],[-106.69419,40.59582],[-106.70627,40.61566],[-106.70369,40.62782],[-106.68686,40.63459],[-106.68017,40.64804],[-106.69227,40.65883],[-106.681,40.67553],[-106.68729,40.68292],[-106.66833,40.69572],[-106.66978,40.72899],[-106.67655,40.7368],[-106.66318,40.74362],[-106.66152,40.75368],[-106.66984,40.7618],[-106.63714,40.78956],[-106.63565,40.81161],[-106.66397,40.82832],[-106.66218,40.84298],[-106.65395,40.84565],[-106.6797,40.86981],[-106.68561,40.88532],[-106.73894,40.87123],[-106.74667,40.88224],[-106.74083,40.88988],[-106.76999,40.8966],[-106.7694,40.90424],[-106.80941,40.89969],[-106.80606,40.90631],[-106.82486,40.93204],[-106.83004,40.92411],[-106.85222,40.92517],[-106.87323,40.9742],[-106.85052,40.99038],[-106.86147,40.99662],[-106.85699,41.00413],[-106.87644,41.0045],[-106.89558,41.01804],[-106.92193,41.01276],[-106.93857,41.02081],[-106.91855,41.05893],[-106.88396,41.07467],[-106.90464,41.09176],[-106.95388,41.09642],[-106.96951,41.11632],[-106.97995,41.10964],[-107.01339,41.11729],[-106.97501,41.14861],[-106.98194,41.16858],[-107.04739,41.18897],[-107.06663,41.20323],[-107.08834,41.19967],[-107.1122,41.22634],[-107.12576,41.2257],[-107.1133,41.24832],[-107.14366,41.29008],[-107.16319,41.29757],[-107.13493,41.32862],[-107.16583,41.33364],[-107.15998,41.35789],[-107.16591,41.3658],[-107.18715,41.3652],[-107.21287,41.37725],[-107.20555,41.38613],[-107.21532,41.40393],[-107.24842,41.39801],[-107.28598,41.3751],[-107.30707,41.39091],[-107.34045,41.39977],[-107.33548,41.42026],[-107.34812,41.43579],[-107.30138,41.46685],[-107.32732,41.48175],[-107.31059,41.5159],[-107.32042,41.5339],[-107.35562,41.54438],[-107.40506,41.53294],[-107.42233,41.55197],[-107.43791,41.55267],[-107.48178,41.52805],[-107.50568,41.5427],[-107.51258,41.55968],[-107.53108,41.54907],[-107.54264,41.5282],[-107.57634,41.51253],[-107.58918,41.53813],[-107.62422,41.52069],[-107.63338,41.53485],[-107.66611,41.52336],[-107.67884,41.54074],[-107.72578,41.54942],[-107.72815,41.56699],[-107.77395,41.54686],[-107.79086,41.54704],[-107.84597,41.50655],[-107.87095,41.51064],[-107.88137,41.48633],[-107.89123,41.4833],[-107.93269,41.51249],[-107.95777,41.55046],[-107.96145,41.57153],[-108.01395,41.63017],[-108.07814,41.63542]]]}},{"type":"Feature","properties":{"huc6":"140600","name":"Lower Green","states":"CO,UT"},"geometry":{"type":"Polygon","coordinates":[[[-110.24784,40.83293],[-110.29477,40.83312],[-110.32029,40.82047],[-110.34314,40.82304],[-110.35482,40.8005],[-110.37439,40.7881],[-110.4108,40.78428],[-110.42424,40.79226],[-110.43259,40.77848],[-110.45715,40.78322],[-110.47255,40.77178],[-110.48714,40.78021],[-110.49986,40.76763],[-110.52367,40.76144],[-110.54705,40.77366],[-110.56104,40.75828],[-110.6071,40.75722],[-110.62517,40.76961],[-110.65662,40.74028],[-110.69059,40.74149],[-110.71323,40.75282],[-110.7214,40.74544],[-110.751,40.74757],[-110.80655,40.71163],[-110.8236,40.71047],[-110.84753,40.72536],[-110.89149,40.72841],[-110.88542,40.71578],[-110.90322,40.70656],[-110.90505,40.69399],[-110.89166,40.68052],[-110.90708,40.67476],[-110.91459,40.63986],[-110.94103,40.62877],[-110.93337,40.58628],[-110.9542,40.56805],[-110.97813,40.57207],[-110.9258,40.53701],[-110.9201,40.52082],[-110.95051,40.50393],[-110.97011,40.51737],[-110.99369,40.51509],[-110.99643,40.49989],[-111.02911,40.49041],[-111.02991,40.47661],[-111.03994,40.47325],[-111.09498,40.46239],[-111.10864,40.46797],[-111.14132,40.46282],[-111.18492,40.43847],[-111.17409,40.41442],[-111.18113,40.4082],[-111.20233,40.40758],[-111.22374,40.41869],[-111.23986,40.40598],[-111.24374,40.33564],[-111.25381,40.32413],[-111.24689,40.30442],[-111.25141,40.29783],[-111.27761,40.29788],[-111.29731,40.3103],[-111.31503,40.28755],[-111.2649,40.24239],[-111.27372,40.23595],[-111.27192,40.21907],[-111.22525,40.16646],[-111.23131,40.1479],[-111.22151,40.12469],[-111.24161,40.09173],[-111.23586,40.06967],[-111.24914,40.05572],[-111.23163,40.03568],[-111.20414,40.05081],[-111.19804,40.03163],[-111.17167,40.0107],[-111.16773,39.99058],[-111.14306,39.98696],[-111.11889,39.96773],[-111.1293,39.9472],[-111.0827,39.9394],[-111.08316,39.92652],[-111.11887,39.89553],[-111.15004,39.89273],[-111.14814,39.86638],[-111.15692,39.84156],[-111.1735,39.83],[-111.18113,39.79404],[-111.21573,39.80656],[-111.23822,39.82701],[-111.28824,39.83545],[-111.30233,39.85458],[-111.31736,39.8586],[-111.33395,39.84533],[-111.33313,39.8374],[-111.35718,39.83163],[-111.35883,39.78188],[-111.32271,39.76173],[-111.32149,39.7513],[-111.33666,39.73879],[-111.32383,39.71604],[-111.33011,39.70038],[-111.31336,39.68931],[-111.31278,39.6775],[-111.32924,39.66469],[-111.33114,39.64104],[-111.32918,39.62985],[-111.31048,39.61714],[-111.31419,39.60664],[-111.30676,39.59684],[-111.31682,39.57912],[-111.30481,39.56749],[-111.30883,39.56067],[-111.29654,39.53775],[-111.3018,39.51043],[-111.3251,39.48108],[-111.32034,39.45675],[-111.3596,39.43546],[-111.35875,39.42416],[-111.37486,39.41055],[-111.37101,39.40058],[-111.38345,39.39619],[-111.38451,39.38824],[-111.41165,39.36906],[-111.43247,39.3687],[-111.44408,39.35128],[-111.45214,39.3323],[-111.44081,39.31963],[-111.45044,39.30866],[-111.44142,39.29903],[-111.4485,39.28928],[-111.445,39.25515],[-111.45736,39.24028],[-111.46764,39.24828],[-111.4908,39.17666],[-111.48628,39.14252],[-111.46854,39.11335],[-111.45793,39.10916],[-111.45269,39.11555],[-111.37994,39.12362],[-111.28762,39.05106],[-111.24785,39.03788],[-111.23391,39.04627],[-111.21807,39.04356],[-111.20936,39.02645],[-111.21455,39.00994],[-111.19325,38.98436],[-111.18956,38.96376],[-111.15875,38.94681],[-111.14171,38.91331],[-111.12476,38.898],[-111.11029,38.9172],[-111.05085,38.9003],[-111.00341,38.9066],[-110.91427,38.8643],[-110.91638,38.85743],[-110.89604,38.84704],[-110.87231,38.83932],[-110.85391,38.84265],[-110.8213,38.81996],[-110.80911,38.82963],[-110.79201,38.82504],[-110.7887,38.80544],[-110.74799,38.77552],[-110.74294,38.75807],[-110.74976,38.74168],[-110.69545,38.70855],[-110.67647,38.67105],[-110.65809,38.65968],[-110.66967,38.61863],[-110.62698,38.59927],[-110.5994,38.59723],[-110.57812,38.56711],[-110.58278,38.55687],[-110.5508,38.52193],[-110.4926,38.53663],[-110.49001,38.51587],[-110.46169,38.52238],[-110.45417,38.50777],[-110.44367,38.5058],[-110.4487,38.49759],[-110.44236,38.48866],[-110.42281,38.49003],[-110.39809,38.5067],[-110.38176,38.50017],[-110.36644,38.50977],[-110.36093,38.49954],[-110.3476,38.49881],[-110.33982,38.47749],[-110.35542,38.46704],[-110.35662,38.44198],[-110.33558,38.42099],[-110.35775,38.38151],[-110.34771,38.36109],[-110.31366,38.37895],[-110.30128,38.37486],[-110.30153,38.31966],[-110.27862,38.29483],[-110.27802,38.28053],[-110.26,38.26927],[-110.21954,38.2629],[-110.21322,38.25202],[-110.17394,38.25492],[-110.15224,38.23945],[-110.14838,38.1846],[-110.13458,38.16843],[-110.12672,38.10425],[-110.11701,38.10166],[-110.10503,38.13269],[-110.06803,38.14777],[-110.0502,38.16707],[-110.02906,38.16418],[-109.97739,38.1844],[-109.95821,38.17853],[-109.92543,38.18829],[-109.91452,38.17622],[-109.89203,38.18508],[-109.88603,38.19039],[-109.8924,38.19549],[-109.8689,38.20971],[-109.86191,38.27358],[-109.87509,38.29031],[-109.85271,38.32037],[-109.86787,38.36022],[-109.86581,38.38874],[-109.83198,38.40518],[-109.81729,38.42281],[-109.8252,38.43582],[-109.81583,38.44109],[-109.82157,38.45837],[-109.80425,38.47919],[-109.80824,38.51069],[-109.78995,38.55387],[-109.79248,38.57993],[-109.80797,38.59057],[-109.80292,38.63387],[-109.85159,38.67067],[-109.82958,38.68287],[-109.82925,38.69233],[-109.84364,38.70378],[-109.82694,38.73967],[-109.78958,38.76707],[-109.78702,38.78283],[-109.7659,38.79474],[-109.77326,38.80761],[-109.73178,38.82641],[-109.69231,38.80528],[-109.6694,38.8176],[-109.71994,38.85203],[-109.70816,38.86459],[-109.69751,38.86435],[-109.69464,38.88635],[-109.68336,38.89385],[-109.67526,38.91998],[-109.70169,38.97741],[-109.68591,38.9935],[-109.68886,39.01464],[-109.67656,39.04036],[-109.68794,39.06488],[-109.68004,39.0786],[-109.68906,39.11046],[-109.72203,39.14714],[-109.71132,39.15798],[-109.657,39.17256],[-109.65322,39.18224],[-109.62942,39.17602],[-109.62387,39.19149],[-109.58645,39.22595],[-109.5549,39.23807],[-109.5589,39.25945],[-109.5467,39.29861],[-109.52183,39.30971],[-109.51376,39.33661],[-109.49942,39.33767],[-109.474,39.3609],[-109.45708,39.36143],[-109.44501,39.38971],[-109.42884,39.3969],[-109.42414,39.40869],[-109.39879,39.41944],[-109.39253,39.4126],[-109.36014,39.41478],[-109.34127,39.42356],[-109.33401,39.41658],[-109.2745,39.45265],[-109.29657,39.4613],[-109.31335,39.48556],[-109.33581,39.49286],[-109.35797,39.52341],[-109.36039,39.54938],[-109.40851,39.5782],[-109.41547,39.60529],[-109.43451,39.62261],[-109.41464,39.66029],[-109.43107,39.69537],[-109.47603,39.70696],[-109.50124,39.7247],[-109.49855,39.73748],[-109.5923,39.76967],[-109.5867,39.79423],[-109.59384,39.80087],[-109.59055,39.81764],[-109.60548,39.86078],[-109.60282,39.88946],[-109.61144,39.92709],[-109.58778,39.95963],[-109.60681,39.97223],[-109.61969,40.00941],[-109.63659,40.01874],[-109.63757,40.04136],[-109.67852,40.0626],[-109.62317,40.09938],[-109.59962,40.09937],[-109.59097,40.09039],[-109.56404,40.10139],[-109.52371,40.10501],[-109.50977,40.12965],[-109.48225,40.14811],[-109.47599,40.16798],[-109.42745,40.17934],[-109.40558,40.17149],[-109.36742,40.18353],[-109.33979,40.18199],[-109.27212,40.20774],[-109.26707,40.21705],[-109.21343,40.22007],[-109.11859,40.19109],[-109.0877,40.20863],[-109.06955,40.19582],[-109.06042,40.21376],[-109.04795,40.21846],[-109.04911,40.23306],[-109.0093,40.24587],[-108.98069,40.28765],[-108.94909,40.30145],[-108.92339,40.29904],[-108.90476,40.30723],[-108.94835,40.32828],[-108.94199,40.34222],[-108.94874,40.35078],[-109.02122,40.37107],[-109.01983,40.38134],[-109.03125,40.39397],[-109.02437,40.40314],[-109.03,40.41753],[-109.01857,40.43109],[-109.04114,40.44841],[-109.03862,40.46614],[-109.00953,40.49207],[-108.99622,40.49044],[-108.98408,40.49974],[-108.97406,40.52627],[-108.98632,40.5281],[-108.99652,40.57559],[-109.01688,40.58773],[-109.01278,40.6105],[-109.02518,40.61841],[-109.03262,40.63956],[-109.08877,40.65497],[-109.1059,40.65361],[-109.11822,40.63965],[-109.14379,40.6712],[-109.17992,40.66938],[-109.18801,40.68009],[-109.20756,40.67763],[-109.21267,40.68843],[-109.22324,40.67965],[-109.2452,40.6844],[-109.25428,40.69059],[-109.25882,40.73252],[-109.28589,40.73932],[-109.29053,40.72783],[-109.29823,40.73172],[-109.32782,40.71178],[-109.37343,40.71456],[-109.37738,40.74559],[-109.39517,40.7509],[-109.40902,40.79124],[-109.43395,40.77746],[-109.44063,40.76524],[-109.43653,40.75755],[-109.46874,40.7557],[-109.47307,40.74386],[-109.48439,40.73974],[-109.5164,40.75473],[-109.51335,40.8107],[-109.52846,40.8276],[-109.57159,40.81353],[-109.58163,40.82534],[-109.60001,40.81551],[-109.63202,40.81588],[-109.65319,40.7996],[-109.67663,40.79519],[-109.70207,40.80357],[-109.73203,40.79471],[-109.75287,40.80285],[-109.7649,40.78254],[-109.81522,40.77965],[-109.83482,40.7682],[-109.86985,40.76389],[-109.88305,40.77478],[-109.8931,40.77273],[-109.8969,40.78205],[-109.91302,40.78172],[-109.93194,40.79638],[-109.97109,40.81006],[-109.98804,40.80761],[-109.99365,40.81514],[-110.04312,40.82058],[-110.05226,40.81233],[-110.10298,40.80796],[-110.24784,40.83293]]]}},{"type":"Feature","properties":{"huc6":"140700","name":"Upper Colorado-Dirty Devil","states":"AZ,UT"},"geometry":{"type":"Polygon","coordinates":[[[-111.47272,39.12315],[-111.49872,39.11914],[-111.50427,39.0724],[-111.49802,39.06692],[-111.51634,39.05667],[-111.50856,39.04796],[-111.51179,39.02946],[-111.50311,39.00244],[-111.45053,38.99713],[-111.44093,38.96235],[-111.44159,38.95595],[-111.47343,38.94282],[-111.47372,38.9333],[-111.49861,38.90911],[-111.49232,38.90049],[-111.50055,38.88972],[-111.47032,38.86994],[-111.46928,38.85819],[-111.48947,38.82522],[-111.47574,38.79362],[-111.49115,38.76847],[-111.55065,38.75896],[-111.58382,38.73127],[-111.62108,38.74525],[-111.64786,38.71178],[-111.66776,38.71986],[-111.68966,38.7106],[-111.70305,38.68243],[-111.70324,38.65807],[-111.74079,38.61005],[-111.73861,38.58603],[-111.74694,38.58168],[-111.74629,38.56816],[-111.7718,38.55821],[-111.76259,38.52587],[-111.78422,38.51237],[-111.79587,38.51474],[-111.79944,38.50103],[-111.81799,38.48449],[-111.8098,38.47595],[-111.83794,38.42896],[-111.8631,38.40344],[-111.86004,38.37955],[-111.88221,38.36033],[-111.88133,38.34589],[-111.89505,38.32322],[-111.89532,38.31315],[-111.88875,38.31175],[-111.89316,38.29061],[-111.8584,38.2357],[-111.85,38.20719],[-111.88364,38.17524],[-111.88034,38.16314],[-111.89261,38.13311],[-111.8841,38.12903],[-111.86445,38.13989],[-111.84871,38.12403],[-111.83429,38.12854],[-111.82785,38.10767],[-111.8039,38.11256],[-111.7964,38.08919],[-111.77019,38.07766],[-111.71416,38.06916],[-111.72055,38.06068],[-111.71181,38.05645],[-111.72376,38.04684],[-111.71375,38.0367],[-111.71608,38.02119],[-111.73798,38.00021],[-111.72806,37.99032],[-111.72794,37.96383],[-111.74651,37.93883],[-111.77539,37.94949],[-111.79229,37.96973],[-111.81423,37.94978],[-111.86313,37.94494],[-111.86888,37.92896],[-111.88073,37.92708],[-111.87492,37.92065],[-111.89186,37.91465],[-111.87337,37.87935],[-111.88192,37.81334],[-111.8921,37.80007],[-111.87914,37.76607],[-111.87087,37.76272],[-111.87577,37.75424],[-111.86405,37.74873],[-111.8747,37.72885],[-111.90431,37.7309],[-111.93786,37.7149],[-111.95328,37.72335],[-111.96223,37.71199],[-111.97819,37.71584],[-111.98963,37.70426],[-111.99176,37.71278],[-112.00777,37.71276],[-112.03484,37.73861],[-112.05271,37.73553],[-112.07381,37.71362],[-112.0869,37.71054],[-112.09156,37.69175],[-112.11221,37.69948],[-112.14159,37.67935],[-112.13914,37.65872],[-112.14776,37.64521],[-112.16343,37.64243],[-112.16294,37.62822],[-112.17103,37.62068],[-112.15364,37.5971],[-112.17499,37.59729],[-112.18268,37.58514],[-112.19371,37.59427],[-112.23595,37.58511],[-112.23193,37.57439],[-112.26549,37.51427],[-112.24058,37.47422],[-112.26291,37.46164],[-112.27013,37.4407],[-112.31032,37.44585],[-112.32865,37.40984],[-112.31131,37.39483],[-112.31561,37.38309],[-112.30086,37.37968],[-112.29536,37.36826],[-112.29814,37.34547],[-112.31635,37.32906],[-112.28009,37.31528],[-112.28782,37.29035],[-112.27529,37.27167],[-112.27718,37.26133],[-112.23929,37.24263],[-112.23163,37.22547],[-112.23959,37.21471],[-112.21875,37.20188],[-112.21685,37.18813],[-112.20439,37.18138],[-112.20283,37.16464],[-112.22443,37.13512],[-112.2222,37.11231],[-112.19649,37.10403],[-112.18535,37.07914],[-112.11844,37.04493],[-112.10405,37.02301],[-112.1005,37.01329],[-112.11574,37.01175],[-112.12087,36.99522],[-112.11204,36.95972],[-112.1288,36.9406],[-112.12537,36.91543],[-112.11767,36.90893],[-112.11655,36.86648],[-112.05276,36.84353],[-112.01896,36.76951],[-111.9968,36.76098],[-111.9346,36.75947],[-111.9325,36.76834],[-111.92237,36.76874],[-111.90792,36.76215],[-111.90149,36.74511],[-111.8695,36.73903],[-111.84594,36.71867],[-111.83479,36.71806],[-111.8122,36.72598],[-111.78965,36.7702],[-111.74177,36.82127],[-111.71378,36.83211],[-111.68984,36.85461],[-111.67638,36.85228],[-111.67206,36.86956],[-111.65312,36.88805],[-111.60525,36.8589],[-111.58803,36.86409],[-111.59557,36.85514],[-111.58636,36.81761],[-111.59358,36.76476],[-111.60732,36.74579],[-111.61808,36.70467],[-111.63305,36.6979],[-111.62546,36.69541],[-111.61795,36.66178],[-111.60265,36.65982],[-111.58085,36.63105],[-111.56862,36.63543],[-111.55648,36.6249],[-111.56267,36.60563],[-111.57967,36.58957],[-111.56242,36.58731],[-111.55883,36.52967],[-111.54902,36.52884],[-111.50763,36.58939],[-111.47798,36.6079],[-111.47659,36.62093],[-111.4499,36.62945],[-111.43039,36.62606],[-111.41712,36.60019],[-111.39686,36.59575],[-111.3672,36.52047],[-111.34197,36.54074],[-111.32306,36.50091],[-111.30837,36.53019],[-111.30174,36.53067],[-111.29868,36.51742],[-111.28626,36.51895],[-111.28495,36.53862],[-111.26761,36.52955],[-111.25636,36.54159],[-111.20818,36.53229],[-111.18286,36.54207],[-111.17215,36.53434],[-111.14513,36.54988],[-111.14766,36.52522],[-111.12013,36.52674],[-111.09661,36.50362],[-111.07183,36.49909],[-111.04353,36.50624],[-111.00299,36.53499],[-110.99383,36.52647],[-110.96378,36.5379],[-110.93471,36.56569],[-110.93,36.5889],[-110.87272,36.58419],[-110.84201,36.60469],[-110.80902,36.60192],[-110.79701,36.64413],[-110.73746,36.68383],[-110.72687,36.68321],[-110.72575,36.69559],[-110.69385,36.72532],[-110.67527,36.7589],[-110.67254,36.77323],[-110.70555,36.77471],[-110.7171,36.78522],[-110.71567,36.80913],[-110.72896,36.81748],[-110.73583,36.83681],[-110.72267,36.85059],[-110.73511,36.86439],[-110.75275,36.8692],[-110.77191,36.88669],[-110.78667,36.88016],[-110.80559,36.89674],[-110.8432,36.89652],[-110.849,36.91237],[-110.87662,36.93132],[-110.85315,36.95476],[-110.83495,36.99483],[-110.83828,37.00552],[-110.86879,37.02963],[-110.88037,37.07775],[-110.90262,37.09036],[-110.8871,37.10502],[-110.8926,37.14262],[-110.88509,37.1622],[-110.89523,37.18271],[-110.88966,37.19099],[-110.85461,37.21701],[-110.82633,37.20706],[-110.82212,37.21728],[-110.80168,37.22349],[-110.79689,37.24721],[-110.78896,37.25224],[-110.75077,37.24272],[-110.65725,37.31286],[-110.6358,37.33933],[-110.60972,37.34007],[-110.58718,37.31788],[-110.56009,37.33525],[-110.53677,37.32829],[-110.52077,37.33388],[-110.46358,37.37325],[-110.44922,37.40989],[-110.42918,37.43282],[-110.39551,37.45757],[-110.38674,37.45621],[-110.36213,37.4834],[-110.34102,37.47607],[-110.33118,37.45903],[-110.30468,37.4643],[-110.28401,37.49321],[-110.27537,37.4928],[-110.2641,37.48025],[-110.23752,37.47612],[-110.21767,37.46028],[-110.20976,37.47453],[-110.19699,37.47882],[-110.20194,37.49167],[-110.19424,37.50452],[-110.16845,37.50006],[-110.16065,37.51267],[-110.14126,37.5108],[-110.11376,37.52693],[-110.09615,37.52487],[-110.05079,37.55602],[-110.00222,37.55757],[-109.97245,37.53998],[-109.94138,37.54031],[-109.90955,37.59818],[-109.84827,37.63225],[-109.85571,37.64486],[-109.81735,37.67803],[-109.80926,37.69839],[-109.81437,37.70667],[-109.8035,37.71104],[-109.80709,37.72118],[-109.78077,37.72434],[-109.7573,37.74048],[-109.77553,37.78284],[-109.78701,37.79079],[-109.77074,37.81278],[-109.79161,37.83198],[-109.78043,37.84462],[-109.78042,37.89925],[-109.79228,37.90643],[-109.78911,37.92169],[-109.80025,37.94635],[-109.81033,37.9477],[-109.79787,37.96093],[-109.81959,37.97402],[-109.80493,37.99069],[-109.80463,38.00318],[-109.81093,38.00969],[-109.80776,38.02204],[-109.81633,38.0257],[-109.80875,38.03779],[-109.81569,38.04476],[-109.81199,38.05732],[-109.82268,38.06614],[-109.81779,38.07958],[-109.83695,38.0871],[-109.84778,38.11946],[-109.88053,38.12546],[-109.87008,38.14405],[-109.88069,38.14924],[-109.87443,38.17131],[-109.88036,38.19022],[-109.91452,38.17622],[-109.92543,38.18829],[-109.95821,38.17853],[-109.97739,38.1844],[-110.02906,38.16418],[-110.0502,38.16707],[-110.06803,38.14777],[-110.10503,38.13269],[-110.11442,38.10338],[-110.12672,38.10425],[-110.13458,38.16843],[-110.14838,38.1846],[-110.15224,38.23945],[-110.17394,38.25492],[-110.21322,38.25202],[-110.21954,38.2629],[-110.26,38.26927],[-110.27802,38.28053],[-110.27862,38.29483],[-110.30153,38.31966],[-110.30128,38.37486],[-110.31366,38.37895],[-110.34525,38.35988],[-110.35224,38.36895],[-110.35775,38.38151],[-110.35183,38.40053],[-110.33558,38.42099],[-110.35662,38.44198],[-110.35542,38.46704],[-110.33982,38.47749],[-110.3476,38.49881],[-110.36093,38.49954],[-110.36644,38.50977],[-110.38176,38.50017],[-110.39809,38.5067],[-110.42281,38.49003],[-110.44236,38.48866],[-110.4487,38.49759],[-110.44367,38.5058],[-110.45417,38.50777],[-110.46169,38.52238],[-110.49001,38.51587],[-110.4926,38.53663],[-110.5508,38.52193],[-110.58278,38.55687],[-110.57812,38.56711],[-110.5994,38.59723],[-110.62698,38.59927],[-110.66967,38.61863],[-110.65809,38.65968],[-110.67647,38.67105],[-110.69545,38.70855],[-110.74976,38.74168],[-110.74294,38.75807],[-110.74799,38.77552],[-110.7887,38.80544],[-110.79201,38.82504],[-110.80911,38.82963],[-110.8213,38.81996],[-110.85391,38.84265],[-110.87231,38.83932],[-110.89604,38.84704],[-110.91638,38.85743],[-110.91427,38.8643],[-111.00341,38.9066],[-111.05085,38.9003],[-111.11029,38.9172],[-111.12476,38.898],[-111.14171,38.91331],[-111.15875,38.94681],[-111.18956,38.96376],[-111.19325,38.98436],[-111.21455,39.00994],[-111.20936,39.02645],[-111.21807,39.04356],[-111.23391,39.04627],[-111.24785,39.03788],[-111.28762,39.05106],[-111.37994,39.12362],[-111.45269,39.11555],[-111.45961,39.10913],[-111.47272,39.12315]]]}},{"type":"Feature","properties":{"huc6":"140802","name":"Lower San Juan","states":"AZ,CO,NM,UT"},"geometry":{"type":"Polygon","coordinates":[[[-109.3087,37.9811],[-109.33914,37.95763],[-109.38054,37.95572],[-109.47231,37.90514],[-109.47308,37.88738],[-109.49548,37.871],[-109.49444,37.8565],[-109.4738,37.85972],[-109.47445,37.84105],[-109.5033,37.83551],[-109.51198,37.82689],[-109.53421,37.82266],[-109.55849,37.83538],[-109.57031,37.8304],[-109.59206,37.83823],[-109.60751,37.83028],[-109.6221,37.84603],[-109.63904,37.82443],[-109.64366,37.83291],[-109.71999,37.82302],[-109.73784,37.84743],[-109.78961,37.83135],[-109.77074,37.81278],[-109.78701,37.79079],[-109.77553,37.78284],[-109.7573,37.74048],[-109.78077,37.72434],[-109.80709,37.72118],[-109.8035,37.71104],[-109.81437,37.70667],[-109.80926,37.69839],[-109.81735,37.67803],[-109.85571,37.64486],[-109.84827,37.63225],[-109.90955,37.59818],[-109.94138,37.54031],[-109.97245,37.53998],[-110.00222,37.55757],[-110.05079,37.55602],[-110.09615,37.52487],[-110.11376,37.52693],[-110.14126,37.5108],[-110.16065,37.51267],[-110.16845,37.50006],[-110.19424,37.50452],[-110.20194,37.49167],[-110.19699,37.47882],[-110.20976,37.47453],[-110.21767,37.46028],[-110.23752,37.47612],[-110.2641,37.48025],[-110.27537,37.4928],[-110.28401,37.49321],[-110.30468,37.4643],[-110.33118,37.45903],[-110.34102,37.47607],[-110.36213,37.4834],[-110.38674,37.45621],[-110.39551,37.45757],[-110.42918,37.43282],[-110.44922,37.40989],[-110.46358,37.37325],[-110.52077,37.33388],[-110.53677,37.32829],[-110.56009,37.33525],[-110.58718,37.31788],[-110.60972,37.34007],[-110.6358,37.33933],[-110.65725,37.31286],[-110.75077,37.24272],[-110.78896,37.25224],[-110.79689,37.24721],[-110.80168,37.22349],[-110.82212,37.21728],[-110.82633,37.20706],[-110.85917,37.2155],[-110.89523,37.18271],[-110.88509,37.1622],[-110.8926,37.14262],[-110.88631,37.11249],[-110.90262,37.09036],[-110.88037,37.07775],[-110.86879,37.02963],[-110.83828,37.00552],[-110.83495,36.99483],[-110.85315,36.95476],[-110.87662,36.93132],[-110.849,36.91237],[-110.8432,36.89652],[-110.80559,36.89674],[-110.78667,36.88016],[-110.77191,36.88669],[-110.72581,36.85589],[-110.72482,36.84475],[-110.73583,36.83681],[-110.72896,36.81748],[-110.71567,36.80913],[-110.71768,36.78655],[-110.70555,36.77471],[-110.67254,36.77323],[-110.64439,36.79222],[-110.63869,36.77943],[-110.61026,36.77453],[-110.59326,36.79322],[-110.57485,36.79244],[-110.57606,36.7791],[-110.56245,36.77011],[-110.58673,36.74126],[-110.58495,36.73112],[-110.56467,36.71502],[-110.56225,36.70407],[-110.55074,36.70087],[-110.55535,36.68743],[-110.54165,36.68683],[-110.54067,36.67093],[-110.52875,36.67214],[-110.51371,36.65713],[-110.50945,36.61695],[-110.49098,36.58176],[-110.50305,36.55375],[-110.48908,36.54815],[-110.47643,36.55265],[-110.45081,36.61402],[-110.39909,36.65098],[-110.36058,36.64604],[-110.33066,36.66134],[-110.30673,36.64356],[-110.26339,36.65166],[-110.2422,36.62231],[-110.23703,36.59575],[-110.2083,36.58557],[-110.20405,36.57139],[-110.21436,36.5532],[-110.21378,36.52851],[-110.19958,36.5282],[-110.19625,36.51383],[-110.18368,36.51718],[-110.16969,36.4893],[-110.12124,36.46844],[-110.08462,36.47325],[-110.07031,36.45301],[-110.05542,36.45634],[-110.05911,36.46455],[-110.04687,36.45679],[-110.0376,36.46171],[-110.03562,36.48074],[-110.01013,36.46777],[-110.00742,36.45554],[-109.96475,36.44254],[-109.95024,36.42086],[-109.92894,36.4212],[-109.93075,36.39605],[-109.91615,36.38475],[-109.88657,36.38479],[-109.87736,36.3735],[-109.83647,36.37693],[-109.84194,36.36151],[-109.82846,36.34783],[-109.82749,36.31645],[-109.80915,36.29862],[-109.81105,36.26391],[-109.84656,36.23381],[-109.85022,36.20547],[-109.87237,36.18757],[-109.88154,36.1888],[-109.92017,36.15133],[-109.91856,36.13707],[-109.95365,36.11331],[-109.9591,36.09119],[-109.94699,36.04046],[-109.90472,36.02549],[-109.90124,35.9985],[-109.87126,35.95583],[-109.85474,35.88986],[-109.83448,35.87233],[-109.83065,35.85676],[-109.85452,35.85338],[-109.8569,35.82107],[-109.84582,35.81648],[-109.84488,35.80381],[-109.83523,35.80604],[-109.82447,35.79337],[-109.80458,35.79803],[-109.78875,35.78745],[-109.79586,35.77993],[-109.78917,35.77048],[-109.76387,35.76708],[-109.75493,35.7512],[-109.72165,35.75861],[-109.71682,35.73601],[-109.70015,35.73682],[-109.67795,35.76211],[-109.66245,35.76836],[-109.65923,35.747],[-109.62367,35.74191],[-109.57947,35.76827],[-109.54832,35.81953],[-109.52886,35.79855],[-109.51089,35.79242],[-109.45835,35.82314],[-109.43733,35.8158],[-109.4057,35.85249],[-109.34115,35.89643],[-109.30494,35.89165],[-109.27218,35.89976],[-109.2597,35.88131],[-109.2407,35.89154],[-109.20564,35.88123],[-109.19881,35.9034],[-109.16041,35.93872],[-109.12746,35.94573],[-109.10512,35.96649],[-109.09156,35.98955],[-109.09924,36.0081],[-109.07047,36.02505],[-109.04477,36.03355],[-109.0203,36.00323],[-109.0178,35.9951],[-109.02592,35.98727],[-108.98702,35.98888],[-108.97217,35.9808],[-108.94588,35.98662],[-108.93922,35.99992],[-108.91958,36.00634],[-108.90249,36.02727],[-108.89273,36.06524],[-108.85722,36.06249],[-108.85293,36.08626],[-108.87039,36.09376],[-108.86619,36.10915],[-108.90204,36.11574],[-108.92185,36.09941],[-108.94373,36.10226],[-108.9357,36.11521],[-108.93911,36.12948],[-108.96273,36.14976],[-108.94722,36.16175],[-108.94665,36.18718],[-108.94007,36.19235],[-108.94324,36.21528],[-108.95029,36.21963],[-108.93504,36.22801],[-108.94989,36.23227],[-108.94561,36.24035],[-108.9525,36.25485],[-108.97156,36.25144],[-108.95601,36.28344],[-108.98333,36.30247],[-108.97884,36.3204],[-109.00267,36.32778],[-109.0382,36.31093],[-109.06452,36.31128],[-109.04445,36.32798],[-109.04275,36.3483],[-109.07565,36.36536],[-109.05478,36.39668],[-109.06239,36.39966],[-109.05965,36.41308],[-109.08615,36.4235],[-109.07769,36.43861],[-109.09278,36.45992],[-109.11118,36.4607],[-109.11761,36.4687],[-109.14852,36.46617],[-109.15905,36.4799],[-109.17309,36.47888],[-109.17546,36.49352],[-109.19952,36.50236],[-109.23434,36.49789],[-109.27456,36.52263],[-109.27711,36.53888],[-109.29452,36.55995],[-109.26744,36.58173],[-109.2773,36.58673],[-109.26675,36.63146],[-109.2741,36.64657],[-109.24209,36.69358],[-109.25969,36.72005],[-109.24895,36.72894],[-109.24032,36.72458],[-109.20729,36.74787],[-109.2077,36.77296],[-109.18746,36.77296],[-109.17364,36.79355],[-109.12877,36.79844],[-109.12067,36.83724],[-109.07988,36.87264],[-109.07184,36.90827],[-109.08011,36.92304],[-109.07085,36.93727],[-109.05392,36.93969],[-109.04888,36.95231],[-109.00913,36.97158],[-108.99794,36.98553],[-108.97277,36.97183],[-108.98019,36.98266],[-108.9722,36.99541],[-108.98063,37.01076],[-108.97666,37.01793],[-108.92754,37.05484],[-108.91546,37.08554],[-108.86329,37.09821],[-108.84991,37.11311],[-108.8223,37.17388],[-108.79362,37.1956],[-108.80844,37.21438],[-108.80271,37.23172],[-108.81603,37.23903],[-108.80899,37.24966],[-108.81872,37.26022],[-108.81508,37.2698],[-108.79128,37.2721],[-108.7772,37.28426],[-108.75961,37.26862],[-108.69957,37.26545],[-108.67226,37.27288],[-108.6368,37.25816],[-108.62414,37.24214],[-108.61046,37.24263],[-108.60729,37.2522],[-108.56976,37.2659],[-108.52616,37.26371],[-108.48667,37.27827],[-108.45003,37.2788],[-108.43936,37.2833],[-108.4405,37.30426],[-108.41917,37.31138],[-108.41711,37.3374],[-108.40228,37.3576],[-108.39792,37.39629],[-108.3861,37.40439],[-108.39212,37.42333],[-108.41426,37.43909],[-108.44449,37.44212],[-108.45846,37.43418],[-108.50891,37.46057],[-108.525,37.4558],[-108.554,37.47968],[-108.5535,37.49132],[-108.58669,37.49121],[-108.59478,37.52799],[-108.59095,37.55091],[-108.60887,37.56012],[-108.60107,37.57349],[-108.6136,37.59254],[-108.63308,37.58605],[-108.65978,37.59698],[-108.69119,37.58614],[-108.71879,37.60272],[-108.73201,37.59547],[-108.7521,37.61167],[-108.7463,37.62548],[-108.75509,37.63026],[-108.75858,37.65415],[-108.74781,37.67131],[-108.76151,37.67547],[-108.77475,37.72127],[-108.77051,37.74458],[-108.75715,37.76362],[-108.76776,37.76509],[-108.78255,37.78719],[-108.81763,37.75686],[-108.88019,37.78349],[-108.88217,37.81024],[-108.85549,37.82277],[-108.84571,37.84721],[-108.8274,37.8586],[-108.83726,37.87497],[-108.83528,37.91577],[-108.85811,37.91218],[-108.86652,37.9316],[-108.89379,37.92335],[-108.90657,37.93687],[-108.92617,37.9245],[-108.93704,37.93399],[-108.97051,37.90733],[-108.98157,37.91086],[-108.98131,37.91934],[-109.00249,37.93737],[-109.00324,37.96218],[-109.0319,37.95444],[-109.03354,37.93162],[-109.04688,37.92146],[-109.10336,37.91624],[-109.12907,37.90094],[-109.13729,37.88566],[-109.17001,37.87642],[-109.20424,37.88724],[-109.21552,37.90345],[-109.23923,37.9035],[-109.25661,37.93043],[-109.27846,37.92393],[-109.27073,37.95185],[-109.3087,37.9811]]]}},{"type":"Feature","properties":{"huc6":"150100","name":"Lower Colorado-Lake Mead","states":"AZ,NV,UT"},"geometry":{"type":"Polygon","coordinates":[[[-115.07732,39.29844],[-115.0894,39.29811],[-115.09271,39.28433],[-115.10268,39.27943],[-115.10146,39.26099],[-115.11831,39.25296],[-115.10695,39.2223],[-115.11273,39.20986],[-115.15589,39.19407],[-115.16402,39.18016],[-115.18832,39.16629],[-115.19914,39.14076],[-115.23833,39.11595],[-115.25202,39.09577],[-115.28092,39.0787],[-115.31178,39.08495],[-115.33225,39.07435],[-115.38,39.11407],[-115.39882,39.10603],[-115.40228,39.09092],[-115.41821,39.09021],[-115.40211,39.03129],[-115.42266,39.02041],[-115.41606,38.98636],[-115.43521,38.95247],[-115.42465,38.90925],[-115.41281,38.90015],[-115.40303,38.9116],[-115.38338,38.90769],[-115.37435,38.91377],[-115.33302,38.8745],[-115.31601,38.86984],[-115.32143,38.85076],[-115.28241,38.81711],[-115.30989,38.7955],[-115.29269,38.76932],[-115.31078,38.74338],[-115.29922,38.72499],[-115.31477,38.6906],[-115.29658,38.67019],[-115.30391,38.6525],[-115.29372,38.63552],[-115.30442,38.63018],[-115.30552,38.61301],[-115.32538,38.59654],[-115.33016,38.58172],[-115.35831,38.55626],[-115.37007,38.55539],[-115.38222,38.50803],[-115.39653,38.50627],[-115.3747,38.47776],[-115.35964,38.47832],[-115.36667,38.46667],[-115.3588,38.44603],[-115.37465,38.43302],[-115.45472,38.40563],[-115.46523,38.39689],[-115.46676,38.3817],[-115.49461,38.37187],[-115.50096,38.34903],[-115.49194,38.32917],[-115.42393,38.31714],[-115.36159,38.26602],[-115.32124,38.26234],[-115.29984,38.2519],[-115.30402,38.21615],[-115.272,38.20774],[-115.2732,38.19666],[-115.23827,38.17083],[-115.23505,38.15508],[-115.21246,38.15485],[-115.21581,38.14648],[-115.19532,38.13854],[-115.184,38.12052],[-115.15174,38.11596],[-115.13449,38.10315],[-115.13229,38.07785],[-115.10277,38.05907],[-115.0967,38.01966],[-115.08282,38.00559],[-115.10316,37.97833],[-115.1246,37.97939],[-115.13251,37.97017],[-115.148,37.94095],[-115.13588,37.93187],[-115.14578,37.89841],[-115.16906,37.88729],[-115.17718,37.89257],[-115.19106,37.88177],[-115.19439,37.8583],[-115.18129,37.84223],[-115.21123,37.82256],[-115.2332,37.82952],[-115.26098,37.80865],[-115.2857,37.7334],[-115.27133,37.71317],[-115.27852,37.70285],[-115.3439,37.69714],[-115.35631,37.68383],[-115.37797,37.67987],[-115.41452,37.62216],[-115.40945,37.60412],[-115.4174,37.59161],[-115.41444,37.57255],[-115.43225,37.55463],[-115.41717,37.54675],[-115.43524,37.51257],[-115.4218,37.49931],[-115.42372,37.45857],[-115.40299,37.43974],[-115.38776,37.44152],[-115.3839,37.43326],[-115.35649,37.42373],[-115.3398,37.39763],[-115.33578,37.36469],[-115.35104,37.34387],[-115.34708,37.32346],[-115.32133,37.30284],[-115.32696,37.29764],[-115.29596,37.2639],[-115.25946,37.17953],[-115.26124,37.15192],[-115.24477,37.15636],[-115.24267,37.1703],[-115.21744,37.17003],[-115.19034,37.15413],[-115.17593,37.13501],[-115.15187,37.1342],[-115.13709,37.12239],[-115.13987,37.10564],[-115.13033,37.081],[-115.14012,37.05219],[-115.1232,37.02107],[-115.12649,36.97808],[-115.11142,36.93953],[-115.11615,36.92211],[-115.10399,36.89006],[-115.1103,36.85671],[-115.10171,36.83766],[-115.11155,36.82637],[-115.10387,36.81918],[-115.111,36.78758],[-115.12811,36.76138],[-115.12404,36.75561],[-115.15426,36.71954],[-115.15538,36.70853],[-115.17847,36.69488],[-115.20636,36.69937],[-115.23452,36.71892],[-115.27797,36.71678],[-115.31451,36.7403],[-115.34052,36.73379],[-115.34543,36.74761],[-115.42109,36.72929],[-115.46283,36.74547],[-115.46704,36.75649],[-115.49483,36.76358],[-115.53656,36.74464],[-115.53196,36.73478],[-115.54578,36.71913],[-115.54353,36.68758],[-115.57143,36.65323],[-115.56171,36.6498],[-115.57209,36.64205],[-115.57004,36.62432],[-115.60023,36.60049],[-115.61762,36.60042],[-115.61193,36.57907],[-115.66679,36.50381],[-115.65688,36.49185],[-115.67391,36.46812],[-115.68589,36.42187],[-115.68298,36.39614],[-115.69723,36.35167],[-115.69176,36.32944],[-115.70596,36.32484],[-115.68961,36.28747],[-115.69511,36.26654],[-115.64685,36.23238],[-115.61212,36.24154],[-115.57746,36.20234],[-115.5439,36.19598],[-115.53129,36.18398],[-115.54298,36.13963],[-115.5328,36.13077],[-115.52017,36.13388],[-115.52305,36.11126],[-115.49356,36.07537],[-115.49419,36.05665],[-115.48285,36.04475],[-115.48364,36.0252],[-115.51354,36.01085],[-115.50816,35.99905],[-115.52726,35.99116],[-115.51737,35.97058],[-115.4571,35.95196],[-115.43921,35.96048],[-115.43234,35.95659],[-115.42566,35.92849],[-115.40692,35.92689],[-115.38663,35.88396],[-115.36411,35.86798],[-115.3386,35.88719],[-115.34239,35.89647],[-115.32782,35.89493],[-115.32493,35.90109],[-115.30029,35.88697],[-115.26921,35.89025],[-115.25195,35.87362],[-115.24331,35.87649],[-115.2289,35.8626],[-115.20621,35.85673],[-115.19994,35.8678],[-115.18001,35.8699],[-115.16864,35.88349],[-115.13398,35.88391],[-115.12381,35.88155],[-115.12647,35.86249],[-115.09778,35.8269],[-115.08181,35.8314],[-115.07087,35.85646],[-115.04572,35.86842],[-115.03995,35.88114],[-115.04646,35.89973],[-115.04406,35.93975],[-115.0312,35.96205],[-114.9905,35.96679],[-114.94515,35.95584],[-114.91459,35.98413],[-114.90206,35.98031],[-114.87723,35.99909],[-114.86375,35.99784],[-114.86346,35.98821],[-114.84596,35.97765],[-114.82467,35.9795],[-114.80967,35.98431],[-114.80639,35.99355],[-114.78775,35.99628],[-114.77633,36.01519],[-114.76634,36.01295],[-114.74663,36.02406],[-114.73677,36.00815],[-114.73064,36.01634],[-114.71934,36.00731],[-114.67461,36.00833],[-114.63226,36.04321],[-114.6119,35.99657],[-114.59181,35.97822],[-114.59193,35.95841],[-114.6053,35.94642],[-114.58436,35.87],[-114.58616,35.85174],[-114.56898,35.83815],[-114.58103,35.81636],[-114.56885,35.77697],[-114.57595,35.74567],[-114.57149,35.72852],[-114.56076,35.72702],[-114.56539,35.72056],[-114.55517,35.70499],[-114.54011,35.70102],[-114.53973,35.65737],[-114.51473,35.60463],[-114.52085,35.58168],[-114.50789,35.56931],[-114.51247,35.53149],[-114.50239,35.49452],[-114.51279,35.47652],[-114.50917,35.46158],[-114.50479,35.44703],[-114.48574,35.45117],[-114.45958,35.4352],[-114.45328,35.417],[-114.44082,35.40813],[-114.43874,35.37948],[-114.42396,35.35772],[-114.42434,35.33411],[-114.409,35.30373],[-114.41336,35.2687],[-114.40537,35.25105],[-114.38554,35.25347],[-114.38045,35.27407],[-114.39304,35.29978],[-114.3915,35.31548],[-114.37095,35.3237],[-114.37003,35.35664],[-114.35518,35.36146],[-114.3447,35.35315],[-114.32035,35.36684],[-114.30543,35.35739],[-114.28183,35.36701],[-114.242,35.39734],[-114.21972,35.42749],[-114.20883,35.43027],[-114.20479,35.44803],[-114.16614,35.46164],[-114.16872,35.45297],[-114.15059,35.41581],[-114.11107,35.37289],[-114.12131,35.34471],[-114.11994,35.32367],[-114.1068,35.30846],[-114.11394,35.29218],[-114.11011,35.27623],[-114.07528,35.25335],[-114.07432,35.23974],[-114.06119,35.22629],[-114.06516,35.21611],[-114.04435,35.19854],[-113.95233,35.15913],[-113.92534,35.16394],[-113.91446,35.13442],[-113.87898,35.1088],[-113.85605,35.1319],[-113.82171,35.1364],[-113.81204,35.15493],[-113.79498,35.166],[-113.78707,35.18404],[-113.79138,35.20072],[-113.76257,35.21926],[-113.77482,35.23305],[-113.76524,35.26278],[-113.77407,35.28442],[-113.7683,35.29636],[-113.74809,35.28137],[-113.71228,35.27293],[-113.66702,35.27837],[-113.58839,35.29101],[-113.57753,35.31981],[-113.56353,35.32268],[-113.5116,35.29345],[-113.4662,35.31542],[-113.46359,35.32114],[-113.47401,35.32656],[-113.45994,35.33712],[-113.46607,35.36356],[-113.41728,35.35025],[-113.40822,35.35688],[-113.41095,35.36332],[-113.36477,35.38693],[-113.34068,35.38857],[-113.32769,35.39815],[-113.31666,35.39429],[-113.30206,35.4034],[-113.28561,35.39649],[-113.26352,35.40652],[-113.25732,35.42126],[-113.23435,35.43979],[-113.20093,35.45184],[-113.18252,35.44695],[-113.19485,35.46379],[-113.18774,35.47842],[-113.20071,35.50977],[-113.17989,35.53639],[-113.20131,35.58516],[-113.21544,35.59966],[-113.19697,35.61296],[-113.19067,35.63495],[-113.17673,35.63516],[-113.1524,35.66541],[-113.12237,35.64235],[-113.12022,35.66876],[-113.13059,35.67091],[-113.14829,35.69701],[-113.16879,35.70309],[-113.16353,35.74878],[-113.17891,35.75537],[-113.17282,35.77187],[-113.15825,35.78066],[-113.14483,35.838],[-113.09936,35.86652],[-113.0783,35.84526],[-113.05433,35.84653],[-113.04139,35.83695],[-113.02589,35.80086],[-113.0062,35.78577],[-113.00456,35.7683],[-113.0154,35.7595],[-113.00235,35.74118],[-113.01404,35.72843],[-113.00694,35.69121],[-112.99254,35.68878],[-113.00598,35.6681],[-113.00235,35.6586],[-112.98937,35.65749],[-112.9898,35.64239],[-112.956,35.6515],[-112.92983,35.64035],[-112.92076,35.65533],[-112.9058,35.65516],[-112.88208,35.66966],[-112.8618,35.66651],[-112.84741,35.63031],[-112.86296,35.61395],[-112.86052,35.60757],[-112.84828,35.60832],[-112.84935,35.60053],[-112.83145,35.58349],[-112.83113,35.56332],[-112.80468,35.53652],[-112.77321,35.55107],[-112.77374,35.55957],[-112.76625,35.55558],[-112.75808,35.51712],[-112.7732,35.4961],[-112.74138,35.45357],[-112.72838,35.44904],[-112.68714,35.47071],[-112.64273,35.45212],[-112.63283,35.45851],[-112.60222,35.44399],[-112.5868,35.45222],[-112.56005,35.45024],[-112.54398,35.4383],[-112.53438,35.45807],[-112.50173,35.45662],[-112.4967,35.46783],[-112.47484,35.45839],[-112.45781,35.48919],[-112.42916,35.49188],[-112.40538,35.47995],[-112.36895,35.5005],[-112.35073,35.49593],[-112.34145,35.47175],[-112.32263,35.45409],[-112.33762,35.42324],[-112.31575,35.38949],[-112.32334,35.37584],[-112.29847,35.35701],[-112.2983,35.34343],[-112.2838,35.337],[-112.29971,35.32045],[-112.27251,35.29482],[-112.27008,35.27882],[-112.24303,35.2657],[-112.2477,35.25033],[-112.24019,35.24019],[-112.24721,35.23613],[-112.20765,35.19983],[-112.14695,35.18294],[-112.13117,35.20565],[-112.09723,35.22353],[-112.10453,35.26288],[-112.07594,35.28251],[-112.083,35.28492],[-112.08389,35.30061],[-112.06421,35.31469],[-112.0229,35.32109],[-112.00518,35.34181],[-111.9761,35.32447],[-111.94197,35.34443],[-111.92491,35.34402],[-111.90494,35.32297],[-111.87866,35.35203],[-111.84321,35.35889],[-111.83741,35.36824],[-111.80827,35.37717],[-111.76647,35.37551],[-111.87544,35.4189],[-111.88255,35.45735],[-111.91645,35.46928],[-111.93018,35.487],[-111.9247,35.51087],[-111.94478,35.54413],[-111.93188,35.57284],[-111.9367,35.59652],[-111.95892,35.61666],[-111.93282,35.63651],[-111.91063,35.64266],[-111.86451,35.69252],[-111.8619,35.70437],[-111.88115,35.73517],[-111.86837,35.7547],[-111.87885,35.78386],[-111.85896,35.79865],[-111.8661,35.81889],[-111.85399,35.82823],[-111.84206,35.85895],[-111.86276,35.88009],[-111.86662,35.89741],[-111.89595,35.90047],[-111.91772,35.93302],[-111.95275,35.94944],[-111.96224,35.97419],[-111.94149,35.98262],[-111.91062,36.01441],[-111.8885,36.00821],[-111.87563,36.02716],[-111.86363,36.01908],[-111.82864,36.04158],[-111.82124,36.03604],[-111.80522,36.04135],[-111.81289,36.05991],[-111.78603,36.12093],[-111.80295,36.15137],[-111.80012,36.19214],[-111.78402,36.2213],[-111.77264,36.2264],[-111.77967,36.23491],[-111.75914,36.25366],[-111.74466,36.29296],[-111.71652,36.32381],[-111.6283,36.37288],[-111.59119,36.35412],[-111.58202,36.37333],[-111.56766,36.3769],[-111.56953,36.38601],[-111.54946,36.374],[-111.53725,36.39058],[-111.5108,36.39656],[-111.50613,36.41224],[-111.52133,36.43025],[-111.5295,36.42972],[-111.53276,36.46114],[-111.54176,36.47335],[-111.54846,36.50141],[-111.54215,36.52675],[-111.56225,36.53281],[-111.55689,36.55808],[-111.56242,36.58731],[-111.57967,36.58957],[-111.56267,36.60563],[-111.55648,36.6249],[-111.56862,36.63543],[-111.58085,36.63105],[-111.60265,36.65982],[-111.61795,36.66178],[-111.62546,36.69541],[-111.63305,36.6979],[-111.61808,36.70467],[-111.60732,36.74579],[-111.59358,36.76476],[-111.58636,36.81761],[-111.59557,36.85514],[-111.58803,36.86409],[-111.60525,36.8589],[-111.65655,36.88831],[-111.67638,36.85228],[-111.68984,36.85461],[-111.71378,36.83211],[-111.74177,36.82127],[-111.78965,36.7702],[-111.8122,36.72598],[-111.83479,36.71806],[-111.84594,36.71867],[-111.8695,36.73903],[-111.90149,36.74511],[-111.90792,36.76215],[-111.92237,36.76874],[-111.9325,36.76834],[-111.9346,36.75947],[-111.9968,36.76098],[-112.01896,36.76951],[-112.05276,36.84353],[-112.11655,36.86648],[-112.11767,36.90893],[-112.12537,36.91543],[-112.1288,36.9406],[-112.11204,36.95972],[-112.12087,36.99522],[-112.11574,37.01175],[-112.1005,37.01329],[-112.10405,37.02301],[-112.11844,37.04493],[-112.18535,37.07914],[-112.19649,37.10403],[-112.2222,37.11231],[-112.22443,37.13512],[-112.20283,37.16464],[-112.20439,37.18138],[-112.21685,37.18813],[-112.21875,37.20188],[-112.23959,37.21471],[-112.23163,37.22547],[-112.23929,37.24263],[-112.27718,37.26133],[-112.27529,37.27167],[-112.28782,37.29035],[-112.28009,37.31528],[-112.29678,37.32625],[-112.31512,37.32598],[-112.29814,37.34547],[-112.29536,37.36826],[-112.30086,37.37968],[-112.31561,37.38309],[-112.31131,37.39483],[-112.32865,37.40984],[-112.32311,37.42091],[-112.34818,37.42034],[-112.37107,37.40423],[-112.39975,37.41584],[-112.3852,37.42485],[-112.40146,37.43982],[-112.38544,37.45195],[-112.37156,37.47807],[-112.38593,37.50224],[-112.40471,37.49212],[-112.42158,37.49862],[-112.44124,37.4938],[-112.47528,37.47174],[-112.51177,37.49014],[-112.53402,37.48689],[-112.54328,37.49634],[-112.56858,37.49672],[-112.56717,37.4853],[-112.59626,37.46365],[-112.61451,37.46139],[-112.62953,37.4331],[-112.6427,37.4298],[-112.64039,37.41791],[-112.64948,37.40478],[-112.65661,37.42053],[-112.68318,37.42372],[-112.69237,37.4125],[-112.70421,37.4185],[-112.73019,37.49155],[-112.77393,37.51222],[-112.81539,37.5148],[-112.8243,37.54442],[-112.84756,37.55858],[-112.86688,37.5906],[-112.90319,37.57814],[-112.90546,37.57077],[-112.93873,37.56886],[-112.94581,37.58475],[-112.97108,37.59743],[-112.98669,37.58717],[-112.98885,37.57315],[-113.00587,37.56155],[-113.01146,37.54676],[-113.04869,37.56092],[-113.06134,37.55398],[-113.07804,37.52598],[-113.11,37.5531],[-113.12854,37.55633],[-113.14983,37.54588],[-113.17056,37.56251],[-113.18746,37.56406],[-113.21269,37.56291],[-113.25324,37.53785],[-113.27174,37.53937],[-113.30895,37.5649],[-113.31959,37.583],[-113.34202,37.58423],[-113.34602,37.57256],[-113.35526,37.57195],[-113.36439,37.55334],[-113.35821,37.54445],[-113.37752,37.52935],[-113.38039,37.51525],[-113.42299,37.50296],[-113.44488,37.48924],[-113.45738,37.46016],[-113.48378,37.45807],[-113.48795,37.45104],[-113.49544,37.45146],[-113.5033,37.4708],[-113.53448,37.47046],[-113.54257,37.45373],[-113.57238,37.45843],[-113.59328,37.49551],[-113.62388,37.49575],[-113.64496,37.50273],[-113.65105,37.51312],[-113.66847,37.50748],[-113.67733,37.48864],[-113.71572,37.46951],[-113.74773,37.47191],[-113.75509,37.49745],[-113.80798,37.51379],[-113.82402,37.51048],[-113.82372,37.48839],[-113.84164,37.4751],[-113.89423,37.46649],[-113.91619,37.47557],[-113.94068,37.49103],[-113.94124,37.50606],[-113.98798,37.53556],[-113.9871,37.57248],[-114.00013,37.57569],[-114.00853,37.58858],[-114.03931,37.58736],[-114.06017,37.60378],[-114.06077,37.61211],[-114.04808,37.6143],[-114.04395,37.62502],[-114.04604,37.6506],[-114.0638,37.65182],[-114.08586,37.67119],[-114.12289,37.66656],[-114.14457,37.64376],[-114.15882,37.6598],[-114.19974,37.68012],[-114.22273,37.70596],[-114.21499,37.71747],[-114.21651,37.73568],[-114.18591,37.7709],[-114.18919,37.78607],[-114.15004,37.79006],[-114.14134,37.80688],[-114.12615,37.81391],[-114.11847,37.84259],[-114.12563,37.85382],[-114.1205,37.88609],[-114.1049,37.89104],[-114.10002,37.90353],[-114.05276,37.92285],[-114.05158,37.93555],[-114.04374,37.93815],[-114.0365,37.95701],[-114.05549,37.96768],[-114.052,37.98634],[-114.0641,37.99875],[-114.04302,38.04366],[-114.05814,38.06812],[-114.04692,38.0829],[-114.04644,38.10655],[-114.06845,38.14809],[-114.06164,38.15944],[-114.078,38.18796],[-114.08182,38.22942],[-114.10332,38.24905],[-114.11195,38.27183],[-114.13263,38.29441],[-114.20319,38.30576],[-114.23311,38.30085],[-114.24828,38.31003],[-114.26485,38.35121],[-114.29593,38.38341],[-114.31433,38.37475],[-114.31486,38.38172],[-114.33757,38.35704],[-114.34507,38.31759],[-114.3357,38.29769],[-114.35429,38.28595],[-114.35434,38.25142],[-114.37124,38.23111],[-114.39502,38.24187],[-114.39201,38.26386],[-114.41655,38.27861],[-114.54276,38.27863],[-114.60694,38.26864],[-114.63064,38.27954],[-114.63338,38.2981],[-114.64685,38.2913],[-114.64412,38.27424],[-114.65218,38.2606],[-114.64335,38.23667],[-114.66363,38.22248],[-114.67437,38.20268],[-114.63421,38.17259],[-114.64327,38.16357],[-114.63252,38.14256],[-114.6378,38.12745],[-114.6284,38.12294],[-114.62698,38.09954],[-114.6082,38.08947],[-114.59644,38.0532],[-114.60468,38.02237],[-114.5941,38.01303],[-114.58067,37.9752],[-114.59411,37.96843],[-114.59491,37.95915],[-114.5771,37.91445],[-114.58249,37.89902],[-114.57613,37.86609],[-114.55988,37.85718],[-114.56155,37.84094],[-114.58757,37.83109],[-114.55769,37.77606],[-114.57139,37.74561],[-114.556,37.71324],[-114.57108,37.71585],[-114.59462,37.706],[-114.64046,37.71141],[-114.66051,37.68331],[-114.67006,37.65283],[-114.68268,37.65055],[-114.67843,37.63882],[-114.68469,37.62295],[-114.67816,37.61501],[-114.68999,37.6065],[-114.6825,37.60105],[-114.68477,37.59134],[-114.7126,37.58791],[-114.71895,37.57567],[-114.71503,37.54694],[-114.73556,37.53228],[-114.71726,37.51493],[-114.70242,37.47013],[-114.68814,37.4564],[-114.69464,37.43298],[-114.68925,37.42925],[-114.69842,37.4229],[-114.70329,37.39995],[-114.71768,37.39186],[-114.72628,37.34036],[-114.76764,37.31462],[-114.76145,37.29289],[-114.76913,37.26359],[-114.7829,37.26405],[-114.79449,37.24028],[-114.80639,37.23541],[-114.81426,37.24689],[-114.86113,37.26183],[-114.89017,37.25855],[-114.9061,37.26519],[-114.90567,37.27138],[-114.94036,37.24516],[-114.96287,37.26351],[-114.96605,37.28124],[-114.99134,37.29022],[-114.98571,37.3071],[-114.97179,37.31559],[-114.97439,37.33408],[-114.99112,37.3565],[-114.97207,37.37212],[-114.98602,37.39866],[-114.99998,37.40302],[-115.01984,37.44105],[-115.03236,37.48502],[-115.03242,37.5235],[-115.01314,37.5983],[-114.99724,37.61406],[-114.98043,37.65583],[-114.95279,37.66852],[-114.94792,37.69231],[-114.95737,37.71699],[-114.9358,37.72998],[-114.94286,37.73755],[-114.9332,37.74054],[-114.94351,37.77949],[-114.93268,37.78995],[-114.94383,37.81031],[-114.94169,37.85101],[-114.92317,37.89887],[-114.93546,37.9271],[-114.90154,37.95587],[-114.89388,37.97769],[-114.91099,37.98993],[-114.90968,38.0182],[-114.89725,38.05009],[-114.91887,38.11555],[-114.92089,38.13489],[-114.91005,38.14538],[-114.9221,38.16098],[-114.91462,38.16823],[-114.93121,38.18791],[-114.88728,38.21365],[-114.89254,38.22636],[-114.88393,38.25725],[-114.93501,38.28843],[-114.94534,38.31024],[-114.95628,38.30978],[-114.96835,38.32583],[-114.95742,38.33786],[-114.96628,38.34848],[-114.94589,38.3559],[-114.93823,38.39121],[-114.94632,38.41038],[-114.97142,38.4217],[-114.93827,38.46967],[-114.94195,38.47985],[-114.92118,38.506],[-114.89449,38.52268],[-114.89178,38.5405],[-114.90289,38.5566],[-114.9,38.57106],[-114.92602,38.57786],[-114.95498,38.60779],[-114.95975,38.63585],[-114.96925,38.64459],[-114.96161,38.66649],[-114.97355,38.67719],[-114.95752,38.68528],[-114.95527,38.70135],[-114.93975,38.70724],[-114.92503,38.73688],[-114.93111,38.7728],[-114.94156,38.77683],[-114.92018,38.81143],[-114.91903,38.8478],[-114.90714,38.86172],[-114.90923,38.88659],[-114.89535,38.88616],[-114.89007,38.89715],[-114.87129,38.90169],[-114.89631,38.93584],[-114.87652,38.9641],[-114.88123,38.99603],[-114.89835,39.00228],[-114.90396,39.01795],[-114.90599,39.05107],[-114.89366,39.05581],[-114.90117,39.0725],[-114.94285,39.13293],[-114.94459,39.14741],[-114.93328,39.15738],[-114.94362,39.19309],[-114.98676,39.22416],[-115.01211,39.25344],[-115.02562,39.24642],[-115.04101,39.25132],[-115.04494,39.25874],[-115.03191,39.27412],[-115.07732,39.29844]]]}},{"type":"Feature","properties":{"huc6":"160101","name":"Upper Bear","states":"ID,UT,WY"},"geometry":{"type":"Polygon","coordinates":[[[-110.73606,42.58885],[-110.75115,42.60523],[-110.76257,42.60212],[-110.75457,42.57462],[-110.78793,42.56436],[-110.79819,42.54758],[-110.79342,42.54156],[-110.8246,42.53367],[-110.86019,42.48666],[-110.90578,42.49282],[-110.90797,42.50508],[-110.92727,42.51596],[-110.92582,42.53292],[-110.95919,42.54296],[-110.98285,42.53361],[-110.98151,42.5115],[-110.9946,42.50315],[-111.01544,42.49902],[-111.04617,42.51419],[-111.06675,42.50894],[-111.06287,42.50082],[-111.07207,42.4921],[-111.10954,42.49156],[-111.12942,42.48139],[-111.15908,42.49078],[-111.17138,42.47334],[-111.2349,42.4783],[-111.22549,42.46521],[-111.19219,42.46516],[-111.15453,42.44814],[-111.15169,42.42722],[-111.12641,42.40004],[-111.14749,42.37939],[-111.13692,42.35332],[-111.14173,42.31319],[-111.17208,42.30515],[-111.17277,42.28107],[-111.17883,42.28036],[-111.1732,42.25966],[-111.19566,42.23007],[-111.19449,42.2167],[-111.1733,42.21269],[-111.16352,42.19678],[-111.17613,42.19052],[-111.19755,42.14839],[-111.23144,42.13459],[-111.21075,42.09482],[-111.22344,42.08189],[-111.21152,42.06977],[-111.2102,42.04595],[-111.17537,42.04452],[-111.16172,42.03384],[-111.13017,42.0429],[-111.13566,42.03532],[-111.11018,42.01694],[-111.10671,42.00613],[-111.08317,42.00749],[-111.07898,41.9927],[-111.08737,41.97301],[-111.09979,41.96638],[-111.09069,41.95259],[-111.09932,41.92218],[-111.16341,41.9277],[-111.17194,41.90692],[-111.18935,41.90127],[-111.21234,41.87394],[-111.2447,41.87373],[-111.2555,41.86269],[-111.25905,41.85318],[-111.24473,41.83244],[-111.25842,41.82949],[-111.24531,41.81416],[-111.27288,41.79378],[-111.26391,41.78624],[-111.2623,41.7643],[-111.32585,41.75131],[-111.33939,41.7285],[-111.37559,41.72376],[-111.38544,41.71681],[-111.38257,41.705],[-111.41231,41.68795],[-111.41459,41.66764],[-111.40166,41.65438],[-111.41655,41.6392],[-111.41187,41.62577],[-111.42983,41.61843],[-111.43308,41.55374],[-111.44498,41.54467],[-111.44297,41.53128],[-111.45869,41.53196],[-111.45652,41.52078],[-111.47828,41.50372],[-111.47555,41.4885],[-111.48985,41.46622],[-111.5007,41.46443],[-111.50603,41.44395],[-111.50061,41.43777],[-111.51071,41.4279],[-111.50789,41.41381],[-111.47561,41.39997],[-111.47758,41.38432],[-111.46012,41.37386],[-111.42063,41.36132],[-111.38406,41.37394],[-111.36721,41.36164],[-111.33192,41.35748],[-111.32717,41.34544],[-111.29512,41.33021],[-111.29248,41.30944],[-111.26201,41.29677],[-111.25948,41.2907],[-111.27721,41.27747],[-111.27387,41.26518],[-111.28088,41.26143],[-111.26947,41.23711],[-111.28241,41.22621],[-111.25426,41.22918],[-111.25233,41.21467],[-111.22145,41.21283],[-111.23158,41.2025],[-111.22571,41.19114],[-111.23574,41.18387],[-111.23326,41.17684],[-111.26275,41.14111],[-111.23264,41.14296],[-111.19971,41.16535],[-111.15734,41.17763],[-111.13342,41.19521],[-111.13066,41.2093],[-111.10749,41.21135],[-111.10528,41.20033],[-111.09061,41.19494],[-111.09447,41.19075],[-111.06927,41.18431],[-111.08725,41.13115],[-111.10793,41.09284],[-111.12325,41.08],[-111.11897,41.06349],[-111.10462,41.05302],[-111.10334,41.03199],[-111.07232,41.03251],[-111.05166,41.04895],[-111.01854,41.05307],[-111.00507,41.0364],[-111.01316,41.00785],[-110.97561,40.98726],[-110.9748,40.95223],[-110.95868,40.93135],[-110.96269,40.90794],[-110.97401,40.8943],[-110.99621,40.89161],[-111.00412,40.85997],[-111.0193,40.84514],[-110.98635,40.84596],[-110.96422,40.83672],[-110.95145,40.80091],[-110.9407,40.80136],[-110.91122,40.77634],[-110.91877,40.74733],[-110.90699,40.7439],[-110.90587,40.73271],[-110.86191,40.72158],[-110.84753,40.72536],[-110.8236,40.71047],[-110.802,40.71293],[-110.751,40.74757],[-110.7214,40.74544],[-110.71323,40.75282],[-110.69676,40.74675],[-110.68436,40.76027],[-110.68298,40.8046],[-110.70574,40.85175],[-110.69983,40.86287],[-110.7094,40.8685],[-110.6917,40.87744],[-110.69682,40.89278],[-110.6771,40.91137],[-110.66658,40.9345],[-110.69159,40.96474],[-110.73056,40.9769],[-110.73321,40.98436],[-110.71145,41.01176],[-110.70478,41.03502],[-110.71923,41.05206],[-110.74632,41.0619],[-110.7451,41.08881],[-110.71678,41.10247],[-110.70917,41.11799],[-110.70427,41.16362],[-110.71867,41.16247],[-110.71657,41.17817],[-110.73523,41.19057],[-110.77525,41.17309],[-110.77213,41.21147],[-110.78943,41.2137],[-110.79968,41.20426],[-110.81378,41.20435],[-110.81067,41.21472],[-110.82455,41.22427],[-110.80708,41.24399],[-110.81,41.26738],[-110.80286,41.27437],[-110.8399,41.29479],[-110.82825,41.29729],[-110.83365,41.31904],[-110.81412,41.33104],[-110.81462,41.34037],[-110.82911,41.34685],[-110.83018,41.35781],[-110.82181,41.36478],[-110.88479,41.36678],[-110.90932,41.35612],[-110.90679,41.37375],[-110.89038,41.39286],[-110.90672,41.4035],[-110.88447,41.41692],[-110.88852,41.42904],[-110.87429,41.44696],[-110.88804,41.44732],[-110.89027,41.45564],[-110.8771,41.46668],[-110.86703,41.4934],[-110.87949,41.50218],[-110.87445,41.51178],[-110.89185,41.52087],[-110.88079,41.54558],[-110.888,41.5649],[-110.91654,41.57463],[-110.91132,41.57923],[-110.91401,41.5918],[-110.92534,41.59605],[-110.91877,41.62363],[-110.9249,41.63319],[-110.90991,41.66739],[-110.8652,41.69556],[-110.86874,41.70476],[-110.85448,41.70867],[-110.78005,41.69872],[-110.7142,41.6773],[-110.67264,41.68812],[-110.67817,41.70704],[-110.65642,41.71597],[-110.64627,41.73467],[-110.62165,41.73748],[-110.62227,41.76516],[-110.63274,41.76563],[-110.63225,41.77386],[-110.6087,41.79315],[-110.59853,41.82287],[-110.5986,41.8327],[-110.61234,41.83672],[-110.60979,41.85624],[-110.67315,41.88943],[-110.66411,41.90002],[-110.67123,41.91008],[-110.6967,41.92235],[-110.73364,41.92401],[-110.74903,41.9369],[-110.77788,41.93542],[-110.77983,41.95758],[-110.8064,41.96096],[-110.79697,41.96919],[-110.8003,41.98071],[-110.78824,42.00231],[-110.80046,42.01596],[-110.79367,42.0434],[-110.80296,42.08583],[-110.79196,42.09939],[-110.79849,42.13691],[-110.78406,42.15173],[-110.80264,42.15589],[-110.80505,42.17507],[-110.8123,42.17727],[-110.80201,42.19068],[-110.81092,42.20079],[-110.80452,42.23747],[-110.81025,42.26182],[-110.79414,42.32221],[-110.7644,42.34956],[-110.74733,42.33217],[-110.73557,42.33189],[-110.69747,42.35458],[-110.63408,42.36826],[-110.65217,42.42395],[-110.67282,42.44062],[-110.68939,42.48068],[-110.70313,42.48214],[-110.70498,42.51132],[-110.72561,42.54246],[-110.73606,42.58885]]]}},{"type":"Feature","properties":{"huc6":"160102","name":"Lower Bear","states":"ID,UT"},"geometry":{"type":"Polygon","coordinates":[[[-111.64328,42.85174],[-111.6632,42.85139],[-111.67385,42.81625],[-111.6703,42.80669],[-111.69687,42.79899],[-111.72019,42.75825],[-111.71484,42.74208],[-111.66772,42.7142],[-111.65669,42.69121],[-111.71289,42.66434],[-111.72252,42.64322],[-111.77253,42.6263],[-111.78232,42.6164],[-111.81763,42.61421],[-111.8791,42.57664],[-111.89762,42.57882],[-111.89923,42.54379],[-111.91648,42.54951],[-111.93787,42.54397],[-111.93054,42.52234],[-111.95148,42.52102],[-111.95431,42.49137],[-111.97985,42.47611],[-111.96981,42.45809],[-111.97532,42.45111],[-111.95454,42.43621],[-111.96185,42.41427],[-111.98732,42.37318],[-112.00403,42.38119],[-112.04354,42.3556],[-112.07299,42.35173],[-112.08026,42.34078],[-112.07644,42.33199],[-112.08622,42.3248],[-112.08094,42.30203],[-112.10222,42.28324],[-112.09791,42.26954],[-112.11333,42.26926],[-112.1369,42.29538],[-112.156,42.29441],[-112.19078,42.34778],[-112.25718,42.34254],[-112.27944,42.3167],[-112.30567,42.32655],[-112.32692,42.32372],[-112.32893,42.34719],[-112.29089,42.39709],[-112.29739,42.45417],[-112.34272,42.44782],[-112.36767,42.45427],[-112.3725,42.46183],[-112.36588,42.48252],[-112.38391,42.48364],[-112.39898,42.49863],[-112.40428,42.51725],[-112.41953,42.51514],[-112.4208,42.52179],[-112.44177,42.5278],[-112.4418,42.54418],[-112.45131,42.55627],[-112.46458,42.54957],[-112.45946,42.54058],[-112.4685,42.53039],[-112.48364,42.5291],[-112.47924,42.50272],[-112.48795,42.49181],[-112.48179,42.4801],[-112.50333,42.46777],[-112.49489,42.43452],[-112.52988,42.36708],[-112.50913,42.34959],[-112.53035,42.336],[-112.52084,42.32089],[-112.53325,42.27879],[-112.55175,42.27695],[-112.53,42.26382],[-112.524,42.2349],[-112.48912,42.22538],[-112.47166,42.19193],[-112.45506,42.18482],[-112.44041,42.10868],[-112.41321,42.09682],[-112.42029,42.07288],[-112.40978,42.06358],[-112.39758,42.06457],[-112.38089,42.0238],[-112.36436,42.0106],[-112.36154,41.99745],[-112.3813,41.98044],[-112.36232,41.95755],[-112.3754,41.93675],[-112.36797,41.92622],[-112.38331,41.91812],[-112.38588,41.89565],[-112.39678,41.88389],[-112.36916,41.85053],[-112.37207,41.84492],[-112.35822,41.83637],[-112.3605,41.80004],[-112.34926,41.78706],[-112.35942,41.77941],[-112.34509,41.75795],[-112.34945,41.74432],[-112.34083,41.73014],[-112.34104,41.68814],[-112.37605,41.67079],[-112.3751,41.62937],[-112.39045,41.61785],[-112.39698,41.58314],[-112.38399,41.55792],[-112.34652,41.51781],[-112.35811,41.51596],[-112.35803,41.4956],[-112.35496,41.47937],[-112.34283,41.48488],[-112.3406,41.47514],[-112.36561,41.47174],[-112.38778,41.45428],[-112.3883,41.44606],[-112.37778,41.4481],[-112.37641,41.43899],[-112.37055,41.44073],[-112.37858,41.43491],[-112.35992,41.43257],[-112.35564,41.41648],[-112.34726,41.42291],[-112.34712,41.41494],[-112.33458,41.41564],[-112.33408,41.39964],[-112.32204,41.40129],[-112.30288,41.36138],[-112.28815,41.36053],[-112.25575,41.39135],[-112.20478,41.39155],[-112.19234,41.40268],[-112.17441,41.4002],[-112.17736,41.4086],[-112.15957,41.41895],[-112.14406,41.41411],[-112.13565,41.4219],[-112.08127,41.42752],[-112.02505,41.41727],[-111.9849,41.42923],[-111.97078,41.42058],[-111.95786,41.43379],[-111.92653,41.41248],[-111.89277,41.41882],[-111.88638,41.42679],[-111.87244,41.42163],[-111.88015,41.41446],[-111.86916,41.39928],[-111.83682,41.38827],[-111.79306,41.39142],[-111.76079,41.36885],[-111.72574,41.37632],[-111.72659,41.38534],[-111.71143,41.3956],[-111.70619,41.41127],[-111.71796,41.41594],[-111.72159,41.42707],[-111.69871,41.41838],[-111.66663,41.4287],[-111.64773,41.40545],[-111.61848,41.42239],[-111.58461,41.41825],[-111.57514,41.42785],[-111.55408,41.42367],[-111.54375,41.40727],[-111.52142,41.41601],[-111.50061,41.43777],[-111.50603,41.44395],[-111.5007,41.46443],[-111.48985,41.46622],[-111.47555,41.4885],[-111.47828,41.50372],[-111.45652,41.52078],[-111.45869,41.53196],[-111.44297,41.53128],[-111.44498,41.54467],[-111.43308,41.55374],[-111.42983,41.61843],[-111.41187,41.62577],[-111.41655,41.6392],[-111.40166,41.65438],[-111.41459,41.66764],[-111.41231,41.68795],[-111.38257,41.705],[-111.38544,41.71681],[-111.37559,41.72376],[-111.33939,41.7285],[-111.32585,41.75131],[-111.2623,41.7643],[-111.26391,41.78624],[-111.27288,41.79378],[-111.24531,41.81416],[-111.25578,41.81976],[-111.25748,41.83088],[-111.24473,41.83244],[-111.25905,41.85318],[-111.2447,41.87373],[-111.21234,41.87394],[-111.18935,41.90127],[-111.17194,41.90692],[-111.16341,41.9277],[-111.09932,41.92218],[-111.09069,41.95259],[-111.09979,41.96638],[-111.08556,41.97549],[-111.07898,41.9927],[-111.08317,42.00749],[-111.10671,42.00613],[-111.11018,42.01694],[-111.13566,42.03532],[-111.13017,42.0429],[-111.16172,42.03384],[-111.17537,42.04452],[-111.2102,42.04595],[-111.21152,42.06977],[-111.22344,42.08189],[-111.21075,42.09482],[-111.23144,42.13459],[-111.19755,42.14839],[-111.17613,42.19052],[-111.16352,42.19678],[-111.1733,42.21269],[-111.19449,42.2167],[-111.19566,42.23007],[-111.1732,42.25966],[-111.17883,42.28036],[-111.17277,42.28107],[-111.17208,42.30515],[-111.14173,42.31319],[-111.13692,42.35332],[-111.14749,42.37939],[-111.12641,42.40004],[-111.15169,42.42722],[-111.15453,42.44814],[-111.19219,42.46516],[-111.22549,42.46521],[-111.24882,42.49514],[-111.23684,42.50902],[-111.22225,42.57217],[-111.24077,42.58502],[-111.2458,42.60334],[-111.27937,42.55292],[-111.33585,42.56671],[-111.34028,42.58617],[-111.36348,42.58862],[-111.41239,42.63526],[-111.45541,42.65492],[-111.46546,42.67271],[-111.45301,42.67652],[-111.45166,42.68809],[-111.47293,42.69431],[-111.47672,42.70764],[-111.50779,42.7283],[-111.52419,42.78513],[-111.59193,42.7787],[-111.60392,42.80768],[-111.6132,42.80132],[-111.62791,42.80493],[-111.64023,42.83784],[-111.63206,42.84815],[-111.64328,42.85174]]]}},{"type":"Feature","properties":{"huc6":"160201","name":"Weber","states":"UT,WY"},"geometry":{"type":"Polygon","coordinates":[[[-111.94044,41.42046],[-111.95786,41.43379],[-111.97078,41.42058],[-111.9849,41.42923],[-112.02505,41.41727],[-112.08127,41.42752],[-112.07182,41.4175],[-112.13117,41.37982],[-112.13316,41.36903],[-112.17799,41.35828],[-112.23682,41.35656],[-112.2576,41.36296],[-112.28685,41.31521],[-112.28775,41.26643],[-112.27596,41.25527],[-112.27057,41.23226],[-112.20395,41.176],[-112.19851,41.16665],[-112.20642,41.15695],[-112.19176,41.1559],[-112.18111,41.13321],[-112.13975,41.10944],[-112.09768,41.03556],[-112.06569,41.02178],[-112.04919,40.99216],[-112.00252,40.98405],[-111.98362,40.99399],[-111.97314,40.98604],[-111.96653,40.99175],[-111.94701,40.98697],[-111.93195,40.95647],[-111.90948,40.94601],[-111.94794,40.91851],[-111.94262,40.91107],[-111.9483,40.90321],[-111.92576,40.88432],[-111.84996,40.86924],[-111.84175,40.84934],[-111.81722,40.83845],[-111.73894,40.86115],[-111.71259,40.85187],[-111.69561,40.8618],[-111.66378,40.84985],[-111.66587,40.83066],[-111.6458,40.82405],[-111.63909,40.80975],[-111.64912,40.77338],[-111.62107,40.75817],[-111.62335,40.73124],[-111.59304,40.70036],[-111.60448,40.6666],[-111.55326,40.60935],[-111.52792,40.61192],[-111.48666,40.60107],[-111.48694,40.62101],[-111.47085,40.63371],[-111.4735,40.64382],[-111.43037,40.66512],[-111.43717,40.68554],[-111.41139,40.68135],[-111.39772,40.69094],[-111.39012,40.6602],[-111.36925,40.62917],[-111.31737,40.61721],[-111.30337,40.62322],[-111.22819,40.58427],[-111.21007,40.59134],[-111.18487,40.58817],[-111.17153,40.60949],[-111.14432,40.59926],[-111.11977,40.6112],[-111.10937,40.6543],[-111.11495,40.67487],[-111.09584,40.6863],[-111.06294,40.67778],[-111.03542,40.68079],[-111.01754,40.69389],[-110.99494,40.69003],[-110.96671,40.71196],[-110.92879,40.69802],[-110.90331,40.69895],[-110.89841,40.71135],[-110.88542,40.71578],[-110.89443,40.72343],[-110.89154,40.73099],[-110.90587,40.73271],[-110.90699,40.7439],[-110.91877,40.74733],[-110.91122,40.77634],[-110.9407,40.80136],[-110.95145,40.80091],[-110.96422,40.83672],[-110.98635,40.84596],[-111.0193,40.84514],[-111.00412,40.85997],[-110.99621,40.89161],[-110.97401,40.8943],[-110.96269,40.90794],[-110.95868,40.93135],[-110.9748,40.95223],[-110.97561,40.98726],[-111.01316,41.00785],[-111.00614,41.03976],[-111.01456,41.04096],[-111.01854,41.05307],[-111.0295,41.05339],[-111.05166,41.04895],[-111.07232,41.03251],[-111.10334,41.03199],[-111.10462,41.05302],[-111.11897,41.06349],[-111.12325,41.08],[-111.10793,41.09284],[-111.08725,41.13115],[-111.06927,41.18431],[-111.09447,41.19075],[-111.09061,41.19494],[-111.10528,41.20033],[-111.10749,41.21135],[-111.13066,41.2093],[-111.14099,41.18712],[-111.19971,41.16535],[-111.23264,41.14296],[-111.26275,41.14111],[-111.23326,41.17684],[-111.23574,41.18387],[-111.22571,41.19114],[-111.23158,41.2025],[-111.22145,41.21283],[-111.25233,41.21467],[-111.25426,41.22918],[-111.28241,41.22621],[-111.26947,41.23711],[-111.28088,41.26143],[-111.27387,41.26518],[-111.27721,41.27747],[-111.25948,41.2907],[-111.26201,41.29677],[-111.29248,41.30944],[-111.29512,41.33021],[-111.32717,41.34544],[-111.33192,41.35748],[-111.36721,41.36164],[-111.38406,41.37394],[-111.40357,41.36928],[-111.40461,41.36223],[-111.4339,41.36217],[-111.47758,41.38432],[-111.47561,41.39997],[-111.50789,41.41381],[-111.51085,41.42316],[-111.54375,41.40727],[-111.55615,41.42466],[-111.57514,41.42785],[-111.58461,41.41825],[-111.61848,41.42239],[-111.64773,41.40545],[-111.66663,41.4287],[-111.69871,41.41838],[-111.72159,41.42707],[-111.71796,41.41594],[-111.70619,41.41127],[-111.71143,41.3956],[-111.72659,41.38534],[-111.72574,41.37632],[-111.76079,41.36885],[-111.79306,41.39142],[-111.83682,41.38827],[-111.86916,41.39928],[-111.88015,41.41446],[-111.87244,41.42163],[-111.88638,41.42679],[-111.91811,41.4126],[-111.94044,41.42046]]]}},{"type":"Feature","properties":{"huc6":"160202","name":"Jordan","states":"UT"},"geometry":{"type":"Polygon","coordinates":[[[-111.97162,40.93437],[-111.97301,40.94031],[-111.97347,40.92872],[-111.99389,40.92395],[-111.9838,40.91842],[-111.95625,40.92859],[-111.97678,40.91913],[-111.97633,40.91257],[-111.98188,40.91781],[-111.98551,40.91349],[-111.97868,40.91095],[-111.98567,40.90667],[-112.00022,40.90622],[-111.99367,40.90084],[-112.04965,40.89651],[-112.07035,40.88373],[-112.08225,40.88479],[-112.09382,40.87129],[-112.13516,40.88321],[-112.15426,40.90281],[-112.15347,40.86138],[-112.16485,40.85361],[-112.13698,40.8303],[-112.13913,40.80006],[-112.16525,40.7749],[-112.17298,40.7757],[-112.17125,40.76905],[-112.1946,40.74133],[-112.2278,40.72555],[-112.22161,40.69614],[-112.20308,40.68181],[-112.19766,40.62518],[-112.17531,40.6039],[-112.17498,40.58521],[-112.18353,40.57338],[-112.1788,40.52185],[-112.18759,40.51367],[-112.17587,40.50004],[-112.18126,40.49263],[-112.17194,40.46908],[-112.19037,40.46842],[-112.21421,40.45201],[-112.20941,40.43214],[-112.19479,40.42096],[-112.20166,40.38783],[-112.1888,40.37246],[-112.19473,40.36137],[-112.17562,40.33585],[-112.19613,40.32634],[-112.19873,40.30717],[-112.18748,40.29212],[-112.19286,40.26882],[-112.18236,40.23781],[-112.16905,40.21952],[-112.1496,40.21225],[-112.16048,40.19877],[-112.14858,40.19564],[-112.15285,40.17922],[-112.14432,40.17322],[-112.17628,40.15579],[-112.16782,40.14678],[-112.17624,40.13095],[-112.15414,40.10774],[-112.15801,40.08882],[-112.17283,40.08434],[-112.17209,40.06851],[-112.18374,40.05993],[-112.17202,40.03958],[-112.17978,40.01154],[-112.16018,40.00689],[-112.1327,39.97745],[-112.1098,39.97372],[-112.09405,39.954],[-112.10568,39.94094],[-112.10354,39.92881],[-112.08532,39.92551],[-112.08108,39.91297],[-112.05358,39.89349],[-112.05939,39.87991],[-112.08132,39.86501],[-112.06538,39.82989],[-112.08959,39.78187],[-112.04757,39.77688],[-112.02576,39.78274],[-111.98957,39.81164],[-111.95464,39.81145],[-111.94977,39.7736],[-111.93842,39.76146],[-111.94659,39.74495],[-111.94045,39.72974],[-111.94852,39.69818],[-111.93668,39.68673],[-111.964,39.65779],[-111.94739,39.63451],[-111.93594,39.64042],[-111.89641,39.62517],[-111.82261,39.61818],[-111.80672,39.60453],[-111.79468,39.60556],[-111.78097,39.58876],[-111.76649,39.59048],[-111.75717,39.58306],[-111.72632,39.58481],[-111.70829,39.60316],[-111.7112,39.61542],[-111.74339,39.64171],[-111.74041,39.65645],[-111.68014,39.66932],[-111.66513,39.68759],[-111.6026,39.69642],[-111.57359,39.71597],[-111.54877,39.71136],[-111.53604,39.69894],[-111.51442,39.70017],[-111.48374,39.71747],[-111.46122,39.71616],[-111.44499,39.75482],[-111.4256,39.76319],[-111.42746,39.77584],[-111.35996,39.78669],[-111.35718,39.83163],[-111.33313,39.8374],[-111.32405,39.85701],[-111.30233,39.85458],[-111.27525,39.82994],[-111.23822,39.82701],[-111.21573,39.80656],[-111.18113,39.79404],[-111.1735,39.83],[-111.15692,39.84156],[-111.14814,39.86638],[-111.15004,39.89273],[-111.11887,39.89553],[-111.08316,39.92652],[-111.0827,39.9394],[-111.1293,39.9472],[-111.11889,39.96773],[-111.14306,39.98696],[-111.16773,39.99058],[-111.17167,40.0107],[-111.19804,40.03163],[-111.20414,40.05081],[-111.23163,40.03568],[-111.24579,40.0468],[-111.24914,40.05572],[-111.23586,40.06967],[-111.24161,40.09173],[-111.22151,40.12469],[-111.23131,40.1479],[-111.22525,40.16646],[-111.27192,40.21907],[-111.27372,40.23595],[-111.2649,40.24239],[-111.31503,40.28755],[-111.29731,40.3103],[-111.27761,40.29788],[-111.25141,40.29783],[-111.24564,40.30764],[-111.25381,40.32413],[-111.24374,40.33564],[-111.23986,40.40598],[-111.22374,40.41869],[-111.18559,40.40583],[-111.17409,40.41442],[-111.18492,40.43847],[-111.14132,40.46282],[-111.10864,40.46797],[-111.09498,40.46239],[-111.03994,40.47325],[-111.02991,40.47661],[-111.02911,40.49041],[-110.99643,40.49989],[-110.99369,40.51509],[-110.97011,40.51737],[-110.95051,40.50393],[-110.9201,40.52082],[-110.9258,40.53701],[-110.97813,40.57207],[-110.9542,40.56805],[-110.93337,40.58628],[-110.94103,40.62877],[-110.91459,40.63986],[-110.90708,40.67476],[-110.89166,40.68052],[-110.90166,40.68542],[-110.90331,40.69895],[-110.92879,40.69802],[-110.96671,40.71196],[-110.99494,40.69003],[-111.01754,40.69389],[-111.03542,40.68079],[-111.06294,40.67778],[-111.09584,40.6863],[-111.11495,40.67487],[-111.10937,40.6543],[-111.11977,40.6112],[-111.14432,40.59926],[-111.17153,40.60949],[-111.18487,40.58817],[-111.21007,40.59134],[-111.22819,40.58427],[-111.30337,40.62322],[-111.31737,40.61721],[-111.36925,40.62917],[-111.39012,40.6602],[-111.39772,40.69094],[-111.41139,40.68135],[-111.43717,40.68554],[-111.43037,40.66512],[-111.4735,40.64382],[-111.47085,40.63371],[-111.48694,40.62101],[-111.48666,40.60107],[-111.52792,40.61192],[-111.55326,40.60935],[-111.60448,40.6666],[-111.59304,40.70036],[-111.62335,40.73124],[-111.62107,40.75817],[-111.64912,40.77338],[-111.63909,40.80975],[-111.6458,40.82405],[-111.66587,40.83066],[-111.66378,40.84985],[-111.69561,40.8618],[-111.71259,40.85187],[-111.73894,40.86115],[-111.81722,40.83845],[-111.84175,40.84934],[-111.84996,40.86924],[-111.92576,40.88432],[-111.9483,40.90321],[-111.94262,40.91107],[-111.94849,40.93143],[-111.96023,40.9313],[-111.95761,40.93952],[-111.96528,40.92952],[-111.97162,40.93437]]]}},{"type":"Feature","properties":{"huc6":"160203","name":"Great Salt Lake","states":"ID,NV,UT"},"geometry":{"type":"Polygon","coordinates":[[[-112.66222,42.47056],[-112.69691,42.46189],[-112.70007,42.45135],[-112.71647,42.44264],[-112.7125,42.40421],[-112.72325,42.39359],[-112.72344,42.36023],[-112.79926,42.34101],[-112.80552,42.28966],[-112.8189,42.28048],[-112.81724,42.26811],[-112.86702,42.25084],[-112.89238,42.26286],[-112.91795,42.25612],[-112.91648,42.23445],[-112.94973,42.21981],[-112.96542,42.22242],[-112.97965,42.21508],[-113.01625,42.22172],[-113.04514,42.20355],[-113.0437,42.1939],[-113.08127,42.17826],[-113.09808,42.15902],[-113.12466,42.15325],[-113.11927,42.11571],[-113.10298,42.10864],[-113.11537,42.0776],[-113.14341,42.07164],[-113.13885,42.02984],[-113.1669,42.01402],[-113.21687,41.95993],[-113.23735,41.95318],[-113.23985,41.93844],[-113.25944,41.93102],[-113.26126,41.92316],[-113.34488,41.90137],[-113.36111,41.90153],[-113.37626,41.91305],[-113.39175,41.90351],[-113.41091,41.90605],[-113.47329,41.89218],[-113.48653,41.87924],[-113.55217,41.86209],[-113.59369,41.87437],[-113.6356,41.87253],[-113.63987,41.86112],[-113.67013,41.85363],[-113.67519,41.81991],[-113.66867,41.805],[-113.68297,41.79642],[-113.67305,41.78875],[-113.6764,41.77256],[-113.69099,41.7705],[-113.70954,41.74985],[-113.72681,41.75787],[-113.73702,41.77958],[-113.75176,41.7893],[-113.77195,41.82356],[-113.76803,41.83018],[-113.78015,41.85617],[-113.79362,41.85157],[-113.84271,41.86841],[-113.87198,41.89227],[-113.89011,41.86338],[-113.94445,41.84234],[-113.93499,41.82707],[-113.94206,41.82148],[-113.9417,41.80151],[-113.9563,41.79853],[-113.9547,41.79024],[-114.00159,41.80134],[-114.00365,41.79241],[-114.02227,41.78257],[-114.04442,41.79334],[-114.07426,41.72942],[-114.07321,41.69293],[-114.09499,41.6873],[-114.12766,41.71045],[-114.19512,41.71588],[-114.25168,41.67727],[-114.2622,41.67985],[-114.26721,41.70659],[-114.29351,41.7096],[-114.29496,41.73175],[-114.3216,41.76729],[-114.35209,41.7713],[-114.38953,41.79454],[-114.44052,41.83434],[-114.44656,41.85079],[-114.48549,41.82765],[-114.4732,41.79452],[-114.48247,41.78618],[-114.48322,41.75385],[-114.49295,41.73765],[-114.50604,41.73675],[-114.52404,41.70506],[-114.55287,41.71139],[-114.55057,41.69968],[-114.57703,41.69036],[-114.59857,41.66503],[-114.62337,41.66009],[-114.64152,41.5835],[-114.66238,41.55344],[-114.68381,41.49714],[-114.7187,41.50554],[-114.77438,41.49767],[-114.86232,41.44924],[-114.91716,41.43381],[-114.94855,41.44193],[-114.96218,41.46103],[-114.98423,41.46396],[-115.00993,41.45148],[-114.9846,41.43083],[-114.98648,41.41197],[-114.97259,41.40163],[-114.98099,41.38541],[-114.97714,41.37251],[-114.96591,41.36955],[-114.95522,41.34676],[-114.93176,41.34008],[-114.90712,41.34618],[-114.90207,41.33778],[-114.86779,41.3271],[-114.83589,41.35955],[-114.80949,41.35218],[-114.79086,41.30703],[-114.77182,41.30863],[-114.73955,41.2857],[-114.71742,41.28261],[-114.7306,41.25456],[-114.72603,41.24235],[-114.68197,41.21694],[-114.67689,41.20587],[-114.62827,41.18699],[-114.6332,41.15851],[-114.59462,41.13413],[-114.56522,41.13274],[-114.56525,41.12404],[-114.53652,41.12631],[-114.52426,41.13144],[-114.52706,41.14013],[-114.43682,41.15318],[-114.38879,41.19587],[-114.41034,41.15193],[-114.39551,41.13615],[-114.39767,41.11665],[-114.38527,41.09651],[-114.36065,41.07836],[-114.34343,41.03218],[-114.32865,41.02859],[-114.3251,41.01433],[-114.31092,41.00688],[-114.31242,40.97844],[-114.29022,40.95399],[-114.29047,40.94312],[-114.30696,40.94029],[-114.32625,40.92009],[-114.32294,40.89109],[-114.33098,40.88088],[-114.3197,40.86822],[-114.29383,40.87276],[-114.2894,40.82714],[-114.27317,40.80413],[-114.30178,40.7921],[-114.29874,40.7736],[-114.28083,40.7468],[-114.29521,40.71772],[-114.27989,40.69425],[-114.28935,40.68639],[-114.29222,40.66629],[-114.27744,40.64982],[-114.27851,40.63547],[-114.30621,40.61052],[-114.30616,40.58825],[-114.3139,40.57716],[-114.28543,40.53312],[-114.30337,40.49115],[-114.28202,40.46513],[-114.28004,40.4383],[-114.25646,40.3841],[-114.23557,40.37054],[-114.23409,40.3357],[-114.25123,40.32025],[-114.25023,40.30725],[-114.26831,40.29779],[-114.27249,40.2757],[-114.23447,40.25946],[-114.23925,40.24109],[-114.22202,40.22434],[-114.22664,40.19568],[-114.19368,40.15792],[-114.19419,40.14255],[-114.20496,40.13845],[-114.20128,40.10907],[-114.21231,40.07959],[-114.20569,40.05936],[-114.18718,40.05365],[-114.17935,40.03638],[-114.16453,40.03078],[-114.17442,40.00835],[-114.1623,39.97457],[-114.17152,39.94014],[-114.18967,39.93026],[-114.17087,39.89946],[-114.17269,39.86773],[-114.1647,39.86132],[-114.17281,39.85275],[-114.17326,39.83235],[-114.14711,39.81298],[-114.15678,39.7685],[-114.17211,39.76188],[-114.18763,39.76722],[-114.21189,39.7456],[-114.23945,39.73862],[-114.24862,39.72813],[-114.23939,39.72821],[-114.21057,39.70176],[-114.19165,39.70029],[-114.17273,39.68175],[-114.18228,39.65592],[-114.17567,39.63917],[-114.18725,39.61341],[-114.21987,39.58889],[-114.22441,39.57404],[-114.24592,39.56812],[-114.21203,39.54718],[-114.22919,39.5167],[-114.26943,39.50709],[-114.29201,39.48903],[-114.29356,39.4696],[-114.30532,39.46868],[-114.28785,39.44773],[-114.28503,39.40165],[-114.2735,39.39079],[-114.28874,39.36435],[-114.27744,39.34708],[-114.27772,39.3235],[-114.25447,39.30363],[-114.2122,39.29277],[-114.21275,39.28201],[-114.1988,39.27304],[-114.20588,39.26273],[-114.22887,39.26023],[-114.24174,39.25048],[-114.25975,39.25728],[-114.27784,39.25279],[-114.29113,39.22026],[-114.3253,39.21933],[-114.33013,39.20816],[-114.31346,39.19087],[-114.32283,39.15974],[-114.33701,39.14274],[-114.37968,39.13861],[-114.38817,39.10723],[-114.3648,39.09931],[-114.36855,39.06118],[-114.33468,39.04532],[-114.32281,39.01997],[-114.32162,38.99199],[-114.31455,38.98597],[-114.31768,38.9583],[-114.30193,38.93939],[-114.31002,38.91303],[-114.29797,38.90281],[-114.29994,38.88547],[-114.28561,38.85831],[-114.29155,38.83115],[-114.27645,38.78197],[-114.27831,38.72302],[-114.26425,38.71363],[-114.2711,38.67411],[-114.28698,38.67027],[-114.30168,38.6465],[-114.29196,38.60973],[-114.27243,38.59569],[-114.27765,38.58103],[-114.26328,38.53702],[-114.26607,38.5062],[-114.24963,38.4747],[-114.29693,38.44945],[-114.29827,38.43145],[-114.31094,38.42265],[-114.31526,38.37748],[-114.28981,38.38159],[-114.26485,38.35121],[-114.25259,38.31539],[-114.23311,38.30085],[-114.20319,38.30576],[-114.13263,38.29441],[-114.11195,38.27183],[-114.10332,38.24905],[-114.08642,38.23766],[-114.07394,38.17478],[-114.06164,38.15944],[-114.06845,38.14809],[-114.04644,38.10655],[-114.04692,38.0829],[-114.05814,38.06812],[-114.04302,38.04366],[-114.0641,37.99875],[-114.052,37.98634],[-114.05549,37.96768],[-114.04736,37.96871],[-114.02897,37.95044],[-113.99614,37.96303],[-113.92023,37.94717],[-113.88919,37.95528],[-113.86457,37.97467],[-113.84678,37.97226],[-113.8483,37.99386],[-113.82783,37.9988],[-113.82859,38.01915],[-113.80436,38.04765],[-113.80889,38.05646],[-113.80178,38.06489],[-113.81357,38.07773],[-113.80021,38.09261],[-113.83916,38.13922],[-113.76181,38.13306],[-113.66952,38.14891],[-113.65296,38.16046],[-113.63347,38.15877],[-113.55959,38.2128],[-113.57215,38.25451],[-113.58218,38.25819],[-113.57713,38.29085],[-113.61752,38.31026],[-113.61005,38.31937],[-113.58427,38.32491],[-113.57457,38.33711],[-113.58661,38.35406],[-113.58437,38.37074],[-113.57413,38.39529],[-113.56673,38.39731],[-113.55219,38.44471],[-113.55639,38.49496],[-113.5437,38.50716],[-113.54736,38.54837],[-113.53834,38.57512],[-113.57223,38.5971],[-113.57822,38.60883],[-113.57559,38.63608],[-113.60239,38.68255],[-113.59871,38.69812],[-113.60989,38.72034],[-113.58959,38.75931],[-113.61037,38.77241],[-113.60589,38.78667],[-113.59271,38.79525],[-113.59306,38.81502],[-113.58295,38.82548],[-113.55915,38.83025],[-113.56094,38.84957],[-113.57061,38.85718],[-113.56597,38.86904],[-113.54843,38.87542],[-113.52551,38.87147],[-113.52754,38.89378],[-113.49665,38.90961],[-113.48404,38.90041],[-113.49304,38.88198],[-113.47292,38.86253],[-113.47681,38.82139],[-113.44888,38.80747],[-113.42011,38.80899],[-113.40716,38.79811],[-113.38553,38.81152],[-113.36011,38.80652],[-113.33509,38.86227],[-113.34157,38.86519],[-113.3432,38.89965],[-113.3348,38.93015],[-113.34432,38.93214],[-113.34491,38.94122],[-113.32953,38.94622],[-113.33946,38.96564],[-113.33385,39.00529],[-113.35361,39.04961],[-113.38853,39.06576],[-113.39395,39.07548],[-113.3825,39.08652],[-113.39141,39.09841],[-113.35439,39.11888],[-113.40773,39.13587],[-113.40886,39.16703],[-113.41655,39.17549],[-113.40851,39.19261],[-113.38819,39.19775],[-113.36601,39.22426],[-113.36134,39.25297],[-113.3809,39.26624],[-113.37534,39.27165],[-113.38204,39.27827],[-113.37364,39.28453],[-113.37875,39.29079],[-113.36509,39.32095],[-113.35293,39.31696],[-113.31659,39.32998],[-113.31346,39.35307],[-113.32009,39.37255],[-113.30998,39.38531],[-113.3377,39.41962],[-113.32695,39.45644],[-113.307,39.45938],[-113.30489,39.47105],[-113.28456,39.48167],[-113.19234,39.50964],[-113.1774,39.50738],[-113.12736,39.54438],[-113.11402,39.54584],[-113.08305,39.5263],[-113.04451,39.55656],[-113.05947,39.56485],[-113.07249,39.58817],[-113.0882,39.58608],[-113.09691,39.60119],[-113.07773,39.61898],[-113.09103,39.68225],[-113.10839,39.70043],[-113.1109,39.72186],[-113.10348,39.73355],[-113.08342,39.74385],[-113.06381,39.73467],[-113.02341,39.74308],[-112.98259,39.74103],[-112.94462,39.75277],[-112.92936,39.74924],[-112.92451,39.78162],[-112.84135,39.79049],[-112.84,39.79986],[-112.85218,39.80011],[-112.85909,39.82078],[-112.87778,39.83268],[-112.87846,39.85704],[-112.8709,39.86012],[-112.86776,39.88269],[-112.85713,39.88214],[-112.85347,39.89489],[-112.85029,39.90881],[-112.86085,39.92759],[-112.84607,39.93093],[-112.8421,39.94479],[-112.82386,39.94246],[-112.82431,39.94968],[-112.80394,39.96188],[-112.76777,39.95434],[-112.72922,39.96125],[-112.7095,39.95204],[-112.68634,39.9608],[-112.65645,39.95098],[-112.6217,39.95201],[-112.58796,39.97951],[-112.55195,39.99404],[-112.52674,39.97315],[-112.48309,39.96004],[-112.45668,39.938],[-112.44471,39.9375],[-112.43885,39.92555],[-112.41375,39.92609],[-112.42065,39.91602],[-112.40803,39.90573],[-112.40983,39.89147],[-112.39583,39.88891],[-112.39389,39.8808],[-112.37924,39.89006],[-112.35841,39.8805],[-112.34424,39.89025],[-112.33534,39.92347],[-112.33978,39.94341],[-112.33253,39.9526],[-112.32356,39.94458],[-112.31061,39.94794],[-112.30187,39.93669],[-112.26986,39.93919],[-112.2366,39.96037],[-112.22497,39.98797],[-112.1869,40.00589],[-112.17694,40.01937],[-112.17202,40.03958],[-112.18374,40.05993],[-112.17209,40.06851],[-112.17283,40.08434],[-112.15801,40.08882],[-112.15414,40.10774],[-112.17624,40.13095],[-112.16782,40.14678],[-112.17628,40.15579],[-112.14432,40.17322],[-112.15285,40.17922],[-112.14858,40.19564],[-112.16048,40.19877],[-112.1496,40.21225],[-112.17657,40.22755],[-112.19153,40.26348],[-112.18656,40.28688],[-112.19873,40.30717],[-112.19613,40.32634],[-112.17562,40.33585],[-112.19473,40.36137],[-112.1888,40.37246],[-112.20166,40.38783],[-112.19479,40.42096],[-112.20941,40.43214],[-112.21421,40.45201],[-112.19037,40.46842],[-112.17194,40.46908],[-112.18126,40.49263],[-112.17587,40.50004],[-112.18759,40.51367],[-112.1788,40.52185],[-112.18353,40.57338],[-112.17498,40.58521],[-112.17531,40.6039],[-112.19766,40.62518],[-112.20308,40.68181],[-112.22161,40.69614],[-112.2278,40.72555],[-112.1946,40.74133],[-112.17125,40.76905],[-112.17298,40.7757],[-112.16525,40.7749],[-112.13913,40.80006],[-112.13698,40.8303],[-112.16485,40.85361],[-112.15347,40.86138],[-112.15426,40.90281],[-112.13516,40.88321],[-112.09382,40.87129],[-112.08225,40.88479],[-112.07035,40.88373],[-112.04965,40.89651],[-111.99367,40.90084],[-112.00022,40.90622],[-111.98567,40.90667],[-111.97868,40.91095],[-111.98551,40.91349],[-111.98188,40.91781],[-111.97633,40.91257],[-111.97678,40.91913],[-111.95625,40.92859],[-111.9838,40.91842],[-111.99389,40.92395],[-111.97347,40.92872],[-111.97301,40.94031],[-111.96619,40.92931],[-111.95761,40.93952],[-111.9613,40.93248],[-111.94849,40.93143],[-111.94794,40.91851],[-111.90948,40.94601],[-111.93195,40.95647],[-111.95199,40.99014],[-111.97314,40.98604],[-111.98362,40.99399],[-112.00252,40.98405],[-112.04919,40.99216],[-112.06569,41.02178],[-112.09768,41.03556],[-112.13975,41.10944],[-112.18111,41.13321],[-112.19176,41.1559],[-112.20642,41.15695],[-112.19851,41.16665],[-112.20395,41.176],[-112.27057,41.23226],[-112.29078,41.27491],[-112.28685,41.31521],[-112.2576,41.36296],[-112.23682,41.35656],[-112.17799,41.35828],[-112.13316,41.36903],[-112.13117,41.37982],[-112.07112,41.42064],[-112.08073,41.4262],[-112.13565,41.4219],[-112.14406,41.41411],[-112.15957,41.41895],[-112.17736,41.4086],[-112.17617,41.3997],[-112.19234,41.40268],[-112.21759,41.38947],[-112.25575,41.39135],[-112.29459,41.3589],[-112.31135,41.37013],[-112.32204,41.40129],[-112.33408,41.39964],[-112.33458,41.41564],[-112.34712,41.41494],[-112.34726,41.42291],[-112.35564,41.41648],[-112.35992,41.43257],[-112.37858,41.43491],[-112.37055,41.44073],[-112.37641,41.43899],[-112.37778,41.4481],[-112.3883,41.44606],[-112.38778,41.45428],[-112.36561,41.47174],[-112.3406,41.47514],[-112.34283,41.48488],[-112.35496,41.47937],[-112.35803,41.4956],[-112.35811,41.51596],[-112.34652,41.51781],[-112.38399,41.55792],[-112.39698,41.58314],[-112.39045,41.61785],[-112.3751,41.62937],[-112.37605,41.67079],[-112.34104,41.68814],[-112.34083,41.73014],[-112.34945,41.74432],[-112.34509,41.75795],[-112.35942,41.77941],[-112.34926,41.78706],[-112.3605,41.80004],[-112.35822,41.83637],[-112.37207,41.84492],[-112.36916,41.85053],[-112.39678,41.88389],[-112.38588,41.89565],[-112.38331,41.91812],[-112.36797,41.92622],[-112.3754,41.93675],[-112.36232,41.95755],[-112.3813,41.98044],[-112.36154,41.99745],[-112.36436,42.0106],[-112.38089,42.0238],[-112.39758,42.06457],[-112.40978,42.06358],[-112.42029,42.07288],[-112.41321,42.09682],[-112.44041,42.10868],[-112.45506,42.18482],[-112.47166,42.19193],[-112.48912,42.22538],[-112.524,42.2349],[-112.53,42.26382],[-112.55175,42.27695],[-112.53325,42.27879],[-112.52084,42.32089],[-112.53035,42.336],[-112.509,42.35185],[-112.52997,42.36301],[-112.56749,42.35262],[-112.65487,42.38427],[-112.65893,42.3999],[-112.64634,42.43253],[-112.65605,42.47114],[-112.66222,42.47056]]]}},{"type":"Feature","properties":{"huc6":"160300","name":"Escalante Desert-Sevier Lake","states":"NV,UT"},"geometry":{"type":"Polygon","coordinates":[[[-112.17452,40.01098],[-112.22497,39.98797],[-112.2366,39.96037],[-112.26986,39.93919],[-112.30187,39.93669],[-112.31061,39.94794],[-112.32356,39.94458],[-112.33253,39.9526],[-112.33978,39.94341],[-112.33534,39.92347],[-112.34424,39.89025],[-112.35841,39.8805],[-112.37924,39.89006],[-112.39389,39.8808],[-112.39583,39.88891],[-112.40983,39.89147],[-112.40803,39.90573],[-112.42065,39.91602],[-112.41375,39.92609],[-112.43885,39.92555],[-112.44471,39.9375],[-112.45668,39.938],[-112.48309,39.96004],[-112.52674,39.97315],[-112.55195,39.99404],[-112.58796,39.97951],[-112.6217,39.95201],[-112.65645,39.95098],[-112.68634,39.9608],[-112.7095,39.95204],[-112.72922,39.96125],[-112.76777,39.95434],[-112.80394,39.96188],[-112.82431,39.94968],[-112.82386,39.94246],[-112.8421,39.94479],[-112.84607,39.93093],[-112.86085,39.92759],[-112.85029,39.90881],[-112.85347,39.89489],[-112.85713,39.88214],[-112.86776,39.88269],[-112.8709,39.86012],[-112.87846,39.85704],[-112.87778,39.83268],[-112.85909,39.82078],[-112.85218,39.80011],[-112.84,39.79986],[-112.84135,39.79049],[-112.92451,39.78162],[-112.92936,39.74924],[-112.94462,39.75277],[-112.98259,39.74103],[-113.02341,39.74308],[-113.06381,39.73467],[-113.08342,39.74385],[-113.10348,39.73355],[-113.1109,39.72186],[-113.10839,39.70043],[-113.09103,39.68225],[-113.07773,39.61898],[-113.09691,39.60119],[-113.0882,39.58608],[-113.07249,39.58817],[-113.05947,39.56485],[-113.04451,39.55656],[-113.08305,39.5263],[-113.11402,39.54584],[-113.12736,39.54438],[-113.1774,39.50738],[-113.19234,39.50964],[-113.28456,39.48167],[-113.30489,39.47105],[-113.307,39.45938],[-113.32695,39.45644],[-113.3377,39.41962],[-113.30998,39.38531],[-113.32009,39.37255],[-113.31346,39.35307],[-113.31659,39.32998],[-113.35293,39.31696],[-113.36509,39.32095],[-113.37875,39.29079],[-113.37364,39.28453],[-113.38204,39.27827],[-113.37534,39.27165],[-113.3809,39.26624],[-113.36134,39.25297],[-113.36601,39.22426],[-113.38819,39.19775],[-113.40851,39.19261],[-113.41655,39.17549],[-113.40886,39.16703],[-113.40773,39.13587],[-113.35439,39.11888],[-113.39141,39.09841],[-113.3825,39.08652],[-113.39395,39.07548],[-113.38853,39.06576],[-113.35361,39.04961],[-113.33385,39.00529],[-113.33946,38.96564],[-113.32953,38.94622],[-113.34491,38.94122],[-113.34432,38.93214],[-113.3348,38.93015],[-113.3432,38.89965],[-113.34157,38.86519],[-113.33509,38.86227],[-113.36011,38.80652],[-113.38553,38.81152],[-113.40716,38.79811],[-113.42011,38.80899],[-113.44888,38.80747],[-113.47681,38.82139],[-113.47292,38.86253],[-113.49304,38.88198],[-113.48404,38.90041],[-113.49665,38.90961],[-113.52754,38.89378],[-113.52551,38.87147],[-113.54843,38.87542],[-113.56597,38.86904],[-113.57061,38.85718],[-113.56094,38.84957],[-113.55915,38.83025],[-113.58295,38.82548],[-113.59306,38.81502],[-113.59271,38.79525],[-113.60589,38.78667],[-113.61037,38.77241],[-113.58959,38.75931],[-113.60989,38.72034],[-113.59871,38.69812],[-113.60239,38.68255],[-113.57559,38.63608],[-113.57822,38.60883],[-113.57223,38.5971],[-113.53834,38.57512],[-113.54736,38.54837],[-113.5437,38.50716],[-113.55639,38.49496],[-113.55219,38.44471],[-113.56673,38.39731],[-113.57413,38.39529],[-113.58437,38.37074],[-113.58661,38.35406],[-113.57457,38.33711],[-113.58427,38.32491],[-113.61005,38.31937],[-113.61752,38.31026],[-113.57713,38.29085],[-113.58218,38.25819],[-113.57215,38.25451],[-113.55959,38.2128],[-113.63347,38.15877],[-113.65296,38.16046],[-113.66952,38.14891],[-113.76181,38.13306],[-113.83916,38.13922],[-113.80021,38.09261],[-113.81357,38.07773],[-113.80178,38.06489],[-113.80889,38.05646],[-113.80436,38.04765],[-113.82859,38.01915],[-113.82783,37.9988],[-113.8483,37.99386],[-113.84678,37.97226],[-113.86457,37.97467],[-113.88919,37.95528],[-113.92023,37.94717],[-113.97619,37.96222],[-114.00318,37.96143],[-114.02067,37.94914],[-114.03223,37.95848],[-114.0408,37.95442],[-114.05276,37.92285],[-114.10002,37.90353],[-114.1049,37.89104],[-114.1205,37.88609],[-114.12563,37.85382],[-114.11847,37.84259],[-114.12615,37.81391],[-114.14134,37.80688],[-114.15004,37.79006],[-114.18919,37.78607],[-114.18591,37.7709],[-114.20584,37.75324],[-114.20384,37.74631],[-114.21651,37.73568],[-114.21499,37.71747],[-114.22342,37.71375],[-114.19974,37.68012],[-114.15882,37.6598],[-114.14457,37.64376],[-114.12289,37.66656],[-114.08586,37.67119],[-114.0638,37.65182],[-114.04604,37.6506],[-114.04395,37.62502],[-114.04808,37.6143],[-114.06077,37.61211],[-114.06017,37.60378],[-114.03931,37.58736],[-114.00853,37.58858],[-114.00013,37.57569],[-113.9871,37.57248],[-113.98257,37.52931],[-113.94124,37.50606],[-113.94068,37.49103],[-113.92849,37.48143],[-113.89423,37.46649],[-113.84164,37.4751],[-113.82372,37.48839],[-113.82231,37.51174],[-113.75509,37.49745],[-113.74773,37.47191],[-113.73512,37.46793],[-113.70014,37.47396],[-113.67733,37.48864],[-113.66847,37.50748],[-113.65105,37.51312],[-113.64496,37.50273],[-113.62388,37.49575],[-113.59328,37.49551],[-113.57238,37.45843],[-113.54257,37.45373],[-113.53448,37.47046],[-113.5033,37.4708],[-113.49544,37.45146],[-113.48795,37.45104],[-113.48378,37.45807],[-113.45738,37.46016],[-113.44488,37.48924],[-113.42299,37.50296],[-113.38039,37.51525],[-113.37752,37.52935],[-113.35821,37.54445],[-113.36439,37.55334],[-113.35526,37.57195],[-113.34602,37.57256],[-113.34202,37.58423],[-113.31959,37.583],[-113.30895,37.5649],[-113.27174,37.53937],[-113.25324,37.53785],[-113.21269,37.56291],[-113.18746,37.56406],[-113.17056,37.56251],[-113.14983,37.54588],[-113.12854,37.55633],[-113.11,37.5531],[-113.07804,37.52598],[-113.06134,37.55398],[-113.04869,37.56092],[-113.01146,37.54676],[-113.00587,37.56155],[-112.98885,37.57315],[-112.98669,37.58717],[-112.97108,37.59743],[-112.94581,37.58475],[-112.93873,37.56886],[-112.90546,37.57077],[-112.90319,37.57814],[-112.86688,37.5906],[-112.84756,37.55858],[-112.8243,37.54442],[-112.81539,37.5148],[-112.77393,37.51222],[-112.73019,37.49155],[-112.71375,37.4526],[-112.71251,37.4274],[-112.69237,37.4125],[-112.68318,37.42372],[-112.65661,37.42053],[-112.64692,37.4051],[-112.6427,37.4298],[-112.62953,37.4331],[-112.61451,37.46139],[-112.59626,37.46365],[-112.56717,37.4853],[-112.56858,37.49672],[-112.54328,37.49634],[-112.53402,37.48689],[-112.51177,37.49014],[-112.47528,37.47174],[-112.44124,37.4938],[-112.42158,37.49862],[-112.40471,37.49212],[-112.3887,37.50239],[-112.37156,37.47807],[-112.38544,37.45195],[-112.40146,37.43982],[-112.3852,37.42485],[-112.39975,37.41584],[-112.37107,37.40423],[-112.34818,37.42034],[-112.3294,37.41742],[-112.3176,37.42381],[-112.31032,37.44585],[-112.26666,37.44248],[-112.26291,37.46164],[-112.24023,37.47559],[-112.25038,37.48195],[-112.26549,37.51427],[-112.23193,37.57439],[-112.23595,37.58511],[-112.19371,37.59427],[-112.18268,37.58514],[-112.17499,37.59729],[-112.15364,37.5971],[-112.17103,37.62068],[-112.16294,37.62822],[-112.16343,37.64243],[-112.14776,37.64521],[-112.13914,37.65872],[-112.13575,37.68582],[-112.11221,37.69948],[-112.09156,37.69175],[-112.0869,37.71054],[-112.04258,37.73813],[-112.02245,37.732],[-112.00777,37.71276],[-111.99176,37.71278],[-111.98963,37.70426],[-111.97819,37.71584],[-111.96223,37.71199],[-111.95328,37.72335],[-111.93786,37.7149],[-111.90431,37.7309],[-111.8747,37.72885],[-111.86405,37.74873],[-111.87577,37.75424],[-111.87087,37.76272],[-111.87914,37.76607],[-111.8921,37.80007],[-111.88192,37.81334],[-111.87337,37.87935],[-111.87816,37.89758],[-111.89331,37.9121],[-111.87492,37.92065],[-111.88073,37.92708],[-111.86888,37.92896],[-111.86313,37.94494],[-111.81423,37.94978],[-111.79229,37.96973],[-111.77539,37.94949],[-111.74146,37.94205],[-111.72662,37.98102],[-111.73798,38.00021],[-111.71608,38.02119],[-111.71375,38.0367],[-111.72376,38.04684],[-111.71181,38.05645],[-111.72055,38.06068],[-111.71416,38.06916],[-111.77019,38.07766],[-111.7964,38.08919],[-111.8039,38.11256],[-111.82785,38.10767],[-111.83429,38.12854],[-111.84871,38.12403],[-111.86445,38.13989],[-111.8841,38.12903],[-111.89261,38.13311],[-111.88034,38.16314],[-111.88364,38.17524],[-111.85,38.20719],[-111.8584,38.2357],[-111.89316,38.29061],[-111.88875,38.31175],[-111.89532,38.31315],[-111.89505,38.32322],[-111.88133,38.34589],[-111.88221,38.36033],[-111.86004,38.37955],[-111.8631,38.40344],[-111.83794,38.42896],[-111.8098,38.47595],[-111.81799,38.48449],[-111.79944,38.50103],[-111.79587,38.51474],[-111.78422,38.51237],[-111.76259,38.52587],[-111.7718,38.55821],[-111.74629,38.56816],[-111.74694,38.58168],[-111.73861,38.58603],[-111.74079,38.61005],[-111.70324,38.65807],[-111.70305,38.68243],[-111.68966,38.7106],[-111.66776,38.71986],[-111.64786,38.71178],[-111.62108,38.74525],[-111.58382,38.73127],[-111.55065,38.75896],[-111.49115,38.76847],[-111.47574,38.79362],[-111.48947,38.82522],[-111.46928,38.85819],[-111.47032,38.86994],[-111.50055,38.88972],[-111.49232,38.90049],[-111.49861,38.90911],[-111.47372,38.9333],[-111.47343,38.94282],[-111.44159,38.95595],[-111.44093,38.96235],[-111.45053,38.99713],[-111.50311,39.00244],[-111.51179,39.02946],[-111.50856,39.04796],[-111.51634,39.05667],[-111.49802,39.06692],[-111.50427,39.0724],[-111.49872,39.11914],[-111.47593,39.12456],[-111.48628,39.14252],[-111.4909,39.18239],[-111.46764,39.24828],[-111.45736,39.24028],[-111.445,39.25515],[-111.4485,39.28928],[-111.44142,39.29903],[-111.45044,39.30866],[-111.44081,39.31963],[-111.45214,39.3323],[-111.44408,39.35128],[-111.43247,39.3687],[-111.41165,39.36906],[-111.38451,39.38824],[-111.38345,39.39619],[-111.37101,39.40058],[-111.37486,39.41055],[-111.35875,39.42416],[-111.3596,39.43546],[-111.32034,39.45675],[-111.3251,39.48108],[-111.3018,39.51043],[-111.29654,39.53775],[-111.30883,39.56067],[-111.30481,39.56749],[-111.31682,39.57912],[-111.30676,39.59684],[-111.31419,39.60664],[-111.31048,39.61714],[-111.32918,39.62985],[-111.33114,39.64104],[-111.32924,39.66469],[-111.31278,39.6775],[-111.31336,39.68931],[-111.33011,39.70038],[-111.32383,39.71604],[-111.33666,39.73879],[-111.32149,39.7513],[-111.32271,39.76173],[-111.35996,39.78669],[-111.42746,39.77584],[-111.4256,39.76319],[-111.44499,39.75482],[-111.46122,39.71616],[-111.48374,39.71747],[-111.51442,39.70017],[-111.53604,39.69894],[-111.54877,39.71136],[-111.57359,39.71597],[-111.6026,39.69642],[-111.66513,39.68759],[-111.68014,39.66932],[-111.74041,39.65645],[-111.74339,39.64171],[-111.70969,39.61326],[-111.71227,39.5924],[-111.72632,39.58481],[-111.77696,39.58686],[-111.79468,39.60556],[-111.80672,39.60453],[-111.82261,39.61818],[-111.89641,39.62517],[-111.93594,39.64042],[-111.94463,39.63271],[-111.964,39.65779],[-111.93668,39.68673],[-111.94852,39.69818],[-111.94045,39.72974],[-111.94659,39.74495],[-111.93842,39.76146],[-111.94977,39.7736],[-111.95464,39.81145],[-111.98957,39.81164],[-112.02576,39.78274],[-112.04757,39.77688],[-112.08959,39.78187],[-112.06538,39.82989],[-112.08132,39.86501],[-112.05939,39.87991],[-112.05358,39.89349],[-112.08108,39.91297],[-112.08532,39.92551],[-112.10354,39.92881],[-112.10568,39.94094],[-112.09405,39.954],[-112.1098,39.97372],[-112.1327,39.97745],[-112.16018,40.00689],[-112.17452,40.01098]]]}}]}
