{"type":"FeatureCollection","retrieved":"2026-08-18","features":[{"type":"Feature","geometry":{"type":"MultiPolygon","coordinates":[[[[-119.9999,41.184],[-119.9983,41.6188],[-119.9992,41.9949],[-120.3264,41.9926],[-120.7981,41.994],[-120.9901,41.9931],[-121.1685,41.9972],[-121.3449,41.9962],[-122.378,42.0095],[-122.7028,42.0042],[-123.044,42.0031],[-123.1457,42.0088],[-123.1839,42.0058],[-123.347,41.9993],[-123.5642,42.0007],[-123.624,41.9998],[-123.6572,41.9951],[-123.7282,41.9971],[-123.8109,41.9952],[-124.3288,41.9983],[-124.307,41.9929],[-124.3012,41.983],[-124.2886,41.9696],[-124.2848,41.9568],[-124.2899,41.9454],[-124.2919,41.9285],[-124.2899,41.9201],[-124.2857,41.9129],[-124.2761,41.9031],[-124.2807,41.8748],[-124.2796,41.8748],[-124.285,41.8595],[-124.298,41.8607],[-124.3119,41.8588],[-124.333,41.877],[-124.3476,41.8832],[-124.3652,41.8866],[-124.4012,41.8856],[-124.4113,41.8821],[-124.4261,41.8688],[-124.435,41.8565],[-124.4407,41.8387],[-124.4389,41.8245],[-124.435,41.8166],[-124.4292,41.8097],[-124.4175,41.8],[-124.4108,41.7883],[-124.3921,41.7724],[-124.3762,41.7646],[-124.3692,41.7634],[-124.3306,41.7338],[-124.3003,41.7241],[-124.2781,41.7097],[-124.2624,41.7019],[-124.2495,41.697],[-124.2369,41.6946],[-124.2226,41.6853],[-124.2117,41.6812],[-124.2085,41.6738],[-124.2118,41.6619],[-124.2105,41.6495],[-124.2114,41.6417],[-124.2098,41.6352],[-124.2013,41.6194],[-124.1901,41.6082],[-124.1905,41.5987],[-124.1892,41.5918],[-124.1871,41.589],[-124.1883,41.574],[-124.185,41.5658],[-124.18,41.5583],[-124.1723,41.551],[-124.1605,41.5434],[-124.1601,41.5294],[-124.1579,41.519],[-124.1518,41.5082],[-124.1513,41.4998],[-124.1441,41.4869],[-124.1365,41.4643],[-124.1369,41.4468],[-124.1332,41.4323],[-124.14,41.3818],[-124.1542,41.3876],[-124.1766,41.3904],[-124.1886,41.3893],[-124.2065,41.3847],[-124.2192,41.3783],[-124.2311,41.3689],[-124.2382,41.3587],[-124.2424,41.3433],[-124.2422,41.3326],[-124.2382,41.3214],[-124.2314,41.3123],[-124.22,41.303],[-124.2049,41.2956],[-124.1923,41.292],[-124.178,41.2912],[-124.1634,41.2932],[-124.1607,41.2893],[-124.1733,41.261],[-124.1764,41.2371],[-124.1878,41.2096],[-124.1955,41.1846],[-124.2067,41.1824],[-124.2194,41.1777],[-124.2376,41.166],[-124.2472,41.1528],[-124.2525,41.1341],[-124.2492,41.1202],[-124.2506,41.1103],[-124.2496,41.099],[-124.2474,41.0922],[-124.2396,41.0829],[-124.2372,41.0738],[-124.2312,41.0655],[-124.2299,41.0546],[-124.2271,41.0466],[-124.2151,41.0314],[-124.2123,41.0238],[-124.205,41.0136],[-124.1964,41.0075],[-124.1827,41.0013],[-124.1976,40.9505],[-124.215,40.9064],[-124.2326,40.8693],[-124.2463,40.847],[-124.2802,40.7999],[-124.2866,40.7959],[-124.2927,40.7881],[-124.297,40.781],[-124.2993,40.7685],[-124.3274,40.7277],[-124.3429,40.7088],[-124.3689,40.6697],[-124.4034,40.6132],[-124.412,40.597],[-124.4272,40.5621],[-124.4477,40.5297],[-124.4519,40.5156],[-124.4526,40.4931],[-124.4589,40.4792],[-124.4759,40.4598],[-124.4792,40.4526],[-124.482,40.4403],[-124.4805,40.4285],[-124.4786,40.4221],[-124.4724,40.4128],[-124.4447,40.3764],[-124.4295,40.3649],[-124.4281,40.3618],[-124.4279,40.3388],[-124.4185,40.3188],[-124.4183,40.3143],[-124.4279,40.2888],[-124.4291,40.2669],[-124.4282,40.2581],[-124.4267,40.2499],[-124.4213,40.2371],[-124.411,40.2253],[-124.3928,40.2098],[-124.3793,40.2029],[-124.3687,40.1932],[-124.3337,40.1672],[-124.3099,40.1536],[-124.2878,40.1377],[-124.2721,40.1337],[-124.2577,40.1215],[-124.2312,40.0934],[-124.218,40.0864],[-124.1689,40.0704],[-124.1538,40.0635],[-124.1441,40.0524],[-124.1454,40.029],[-124.1441,40.0182],[-124.1411,40.011],[-124.1333,39.9999],[-124.1228,39.9887],[-124.1086,39.9788],[-124.0964,39.975],[-124.0786,39.9723],[-124.0477,39.941],[-124.0354,39.9311],[-124.0162,39.9074],[-124.0096,39.8937],[-124.0055,39.8893],[-123.9829,39.8768],[-123.9735,39.8536],[-123.9536,39.827],[-123.9386,39.8149],[-123.9105,39.7996],[-123.901,39.7805],[-123.904,39.7571],[-123.8957,39.7114],[-123.8904,39.7],[-123.8803,39.6891],[-123.8572,39.6747],[-123.856,39.6571],[-123.8519,39.6428],[-123.8534,39.6035],[-123.8525,39.5924],[-123.8494,39.5783],[-123.8397,39.5565],[-123.8346,39.5492],[-123.8526,39.5148],[-123.8571,39.5141],[-123.8678,39.5083],[-123.8725,39.5024],[-123.8751,39.4942],[-123.8744,39.4826],[-123.8874,39.453],[-123.8889,39.4439],[-123.8893,39.4346],[-123.8871,39.4258],[-123.8924,39.407],[-123.8904,39.3901],[-123.8959,39.3801],[-123.8968,39.3749],[-123.8943,39.3569],[-123.8949,39.3483],[-123.8931,39.3375],[-123.8864,39.325],[-123.881,39.3193],[-123.8816,39.3102],[-123.8802,39.3042],[-123.8761,39.2904],[-123.8702,39.2807],[-123.8634,39.2548],[-123.8501,39.2314],[-123.846,39.1998],[-123.8401,39.1902],[-123.8408,39.1873],[-123.8092,39.141],[-123.8075,39.1272],[-123.7861,39.0921],[-123.7783,39.0697],[-123.7726,39.0632],[-123.7683,39.0503],[-123.762,39.0411],[-123.7612,39.015],[-123.7631,39.0087],[-123.7766,39.005],[-123.7854,38.9999],[-123.7972,38.9899],[-123.8061,38.977],[-123.8099,38.9612],[-123.8065,38.9405],[-123.7985,38.9275],[-123.7847,38.8937],[-123.7671,38.8779],[-123.7379,38.8574],[-123.7253,38.8441],[-123.7178,38.8279],[-123.7065,38.8177],[-123.6926,38.8103],[-123.6827,38.797],[-123.66,38.7843],[-123.6527,38.775],[-123.6413,38.7644],[-123.6261,38.7546],[-123.6152,38.7499],[-123.6071,38.7486],[-123.592,38.7402],[-123.5869,38.7281],[-123.578,38.7176],[-123.5661,38.709],[-123.5495,38.7001],[-123.5319,38.6934],[-123.5106,38.6809],[-123.4987,38.6689],[-123.4951,38.6607],[-123.4885,38.6515],[-123.4774,38.6422],[-123.4705,38.6386],[-123.4562,38.6148],[-123.4484,38.6063],[-123.4305,38.5917],[-123.4254,38.5828],[-123.3942,38.5539],[-123.3846,38.537],[-123.3609,38.5102],[-123.3485,38.5042],[-123.3309,38.5024],[-123.3307,38.4999],[-123.3238,38.4986],[-123.3173,38.4886],[-123.3067,38.4787],[-123.2897,38.4676],[-123.2692,38.4576],[-123.2511,38.4521],[-123.2364,38.4504],[-123.228,38.4442],[-123.2202,38.442],[-123.2041,38.4239],[-123.1962,38.4101],[-123.1885,38.4029],[-123.1717,38.3941],[-123.1648,38.3883],[-123.1598,38.3749],[-123.1557,38.3684],[-123.1343,38.3458],[-123.141,38.3275],[-123.1413,38.3113],[-123.1345,38.2963],[-123.1238,38.2858],[-123.1196,38.2771],[-123.111,38.2673],[-123.101,38.2614],[-123.0496,38.2143],[-123.0458,38.2049],[-123.0389,38.1975],[-123.0379,38.1925],[-123.0313,38.1815],[-123.0305,38.1725],[-123.0272,38.1642],[-123.0148,38.1491],[-123.0237,38.1249],[-123.0638,38.0365],[-123.0747,38.0272],[-123.0812,38.019],[-123.0851,38.0084],[-123.0839,37.9834],[-123.0794,37.9719],[-123.068,37.9587],[-123.0501,37.948],[-123.0225,37.9421],[-122.9764,37.9401],[-122.9532,37.9411],[-122.9319,37.9467],[-122.9192,37.9548],[-122.9092,37.9646],[-122.9023,37.9774],[-122.8893,37.9741],[-122.8791,37.9666],[-122.8761,37.9663],[-122.8505,37.9456],[-122.8421,37.9233],[-122.8298,37.9103],[-122.8141,37.9011],[-122.789,37.8938],[-122.7855,37.8853],[-122.7791,37.8761],[-122.7668,37.8658],[-122.7525,37.8577],[-122.7403,37.8552],[-122.7307,37.8501],[-122.7158,37.8456],[-122.7047,37.8443],[-122.692,37.845],[-122.6757,37.8485],[-122.6674,37.8417],[-122.6432,37.8305],[-122.6325,37.8278],[-122.6261,37.8216],[-122.6123,37.8152],[-122.5882,37.7894],[-122.5847,37.7792],[-122.5813,37.7602],[-122.5675,37.6392],[-122.5865,37.5925],[-122.5882,37.5794],[-122.5865,37.5619],[-122.5796,37.5459],[-122.575,37.4999],[-122.5728,37.4892],[-122.5681,37.4792],[-122.547,37.4579],[-122.5373,37.4507],[-122.5276,37.4461],[-122.5099,37.4416],[-122.5077,37.4227],[-122.5035,37.4119],[-122.4875,37.3883],[-122.467,37.3499],[-122.4659,37.3412],[-122.4818,37.2711],[-122.484,37.2499],[-122.4817,37.2291],[-122.4791,37.2217],[-122.4722,37.2122],[-122.4681,37.188],[-122.4641,37.1778],[-122.4554,37.1666],[-122.4456,37.15],[-122.4285,37.1378],[-122.4213,37.1351],[-122.4134,37.1218],[-122.4044,37.1139],[-122.3969,37.1099],[-122.3969,37.1028],[-122.3931,37.0872],[-122.3857,37.0759],[-122.3761,37.0656],[-122.36,37.0584],[-122.3482,37.0557],[-122.3364,37.0539],[-122.3139,37.0548],[-122.2903,37.0321],[-122.2764,37.0248],[-122.2657,37.0001],[-122.261,36.9935],[-122.2511,36.9858],[-122.2093,36.9616],[-122.172,36.9427],[-122.1306,36.9253],[-122.103,36.9163],[-122.0764,36.9102],[-122.0683,36.875],[-122.0011,36.6477],[-122.0142,36.6367],[-122.0194,36.6278],[-122.0201,36.6228],[-122.0342,36.6097],[-122.0407,36.6001],[-122.0441,36.5914],[-122.044,36.5782],[-122.0375,36.5604],[-122.029,36.5485],[-122.0175,36.5374],[-122.0205,36.5319],[-122.0227,36.5222],[-122.022,36.5089],[-122.009,36.4753],[-121.9995,36.4665],[-122.0008,36.4557],[-121.9971,36.441],[-121.9929,36.4334],[-121.981,36.4196],[-121.9756,36.3926],[-121.9704,36.3834],[-121.9723,36.3728],[-121.9719,36.3578],[-121.9674,36.3342],[-121.9629,36.3227],[-121.9646,36.307],[-121.9632,36.2988],[-121.9577,36.2851],[-121.9442,36.2696],[-121.9307,36.2596],[-121.9204,36.2551],[-121.9113,36.2488],[-121.9012,36.2397],[-121.8935,36.2243],[-121.8802,36.2103],[-121.8464,36.1903],[-121.8317,36.1846],[-121.8024,36.1783],[-121.788,36.1685],[-121.7707,36.162],[-121.7473,36.146],[-121.7381,36.1358],[-121.7278,36.129],[-121.7087,36.1026],[-121.6744,36.0647],[-121.6482,35.9986],[-121.6318,35.9789],[-121.6204,35.9691],[-121.5893,35.9593],[-121.5615,35.9438],[-121.5418,35.9017],[-121.532,35.8848],[-121.5192,35.8634],[-121.501,35.8427],[-121.4816,35.8294],[-121.4561,35.8177],[-121.4506,35.8098],[-121.4285,35.7859],[-121.3998,35.7653],[-121.3935,35.7634],[-121.3937,35.75],[-121.3856,35.7337],[-121.3793,35.727],[-121.3771,35.7165],[-121.379,35.706],[-121.3664,35.6804],[-121.3477,35.665],[-121.3456,35.656],[-121.3396,35.6424],[-121.3235,35.625],[-121.31,35.6171],[-121.286,35.6084],[-121.2704,35.6065],[-121.2598,35.6018],[-121.2466,35.6004],[-121.2318,35.594],[-121.2201,35.5869],[-121.2016,35.5837],[-121.1877,35.5691],[-121.1778,35.5613],[-121.1511,35.5164],[-121.1283,35.4956],[-121.1182,35.4906],[-121.1112,35.4813],[-121.1001,35.4709],[-121.0922,35.4667],[-121.083,35.4556],[-121.0691,35.4473],[-121.0523,35.4285],[-121.0416,35.42],[-121.015,35.4106],[-121.0056,35.4095],[-120.9896,35.4111],[-120.9768,35.4036],[-120.9597,35.3965],[-120.9333,35.3927],[-120.9283,35.3868],[-120.9302,35.3831],[-120.9308,35.375],[-120.9283,35.361],[-120.9234,35.3484],[-120.9286,35.3307],[-120.9533,35.2848],[-120.9594,35.2654],[-120.9613,35.25],[-120.9602,35.2436],[-120.949,35.221],[-120.9373,35.208],[-120.9302,35.2046],[-120.9279,35.1994],[-120.9178,35.1874],[-120.8968,35.1713],[-120.876,35.1597],[-120.8717,35.1537],[-120.8569,35.1428],[-120.8394,35.1347],[-120.8306,35.1319],[-120.822,35.1314],[-120.8084,35.1205],[-120.8004,35.1166],[-120.7829,35.112],[-120.7524,35.1095],[-120.7385,35.1096],[-120.7255,35.1136],[-120.7071,35.1043],[-120.6896,35.0988],[-120.6878,35.0775],[-120.6917,35.0604],[-120.6947,35.0288],[-120.7144,34.9635],[-120.7203,34.9563],[-120.7268,34.9438],[-120.7285,34.9316],[-120.7272,34.9233],[-120.7334,34.9102],[-120.7344,34.9015],[-120.7307,34.8864],[-120.7203,34.8692],[-120.713,34.8629],[-120.6956,34.8546],[-120.6841,34.8445],[-120.6733,34.8386],[-120.6844,34.8037],[-120.6929,34.7827],[-120.6998,34.7709],[-120.7022,34.7602],[-120.7021,34.7483],[-120.6983,34.7378],[-120.6932,34.73],[-120.6847,34.7211],[-120.6773,34.7097],[-120.6658,34.6994],[-120.6647,34.6963],[-120.6865,34.645],[-120.7013,34.63],[-120.7053,34.6214],[-120.7084,34.6099],[-120.7071,34.5975],[-120.7121,34.5842],[-120.7133,34.575],[-120.7128,34.5683],[-120.7065,34.5519],[-120.6822,34.5253],[-120.6561,34.5086],[-120.6424,34.5038],[-120.6095,34.5019],[-120.5943,34.5041],[-120.5815,34.4966],[-120.5594,34.4885],[-120.5531,34.471],[-120.5446,34.4602],[-120.5357,34.4527],[-120.5356,34.4395],[-120.5236,34.4195],[-120.501,34.4031],[-120.4881,34.3983],[-120.4752,34.3967],[-120.456,34.3915],[-120.4436,34.392],[-120.426,34.3967],[-120.4085,34.3987],[-120.3906,34.4033],[-120.3869,34.4057],[-120.3673,34.4085],[-120.3489,34.4073],[-120.34,34.4094],[-120.3245,34.4097],[-120.2871,34.4176],[-120.2802,34.4163],[-120.2406,34.4175],[-120.2028,34.4222],[-120.1918,34.42],[-120.1636,34.4204],[-120.1473,34.4229],[-120.1351,34.4221],[-120.1083,34.4129],[-120.0907,34.4093],[-120.0764,34.4111],[-120.0568,34.4099],[-120.0448,34.4125],[-120.0361,34.4099],[-120.0244,34.4093],[-120.0094,34.4015],[-119.9234,34.3735],[-119.9165,34.3726],[-119.9054,34.3644],[-119.8915,34.3575],[-119.876,34.3556],[-119.8659,34.3572],[-119.8553,34.3543],[-119.8379,34.3543],[-119.8231,34.357],[-119.8058,34.3653],[-119.7971,34.3653],[-119.732,34.3397],[-119.7161,34.3361],[-119.6978,34.3409],[-119.6661,34.3545],[-119.6514,34.3667],[-119.626,34.3662],[-119.6175,34.3687],[-119.6021,34.3637],[-119.5903,34.3612],[-119.5848,34.3617],[-119.5745,34.3538],[-119.5558,34.345],[-119.5478,34.3444],[-119.5327,34.3388],[-119.5279,34.3388],[-119.5229,34.3359],[-119.5195,34.3361],[-119.501,34.3269],[-119.4842,34.3068],[-119.467,34.2937],[-119.449,34.2847],[-119.4286,34.2778],[-119.402,34.2723],[-119.3863,34.2571],[-119.3759,34.2499],[-119.3507,34.2401],[-119.3349,34.2369],[-119.3287,34.2269],[-119.2976,34.1603],[-119.2857,34.1408],[-119.2677,34.1213],[-119.2509,34.1062],[-119.218,34.0625],[-119.159,34.0403],[-119.1168,34.0298],[-119.0274,34.0149],[-119.0004,34.0075],[-118.9853,34.0],[-118.964,33.9968],[-118.9524,33.993],[-118.8873,33.9872],[-118.874,33.9833],[-118.8568,33.966],[-118.8411,33.9554],[-118.8294,33.9504],[-118.8148,33.9472],[-118.8036,33.9472],[-118.7865,33.9514],[-118.7544,33.9678],[-118.7464,33.9755],[-118.7355,33.977],[-118.7275,33.9803],[-118.7046,33.9778],[-118.6891,33.9799],[-118.6808,33.9792],[-118.6665,33.9806],[-118.6483,33.9867],[-118.6044,33.9863],[-118.5941,33.9881],[-118.5866,33.987],[-118.5697,33.9888],[-118.5574,33.9877],[-118.5484,33.98],[-118.5335,33.9618],[-118.5234,33.953],[-118.5086,33.9325],[-118.5009,33.9186],[-118.4768,33.8895],[-118.4473,33.8488],[-118.444,33.8391],[-118.4505,33.8323],[-118.4692,33.8187],[-118.4845,33.8032],[-118.4878,33.7799],[-118.4856,33.7537],[-118.467,33.7255],[-118.4286,33.7013],[-118.3859,33.6867],[-118.3772,33.679],[-118.3454,33.6634],[-118.3191,33.6595],[-118.2742,33.6634],[-118.2545,33.6751],[-118.237,33.6906],[-118.1658,33.6916],[-118.1259,33.6972],[-118.0965,33.6537],[-118.0751,33.6396],[-118.0498,33.62],[-118.0336,33.6094],[-118.0009,33.5932],[-117.934,33.5493],[-117.8164,33.4909],[-117.8113,33.482],[-117.7933,33.4698],[-117.7905,33.4612],[-117.7651,33.4315],[-117.7414,33.4101],[-117.7353,33.4074],[-117.7136,33.4088],[-117.6538,33.3648],[-117.6479,33.3636],[-117.6362,33.3491],[-117.6259,33.3421],[-117.5715,33.3123],[-117.521,33.2689],[-117.5009,33.2422],[-117.4679,33.2125],[-117.4356,33.1775],[-117.3759,33.0752],[-117.3233,32.9031],[-117.3326,32.8822],[-117.3397,32.8592],[-117.342,32.8404],[-117.3303,32.8048],[-117.3256,32.7317],[-117.3209,32.6898],[-117.3092,32.6564],[-117.2975,32.6418],[-117.2769,32.6235],[-117.2688,32.6194],[-117.2551,32.6155],[-117.2468,32.6149],[-117.2335,32.6167],[-117.2233,32.6212],[-117.2182,32.6103],[-117.2141,32.5948],[-117.21,32.5729],[-117.21,32.5546],[-117.2051,32.5295],[-117.1247,32.5343],[-116.4394,32.5918],[-115.8172,32.6408],[-115.3687,32.6741],[-114.7195,32.7187],[-114.7145,32.7304],[-114.7016,32.7456],[-114.6882,32.7375],[-114.6174,32.7283],[-114.6157,32.7285],[-114.6151,32.7345],[-114.5818,32.7349],[-114.5817,32.7423],[-114.5645,32.7423],[-114.5644,32.7496],[-114.5392,32.7498],[-114.5391,32.7569],[-114.5269,32.7571],[-114.5284,32.7673],[-114.5324,32.7769],[-114.5317,32.7912],[-114.5296,32.7955],[-114.522,32.8017],[-114.5103,32.8165],[-114.4941,32.8233],[-114.469,32.8452],[-114.4629,32.9079],[-114.4644,32.9131],[-114.4766,32.9236],[-114.4809,32.9363],[-114.4708,32.9494],[-114.4681,32.9553],[-114.4673,32.9641],[-114.4686,32.9716],[-114.4705,32.9739],[-114.4754,32.9752],[-114.4886,32.9699],[-114.4929,32.9718],[-114.4998,33.0039],[-114.5029,33.0112],[-114.5113,33.0235],[-114.5201,33.03],[-114.5385,33.0334],[-114.5752,33.0365],[-114.5794,33.0346],[-114.5848,33.0282],[-114.5898,33.0262],[-114.601,33.0254],[-114.6188,33.0272],[-114.6283,33.0311],[-114.6396,33.0453],[-114.646,33.0489],[-114.649,33.0468],[-114.6578,33.0338],[-114.6623,33.0327],[-114.6651,33.0339],[-114.6737,33.0419],[-114.6751,33.0475],[-114.6743,33.0572],[-114.687,33.071],[-114.6891,33.0761],[-114.689,33.084],[-114.7065,33.0882],[-114.7079,33.0974],[-114.7037,33.1138],[-114.6969,33.1311],[-114.6874,33.142],[-114.6799,33.1591],[-114.6809,33.1691],[-114.6754,33.1855],[-114.6787,33.2034],[-114.6736,33.2231],[-114.6895,33.2464],[-114.6745,33.2556],[-114.6721,33.2585],[-114.677,33.2702],[-114.6805,33.2736],[-114.6944,33.2798],[-114.7217,33.287],[-114.7312,33.3024],[-114.7299,33.3057],[-114.7236,33.3121],[-114.7079,33.3233],[-114.7009,33.337],[-114.698,33.3524],[-114.6991,33.3611],[-114.7073,33.3766],[-114.7073,33.3825],[-114.7242,33.4004],[-114.7253,33.405],[-114.7201,33.4079],[-114.7018,33.4084],[-114.6977,33.4109],[-114.6957,33.4151],[-114.6879,33.4179],[-114.6737,33.4192],[-114.6567,33.4128],[-114.6495,33.4136],[-114.6433,33.4167],[-114.6296,33.4281],[-114.6223,33.4476],[-114.6229,33.4566],[-114.6125,33.4708],[-114.6017,33.4814],[-114.5924,33.4987],[-114.5805,33.5065],[-114.5695,33.5092],[-114.561,33.5167],[-114.5589,33.5318],[-114.5242,33.5531],[-114.5282,33.5593],[-114.5316,33.5617],[-114.5368,33.571],[-114.5403,33.5806],[-114.5406,33.5914],[-114.5292,33.6067],[-114.5218,33.6125],[-114.5312,33.6239],[-114.531,33.6282],[-114.5264,33.6303],[-114.5238,33.6347],[-114.5254,33.6407],[-114.5332,33.6484],[-114.5332,33.6517],[-114.5306,33.6545],[-114.5183,33.6559],[-114.5146,33.658],[-114.5141,33.6602],[-114.5171,33.6629],[-114.5264,33.6639],[-114.5303,33.6668],[-114.5321,33.6697],[-114.5315,33.6751],[-114.5303,33.6792],[-114.524,33.6859],[-114.4965,33.6969],[-114.4942,33.7079],[-114.4966,33.7192],[-114.5008,33.7222],[-114.5042,33.7281],[-114.5123,33.7342],[-114.5045,33.751],[-114.5049,33.7605],[-114.5167,33.7883],[-114.5189,33.7973],[-114.528,33.815],[-114.5227,33.819],[-114.52,33.8254],[-114.5296,33.8481],[-114.5299,33.8576],[-114.5243,33.8601],[-114.5147,33.8586],[-114.5056,33.8643],[-114.503,33.868],[-114.5043,33.8769],[-114.5228,33.8926],[-114.5259,33.901],[-114.5137,33.898],[-114.5087,33.9006],[-114.5079,33.9038],[-114.5115,33.9111],[-114.5184,33.9175],[-114.5254,33.9223],[-114.535,33.9257],[-114.5357,33.9336],[-114.5287,33.9478],[-114.5227,33.955],[-114.5159,33.9581],[-114.5087,33.9575],[-114.4999,33.9618],[-114.4848,33.9755],[-114.4815,33.9813],[-114.4711,33.988],[-114.4679,33.9929],[-114.4593,33.9947],[-114.458,33.9972],[-114.4592,34.0],[-114.4673,34.0052],[-114.4659,34.011],[-114.4633,34.0123],[-114.4548,34.011],[-114.4502,34.0126],[-114.4438,34.0162],[-114.4383,34.0226],[-114.4349,34.0378],[-114.4393,34.0579],[-114.4342,34.0874],[-114.428,34.0928],[-114.4205,34.1035],[-114.4117,34.11],[-114.4013,34.1116],[-114.3906,34.1101],[-114.3792,34.116],[-114.3665,34.1186],[-114.3604,34.1236],[-114.353,34.1331],[-114.3481,34.1345],[-114.3361,34.134],[-114.3208,34.1386],[-114.3122,34.1448],[-114.2928,34.1667],[-114.2873,34.1705],[-114.2753,34.1721],[-114.2685,34.1702],[-114.257,34.1728],[-114.2444,34.1794],[-114.2407,34.1832],[-114.2297,34.1869],[-114.227,34.1889],[-114.2249,34.1939],[-114.2252,34.2036],[-114.2118,34.2115],[-114.1909,34.2309],[-114.1781,34.24],[-114.1746,34.2473],[-114.1661,34.25],[-114.1639,34.2533],[-114.1646,34.2597],[-114.1533,34.2583],[-114.1448,34.2596],[-114.1355,34.2579],[-114.1315,34.2604],[-114.1312,34.2627],[-114.1367,34.2744],[-114.1361,34.2808],[-114.1395,34.2958],[-114.1383,34.3032],[-114.1572,34.3179],[-114.1688,34.3395],[-114.1769,34.3493],[-114.1995,34.3614],[-114.2138,34.3625],[-114.2261,34.3659],[-114.2297,34.3689],[-114.2343,34.3767],[-114.2527,34.3901],[-114.2643,34.4013],[-114.2801,34.4031],[-114.2887,34.4066],[-114.2918,34.4111],[-114.2922,34.4176],[-114.2948,34.4214],[-114.301,34.4268],[-114.3123,34.4327],[-114.3261,34.4373],[-114.3307,34.4453],[-114.3354,34.45],[-114.3426,34.4514],[-114.3737,34.4469],[-114.3867,34.4579],[-114.3872,34.462],[-114.3817,34.476],[-114.3824,34.4958],[-114.3781,34.5073],[-114.3782,34.5165],[-114.3808,34.5297],[-114.4052,34.5696],[-114.4224,34.5807],[-114.4368,34.5961],[-114.4253,34.6008],[-114.4242,34.6105],[-114.4387,34.6215],[-114.4414,34.6302],[-114.4403,34.6382],[-114.4415,34.6425],[-114.4495,34.6514],[-114.458,34.6571],[-114.4577,34.6593],[-114.4518,34.6639],[-114.4505,34.6668],[-114.4543,34.6712],[-114.4555,34.6773],[-114.4652,34.6912],[-114.4705,34.7114],[-114.4737,34.714],[-114.4828,34.7145],[-114.4875,34.7166],[-114.492,34.7257],[-114.5166,34.7367],[-114.5296,34.7508],[-114.5527,34.7669],[-114.5587,34.7739],[-114.571,34.7943],[-114.5765,34.8153],[-114.5868,34.8357],[-114.6007,34.8474],[-114.6239,34.8597],[-114.6306,34.8664],[-114.6344,34.8729],[-114.6367,34.8891],[-114.6309,34.9073],[-114.6333,34.9246],[-114.6298,34.943],[-114.635,34.9589],[-114.6352,34.9651],[-114.6291,34.9861],[-114.6294,34.9918],[-114.6335,35.0019],[-114.7973,35.1349],[-115.101,35.3757],[-115.2597,35.5035],[-115.6954,35.8463],[-116.0942,36.1563],[-116.4882,36.4591],[-116.8743,36.7521],[-117.5001,37.2204],[-117.5814,37.2789],[-117.6806,37.3534],[-117.7124,37.3749],[-117.8759,37.4973],[-117.9046,37.5158],[-118.0522,37.6249],[-118.7142,38.1021],[-119.126,38.3932],[-119.4538,38.6224],[-120.001,38.9996],[-120.0065,39.2729],[-120.0061,39.3741],[-120.0029,39.4644],[-120.0008,39.6068],[-120.0011,39.7522],[-119.9977,39.9999],[-119.9957,40.3758],[-119.996,40.5705],[-119.9988,40.7739],[-119.9999,41.184]]],[[[-123.1738,37.7757],[-123.1729,37.7636],[-123.17,37.7559],[-123.1628,37.7435],[-123.1568,37.7378],[-123.1326,37.7194],[-123.1261,37.7167],[-123.1049,37.7126],[-123.0929,37.7137],[-123.0861,37.7007],[-123.0749,37.6901],[-123.0686,37.673],[-123.0536,37.6586],[-123.0407,37.6503],[-123.0116,37.6415],[-123.0011,37.6418],[-123.0011,37.6398],[-122.9867,37.6418],[-122.973,37.6466],[-122.963,37.652],[-122.9491,37.6634],[-122.9414,37.6766],[-122.9357,37.6976],[-122.9359,37.7025],[-122.9423,37.7211],[-122.95,37.7322],[-122.9641,37.7443],[-122.9733,37.7487],[-122.9814,37.7589],[-122.9975,37.7708],[-123.0106,37.7749],[-123.0338,37.7784],[-123.0387,37.7889],[-123.0488,37.7998],[-123.0705,37.8138],[-123.0953,37.8219],[-123.1183,37.8231],[-123.1323,37.8197],[-123.1472,37.812],[-123.166,37.7969],[-123.1691,37.7924],[-123.1738,37.7757]]],[[[-119.1172,33.5056],[-119.1189,33.5],[-119.1072,33.5],[-119.1097,33.4623],[-119.1089,33.4512],[-119.1062,33.445],[-119.0941,33.4269],[-119.0719,33.4138],[-119.0531,33.411],[-119.027,33.4129],[-119.0095,33.4168],[-119.0009,33.4213],[-119.0009,33.4185],[-118.9887,33.4234],[-118.9785,33.4311],[-118.9638,33.4668],[-118.9628,33.4852],[-118.966,33.5],[-118.971,33.5107],[-118.9821,33.5243],[-119.0009,33.5359],[-119.0307,33.5401],[-119.0566,33.536],[-119.0662,33.5367],[-119.0765,33.5351],[-119.0905,33.5303],[-119.1042,33.5229],[-119.1117,33.5155],[-119.1172,33.5056]]],[[[-118.6682,33.4859],[-118.6659,33.4673],[-118.6617,33.4563],[-118.6551,33.4453],[-118.6307,33.4232],[-118.6259,33.4143],[-118.6186,33.4062],[-118.6072,33.3983],[-118.5911,33.3909],[-118.5732,33.3835],[-118.5534,33.3802],[-118.5479,33.3768],[-118.5512,33.3694],[-118.5475,33.3405],[-118.5349,33.3152],[-118.5104,33.2897],[-118.4867,33.2769],[-118.4551,33.269],[-118.4377,33.267],[-118.412,33.2663],[-118.4026,33.2679],[-118.3856,33.2654],[-118.3815,33.2623],[-118.3633,33.2551],[-118.3438,33.25],[-118.328,33.2481],[-118.3028,33.251],[-118.2807,33.2591],[-118.2592,33.2725],[-118.2509,33.2805],[-118.2491,33.2841],[-118.2427,33.3031],[-118.2413,33.323],[-118.2451,33.3383],[-118.2577,33.3641],[-118.2627,33.3704],[-118.2772,33.3807],[-118.2947,33.3976],[-118.3041,33.4036],[-118.3066,33.4072],[-118.3109,33.4251],[-118.3164,33.4341],[-118.3328,33.448],[-118.3509,33.4578],[-118.3594,33.4649],[-118.4032,33.4793],[-118.4208,33.4818],[-118.4271,33.4872],[-118.4368,33.4894],[-118.4475,33.5],[-118.4629,33.5104],[-118.4773,33.5154],[-118.4933,33.5157],[-118.5068,33.5249],[-118.5294,33.5312],[-118.5466,33.5308],[-118.5578,33.5283],[-118.5672,33.5295],[-118.5791,33.5284],[-118.5897,33.532],[-118.605,33.5322],[-118.6259,33.529],[-118.6441,33.5213],[-118.6557,33.5108],[-118.6637,33.5],[-118.6682,33.4859]]],[[[-118.6782,33.0397],[-118.6786,33.0264],[-118.6702,33.0],[-118.6447,33.0],[-118.6355,32.9656],[-118.6221,32.9414],[-118.6088,32.9277],[-118.6055,32.9182],[-118.6053,32.9085],[-118.5969,32.8905],[-118.5625,32.8494],[-118.5532,32.8288],[-118.5382,32.8128],[-118.5204,32.802],[-118.5076,32.7969],[-118.485,32.7792],[-118.4739,32.7668],[-118.4647,32.7602],[-118.4538,32.7551],[-118.4365,32.75],[-118.4198,32.75],[-118.4083,32.7519],[-118.3926,32.7585],[-118.3784,32.7702],[-118.3535,32.7658],[-118.3432,32.7671],[-118.3238,32.7735],[-118.3028,32.7888],[-118.2958,32.7983],[-118.2899,32.8105],[-118.2888,32.8208],[-118.2899,32.8294],[-118.2972,32.8451],[-118.3103,32.8595],[-118.3174,32.8638],[-118.3289,32.875],[-118.3375,32.8797],[-118.3625,32.9001],[-118.3908,32.9178],[-118.4233,32.9465],[-118.4489,32.9618],[-118.4895,33.0106],[-118.4911,33.0179],[-118.4956,33.0263],[-118.5077,33.0379],[-118.515,33.0499],[-118.5237,33.06],[-118.5421,33.0738],[-118.5526,33.0786],[-118.5783,33.0862],[-118.6196,33.0867],[-118.6326,33.0845],[-118.6413,33.0819],[-118.6544,33.075],[-118.6638,33.0668],[-118.6756,33.0493],[-118.6782,33.0397]]],[[[-119.4923,33.9832],[-119.4726,33.9706],[-119.433,33.9559],[-119.417,33.9538],[-119.4113,33.9554],[-119.4029,33.9538],[-119.3805,33.9536],[-119.3628,33.9588],[-119.3519,33.9645],[-119.3328,33.9677],[-119.3184,33.9749],[-119.3116,33.98],[-119.3041,33.9865],[-119.2962,33.9972],[-119.2931,34.0202],[-119.2944,34.0275],[-119.2976,34.0366],[-119.3052,34.0474],[-119.3121,34.0544],[-119.3211,34.0606],[-119.3425,34.069],[-119.3564,34.0708],[-119.3679,34.0704],[-119.397,34.0638],[-119.4094,34.0668],[-119.4373,34.0677],[-119.4678,34.0629],[-119.4773,34.0718],[-119.4888,34.0792],[-119.4975,34.0828],[-119.5121,34.0935],[-119.5384,34.1054],[-119.5574,34.1086],[-119.5906,34.1056],[-119.6143,34.0994],[-119.6452,34.0801],[-119.6549,34.0712],[-119.693,34.0949],[-119.7095,34.1007],[-119.726,34.1021],[-119.751,34.1126],[-119.769,34.1119],[-119.7926,34.1064],[-119.8292,34.1187],[-119.8521,34.121],[-119.876,34.1262],[-119.8942,34.1258],[-119.9056,34.1294],[-119.9288,34.1299],[-119.9478,34.125],[-119.9655,34.1126],[-119.9724,34.1033],[-119.9744,34.0967],[-119.9819,34.0894],[-119.9916,34.0649],[-120.001,34.0768],[-120.001,34.0787],[-120.0102,34.084],[-120.0195,34.0877],[-120.0452,34.0906],[-120.0633,34.0897],[-120.0803,34.0864],[-120.1029,34.0745],[-120.1201,34.0789],[-120.135,34.0788],[-120.1711,34.0733],[-120.1855,34.0662],[-120.1941,34.0587],[-120.1976,34.0581],[-120.2104,34.0609],[-120.2249,34.0613],[-120.2528,34.058],[-120.2716,34.0741],[-120.2743,34.0818],[-120.2847,34.0948],[-120.2978,34.1041],[-120.3117,34.1095],[-120.3211,34.1105],[-120.3243,34.1138],[-120.3386,34.1217],[-120.3427,34.1315],[-120.3505,34.1415],[-120.3552,34.145],[-120.3687,34.151],[-120.4012,34.1587],[-120.4188,34.1606],[-120.4327,34.1575],[-120.4491,34.1506],[-120.4717,34.1341],[-120.4814,34.1422],[-120.4974,34.1499],[-120.516,34.1528],[-120.5381,34.1503],[-120.561,34.1407],[-120.5678,34.1356],[-120.5751,34.1265],[-120.5823,34.1075],[-120.5815,34.0915],[-120.5738,34.076],[-120.567,34.0686],[-120.5501,34.0573],[-120.5311,34.0517],[-120.5234,34.0511],[-120.5265,34.0415],[-120.5259,34.033],[-120.5231,34.0228],[-120.5188,34.0141],[-120.5062,34.0],[-120.501,33.9963],[-120.4977,33.9912],[-120.4882,33.9843],[-120.4808,33.9803],[-120.4668,33.9761],[-120.4462,33.9774],[-120.4322,33.9747],[-120.4118,33.977],[-120.3956,33.9674],[-120.3671,33.961],[-120.3469,33.9635],[-120.3323,33.9684],[-120.3174,33.9664],[-120.299,33.9685],[-120.28,33.9539],[-120.2731,33.9296],[-120.2645,33.9189],[-120.251,33.9084],[-120.2387,33.9041],[-120.2211,33.8842],[-120.1995,33.875],[-120.1934,33.8685],[-120.1882,33.8664],[-120.183,33.8663],[-120.1703,33.8574],[-120.1571,33.8534],[-120.1496,33.848],[-120.126,33.8423],[-120.1041,33.8424],[-120.0905,33.8463],[-120.0801,33.8505],[-120.0706,33.8565],[-120.0479,33.8636],[-120.0345,33.8645],[-120.0278,33.8665],[-120.0193,33.8706],[-120.0154,33.8751],[-120.001,33.8852],[-119.9808,33.8923],[-119.9627,33.8924],[-119.9503,33.8944],[-119.9392,33.8986],[-119.9189,33.9144],[-119.911,33.9239],[-119.9048,33.9397],[-119.8962,33.9357],[-119.862,33.9108],[-119.8474,33.9042],[-119.8344,33.9008],[-119.8232,33.8994],[-119.8102,33.9013],[-119.7894,33.9101],[-119.7783,33.9106],[-119.7728,33.9124],[-119.7586,33.9108],[-119.7413,33.9126],[-119.7314,33.9103],[-119.7075,33.9104],[-119.6876,33.9156],[-119.6367,33.9383],[-119.626,33.936],[-119.6021,33.9368],[-119.5907,33.9396],[-119.5724,33.9411],[-119.5633,33.945],[-119.5505,33.945],[-119.5389,33.9477],[-119.5233,33.9549],[-119.5122,33.9622],[-119.501,33.9715],[-119.4923,33.9832]]],[[[-119.6361,33.2807],[-119.6363,33.273],[-119.631,33.2555],[-119.6313,33.245],[-119.6252,33.2325],[-119.6199,33.2268],[-119.6148,33.2173],[-119.6053,33.2069],[-119.5742,33.1865],[-119.5622,33.1825],[-119.5532,33.1813],[-119.512,33.1678],[-119.4914,33.167],[-119.4765,33.1635],[-119.445,33.1653],[-119.4337,33.167],[-119.3945,33.1808],[-119.3759,33.1922],[-119.3685,33.2026],[-119.3607,33.2215],[-119.3601,33.2349],[-119.3621,33.2452],[-119.3759,33.2648],[-119.3797,33.2676],[-119.43,33.301],[-119.4951,33.3272],[-119.5191,33.3337],[-119.5297,33.3352],[-119.5435,33.3342],[-119.5649,33.3276],[-119.5827,33.3278],[-119.5992,33.3233],[-119.6145,33.3148],[-119.6259,33.305],[-119.6338,33.2893],[-119.6361,33.2807]]]]},"properties":{"STUSAB":"CA"}},{"type":"Feature","geometry":{"type":"Polygon","coordinates":[[[-105.0576,48.9992],[-108.8355,48.9992],[-109.4206,49.0004],[-111.5757,48.9967],[-112.0371,48.9987],[-113.6948,48.9975],[-114.3619,49.0011],[-115.0553,48.9996],[-116.0491,49.0008],[-116.0491,47.9768],[-116.0385,47.9713],[-116.0304,47.9726],[-116.024,47.9655],[-116.0188,47.9629],[-116.0075,47.9508],[-116.0067,47.9433],[-115.9981,47.9385],[-115.9983,47.9366],[-115.9951,47.9338],[-115.9934,47.926],[-115.9847,47.9226],[-115.9824,47.9156],[-115.9696,47.9144],[-115.9669,47.9126],[-115.9654,47.9102],[-115.9684,47.8992],[-115.9602,47.898],[-115.9541,47.8945],[-115.9497,47.889],[-115.938,47.8811],[-115.9355,47.8742],[-115.9252,47.8669],[-115.9194,47.8574],[-115.9189,47.8536],[-115.9093,47.8526],[-115.9065,47.8503],[-115.9068,47.8464],[-115.9014,47.8431],[-115.8815,47.8496],[-115.8753,47.8433],[-115.8707,47.835],[-115.8523,47.8279],[-115.8501,47.8201],[-115.8451,47.815],[-115.8488,47.8101],[-115.8473,47.8034],[-115.8489,47.8002],[-115.8458,47.7941],[-115.8474,47.7851],[-115.8405,47.7804],[-115.8404,47.7779],[-115.8374,47.7748],[-115.8351,47.7701],[-115.8354,47.7615],[-115.8309,47.755],[-115.825,47.7524],[-115.8046,47.7581],[-115.7975,47.7573],[-115.7937,47.7519],[-115.7861,47.7484],[-115.781,47.7432],[-115.7837,47.7377],[-115.7825,47.7348],[-115.7843,47.73],[-115.7772,47.7204],[-115.7734,47.7176],[-115.7646,47.7174],[-115.7595,47.7192],[-115.753,47.717],[-115.7314,47.7049],[-115.7226,47.6951],[-115.7283,47.6817],[-115.7266,47.6729],[-115.7322,47.6682],[-115.7314,47.6617],[-115.7365,47.6538],[-115.7299,47.6419],[-115.7077,47.6347],[-115.6944,47.6238],[-115.6935,47.6182],[-115.6919,47.6172],[-115.6987,47.612],[-115.6984,47.6066],[-115.697,47.6036],[-115.6928,47.6018],[-115.6917,47.5972],[-115.6878,47.5953],[-115.7048,47.585],[-115.706,47.5776],[-115.7212,47.5763],[-115.7237,47.5706],[-115.7307,47.5696],[-115.741,47.5634],[-115.7447,47.5585],[-115.7545,47.5525],[-115.7556,47.5479],[-115.7518,47.542],[-115.7423,47.5383],[-115.7364,47.5398],[-115.7251,47.5341],[-115.7171,47.5342],[-115.7114,47.5324],[-115.7064,47.535],[-115.7021,47.5342],[-115.6983,47.5314],[-115.6954,47.5277],[-115.7111,47.5234],[-115.7114,47.5168],[-115.7084,47.5151],[-115.6986,47.5023],[-115.69,47.5008],[-115.6863,47.4849],[-115.6826,47.484],[-115.6805,47.4857],[-115.6679,47.4888],[-115.662,47.4831],[-115.661,47.4778],[-115.6482,47.4777],[-115.6346,47.4816],[-115.6295,47.4796],[-115.6376,47.4628],[-115.6402,47.4597],[-115.6465,47.4568],[-115.6756,47.4532],[-115.6825,47.4569],[-115.6912,47.4572],[-115.6937,47.4546],[-115.7021,47.4525],[-115.7161,47.4529],[-115.7311,47.4449],[-115.7474,47.442],[-115.7514,47.4368],[-115.7527,47.4317],[-115.757,47.4288],[-115.7589,47.4234],[-115.7508,47.4221],[-115.7427,47.4236],[-115.7387,47.4264],[-115.7332,47.4249],[-115.7211,47.4257],[-115.7208,47.4211],[-115.7169,47.4199],[-115.7123,47.4154],[-115.7032,47.4156],[-115.6996,47.4173],[-115.6974,47.4154],[-115.692,47.4153],[-115.6856,47.4112],[-115.6752,47.4094],[-115.6776,47.4018],[-115.6679,47.4011],[-115.6634,47.4029],[-115.6575,47.4005],[-115.6556,47.3942],[-115.65,47.3923],[-115.6463,47.3878],[-115.6484,47.3824],[-115.6434,47.3773],[-115.6366,47.3797],[-115.6309,47.3792],[-115.6172,47.3825],[-115.6019,47.3775],[-115.5958,47.3717],[-115.5776,47.3674],[-115.576,47.3653],[-115.5783,47.3607],[-115.5751,47.3559],[-115.5712,47.3557],[-115.5642,47.3522],[-115.5568,47.3539],[-115.5508,47.3497],[-115.5488,47.347],[-115.5505,47.3343],[-115.5388,47.3291],[-115.5409,47.3246],[-115.5371,47.3178],[-115.5279,47.309],[-115.5285,47.2992],[-115.5146,47.2966],[-115.5035,47.2907],[-115.4908,47.2895],[-115.4823,47.2814],[-115.4658,47.2875],[-115.4577,47.2824],[-115.4573,47.2783],[-115.4559,47.2776],[-115.4496,47.2784],[-115.4447,47.277],[-115.4365,47.2804],[-115.426,47.2803],[-115.4205,47.2775],[-115.4214,47.272],[-115.4151,47.2686],[-115.4116,47.2644],[-115.3921,47.2654],[-115.3847,47.2678],[-115.3777,47.2648],[-115.3709,47.2652],[-115.3653,47.2614],[-115.3592,47.2596],[-115.3538,47.2621],[-115.348,47.2604],[-115.3404,47.2629],[-115.324,47.2565],[-115.3198,47.2567],[-115.3184,47.2519],[-115.3244,47.2447],[-115.3205,47.2422],[-115.3158,47.2328],[-115.2988,47.2255],[-115.2949,47.2203],[-115.2941,47.2145],[-115.2915,47.2109],[-115.296,47.2057],[-115.2991,47.1988],[-115.3012,47.1935],[-115.3006,47.1883],[-115.291,47.1868],[-115.2868,47.1835],[-115.2618,47.1814],[-115.2562,47.175],[-115.2555,47.1637],[-115.2493,47.1597],[-115.2446,47.1513],[-115.2219,47.149],[-115.2125,47.142],[-115.199,47.1399],[-115.1982,47.1371],[-115.186,47.1294],[-115.1863,47.1244],[-115.1836,47.1217],[-115.1793,47.1204],[-115.1788,47.1174],[-115.1729,47.1122],[-115.1735,47.1097],[-115.1717,47.1068],[-115.1601,47.1021],[-115.15,47.1017],[-115.1473,47.1033],[-115.1441,47.1019],[-115.1402,47.0966],[-115.1427,47.0915],[-115.1396,47.08],[-115.1349,47.0757],[-115.1311,47.069],[-115.1267,47.0661],[-115.1225,47.0659],[-115.1209,47.0618],[-115.1079,47.0517],[-115.1058,47.0484],[-115.1019,47.0474],[-115.098,47.0486],[-115.0874,47.0457],[-115.0884,47.0411],[-115.0819,47.0382],[-115.0798,47.0282],[-115.0757,47.0259],[-115.0717,47.0264],[-115.0723,47.0235],[-115.0694,47.015],[-115.0728,47.0129],[-115.0651,47.0002],[-115.0678,46.9952],[-115.0611,46.9919],[-115.0567,46.9848],[-115.0499,46.9811],[-115.0507,46.9756],[-115.052,46.9749],[-115.0488,46.97],[-115.0314,46.9717],[-115.0286,46.9757],[-115.0013,46.9719],[-115.0009,46.9677],[-114.9939,46.9622],[-114.9934,46.9596],[-114.99,46.9564],[-114.9857,46.9539],[-114.9861,46.9497],[-114.9804,46.9474],[-114.9711,46.939],[-114.9645,46.9381],[-114.9588,46.9336],[-114.9606,46.93],[-114.9419,46.9241],[-114.9357,46.9198],[-114.9251,46.9187],[-114.9218,46.9127],[-114.9293,46.9099],[-114.931,46.9041],[-114.9335,46.9036],[-114.9367,46.8973],[-114.9351,46.8949],[-114.9357,46.8921],[-114.9323,46.8875],[-114.9314,46.877],[-114.9396,46.8689],[-114.9446,46.8679],[-114.9483,46.86],[-114.9421,46.8566],[-114.9287,46.8548],[-114.924,46.8482],[-114.9287,46.8436],[-114.9268,46.8388],[-114.9287,46.8352],[-114.9273,46.8334],[-114.9247,46.8335],[-114.9207,46.8271],[-114.9063,46.8224],[-114.8984,46.8224],[-114.8948,46.8173],[-114.8986,46.809],[-114.8965,46.8073],[-114.8952,46.8016],[-114.8907,46.803],[-114.8869,46.8095],[-114.8658,46.8145],[-114.8611,46.8116],[-114.8606,46.8057],[-114.8569,46.8016],[-114.8501,46.7991],[-114.8448,46.7943],[-114.8366,46.7925],[-114.8291,46.7826],[-114.8189,46.7812],[-114.8084,46.7824],[-114.7987,46.7758],[-114.7896,46.7791],[-114.7875,46.7828],[-114.7848,46.78],[-114.7864,46.7779],[-114.7836,46.7687],[-114.7797,46.7687],[-114.7789,46.7668],[-114.7743,46.7658],[-114.7735,46.7621],[-114.7651,46.7582],[-114.7673,46.7538],[-114.7658,46.7512],[-114.7683,46.7482],[-114.7652,46.7454],[-114.77,46.735],[-114.7737,46.7317],[-114.7792,46.731],[-114.7796,46.7286],[-114.7828,46.7263],[-114.7821,46.7195],[-114.7865,46.7163],[-114.7884,46.7128],[-114.7819,46.7068],[-114.7685,46.7048],[-114.7695,46.6999],[-114.7668,46.6969],[-114.7522,46.6971],[-114.7485,46.6986],[-114.7475,46.7029],[-114.7398,46.7119],[-114.7274,46.7146],[-114.7168,46.7141],[-114.713,46.7154],[-114.7104,46.7177],[-114.7078,46.7239],[-114.7089,46.7269],[-114.7,46.7337],[-114.701,46.7366],[-114.6986,46.7405],[-114.6886,46.7365],[-114.6817,46.7389],[-114.6719,46.7366],[-114.6654,46.7392],[-114.6596,46.7348],[-114.6484,46.7323],[-114.646,46.729],[-114.6446,46.7228],[-114.6393,46.7218],[-114.6338,46.7158],[-114.6249,46.7123],[-114.6237,46.7091],[-114.6208,46.7073],[-114.6247,46.6961],[-114.6229,46.6944],[-114.6235,46.6909],[-114.6318,46.6839],[-114.6414,46.6795],[-114.6402,46.6753],[-114.6426,46.6729],[-114.6331,46.6718],[-114.6334,46.6697],[-114.6399,46.6656],[-114.6358,46.6595],[-114.621,46.658],[-114.6146,46.6551],[-114.6153,46.6524],[-114.6121,46.6507],[-114.6117,46.6475],[-114.6163,46.6437],[-114.615,46.64],[-114.6057,46.6359],[-114.5997,46.6363],[-114.5938,46.6329],[-114.589,46.6352],[-114.5829,46.6334],[-114.5706,46.6433],[-114.5632,46.6408],[-114.5575,46.6441],[-114.547,46.6447],[-114.5418,46.65],[-114.5238,46.6406],[-114.51,46.6392],[-114.5011,46.6414],[-114.4976,46.6375],[-114.4875,46.6332],[-114.4668,46.6318],[-114.4526,46.6416],[-114.4545,46.6443],[-114.4535,46.6492],[-114.449,46.6495],[-114.4246,46.6607],[-114.4121,46.6568],[-114.4096,46.6622],[-114.4039,46.6595],[-114.3945,46.6649],[-114.3893,46.6648],[-114.3837,46.6625],[-114.3781,46.6671],[-114.3623,46.6685],[-114.3582,46.6711],[-114.3576,46.6681],[-114.353,46.6636],[-114.3331,46.6609],[-114.3216,46.649],[-114.3207,46.647],[-114.3228,46.642],[-114.3203,46.6383],[-114.3224,46.6339],[-114.3221,46.6258],[-114.3245,46.6219],[-114.3281,46.6198],[-114.3225,46.6109],[-114.3299,46.6042],[-114.3303,46.5995],[-114.3326,46.5967],[-114.3442,46.59],[-114.3396,46.5871],[-114.3341,46.5794],[-114.3296,46.5762],[-114.3317,46.5719],[-114.3393,46.5643],[-114.3426,46.5552],[-114.3479,46.5515],[-114.3452,46.5481],[-114.3439,46.5415],[-114.3488,46.5337],[-114.3492,46.5299],[-114.3477,46.5263],[-114.3429,46.5224],[-114.3426,46.5184],[-114.3471,46.5153],[-114.3483,46.5103],[-114.3583,46.5052],[-114.368,46.5051],[-114.3756,46.5018],[-114.384,46.5051],[-114.3999,46.5022],[-114.4032,46.4988],[-114.4031,46.4923],[-114.4009,46.4884],[-114.4007,46.4778],[-114.3955,46.4729],[-114.3947,46.4694],[-114.3831,46.4663],[-114.3794,46.4603],[-114.3844,46.447],[-114.3762,46.4428],[-114.3723,46.4428],[-114.3684,46.4371],[-114.3788,46.4351],[-114.383,46.4322],[-114.3849,46.4276],[-114.3837,46.4185],[-114.3848,46.4114],[-114.3935,46.4092],[-114.3997,46.4048],[-114.4013,46.4016],[-114.4086,46.4007],[-114.41,46.3964],[-114.4156,46.3935],[-114.4224,46.387],[-114.4145,46.3708],[-114.4102,46.3657],[-114.4102,46.3611],[-114.4122,46.3579],[-114.414,46.3356],[-114.4219,46.3301],[-114.4225,46.3241],[-114.4301,46.3134],[-114.4316,46.3072],[-114.4334,46.3055],[-114.4322,46.3014],[-114.4299,46.2996],[-114.4282,46.2911],[-114.4254,46.2879],[-114.4274,46.2862],[-114.4273,46.2838],[-114.4327,46.2786],[-114.4411,46.2739],[-114.4537,46.2709],[-114.4649,46.2732],[-114.4707,46.266],[-114.4678,46.2565],[-114.4648,46.2522],[-114.4683,46.2487],[-114.4521,46.2413],[-114.448,46.2316],[-114.4456,46.2197],[-114.4518,46.2148],[-114.4492,46.2092],[-114.4433,46.203],[-114.4459,46.1739],[-114.4441,46.1693],[-114.4466,46.1679],[-114.4577,46.1702],[-114.476,46.1606],[-114.4812,46.1621],[-114.4892,46.1677],[-114.4956,46.168],[-114.5075,46.1646],[-114.5149,46.1677],[-114.5144,46.154],[-114.5218,46.1508],[-114.5274,46.1454],[-114.5214,46.1365],[-114.5177,46.1356],[-114.521,46.1251],[-114.505,46.1184],[-114.4954,46.1177],[-114.4885,46.113],[-114.4745,46.1131],[-114.4709,46.1056],[-114.467,46.1045],[-114.4605,46.0978],[-114.4595,46.0939],[-114.462,46.0786],[-114.4724,46.0768],[-114.4708,46.0745],[-114.4721,46.0692],[-114.467,46.0658],[-114.4683,46.0628],[-114.4739,46.0605],[-114.4747,46.0584],[-114.4791,46.0557],[-114.4933,46.0526],[-114.4929,46.0502],[-114.4975,46.0424],[-114.5033,46.0418],[-114.5066,46.0385],[-114.5057,46.0343],[-114.5075,46.0315],[-114.4972,46.0279],[-114.4893,46.0279],[-114.4858,46.03],[-114.4803,46.0303],[-114.4731,46.0142],[-114.4762,46.0113],[-114.4849,46.0082],[-114.4878,46.0036],[-114.4848,45.9963],[-114.48,45.9929],[-114.4741,45.9922],[-114.4643,45.9975],[-114.4578,45.9975],[-114.4536,45.991],[-114.4485,45.9876],[-114.4288,45.9866],[-114.4213,45.9814],[-114.4118,45.9779],[-114.4108,45.973],[-114.4061,45.97],[-114.4014,45.9635],[-114.4025,45.9579],[-114.4069,45.9542],[-114.4112,45.9531],[-114.415,45.9484],[-114.4249,45.944],[-114.4261,45.9408],[-114.4315,45.9379],[-114.4314,45.936],[-114.4149,45.9221],[-114.4162,45.9184],[-114.4136,45.9116],[-114.4041,45.9035],[-114.3951,45.9014],[-114.3937,45.893],[-114.3889,45.8923],[-114.3876,45.8902],[-114.3879,45.8839],[-114.3898,45.8803],[-114.3929,45.8787],[-114.3961,45.8712],[-114.4039,45.8719],[-114.4059,45.8704],[-114.4048,45.8665],[-114.4097,45.8516],[-114.4241,45.8558],[-114.4377,45.8626],[-114.4464,45.8614],[-114.4537,45.8558],[-114.4616,45.8551],[-114.465,45.8521],[-114.4703,45.8515],[-114.472,45.8478],[-114.4749,45.8466],[-114.4871,45.8517],[-114.4922,45.8498],[-114.499,45.8507],[-114.5036,45.846],[-114.5096,45.8454],[-114.5151,45.8405],[-114.5174,45.8349],[-114.5164,45.8321],[-114.5115,45.8294],[-114.531,45.8189],[-114.5326,45.8156],[-114.5302,45.8134],[-114.531,45.8099],[-114.5371,45.8053],[-114.5376,45.8028],[-114.5414,45.7992],[-114.545,45.7979],[-114.5441,45.7904],[-114.5556,45.7865],[-114.557,45.7835],[-114.5625,45.7798],[-114.5665,45.7733],[-114.5583,45.7648],[-114.5512,45.7639],[-114.5445,45.7592],[-114.5473,45.7519],[-114.5457,45.7469],[-114.5479,45.7433],[-114.5356,45.7391],[-114.5267,45.7276],[-114.5205,45.7265],[-114.5154,45.7275],[-114.5042,45.7218],[-114.4951,45.704],[-114.4966,45.6994],[-114.5007,45.6966],[-114.5014,45.6937],[-114.5151,45.6849],[-114.5012,45.6824],[-114.499,45.6789],[-114.5015,45.6774],[-114.5023,45.6739],[-114.4995,45.6688],[-114.5064,45.6618],[-114.5076,45.6575],[-114.5127,45.656],[-114.5151,45.6531],[-114.5219,45.6495],[-114.5289,45.6524],[-114.5395,45.6506],[-114.5413,45.6486],[-114.5397,45.6461],[-114.5417,45.6414],[-114.5454,45.643],[-114.5517,45.6424],[-114.5607,45.6402],[-114.564,45.6376],[-114.5632,45.6317],[-114.5583,45.6274],[-114.5546,45.6199],[-114.5447,45.617],[-114.5379,45.6066],[-114.542,45.602],[-114.5476,45.5997],[-114.5493,45.5953],[-114.554,45.5915],[-114.5539,45.5884],[-114.5585,45.5845],[-114.5543,45.5815],[-114.553,45.5766],[-114.5568,45.5729],[-114.5585,45.566],[-114.5655,45.5626],[-114.5649,45.5577],[-114.5608,45.5593],[-114.5526,45.557],[-114.5486,45.5611],[-114.5319,45.5662],[-114.5273,45.5709],[-114.5163,45.568],[-114.5069,45.5593],[-114.5031,45.5591],[-114.4981,45.5555],[-114.4919,45.5571],[-114.4852,45.5618],[-114.478,45.562],[-114.4719,45.5652],[-114.4657,45.5605],[-114.4561,45.5622],[-114.4628,45.554],[-114.4616,45.5508],[-114.4639,45.545],[-114.4505,45.5423],[-114.4488,45.5389],[-114.4399,45.537],[-114.4371,45.5308],[-114.4306,45.5295],[-114.4309,45.5244],[-114.4288,45.5209],[-114.4295,45.5175],[-114.4257,45.5107],[-114.4234,45.5093],[-114.4137,45.509],[-114.3923,45.5025],[-114.3889,45.503],[-114.3753,45.494],[-114.3672,45.4919],[-114.3651,45.4893],[-114.3646,45.4836],[-114.3603,45.4782],[-114.3611,45.4744],[-114.3516,45.471],[-114.3507,45.4665],[-114.3457,45.4607],[-114.33,45.4597],[-114.3297,45.462],[-114.3244,45.4659],[-114.3187,45.4661],[-114.3144,45.4697],[-114.3092,45.4693],[-114.3038,45.4716],[-114.2951,45.4794],[-114.28,45.4799],[-114.2699,45.4846],[-114.27,45.4909],[-114.2645,45.4922],[-114.2615,45.4949],[-114.2585,45.5112],[-114.2535,45.5151],[-114.2472,45.5247],[-114.2495,45.5293],[-114.2487,45.5346],[-114.2516,45.5375],[-114.2484,45.5458],[-114.2279,45.5461],[-114.2053,45.5359],[-114.1936,45.5364],[-114.1803,45.5512],[-114.1742,45.5502],[-114.1646,45.5525],[-114.1542,45.5526],[-114.1502,45.5578],[-114.1358,45.5571],[-114.1332,45.5623],[-114.129,45.5654],[-114.129,45.5697],[-114.1321,45.5721],[-114.1307,45.5758],[-114.1213,45.5846],[-114.1005,45.5862],[-114.09,45.5914],[-114.0861,45.5915],[-114.0823,45.5967],[-114.0831,45.6031],[-114.0819,45.6106],[-114.0736,45.6151],[-114.0725,45.6213],[-114.0667,45.6282],[-114.0518,45.6327],[-114.0451,45.6368],[-114.0432,45.6404],[-114.0346,45.6476],[-114.0191,45.6484],[-114.0153,45.6528],[-114.0137,45.6583],[-114.0155,45.6606],[-114.0157,45.6642],[-114.0191,45.6697],[-114.0239,45.6706],[-114.0283,45.6752],[-114.0144,45.6838],[-114.0192,45.6926],[-114.0155,45.6959],[-114.0083,45.6938],[-113.9968,45.6969],[-113.9937,45.7007],[-113.9939,45.7034],[-113.9885,45.706],[-113.98,45.7024],[-113.9708,45.7029],[-113.9717,45.7008],[-113.9692,45.6927],[-113.9648,45.69],[-113.9549,45.6906],[-113.9391,45.6958],[-113.9353,45.6943],[-113.934,45.6921],[-113.9357,45.6891],[-113.9328,45.6872],[-113.9343,45.682],[-113.9308,45.6782],[-113.9314,45.673],[-113.9206,45.6641],[-113.9199,45.6581],[-113.9143,45.6564],[-113.9116,45.6533],[-113.9073,45.6532],[-113.9034,45.6511],[-113.8953,45.6438],[-113.9024,45.6375],[-113.9015,45.6302],[-113.8994,45.6285],[-113.9045,45.6247],[-113.9047,45.622],[-113.898,45.6219],[-113.886,45.6174],[-113.8616,45.6238],[-113.8589,45.6217],[-113.8546,45.6223],[-113.8486,45.6201],[-113.8435,45.6127],[-113.8389,45.6107],[-113.8343,45.6101],[-113.8279,45.6129],[-113.8241,45.6128],[-113.8182,45.6079],[-113.811,45.6057],[-113.8064,45.6016],[-113.8037,45.5926],[-113.7988,45.587],[-113.7967,45.5816],[-113.8069,45.5782],[-113.815,45.5697],[-113.8215,45.5659],[-113.818,45.5626],[-113.8174,45.557],[-113.8215,45.5474],[-113.826,45.5437],[-113.8291,45.5382],[-113.8274,45.5333],[-113.83,45.5309],[-113.8348,45.5207],[-113.8239,45.5214],[-113.8202,45.5231],[-113.8097,45.5198],[-113.8038,45.5228],[-113.7969,45.5234],[-113.7821,45.5219],[-113.778,45.5233],[-113.766,45.5206],[-113.7728,45.5133],[-113.7701,45.512],[-113.7709,45.507],[-113.7648,45.4992],[-113.7633,45.4908],[-113.7601,45.4862],[-113.7599,45.4804],[-113.7681,45.4739],[-113.7762,45.4709],[-113.7746,45.463],[-113.7843,45.4549],[-113.7835,45.452],[-113.7744,45.4465],[-113.7769,45.4363],[-113.776,45.4337],[-113.7735,45.4317],[-113.765,45.4311],[-113.7597,45.4271],[-113.7628,45.4231],[-113.7727,45.4198],[-113.7772,45.4166],[-113.776,45.4085],[-113.7738,45.4064],[-113.7618,45.4066],[-113.7527,45.4028],[-113.7492,45.4029],[-113.7439,45.3966],[-113.7335,45.3908],[-113.7325,45.3848],[-113.7344,45.3766],[-113.7329,45.3731],[-113.7389,45.3681],[-113.7335,45.3641],[-113.7313,45.3578],[-113.729,45.3561],[-113.7344,45.3531],[-113.7347,45.3483],[-113.7403,45.3454],[-113.7387,45.3294],[-113.7286,45.3199],[-113.7241,45.3197],[-113.7227,45.3175],[-113.7186,45.3168],[-113.7185,45.3134],[-113.7158,45.3114],[-113.7133,45.3045],[-113.71,45.301],[-113.7038,45.2992],[-113.7029,45.2949],[-113.7006,45.2925],[-113.6873,45.286],[-113.6803,45.2789],[-113.679,45.2759],[-113.6803,45.2744],[-113.6919,45.2724],[-113.6908,45.269],[-113.6929,45.2642],[-113.6919,45.2625],[-113.6866,45.2574],[-113.685,45.2535],[-113.6796,45.2497],[-113.6669,45.247],[-113.6554,45.24],[-113.6491,45.234],[-113.6473,45.2256],[-113.6369,45.2168],[-113.6364,45.2118],[-113.6239,45.2062],[-113.6179,45.2024],[-113.6145,45.1981],[-113.6096,45.1973],[-113.6043,45.1921],[-113.5997,45.1922],[-113.5972,45.1865],[-113.5921,45.1848],[-113.5922,45.1811],[-113.5894,45.1773],[-113.5942,45.1696],[-113.5942,45.1661],[-113.5906,45.1614],[-113.5907,45.1559],[-113.5832,45.1536],[-113.5824,45.1501],[-113.58,45.1484],[-113.5708,45.148],[-113.5657,45.1496],[-113.567,45.1431],[-113.5767,45.1312],[-113.5699,45.1239],[-113.5661,45.1241],[-113.554,45.1186],[-113.5497,45.1129],[-113.5371,45.1124],[-113.5296,45.1164],[-113.5202,45.115],[-113.5112,45.1161],[-113.5065,45.1108],[-113.506,45.1078],[-113.512,45.0994],[-113.5212,45.0939],[-113.5222,45.0914],[-113.5141,45.0848],[-113.5015,45.081],[-113.4959,45.0808],[-113.4894,45.0765],[-113.4868,45.074],[-113.4889,45.0713],[-113.4863,45.0691],[-113.4855,45.0636],[-113.4744,45.0618],[-113.4603,45.0649],[-113.452,45.0592],[-113.451,45.0485],[-113.4493,45.0462],[-113.4558,45.0397],[-113.4463,45.0339],[-113.4487,45.02],[-113.4421,45.0142],[-113.4379,45.0073],[-113.4469,44.9983],[-113.445,44.9918],[-113.4471,44.9851],[-113.4449,44.9733],[-113.4498,44.9706],[-113.4439,44.9594],[-113.4488,44.9537],[-113.4611,44.9521],[-113.4658,44.9476],[-113.4808,44.9503],[-113.4868,44.9468],[-113.4947,44.9485],[-113.4988,44.9422],[-113.4957,44.9369],[-113.4952,44.9317],[-113.492,44.9304],[-113.4907,44.9229],[-113.4879,44.9204],[-113.4837,44.9197],[-113.478,44.9124],[-113.4718,44.9098],[-113.4749,44.9052],[-113.4759,44.898],[-113.4786,44.8956],[-113.4662,44.8905],[-113.4612,44.8868],[-113.4626,44.8819],[-113.4573,44.8754],[-113.4551,44.8654],[-113.4437,44.8618],[-113.4396,44.8557],[-113.4291,44.8549],[-113.4224,44.8426],[-113.422,44.8376],[-113.4094,44.8408],[-113.3943,44.8369],[-113.3851,44.8376],[-113.3776,44.8352],[-113.3766,44.8305],[-113.3561,44.8198],[-113.3461,44.8006],[-113.3465,44.7989],[-113.3547,44.7954],[-113.3541,44.7918],[-113.3413,44.7847],[-113.3281,44.7891],[-113.3187,44.7949],[-113.3015,44.799],[-113.299,44.803],[-113.2853,44.8083],[-113.2793,44.8124],[-113.2638,44.8162],[-113.2583,44.82],[-113.2469,44.823],[-113.2402,44.8172],[-113.2387,44.8141],[-113.2319,44.8143],[-113.2226,44.8108],[-113.2094,44.8091],[-113.2036,44.804],[-113.1931,44.8017],[-113.1834,44.7935],[-113.1795,44.7872],[-113.1637,44.7788],[-113.1579,44.781],[-113.1501,44.7793],[-113.1461,44.7766],[-113.1384,44.7761],[-113.1315,44.7728],[-113.1325,44.769],[-113.1313,44.7649],[-113.1377,44.7601],[-113.1348,44.7528],[-113.1294,44.7496],[-113.1249,44.7494],[-113.1203,44.746],[-113.1165,44.7401],[-113.1168,44.7325],[-113.1124,44.7334],[-113.1016,44.7295],[-113.1019,44.7227],[-113.0994,44.7178],[-113.1017,44.7155],[-113.1018,44.7071],[-113.097,44.7015],[-113.0978,44.6989],[-113.094,44.6953],[-113.0821,44.6917],[-113.0796,44.6878],[-113.0821,44.684],[-113.0809,44.6831],[-113.0678,44.6788],[-113.0671,44.6742],[-113.0697,44.6687],[-113.068,44.6577],[-113.064,44.6527],[-113.0656,44.6493],[-113.0539,44.6393],[-113.0507,44.6345],[-113.0498,44.6288],[-113.0537,44.6217],[-113.0581,44.618],[-113.0635,44.6183],[-113.0719,44.6159],[-113.0883,44.5997],[-113.0725,44.5933],[-113.0623,44.5862],[-113.0672,44.5791],[-113.0447,44.5682],[-113.0395,44.5673],[-113.0373,44.5648],[-113.0368,44.5604],[-113.0448,44.5562],[-113.0468,44.5536],[-113.0477,44.5477],[-113.0454,44.5443],[-113.0333,44.5375],[-113.029,44.5371],[-113.0263,44.5386],[-113.0158,44.5294],[-113.0065,44.5258],[-113.0055,44.5198],[-113.0159,44.516],[-113.0159,44.5059],[-113.0268,44.4955],[-113.02,44.4837],[-113.0061,44.471],[-113.0088,44.464],[-113.0045,44.4528],[-113.002,44.4499],[-112.989,44.4433],[-112.9812,44.4343],[-112.9715,44.4276],[-112.963,44.4233],[-112.952,44.425],[-112.9533,44.4223],[-112.951,44.4173],[-112.9454,44.4146],[-112.9388,44.4123],[-112.9314,44.4135],[-112.9264,44.4106],[-112.9211,44.4109],[-112.9146,44.4027],[-112.9019,44.3989],[-112.8964,44.4008],[-112.8896,44.4059],[-112.8835,44.4006],[-112.8856,44.3963],[-112.8817,44.3857],[-112.8816,44.3793],[-112.8757,44.3772],[-112.8729,44.3721],[-112.8639,44.3698],[-112.8539,44.3595],[-112.8446,44.358],[-112.8406,44.3619],[-112.8371,44.3621],[-112.8235,44.3687],[-112.8122,44.3771],[-112.8142,44.3835],[-112.8119,44.3879],[-112.8126,44.3924],[-112.8151,44.3951],[-112.8101,44.3988],[-112.8199,44.4002],[-112.8218,44.4072],[-112.8399,44.4247],[-112.8269,44.4321],[-112.8284,44.4363],[-112.827,44.4431],[-112.8182,44.4471],[-112.8139,44.454],[-112.8113,44.4548],[-112.8077,44.4531],[-112.8058,44.456],[-112.798,44.4609],[-112.7969,44.4644],[-112.798,44.4663],[-112.7878,44.4737],[-112.7856,44.479],[-112.7802,44.4822],[-112.7808,44.4847],[-112.7722,44.4836],[-112.7624,44.4877],[-112.7498,44.4901],[-112.7431,44.4883],[-112.7375,44.4933],[-112.7345,44.4995],[-112.7179,44.5043],[-112.7085,44.5032],[-112.6984,44.4999],[-112.6927,44.5],[-112.6888,44.4984],[-112.685,44.4928],[-112.672,44.4914],[-112.6617,44.486],[-112.6333,44.4911],[-112.6299,44.4888],[-112.6291,44.4828],[-112.625,44.483],[-112.6179,44.4874],[-112.602,44.4907],[-112.5853,44.4812],[-112.5821,44.4821],[-112.578,44.4801],[-112.5697,44.4827],[-112.5597,44.4826],[-112.5501,44.4847],[-112.5479,44.4831],[-112.5417,44.4838],[-112.5358,44.4784],[-112.5139,44.4751],[-112.5107,44.4688],[-112.5113,44.4664],[-112.5006,44.4628],[-112.4972,44.4661],[-112.4971,44.4681],[-112.485,44.4709],[-112.4837,44.4744],[-112.4801,44.4746],[-112.4727,44.4793],[-112.4644,44.4749],[-112.4603,44.4751],[-112.4555,44.4711],[-112.4552,44.4663],[-112.4478,44.468],[-112.4415,44.4666],[-112.4424,44.4653],[-112.4335,44.4598],[-112.4341,44.4543],[-112.4295,44.4534],[-112.423,44.4547],[-112.4161,44.453],[-112.4072,44.4575],[-112.3902,44.4504],[-112.3865,44.4473],[-112.3697,44.466],[-112.3661,44.467],[-112.3645,44.4803],[-112.3617,44.4848],[-112.3584,44.4853],[-112.3567,44.4928],[-112.3584,44.4964],[-112.3568,44.498],[-112.3564,44.5052],[-112.3584,44.5092],[-112.3583,44.5199],[-112.3566,44.5249],[-112.3588,44.5294],[-112.3569,44.5303],[-112.3525,44.538],[-112.3476,44.5387],[-112.3414,44.5373],[-112.3195,44.5389],[-112.315,44.5419],[-112.3156,44.5464],[-112.3137,44.553],[-112.3046,44.5591],[-112.2982,44.5589],[-112.2963,44.5612],[-112.2927,44.5617],[-112.2909,44.5658],[-112.2866,44.5686],[-112.2678,44.5655],[-112.2592,44.5683],[-112.2567,44.5717],[-112.2511,44.5677],[-112.2437,44.5683],[-112.2292,44.5641],[-112.2311,44.559],[-112.2273,44.5575],[-112.2271,44.5547],[-112.2296,44.5495],[-112.2223,44.5439],[-112.1955,44.5374],[-112.1837,44.533],[-112.1801,44.5328],[-112.1646,44.5415],[-112.1489,44.5368],[-112.1458,44.5392],[-112.1367,44.5399],[-112.1354,44.5372],[-112.1313,44.5377],[-112.1292,44.5362],[-112.127,44.5289],[-112.1095,44.5242],[-112.1064,44.5206],[-112.0965,44.523],[-112.0931,44.53],[-112.0808,44.5338],[-112.0753,44.5334],[-112.0691,44.5372],[-112.0645,44.5359],[-112.0555,44.5367],[-112.0439,44.5323],[-112.0379,44.5327],[-112.0369,44.5303],[-112.0328,44.5284],[-112.0328,44.5351],[-112.0351,44.542],[-112.0327,44.5466],[-112.0234,44.5451],[-112.0167,44.542],[-112.0115,44.5435],[-112.0044,44.5377],[-111.9999,44.5379],[-111.9955,44.535],[-111.992,44.5375],[-111.9777,44.5357],[-111.9715,44.5376],[-111.9673,44.5449],[-111.9624,44.5445],[-111.9612,44.5492],[-111.9517,44.5495],[-111.9478,44.557],[-111.9411,44.5562],[-111.9342,44.558],[-111.9029,44.5567],[-111.8952,44.5594],[-111.8923,44.564],[-111.8894,44.5646],[-111.8795,44.5604],[-111.8707,44.5633],[-111.8693,44.5666],[-111.8664,44.5631],[-111.8675,44.5594],[-111.8649,44.5571],[-111.8639,44.5515],[-111.8569,44.5491],[-111.8567,44.546],[-111.8492,44.54],[-111.8423,44.5262],[-111.8299,44.52],[-111.8312,44.5173],[-111.8215,44.5089],[-111.8107,44.5115],[-111.808,44.5102],[-111.8094,44.5129],[-111.8061,44.5161],[-111.8082,44.5197],[-111.8011,44.526],[-111.7954,44.5266],[-111.7855,44.5236],[-111.7798,44.5238],[-111.7715,44.5309],[-111.7627,44.5258],[-111.7589,44.5332],[-111.7523,44.5365],[-111.7499,44.5396],[-111.7414,44.5409],[-111.7375,44.5431],[-111.7324,44.5421],[-111.727,44.5441],[-111.7156,44.5434],[-111.7127,44.5486],[-111.7073,44.5525],[-111.7032,44.5601],[-111.69,44.5562],[-111.683,44.5617],[-111.6766,44.5577],[-111.6636,44.5558],[-111.6593,44.5527],[-111.6513,44.5551],[-111.6468,44.5548],[-111.6406,44.5527],[-111.6332,44.5533],[-111.6176,44.5505],[-111.6139,44.5487],[-111.5922,44.5587],[-111.5923,44.5611],[-111.5857,44.5626],[-111.5777,44.5589],[-111.5644,44.5575],[-111.5628,44.5552],[-111.5566,44.5547],[-111.5471,44.5572],[-111.5392,44.5513],[-111.5236,44.5479],[-111.5183,44.5435],[-111.5164,44.5378],[-111.5129,44.536],[-111.5077,44.5363],[-111.4994,44.542],[-111.4916,44.5406],[-111.4797,44.5421],[-111.468,44.539],[-111.4679,44.5402],[-111.4635,44.5414],[-111.4676,44.5446],[-111.4669,44.547],[-111.4691,44.5528],[-111.468,44.555],[-111.4694,44.5577],[-111.4755,44.5564],[-111.476,44.5544],[-111.4787,44.5534],[-111.4807,44.5557],[-111.4921,44.5608],[-111.5078,44.5623],[-111.5096,44.5662],[-111.5063,44.5688],[-111.5026,44.5687],[-111.5013,44.5725],[-111.5065,44.5768],[-111.5178,44.5822],[-111.5194,44.5887],[-111.5236,44.5922],[-111.5245,44.5976],[-111.5193,44.6018],[-111.5256,44.6043],[-111.5196,44.612],[-111.5226,44.6141],[-111.5184,44.6165],[-111.5163,44.6203],[-111.5025,44.6265],[-111.5039,44.6299],[-111.5091,44.6331],[-111.5114,44.6386],[-111.5165,44.6409],[-111.5163,44.644],[-111.5079,44.6456],[-111.5049,44.6443],[-111.501,44.6496],[-111.4953,44.6443],[-111.4901,44.6425],[-111.4917,44.6447],[-111.4906,44.6497],[-111.488,44.6511],[-111.4874,44.6538],[-111.479,44.6587],[-111.4776,44.6603],[-111.4784,44.6621],[-111.4725,44.6662],[-111.473,44.6681],[-111.4756,44.669],[-111.4765,44.6737],[-111.4714,44.6751],[-111.4685,44.6792],[-111.4767,44.6814],[-111.4846,44.6876],[-111.4827,44.6926],[-111.4897,44.6997],[-111.4888,44.7056],[-111.4855,44.7078],[-111.4795,44.7068],[-111.4656,44.7137],[-111.4469,44.7174],[-111.4427,44.7202],[-111.4388,44.7205],[-111.4296,44.7201],[-111.4242,44.714],[-111.4143,44.7107],[-111.4044,44.7211],[-111.398,44.7236],[-111.397,44.7279],[-111.3994,44.7343],[-111.3953,44.7392],[-111.3944,44.7441],[-111.3978,44.7464],[-111.393,44.7523],[-111.3848,44.755],[-111.3745,44.7502],[-111.3749,44.7481],[-111.3663,44.7422],[-111.3665,44.7381],[-111.353,44.7262],[-111.3481,44.7253],[-111.3371,44.7332],[-111.3236,44.7291],[-111.3225,44.7188],[-111.3179,44.7145],[-111.2963,44.7023],[-111.2948,44.6983],[-111.2973,44.694],[-111.2969,44.6914],[-111.291,44.6862],[-111.2793,44.6822],[-111.2762,44.6783],[-111.2769,44.676],[-111.2757,44.6743],[-111.2668,44.6675],[-111.2671,44.6648],[-111.2719,44.6625],[-111.2756,44.6567],[-111.2806,44.6552],[-111.2785,44.6513],[-111.2701,44.6468],[-111.2526,44.6512],[-111.2531,44.6498],[-111.2492,44.6441],[-111.2426,44.6434],[-111.2244,44.6252],[-111.2193,44.6225],[-111.2266,44.6184],[-111.2409,44.6145],[-111.2351,44.6054],[-111.2356,44.601],[-111.2319,44.5971],[-111.2325,44.5895],[-111.2308,44.5877],[-111.2321,44.5852],[-111.2295,44.5824],[-111.2302,44.5812],[-111.2276,44.5767],[-111.2204,44.5769],[-111.2189,44.5753],[-111.2015,44.5759],[-111.181,44.5692],[-111.18,44.5675],[-111.1807,44.5549],[-111.1786,44.5525],[-111.1738,44.5493],[-111.1589,44.5463],[-111.1506,44.535],[-111.1408,44.5358],[-111.1314,44.5324],[-111.1386,44.5169],[-111.1307,44.5001],[-111.1284,44.4997],[-111.1274,44.4976],[-111.1151,44.4938],[-111.1128,44.4905],[-111.1072,44.4869],[-111.1009,44.4878],[-111.0748,44.4834],[-111.0647,44.4786],[-111.0558,44.4768],[-111.0524,44.4784],[-111.0546,45.001],[-110.7901,45.0009],[-110.7045,44.9922],[-110.4457,44.9937],[-110.4071,44.9995],[-110.3252,44.9997],[-110.2848,44.9974],[-110.1832,44.997],[-110.1058,45.0035],[-109.8257,45.0032],[-109.7611,45.0018],[-109.1032,45.0058],[-109.0807,44.9994],[-107.476,45.0014],[-107.1381,45.0001],[-107.0849,44.9966],[-106.1262,44.9933],[-105.9282,44.9935],[-105.9131,45.0002],[-104.0397,44.9981],[-104.0426,45.7499],[-104.0468,46.0175],[-104.0452,46.51],[-104.0457,47.2616],[-104.0434,47.7325],[-104.0414,47.8627],[-104.0455,48.1574],[-104.0487,48.9999],[-105.0576,48.9992]]]},"properties":{"STUSAB":"MT"}},{"type":"Feature","geometry":{"type":"Polygon","coordinates":[[[-105.155,36.9953],[-105.0292,36.9927],[-104.6246,36.9944],[-104.3689,36.9934],[-103.6255,36.9986],[-103.0023,37.0001],[-102.987,36.9985],[-102.8151,36.9998],[-102.7521,36.9983],[-102.6981,36.9951],[-102.0421,36.993],[-102.0416,37.6892],[-102.0447,38.0413],[-102.0454,38.8569],[-102.0517,39.8477],[-102.0517,41.0024],[-104.5057,41.0017],[-104.676,41.001],[-104.8553,40.998],[-105.7294,40.9968],[-106.1952,40.9976],[-106.4557,41.0021],[-107.0006,41.0034],[-108.0465,41.0021],[-108.526,40.9996],[-109.05,41.0007],[-109.0478,40.6099],[-109.0512,40.4416],[-109.0512,39.1426],[-109.054,38.8772],[-109.0598,38.7147],[-109.0602,38.2782],[-109.0428,38.1663],[-109.0426,38.157],[-109.0416,37.5621],[-109.0456,37.3597],[-109.0452,36.999],[-106.8772,37.0001],[-106.8698,36.9925],[-106.832,36.9924],[-105.7079,36.9959],[-105.155,36.9953]]]},"properties":{"STUSAB":"CO"}},{"type":"Feature","geometry":{"type":"Polygon","coordinates":[[[-118.4038,46.0008],[-117.6821,45.9998],[-117.4798,45.9978],[-117.4058,45.9985],[-117.354,45.9966],[-117.3379,45.9986],[-117.2595,45.9985],[-116.9161,45.9954],[-116.9193,45.9994],[-116.9187,46.0026],[-116.9223,46.0172],[-116.9299,46.0236],[-116.9297,46.035],[-116.9316,46.0396],[-116.9384,46.0443],[-116.9423,46.051],[-116.9428,46.0611],[-116.9579,46.0755],[-116.9671,46.0762],[-116.9784,46.0797],[-116.982,46.0848],[-116.9826,46.0901],[-116.9815,46.0936],[-116.9781,46.0963],[-116.9603,46.0989],[-116.9554,46.1019],[-116.9513,46.1109],[-116.9499,46.1245],[-116.9347,46.1373],[-116.935,46.1535],[-116.9232,46.1604],[-116.9214,46.1645],[-116.9223,46.1688],[-116.9275,46.1733],[-116.9327,46.1732],[-116.936,46.1752],[-116.9398,46.1797],[-116.9414,46.1847],[-116.9496,46.1917],[-116.9623,46.1993],[-116.9654,46.2031],[-116.9663,46.2092],[-116.9574,46.2236],[-116.9555,46.231],[-116.9592,46.2432],[-116.9678,46.2585],[-116.9748,46.2655],[-116.9866,46.2724],[-116.9912,46.277],[-116.9909,46.2809],[-116.9853,46.2892],[-116.9848,46.2931],[-116.9862,46.296],[-116.9908,46.3002],[-117.0074,46.3052],[-117.0206,46.3148],[-117.0231,46.3199],[-117.0228,46.3336],[-117.0243,46.3363],[-117.0335,46.3412],[-117.0495,46.343],[-117.0566,46.3458],[-117.0603,46.3484],[-117.0628,46.3536],[-117.0628,46.3652],[-117.0593,46.37],[-117.0469,46.3796],[-117.0386,46.4055],[-117.0354,46.4103],[-117.0346,46.4178],[-117.0398,46.4259],[-117.0398,47.4543],[-117.0423,47.9623],[-117.0411,48.1249],[-117.0352,48.3709],[-117.0323,48.9992],[-117.6269,49.0007],[-120.0373,48.9994],[-121.3348,49.0009],[-121.7596,48.9973],[-122.0981,49.0024],[-123.3222,49.0021],[-123.0085,48.8312],[-123.0085,48.7671],[-123.2679,48.694],[-123.2189,48.5487],[-123.1599,48.4535],[-123.1151,48.4228],[-123.2484,48.284],[-123.5412,48.2246],[-123.6791,48.24],[-124.0121,48.2967],[-124.7497,48.4998],[-124.763,48.4998],[-124.7684,48.4954],[-124.7721,48.4861],[-124.7723,48.4738],[-124.7653,48.4606],[-124.7603,48.4554],[-124.7458,48.4457],[-124.7649,48.4415],[-124.7886,48.4322],[-124.8077,48.4176],[-124.8148,48.4059],[-124.8179,48.3944],[-124.817,48.3855],[-124.8101,48.37],[-124.8034,48.363],[-124.8038,48.3569],[-124.8005,48.35],[-124.7861,48.3319],[-124.7704,48.3235],[-124.7712,48.316],[-124.7673,48.3051],[-124.7614,48.2957],[-124.7769,48.2836],[-124.7864,48.2723],[-124.7887,48.2664],[-124.7909,48.253],[-124.7902,48.2464],[-124.7805,48.2286],[-124.805,48.2243],[-124.8215,48.2176],[-124.8382,48.204],[-124.8457,48.1949],[-124.8483,48.1882],[-124.8485,48.174],[-124.8431,48.1584],[-124.8392,48.1529],[-124.8327,48.1477],[-124.8316,48.1427],[-124.824,48.1293],[-124.8163,48.1218],[-124.8039,48.1143],[-124.8003,48.1049],[-124.7949,48.097],[-124.7852,48.0871],[-124.788,48.076],[-124.7861,48.0613],[-124.7966,48.0495],[-124.8012,48.0378],[-124.797,48.0179],[-124.8009,48.0085],[-124.8034,47.9887],[-124.799,47.9725],[-124.7927,47.9634],[-124.7876,47.9589],[-124.7769,47.9521],[-124.7582,47.944],[-124.7606,47.9273],[-124.7581,47.918],[-124.7538,47.9105],[-124.7397,47.8976],[-124.7209,47.8883],[-124.7144,47.879],[-124.7172,47.879],[-124.7122,47.8657],[-124.7042,47.8547],[-124.6906,47.8443],[-124.6654,47.8336],[-124.6541,47.8253],[-124.6418,47.8194],[-124.6332,47.8068],[-124.6081,47.7849],[-124.5991,47.7716],[-124.5893,47.7635],[-124.5759,47.7564],[-124.5562,47.729],[-124.5403,47.7164],[-124.5482,47.7096],[-124.5594,47.6958],[-124.5666,47.6802],[-124.5672,47.6715],[-124.5655,47.6619],[-124.5613,47.6527],[-124.5546,47.6444],[-124.5376,47.6319],[-124.5149,47.6237],[-124.487,47.6212],[-124.4614,47.625],[-124.4596,47.6157],[-124.4551,47.6066],[-124.4556,47.5962],[-124.4532,47.5867],[-124.4482,47.5779],[-124.44,47.569],[-124.4171,47.4815],[-124.4171,47.4788],[-124.4206,47.4755],[-124.4217,47.4687],[-124.4206,47.456],[-124.4065,47.428],[-124.4194,47.4145],[-124.4217,47.4068],[-124.4217,47.3933],[-124.4136,47.3687],[-124.3995,47.3408],[-124.3914,47.3298],[-124.3596,47.3093],[-124.3591,47.2928],[-124.3513,47.2764],[-124.336,47.2616],[-124.3064,47.2481],[-124.2959,47.2125],[-124.2795,47.1744],[-124.2737,47.1651],[-124.2725,47.1608],[-124.2737,47.1481],[-124.2513,47.0967],[-124.2483,47.0708],[-124.2441,47.0586],[-124.244,47.0189],[-124.2415,46.9998],[-124.2497,46.9563],[-124.2466,46.9178],[-124.2439,46.9089],[-124.2344,46.8912],[-124.2095,46.8748],[-124.1946,46.8441],[-124.1812,46.7937],[-124.1751,46.7937],[-124.1709,46.7585],[-124.1714,46.7454],[-124.1685,46.7304],[-124.157,46.7022],[-124.1541,46.6892],[-124.1453,46.6705],[-124.1488,46.661],[-124.1497,46.6501],[-124.1477,46.6406],[-124.1433,46.6312],[-124.142,46.587],[-124.1353,46.5423],[-124.1338,46.4907],[-124.13,46.4316],[-124.1305,46.4083],[-124.1352,46.3494],[-124.1418,46.3343],[-124.1441,46.3219],[-124.1502,46.3064],[-124.1535,46.3021],[-124.1543,46.2952],[-124.1607,46.282],[-124.1626,46.2717],[-124.1595,46.2611],[-124.036,46.2642],[-124.0349,46.2648],[-124.0357,46.2715],[-124.0336,46.2759],[-124.0389,46.2846],[-124.0356,46.2968],[-124.0249,46.2991],[-124.0149,46.2932],[-124.0036,46.2747],[-123.986,46.2728],[-123.9733,46.2685],[-123.9576,46.2602],[-123.9465,46.2498],[-123.9305,46.2388],[-123.8726,46.235],[-123.8151,46.2498],[-123.7794,46.2539],[-123.7414,46.2692],[-123.6881,46.2501],[-123.6488,46.2588],[-123.587,46.2559],[-123.5505,46.2588],[-123.5264,46.2634],[-123.5012,46.271],[-123.4748,46.2678],[-123.4476,46.2498],[-123.4276,46.2293],[-123.431,46.1816],[-123.3904,46.1544],[-123.3795,46.151],[-123.3714,46.1464],[-123.2802,46.1448],[-123.2131,46.1725],[-123.1664,46.189],[-123.1159,46.1853],[-123.1066,46.1783],[-123.0511,46.1536],[-123.0413,46.1464],[-123.0042,46.1338],[-122.9627,46.1048],[-122.9041,46.0837],[-122.8845,46.0603],[-122.8781,46.0313],[-122.8562,46.0145],[-122.8376,45.9808],[-122.814,45.961],[-122.8062,45.9324],[-122.8115,45.9127],[-122.7981,45.8843],[-122.785,45.8682],[-122.7857,45.8442],[-122.796,45.825],[-122.7956,45.81],[-122.7695,45.7806],[-122.7615,45.7592],[-122.7601,45.7344],[-122.7725,45.6996],[-122.7745,45.6804],[-122.7638,45.6571],[-122.7381,45.6441],[-122.7133,45.6374],[-122.691,45.6247],[-122.675,45.618],[-122.6439,45.6097],[-122.6026,45.6076],[-122.5503,45.5973],[-122.5237,45.5896],[-122.4793,45.5798],[-122.4539,45.5673],[-122.4387,45.5636],[-122.4107,45.5676],[-122.3918,45.5745],[-122.3803,45.5759],[-122.3528,45.5694],[-122.3315,45.5482],[-122.2966,45.5436],[-122.2667,45.5438],[-122.249,45.5477],[-122.2008,45.5651],[-122.1829,45.5768],[-122.1416,45.584],[-122.1123,45.5813],[-122.1018,45.5832],[-122.0443,45.6095],[-122.0211,45.6148],[-122.0036,45.6159],[-121.983,45.6229],[-121.9631,45.6329],[-121.9558,45.6436],[-121.9517,45.6448],[-121.935,45.6442],[-121.9081,45.6546],[-121.9008,45.662],[-121.9017,45.6707],[-121.867,45.6934],[-121.8112,45.7067],[-121.7351,45.694],[-121.7073,45.6948],[-121.6684,45.7051],[-121.6313,45.7047],[-121.5329,45.7265],[-121.4991,45.7207],[-121.4628,45.7013],[-121.424,45.6941],[-121.4017,45.6929],[-121.3726,45.703],[-121.3377,45.7048],[-121.3123,45.6998],[-121.2873,45.6869],[-121.2158,45.6712],[-121.2004,45.6498],[-121.1952,45.6296],[-121.1965,45.6166],[-121.1837,45.6065],[-121.1456,45.6079],[-121.1394,45.612],[-121.1318,45.6098],[-121.1172,45.6182],[-121.1201,45.6232],[-121.0849,45.6479],[-121.0645,45.6525],[-121.0338,45.651],[-121.0074,45.6532],[-120.9835,45.6484],[-120.9531,45.6567],[-120.944,45.6564],[-120.9136,45.64],[-120.8958,45.6429],[-120.8554,45.6717],[-120.7886,45.6864],[-120.7286,45.7053],[-120.6895,45.7157],[-120.6693,45.7299],[-120.6351,45.7457],[-120.5911,45.7465],[-120.5593,45.7383],[-120.5227,45.7103],[-120.5057,45.6999],[-120.4826,45.6944],[-120.4037,45.6994],[-120.3263,45.7114],[-120.2834,45.7212],[-120.2108,45.7259],[-120.1706,45.762],[-120.1415,45.7732],[-120.0702,45.7852],[-120.0148,45.8071],[-119.9658,45.8244],[-119.9072,45.8282],[-119.8493,45.8402],[-119.8027,45.8476],[-119.7729,45.8457],[-119.67,45.8569],[-119.6236,45.9056],[-119.6007,45.9195],[-119.5716,45.9255],[-119.5245,45.9086],[-119.4881,45.9064],[-119.4504,45.9174],[-119.3645,45.9215],[-119.3226,45.9331],[-119.2571,45.9399],[-119.1955,45.9279],[-119.1692,45.9277],[-119.1263,45.9328],[-119.0933,45.9427],[-119.0615,45.9585],[-119.0272,45.9691],[-119.0087,45.9792],[-118.9873,45.9999],[-118.4038,46.0008]]]},"properties":{"STUSAB":"WA"}},{"type":"Feature","geometry":{"type":"Polygon","coordinates":[[[-119.3242,41.9939],[-119.8268,41.9975],[-119.9479,41.9968],[-119.9992,41.9949],[-119.9983,41.6188],[-119.9999,40.9999],[-119.996,40.5705],[-119.9957,40.3758],[-119.9977,39.9999],[-120.0011,39.7522],[-120.0008,39.6068],[-120.0029,39.4644],[-120.0061,39.3741],[-120.0065,39.2729],[-120.001,38.9996],[-119.4538,38.6224],[-119.126,38.3932],[-118.7142,38.1021],[-118.0522,37.6249],[-117.9046,37.5158],[-117.8759,37.4973],[-117.7124,37.3749],[-117.6806,37.3534],[-117.5814,37.2789],[-117.5001,37.2204],[-116.8743,36.7521],[-116.4882,36.4591],[-116.0942,36.1563],[-115.6954,35.8463],[-115.2597,35.5035],[-115.101,35.3757],[-114.7973,35.1349],[-114.6335,35.0019],[-114.6371,35.0104],[-114.6382,35.0221],[-114.6347,35.0337],[-114.6271,35.0447],[-114.6067,35.0589],[-114.6029,35.0686],[-114.6047,35.0748],[-114.6131,35.0831],[-114.6225,35.0887],[-114.6428,35.0965],[-114.6468,35.1019],[-114.6374,35.1125],[-114.6284,35.1189],[-114.6186,35.1216],[-114.5978,35.1217],[-114.5849,35.1252],[-114.5783,35.1288],[-114.5726,35.1396],[-114.5739,35.1454],[-114.5695,35.1623],[-114.5693,35.1834],[-114.5721,35.2008],[-114.575,35.2067],[-114.5795,35.2089],[-114.5803,35.2201],[-114.5835,35.2303],[-114.5828,35.2387],[-114.5861,35.2489],[-114.5866,35.2624],[-114.5967,35.2946],[-114.5956,35.3265],[-114.6046,35.3552],[-114.6112,35.3701],[-114.6177,35.3801],[-114.6209,35.3969],[-114.6268,35.4096],[-114.6521,35.4301],[-114.6543,35.4369],[-114.6629,35.4464],[-114.6642,35.4558],[-114.6672,35.4604],[-114.6657,35.4669],[-114.6732,35.4748],[-114.6719,35.4821],[-114.6768,35.4898],[-114.6763,35.4931],[-114.6786,35.4976],[-114.6775,35.5109],[-114.6757,35.5156],[-114.6695,35.5208],[-114.6646,35.5215],[-114.6578,35.5307],[-114.6568,35.535],[-114.6615,35.5441],[-114.6628,35.5643],[-114.6644,35.5684],[-114.6684,35.5743],[-114.6757,35.58],[-114.6592,35.5875],[-114.6539,35.5985],[-114.6535,35.6097],[-114.6595,35.6196],[-114.6667,35.6231],[-114.6776,35.6418],[-114.6895,35.6514],[-114.6902,35.6652],[-114.6823,35.6778],[-114.6806,35.684],[-114.6827,35.6886],[-114.7014,35.7011],[-114.7056,35.7083],[-114.6979,35.7317],[-114.6964,35.7427],[-114.6977,35.751],[-114.6943,35.7566],[-114.701,35.7697],[-114.6993,35.7905],[-114.712,35.8055],[-114.7093,35.81],[-114.7037,35.8146],[-114.6953,35.8311],[-114.7063,35.8462],[-114.7059,35.8505],[-114.7019,35.8532],[-114.6944,35.8545],[-114.6915,35.8587],[-114.6878,35.8607],[-114.6697,35.865],[-114.6616,35.8712],[-114.6632,35.8737],[-114.672,35.878],[-114.679,35.8855],[-114.6961,35.8965],[-114.6949,35.8976],[-114.7003,35.9018],[-114.7057,35.9093],[-114.7081,35.9099],[-114.7092,35.9168],[-114.7074,35.9181],[-114.7076,35.928],[-114.7134,35.9319],[-114.7133,35.9338],[-114.7298,35.9599],[-114.7287,35.9618],[-114.7405,35.9755],[-114.7436,35.9858],[-114.7393,35.9918],[-114.743,36.0084],[-114.7386,36.0152],[-114.7289,36.0214],[-114.7221,36.029],[-114.7334,36.0379],[-114.7413,36.038],[-114.7425,36.0457],[-114.7357,36.0534],[-114.7353,36.0566],[-114.7401,36.0624],[-114.7435,36.071],[-114.7489,36.075],[-114.7506,36.0803],[-114.754,36.0831],[-114.7538,36.0878],[-114.7489,36.0952],[-114.7341,36.1047],[-114.7037,36.1083],[-114.6937,36.1125],[-114.6818,36.1092],[-114.6719,36.116],[-114.6643,36.1163],[-114.6555,36.1262],[-114.6401,36.1351],[-114.6358,36.1362],[-114.6305,36.1422],[-114.6271,36.1408],[-114.6206,36.1318],[-114.6155,36.1297],[-114.6093,36.1322],[-114.5965,36.1415],[-114.5807,36.146],[-114.5711,36.1511],[-114.5612,36.1509],[-114.5562,36.1525],[-114.5487,36.1507],[-114.5392,36.1518],[-114.5311,36.1476],[-114.5143,36.1508],[-114.5081,36.1497],[-114.5002,36.1432],[-114.5003,36.1407],[-114.5051,36.1381],[-114.5092,36.1332],[-114.5072,36.1285],[-114.5018,36.1266],[-114.4838,36.1297],[-114.4687,36.1389],[-114.4626,36.1396],[-114.4565,36.138],[-114.4513,36.1298],[-114.445,36.1253],[-114.4231,36.1374],[-114.4125,36.1465],[-114.4023,36.1465],[-114.3815,36.1413],[-114.3737,36.1437],[-114.3702,36.1426],[-114.3606,36.1294],[-114.3451,36.1186],[-114.3346,36.1068],[-114.3258,36.1039],[-114.3209,36.0965],[-114.3069,36.0825],[-114.3044,36.074],[-114.3124,36.0661],[-114.3143,36.062],[-114.3136,36.059],[-114.3086,36.057],[-114.2986,36.0573],[-114.288,36.0491],[-114.2796,36.0461],[-114.2709,36.0455],[-114.2686,36.035],[-114.2644,36.0279],[-114.2439,36.0153],[-114.2334,36.0128],[-114.228,36.0147],[-114.2248,36.0137],[-114.2119,36.0148],[-114.1912,36.02],[-114.1747,36.0267],[-114.1644,36.0269],[-114.1514,36.0231],[-114.1459,36.0272],[-114.1447,36.0343],[-114.1371,36.0385],[-114.1348,36.0439],[-114.1362,36.0532],[-114.1334,36.0617],[-114.124,36.0756],[-114.1196,36.0858],[-114.1123,36.094],[-114.1119,36.0958],[-114.1152,36.0999],[-114.121,36.1039],[-114.1209,36.1108],[-114.1185,36.1139],[-114.1084,36.1192],[-114.097,36.1208],[-114.0917,36.1373],[-114.0812,36.1502],[-114.0788,36.1574],[-114.0668,36.1791],[-114.0587,36.1878],[-114.0439,36.1934],[-114.0456,36.2888],[-114.0441,36.3176],[-114.0428,36.4482],[-114.0456,36.5211],[-114.0503,36.7529],[-114.0501,37.0141],[-114.0525,37.1129],[-114.0516,37.3039],[-114.0529,37.5609],[-114.0517,37.7515],[-114.0483,37.8094],[-114.0496,37.8235],[-114.0505,37.9533],[-114.0493,38.2661],[-114.0505,38.4961],[-114.0461,40.4018],[-114.0429,40.7951],[-114.0395,41.7189],[-114.0415,41.9939],[-114.5983,41.9946],[-114.8235,42.0018],[-115.0694,41.9961],[-116.0454,41.9963],[-116.1894,41.9977],[-116.3685,41.9963],[-117.0081,41.9987],[-117.0262,42.0002],[-117.1337,42.0004],[-118.2232,41.9972],[-118.5697,41.9945],[-118.6765,41.9922],[-119.3242,41.9939]]]},"properties":{"STUSAB":"NV"}},{"type":"Feature","geometry":{"type":"Polygon","coordinates":[[[-103.0647,32.3347],[-103.0646,32.9999],[-103.0437,34.0036],[-103.0409,35.8961],[-103.0417,36.5004],[-103.0023,36.5009],[-103.0023,37.0001],[-103.6255,36.9986],[-104.3388,36.9935],[-104.6246,36.9944],[-105.0292,36.9927],[-105.1208,36.9954],[-105.7079,36.9959],[-106.8698,36.9925],[-106.8783,37.0001],[-109.0452,36.999],[-109.047,35.3934],[-109.0454,34.7854],[-109.05,31.3323],[-108.2085,31.3334],[-108.2085,31.7837],[-106.5279,31.7839],[-106.5274,31.79],[-106.5328,31.7924],[-106.536,31.7985],[-106.5442,31.8035],[-106.5471,31.8073],[-106.563,31.8111],[-106.5634,31.8127],[-106.5665,31.8134],[-106.5709,31.8102],[-106.5772,31.8104],[-106.5891,31.8227],[-106.5938,31.8249],[-106.6028,31.825],[-106.6053,31.8277],[-106.6014,31.8396],[-106.6017,31.8444],[-106.6062,31.8463],[-106.6148,31.8464],[-106.6258,31.8562],[-106.6282,31.8611],[-106.6359,31.8662],[-106.6349,31.8745],[-106.6292,31.8837],[-106.6339,31.8892],[-106.6453,31.8949],[-106.6455,31.8987],[-106.6408,31.9046],[-106.6337,31.9098],[-106.6259,31.9122],[-106.6129,31.9204],[-106.6239,31.9253],[-106.6287,31.9236],[-106.6297,31.9266],[-106.6253,31.93],[-106.6225,31.9349],[-106.6237,31.9455],[-106.6153,31.949],[-106.6143,31.9516],[-106.6144,31.956],[-106.6177,31.956],[-106.6228,31.9529],[-106.6251,31.9545],[-106.6243,31.9611],[-106.6194,31.9648],[-106.6196,31.9716],[-106.6232,31.9729],[-106.6265,31.9707],[-106.6301,31.9713],[-106.6382,31.9768],[-106.6395,31.9803],[-106.6365,31.9857],[-106.6312,31.9898],[-106.6236,31.991],[-106.6194,31.9947],[-106.6185,32.0005],[-106.0829,32.0027],[-104.8477,32.0004],[-104.7721,31.9975],[-104.7548,31.9978],[-104.7546,32.0005],[-104.7505,32.0005],[-103.0645,32.0004],[-103.0647,32.3347]]]},"properties":{"STUSAB":"NM"}},{"type":"Feature","geometry":{"type":"Polygon","coordinates":[[[-121.4412,45.6973],[-121.4628,45.7013],[-121.4991,45.7207],[-121.5329,45.7265],[-121.6313,45.7047],[-121.6684,45.7051],[-121.7073,45.6948],[-121.7351,45.694],[-121.8112,45.7067],[-121.867,45.6934],[-121.9017,45.6707],[-121.9008,45.662],[-121.9081,45.6546],[-121.935,45.6442],[-121.9517,45.6448],[-121.9558,45.6436],[-121.9631,45.6329],[-121.983,45.6229],[-122.0036,45.6159],[-122.0211,45.6148],[-122.0443,45.6095],[-122.1018,45.5832],[-122.1123,45.5813],[-122.1416,45.584],[-122.1829,45.5768],[-122.2008,45.5651],[-122.249,45.5477],[-122.2626,45.5443],[-122.2949,45.5435],[-122.3315,45.5482],[-122.3528,45.5694],[-122.3803,45.5759],[-122.3918,45.5745],[-122.4107,45.5676],[-122.4387,45.5636],[-122.4539,45.5673],[-122.4793,45.5798],[-122.5237,45.5896],[-122.5503,45.5973],[-122.6026,45.6076],[-122.6439,45.6097],[-122.675,45.618],[-122.691,45.6247],[-122.7133,45.6374],[-122.7381,45.6441],[-122.7638,45.6571],[-122.7745,45.6804],[-122.7725,45.6996],[-122.7601,45.7344],[-122.7615,45.7592],[-122.7695,45.7806],[-122.7956,45.81],[-122.796,45.825],[-122.7857,45.8442],[-122.785,45.8682],[-122.7981,45.8843],[-122.8115,45.9127],[-122.8062,45.9324],[-122.814,45.961],[-122.8376,45.9808],[-122.8562,46.0145],[-122.8781,46.0313],[-122.8845,46.0603],[-122.9041,46.0837],[-122.9627,46.1048],[-123.0042,46.1338],[-123.0413,46.1464],[-123.0511,46.1536],[-123.1066,46.1783],[-123.1159,46.1853],[-123.1664,46.189],[-123.2131,46.1725],[-123.2802,46.1448],[-123.3714,46.1464],[-123.3795,46.151],[-123.3904,46.1544],[-123.431,46.1816],[-123.4276,46.2293],[-123.4476,46.2498],[-123.4748,46.2678],[-123.5012,46.271],[-123.5264,46.2634],[-123.5505,46.2588],[-123.587,46.2559],[-123.6488,46.2588],[-123.6881,46.2501],[-123.7414,46.2692],[-123.7794,46.2539],[-123.8151,46.2498],[-123.8726,46.235],[-123.9305,46.2388],[-123.9465,46.2498],[-123.9576,46.2602],[-123.9733,46.2685],[-123.986,46.2728],[-124.0036,46.2747],[-124.0149,46.2932],[-124.0249,46.2991],[-124.0356,46.2968],[-124.0389,46.2846],[-124.0336,46.2759],[-124.0357,46.2715],[-124.0349,46.2648],[-124.036,46.2642],[-124.1595,46.2611],[-124.147,46.2289],[-124.1379,46.2162],[-124.1263,46.2051],[-124.1113,46.1959],[-124.1037,46.1931],[-124.0885,46.1879],[-124.0673,46.1838],[-124.0507,46.1639],[-124.0231,46.1163],[-124.0098,46.082],[-124.0051,46.0574],[-124.0028,46.0275],[-124.0068,46.0179],[-124.0081,46.0099],[-124.0192,46.0038],[-124.0395,45.9859],[-124.0512,45.983],[-124.0708,45.9739],[-124.0849,45.9601],[-124.0919,45.9435],[-124.0924,45.9343],[-124.0906,45.9258],[-124.0865,45.9163],[-124.0802,45.9083],[-124.0664,45.8981],[-124.0458,45.8906],[-124.0434,45.8871],[-124.042,45.8486],[-124.0377,45.8416],[-124.0514,45.8268],[-124.0556,45.8165],[-124.056,45.8066],[-124.0541,45.7975],[-124.0621,45.7897],[-124.069,45.7727],[-124.0704,45.7627],[-124.068,45.7503],[-124.06,45.7395],[-124.0438,45.7273],[-124.0305,45.721],[-124.0248,45.7202],[-124.0191,45.7127],[-124.0108,45.7083],[-124.0117,45.6767],[-124.0159,45.661],[-124.0166,45.6321],[-124.0191,45.626],[-124.0213,45.6248],[-124.0293,45.6125],[-124.0311,45.6019],[-124.0304,45.5925],[-124.0355,45.5807],[-124.0371,45.5717],[-124.0362,45.563],[-124.0269,45.546],[-124.0267,45.5379],[-124.0391,45.5302],[-124.0531,45.5142],[-124.0564,45.5021],[-124.0548,45.4887],[-124.0594,45.4812],[-124.0645,45.4676],[-124.064,45.4515],[-124.0589,45.442],[-124.0532,45.4357],[-124.0435,45.4267],[-124.0358,45.4221],[-124.0365,45.4133],[-124.0433,45.3841],[-124.0582,45.3764],[-124.0665,45.367],[-124.0728,45.356],[-124.077,45.3418],[-124.077,45.3301],[-124.0738,45.3175],[-124.0612,45.3042],[-124.0466,45.2932],[-124.0424,45.2822],[-124.0403,45.2688],[-124.0433,45.2452],[-124.0548,45.2302],[-124.0598,45.2156],[-124.0595,45.2067],[-124.057,45.1988],[-124.0511,45.1871],[-124.0451,45.1798],[-124.0448,45.166],[-124.0501,45.1407],[-124.0558,45.1248],[-124.0652,45.1077],[-124.0733,45.0996],[-124.0814,45.0855],[-124.0936,45.0542],[-124.0967,45.0405],[-124.0975,45.0274],[-124.0922,45.0114],[-124.0862,45.0029],[-124.0894,44.9893],[-124.0906,44.9659],[-124.0985,44.9454],[-124.0995,44.9369],[-124.0979,44.9297],[-124.1166,44.8663],[-124.1304,44.8557],[-124.1362,44.8492],[-124.139,44.8442],[-124.1416,44.8334],[-124.1396,44.8116],[-124.1437,44.8032],[-124.1478,44.7736],[-124.1453,44.7575],[-124.1483,44.7404],[-124.1468,44.7308],[-124.1404,44.7176],[-124.1391,44.7105],[-124.1444,44.6993],[-124.151,44.6903],[-124.154,44.6753],[-124.152,44.6632],[-124.1478,44.6549],[-124.1374,44.641],[-124.1491,44.6248],[-124.1523,44.6093],[-124.1512,44.6029],[-124.1484,44.5983],[-124.1343,44.5832],[-124.138,44.5776],[-124.1427,44.5633],[-124.1461,44.5402],[-124.1555,44.531],[-124.1597,44.5234],[-124.1646,44.4998],[-124.1639,44.4884],[-124.1534,44.465],[-124.157,44.4216],[-124.1635,44.3748],[-124.1817,44.3168],[-124.1806,44.3078],[-124.1876,44.2886],[-124.1865,44.2844],[-124.1881,44.271],[-124.1843,44.258],[-124.1868,44.2447],[-124.1828,44.231],[-124.1856,44.2216],[-124.186,44.199],[-124.1882,44.1915],[-124.1868,44.1765],[-124.189,44.1642],[-124.1955,44.1548],[-124.201,44.1395],[-124.1992,44.1272],[-124.1993,44.1113],[-124.1954,44.0975],[-124.2052,44.0406],[-124.2127,44.0246],[-124.2125,44.0141],[-124.2079,44.0021],[-124.2152,43.9538],[-124.2397,43.8111],[-124.2657,43.7016],[-124.2796,43.6871],[-124.2853,43.6727],[-124.2849,43.6599],[-124.2803,43.6484],[-124.2968,43.586],[-124.3287,43.4998],[-124.3438,43.465],[-124.3515,43.4542],[-124.3603,43.4343],[-124.3803,43.4028],[-124.3922,43.3965],[-124.4078,43.3937],[-124.4256,43.3859],[-124.4411,43.3729],[-124.4467,43.3582],[-124.4614,43.3501],[-124.4716,43.3392],[-124.4769,43.3294],[-124.478,43.3035],[-124.4748,43.2886],[-124.4637,43.2748],[-124.4555,43.2682],[-124.465,43.2575],[-124.4703,43.2455],[-124.4713,43.2195],[-124.4694,43.2083],[-124.4652,43.2003],[-124.4758,43.1789],[-124.4816,43.1594],[-124.4939,43.1535],[-124.506,43.1434],[-124.5158,43.1248],[-124.515,43.1145],[-124.5164,43.1025],[-124.5144,43.0943],[-124.5092,43.0854],[-124.5079,43.0733],[-124.5053,43.068],[-124.525,43.0164],[-124.533,42.9998],[-124.5306,42.9998],[-124.5535,42.9517],[-124.559,42.9456],[-124.5648,42.933],[-124.5724,42.9225],[-124.5918,42.9147],[-124.6069,42.9035],[-124.616,42.8929],[-124.6221,42.8772],[-124.6262,42.8758],[-124.6452,42.8619],[-124.6525,42.8507],[-124.6551,42.84],[-124.6718,42.8256],[-124.6779,42.8143],[-124.6806,42.8043],[-124.6958,42.7911],[-124.7003,42.784],[-124.7035,42.7704],[-124.7003,42.7525],[-124.6907,42.7383],[-124.6824,42.7302],[-124.6646,42.7205],[-124.6421,42.7161],[-124.6206,42.7177],[-124.6016,42.7166],[-124.5847,42.7193],[-124.5612,42.6928],[-124.5441,42.6838],[-124.5474,42.6724],[-124.5457,42.6572],[-124.5406,42.6445],[-124.5303,42.6323],[-124.5196,42.6248],[-124.5085,42.6196],[-124.4925,42.6154],[-124.4736,42.6147],[-124.4729,42.6108],[-124.4799,42.5915],[-124.4808,42.5816],[-124.4794,42.574],[-124.4741,42.5628],[-124.4654,42.553],[-124.4679,42.5508],[-124.4898,42.5429],[-124.5012,42.5354],[-124.5122,42.5243],[-124.5187,42.5111],[-124.5352,42.5049],[-124.5443,42.4998],[-124.5475,42.4998],[-124.5547,42.4941],[-124.5672,42.4778],[-124.5704,42.4634],[-124.5695,42.4546],[-124.5618,42.4383],[-124.5558,42.4325],[-124.5497,42.4221],[-124.5427,42.4153],[-124.5271,42.4056],[-124.4942,42.3961],[-124.4987,42.3865],[-124.5008,42.3748],[-124.4994,42.3609],[-124.4966,42.3522],[-124.4865,42.3383],[-124.4941,42.3259],[-124.4953,42.3156],[-124.4941,42.3018],[-124.4903,42.2906],[-124.4848,42.2832],[-124.4783,42.278],[-124.4822,42.2682],[-124.4859,42.2475],[-124.482,42.2241],[-124.4714,42.2037],[-124.4633,42.195],[-124.452,42.1878],[-124.4474,42.1815],[-124.4412,42.1767],[-124.4335,42.1648],[-124.4353,42.1499],[-124.4325,42.1318],[-124.426,42.1179],[-124.4244,42.1069],[-124.4206,42.0982],[-124.4198,42.0853],[-124.4163,42.0749],[-124.4048,42.0594],[-124.3904,42.0502],[-124.3862,42.0424],[-124.375,42.0292],[-124.3609,42.0203],[-124.3492,42.0164],[-124.3429,42.0066],[-124.3288,41.9983],[-123.8109,41.9952],[-123.7282,41.9971],[-123.6572,41.9951],[-123.624,41.9998],[-123.5642,42.0007],[-123.347,41.9993],[-123.1839,42.0058],[-123.1457,42.0088],[-123.044,42.0031],[-122.7028,42.0042],[-122.378,42.0095],[-121.3449,41.9962],[-121.1685,41.9972],[-120.9741,41.993],[-120.7981,41.994],[-120.3264,41.9926],[-119.8268,41.9975],[-119.3368,41.994],[-118.7079,41.9921],[-118.2232,41.9972],[-117.0262,41.9999],[-117.0268,43.7337],[-117.0266,43.8081],[-117.0215,43.8194],[-117.0236,43.8238],[-117.0326,43.8302],[-117.0319,43.8342],[-117.0252,43.8413],[-117.0146,43.8396],[-117.0116,43.841],[-117.0107,43.8498],[-117.0201,43.854],[-117.0217,43.8562],[-117.02,43.859],[-117.0072,43.8636],[-116.9974,43.8649],[-116.9914,43.8639],[-116.9829,43.8677],[-116.9839,43.8808],[-116.976,43.8955],[-116.9774,43.9058],[-116.9811,43.9137],[-116.9796,43.9153],[-116.9615,43.9184],[-116.9593,43.9293],[-116.961,43.9324],[-116.9676,43.9348],[-116.9691,43.9389],[-116.9682,43.9419],[-116.9625,43.947],[-116.9605,43.9551],[-116.9724,43.958],[-116.9598,43.9638],[-116.9592,43.9664],[-116.9644,43.9688],[-116.9709,43.9683],[-116.976,43.9751],[-116.9729,43.9775],[-116.9664,43.9773],[-116.9608,43.9828],[-116.94,43.9844],[-116.9353,43.9886],[-116.9449,44.0028],[-116.9369,44.0105],[-116.9345,44.0212],[-116.9361,44.0271],[-116.942,44.0346],[-116.9529,44.04],[-116.9567,44.0441],[-116.9732,44.0494],[-116.976,44.0829],[-116.9774,44.0854],[-116.9743,44.0883],[-116.9672,44.0909],[-116.9431,44.0941],[-116.9337,44.1],[-116.9283,44.1073],[-116.9279,44.1103],[-116.9295,44.1131],[-116.9286,44.1152],[-116.9142,44.1273],[-116.9112,44.14],[-116.9024,44.1452],[-116.9015,44.1493],[-116.8959,44.1543],[-116.8942,44.1623],[-116.8958,44.1713],[-116.9028,44.1795],[-116.9157,44.1832],[-116.923,44.1874],[-116.9254,44.1915],[-116.9354,44.194],[-116.9476,44.1913],[-116.9655,44.1941],[-116.9717,44.1973],[-116.9737,44.208],[-116.9702,44.2208],[-116.9739,44.2259],[-116.972,44.2357],[-116.976,44.2429],[-116.9868,44.2455],[-117.006,44.2465],[-117.0169,44.2454],[-117.0253,44.2485],[-117.0319,44.2486],[-117.0423,44.2428],[-117.0461,44.2307],[-117.0514,44.2287],[-117.0565,44.2309],[-117.0594,44.2372],[-117.0673,44.244],[-117.0783,44.2499],[-117.0895,44.2582],[-117.0946,44.271],[-117.1042,44.2799],[-117.1116,44.2807],[-117.1199,44.2783],[-117.1309,44.2695],[-117.1368,44.2604],[-117.1462,44.258],[-117.1703,44.2589],[-117.1981,44.2738],[-117.2075,44.2827],[-117.217,44.2884],[-117.2227,44.2983],[-117.2168,44.3082],[-117.2033,44.313],[-117.1963,44.3266],[-117.1915,44.3296],[-117.1898,44.3366],[-117.1973,44.3474],[-117.2027,44.3498],[-117.207,44.3552],[-117.2169,44.3602],[-117.2351,44.3739],[-117.2378,44.3824],[-117.2428,44.3902],[-117.2429,44.3956],[-117.2273,44.4052],[-117.223,44.4165],[-117.2193,44.4192],[-117.2151,44.4272],[-117.2166,44.4423],[-117.2146,44.448],[-117.2153,44.4522],[-117.217,44.459],[-117.2204,44.463],[-117.2215,44.4701],[-117.2254,44.4755],[-117.2251,44.4823],[-117.2164,44.4862],[-117.2089,44.4857],[-117.2002,44.492],[-117.1925,44.5033],[-117.1898,44.5134],[-117.1816,44.523],[-117.1672,44.5234],[-117.161,44.5252],[-117.1524,44.5318],[-117.1492,44.5362],[-117.1442,44.5456],[-117.1429,44.5572],[-117.1479,44.5621],[-117.1483,44.5644],[-117.146,44.5686],[-117.134,44.5752],[-117.1248,44.5838],[-117.1253,44.5938],[-117.1205,44.6147],[-117.1148,44.6249],[-117.1082,44.6271],[-117.0982,44.6407],[-117.0982,44.6477],[-117.095,44.652],[-117.0968,44.6574],[-117.0959,44.6647],[-117.0912,44.6688],[-117.0808,44.6738],[-117.0786,44.6803],[-117.0808,44.6842],[-117.0791,44.6922],[-117.0741,44.6964],[-117.0722,44.7005],[-117.0638,44.7036],[-117.0618,44.7067],[-117.0627,44.7117],[-117.0605,44.7217],[-117.0623,44.7271],[-117.0583,44.7305],[-117.0502,44.7326],[-117.0482,44.7359],[-117.0478,44.7415],[-117.0383,44.7482],[-117.0294,44.7511],[-117.02,44.751],[-117.0138,44.7568],[-116.9989,44.7564],[-116.9867,44.7622],[-116.9709,44.7739],[-116.949,44.778],[-116.9433,44.7817],[-116.9347,44.7839],[-116.9307,44.7899],[-116.9338,44.7968],[-116.9311,44.8048],[-116.9221,44.8119],[-116.9058,44.8348],[-116.9001,44.8367],[-116.9002,44.8399],[-116.8962,44.8483],[-116.8986,44.8537],[-116.8964,44.8557],[-116.8877,44.8558],[-116.8794,44.8618],[-116.8771,44.866],[-116.8653,44.8706],[-116.8524,44.8876],[-116.8524,44.8919],[-116.8505,44.8935],[-116.8489,44.9007],[-116.8429,44.9089],[-116.8421,44.9149],[-116.839,44.9178],[-116.8385,44.9236],[-116.832,44.933],[-116.8357,44.9406],[-116.8465,44.9515],[-116.8507,44.9581],[-116.851,44.9616],[-116.847,44.9654],[-116.8364,44.9692],[-116.8263,44.9825],[-116.8269,44.9839],[-116.8321,44.9845],[-116.8397,44.9831],[-116.8436,44.9754],[-116.8486,44.9717],[-116.852,44.972],[-116.858,44.9773],[-116.8568,44.9843],[-116.8446,45.0014],[-116.8451,45.008],[-116.8472,45.0115],[-116.8448,45.0153],[-116.8479,45.0226],[-116.8413,45.0309],[-116.8251,45.0378],[-116.8209,45.0431],[-116.8143,45.0483],[-116.8086,45.0507],[-116.7973,45.0603],[-116.7909,45.0699],[-116.7837,45.077],[-116.7835,45.0936],[-116.7748,45.1055],[-116.7546,45.114],[-116.7528,45.1218],[-116.7469,45.1242],[-116.7455,45.133],[-116.7333,45.1385],[-116.7296,45.1421],[-116.728,45.1542],[-116.7242,45.1629],[-116.7242,45.1715],[-116.7095,45.203],[-116.7085,45.2074],[-116.7097,45.2172],[-116.7041,45.2282],[-116.7027,45.2379],[-116.7037,45.2401],[-116.6988,45.2452],[-116.6914,45.2637],[-116.6745,45.2763],[-116.6722,45.2889],[-116.6746,45.3143],[-116.6738,45.3215],[-116.6413,45.3678],[-116.6323,45.3774],[-116.623,45.3919],[-116.6234,45.394],[-116.5974,45.4128],[-116.5882,45.4429],[-116.5768,45.452],[-116.5683,45.4558],[-116.564,45.4602],[-116.5548,45.4629],[-116.555,45.4728],[-116.5588,45.4812],[-116.5531,45.4962],[-116.5535,45.4991],[-116.5571,45.502],[-116.5575,45.5042],[-116.5555,45.5075],[-116.5438,45.5142],[-116.5404,45.5209],[-116.5355,45.5251],[-116.5317,45.5367],[-116.5272,45.5407],[-116.5266,45.5445],[-116.5234,45.5466],[-116.5242,45.5486],[-116.5286,45.5501],[-116.5283,45.5515],[-116.5207,45.5562],[-116.5117,45.5564],[-116.507,45.5584],[-116.5034,45.5617],[-116.5028,45.5666],[-116.4903,45.5745],[-116.483,45.577],[-116.4812,45.5799],[-116.4836,45.583],[-116.4822,45.5867],[-116.4717,45.5936],[-116.4636,45.6028],[-116.4635,45.6158],[-116.4729,45.6249],[-116.4712,45.6277],[-116.4721,45.6292],[-116.4828,45.6336],[-116.4825,45.6399],[-116.4877,45.644],[-116.4873,45.6478],[-116.4888,45.6508],[-116.5054,45.6619],[-116.5177,45.675],[-116.524,45.6776],[-116.5354,45.6917],[-116.5382,45.7162],[-116.5357,45.7342],[-116.5472,45.7517],[-116.5594,45.7552],[-116.5673,45.763],[-116.5751,45.7659],[-116.5942,45.7791],[-116.6169,45.7825],[-116.6237,45.7818],[-116.627,45.7841],[-116.632,45.785],[-116.6463,45.7798],[-116.6596,45.78],[-116.6653,45.7821],[-116.6808,45.7944],[-116.687,45.8063],[-116.6934,45.8116],[-116.6972,45.8201],[-116.7034,45.8217],[-116.7097,45.8257],[-116.7358,45.8264],[-116.7493,45.8193],[-116.7598,45.8162],[-116.7634,45.8166],[-116.7742,45.8234],[-116.7821,45.8251],[-116.7891,45.8335],[-116.7878,45.8443],[-116.7965,45.8612],[-116.8049,45.8658],[-116.8159,45.879],[-116.8436,45.8923],[-116.8484,45.8982],[-116.8573,45.9042],[-116.865,45.9145],[-116.8697,45.9238],[-116.8705,45.9324],[-116.8757,45.945],[-116.876,45.9548],[-116.8805,45.9585],[-116.8913,45.9603],[-116.8949,45.9689],[-116.8929,45.9744],[-116.8936,45.9776],[-116.9115,45.989],[-116.9161,45.9954],[-117.1261,45.9979],[-117.3379,45.9986],[-117.356,45.9966],[-117.4058,45.9985],[-117.9192,46.0004],[-118.9763,46.0004],[-118.9873,45.9999],[-119.0087,45.9792],[-119.0272,45.9691],[-119.0615,45.9585],[-119.0933,45.9427],[-119.1263,45.9328],[-119.1692,45.9277],[-119.1955,45.9279],[-119.2571,45.9399],[-119.3226,45.9331],[-119.3645,45.9215],[-119.4504,45.9174],[-119.4881,45.9064],[-119.5245,45.9086],[-119.5716,45.9255],[-119.6005,45.9195],[-119.6236,45.9056],[-119.67,45.8569],[-119.7729,45.8457],[-119.8027,45.8476],[-119.8493,45.8402],[-119.9072,45.8282],[-119.9658,45.8244],[-120.0148,45.8071],[-120.0702,45.7852],[-120.1415,45.7732],[-120.1706,45.762],[-120.2108,45.7259],[-120.2834,45.7212],[-120.3263,45.7114],[-120.4037,45.6994],[-120.4826,45.6944],[-120.5057,45.6999],[-120.5227,45.7103],[-120.5593,45.7383],[-120.5911,45.7465],[-120.6351,45.7457],[-120.6693,45.7299],[-120.6895,45.7157],[-120.7286,45.7053],[-120.7886,45.6864],[-120.8554,45.6717],[-120.8958,45.6429],[-120.9136,45.64],[-120.944,45.6564],[-120.9531,45.6567],[-120.9835,45.6484],[-121.0074,45.6532],[-121.0338,45.651],[-121.0645,45.6525],[-121.0849,45.6479],[-121.1201,45.6232],[-121.1172,45.6182],[-121.1318,45.6098],[-121.1394,45.612],[-121.1456,45.6079],[-121.1837,45.6065],[-121.1965,45.6166],[-121.1952,45.6296],[-121.2004,45.6498],[-121.2158,45.6712],[-121.2873,45.6869],[-121.3123,45.6998],[-121.3377,45.7048],[-121.3726,45.703],[-121.4017,45.6929],[-121.424,45.6941],[-121.4412,45.6973]]]},"properties":{"STUSAB":"OR"}},{"type":"Feature","geometry":{"type":"Polygon","coordinates":[[[-111.5078,41.9996],[-112.1538,41.9972],[-112.1731,42.0015],[-112.7057,42.0002],[-113.2498,41.996],[-113.8733,41.9882],[-114.0415,41.9939],[-114.0395,41.7189],[-114.0429,40.7951],[-114.0461,40.4018],[-114.0505,38.4961],[-114.0493,38.2661],[-114.0505,37.9533],[-114.0496,37.8235],[-114.0483,37.8094],[-114.0517,37.7517],[-114.0529,37.5883],[-114.0516,37.3039],[-114.0525,37.1129],[-114.0501,37.0002],[-111.1506,37.0009],[-110.6257,37.0037],[-110.4903,37.0036],[-110.4697,36.9977],[-109.0452,36.999],[-109.0456,37.3597],[-109.0416,37.5621],[-109.0426,38.157],[-109.0428,38.1663],[-109.0602,38.2782],[-109.0598,38.7147],[-109.054,38.8772],[-109.0512,39.1426],[-109.0512,40.4416],[-109.0478,40.6099],[-109.05,41.0007],[-109.2325,41.0021],[-109.5437,40.9984],[-110.087,40.9971],[-110.2741,40.9948],[-111.0468,40.9979],[-111.0467,42.0017],[-111.5078,41.9996]]]},"properties":{"STUSAB":"UT"}},{"type":"Feature","geometry":{"type":"Polygon","coordinates":[[[-106.3212,40.9991],[-106.0612,40.997],[-105.7294,40.9968],[-104.8553,40.998],[-104.6255,41.0014],[-104.0532,41.0014],[-104.0526,42.6502],[-104.0551,43.565],[-104.0559,44.875],[-104.0579,44.9976],[-104.8892,45.0],[-105.857,45.0004],[-105.9131,45.0002],[-105.9282,44.9935],[-106.1262,44.9933],[-107.0849,44.9966],[-107.1381,45.0001],[-107.476,45.0014],[-109.0807,44.9994],[-109.1032,45.0058],[-109.7611,45.0018],[-109.8257,45.0032],[-110.1058,45.0035],[-110.1832,44.997],[-110.2848,44.9974],[-110.3252,44.9997],[-110.4071,44.9995],[-110.4457,44.9937],[-110.7045,44.9922],[-110.7901,45.0009],[-111.0546,45.001],[-111.0524,44.4784],[-111.049,44.4741],[-111.0491,44.0201],[-111.047,43.9835],[-111.0439,43.2129],[-111.0435,42.7195],[-111.0472,42.4691],[-111.0458,41.5652],[-111.0468,40.9979],[-110.2741,40.9948],[-110.087,40.9971],[-109.5437,40.9984],[-109.2325,41.0021],[-109.1739,41.0009],[-108.526,40.9996],[-108.0465,41.0021],[-107.0006,41.0034],[-106.4557,41.0021],[-106.3212,40.9991]]]},"properties":{"STUSAB":"WY"}},{"type":"Feature","geometry":{"type":"Polygon","coordinates":[[[-110.7507,37.003],[-111.1506,37.0009],[-114.0506,37.0002],[-114.0499,36.7095],[-114.0428,36.4482],[-114.0441,36.3176],[-114.0456,36.2888],[-114.0439,36.1934],[-114.0587,36.1878],[-114.0668,36.1791],[-114.0788,36.1574],[-114.0812,36.1502],[-114.0917,36.1373],[-114.097,36.1208],[-114.1084,36.1192],[-114.1185,36.1139],[-114.1209,36.1108],[-114.121,36.1039],[-114.1152,36.0999],[-114.112,36.0949],[-114.1196,36.0858],[-114.124,36.0756],[-114.1334,36.0617],[-114.1362,36.0532],[-114.1348,36.0439],[-114.1371,36.0385],[-114.1447,36.0343],[-114.1459,36.0272],[-114.1514,36.0231],[-114.1644,36.0269],[-114.1747,36.0267],[-114.1912,36.02],[-114.2119,36.0148],[-114.2248,36.0137],[-114.228,36.0147],[-114.2334,36.0128],[-114.2439,36.0153],[-114.2644,36.0279],[-114.2686,36.035],[-114.2709,36.0455],[-114.2796,36.0461],[-114.288,36.0491],[-114.2986,36.0573],[-114.3086,36.057],[-114.3136,36.059],[-114.3143,36.062],[-114.3124,36.0661],[-114.3044,36.074],[-114.3069,36.0825],[-114.3209,36.0965],[-114.3258,36.1039],[-114.3346,36.1068],[-114.3451,36.1186],[-114.359,36.1278],[-114.3702,36.1426],[-114.3753,36.1436],[-114.3815,36.1413],[-114.4056,36.147],[-114.4153,36.1451],[-114.4231,36.1374],[-114.445,36.1253],[-114.4513,36.1298],[-114.4565,36.138],[-114.4626,36.1396],[-114.4687,36.1389],[-114.4838,36.1297],[-114.4988,36.1266],[-114.5047,36.1272],[-114.5085,36.1299],[-114.5092,36.1332],[-114.5051,36.1381],[-114.5003,36.1407],[-114.5002,36.1432],[-114.5081,36.1497],[-114.5112,36.1506],[-114.5311,36.1476],[-114.5392,36.1518],[-114.5487,36.1507],[-114.5562,36.1525],[-114.5612,36.1509],[-114.5711,36.1511],[-114.5807,36.146],[-114.5965,36.1415],[-114.6093,36.1322],[-114.6155,36.1297],[-114.6206,36.1318],[-114.6271,36.1408],[-114.6305,36.1422],[-114.6358,36.1362],[-114.6401,36.1351],[-114.6555,36.1262],[-114.6643,36.1163],[-114.6719,36.116],[-114.6818,36.1092],[-114.6937,36.1125],[-114.7037,36.1083],[-114.7349,36.1044],[-114.7489,36.0952],[-114.7545,36.0862],[-114.7489,36.075],[-114.7435,36.071],[-114.7401,36.0624],[-114.7353,36.0566],[-114.7357,36.0534],[-114.7425,36.0457],[-114.7413,36.038],[-114.7334,36.0379],[-114.7221,36.029],[-114.7289,36.0214],[-114.7386,36.0152],[-114.743,36.0084],[-114.7393,35.9918],[-114.7436,35.9858],[-114.7405,35.9755],[-114.7287,35.9618],[-114.7298,35.9599],[-114.7133,35.9338],[-114.7134,35.9319],[-114.7076,35.928],[-114.7074,35.9181],[-114.7092,35.9168],[-114.7081,35.9099],[-114.7057,35.9093],[-114.7003,35.9018],[-114.6949,35.8976],[-114.6961,35.8965],[-114.679,35.8855],[-114.672,35.878],[-114.6632,35.8737],[-114.6616,35.8712],[-114.6697,35.865],[-114.6878,35.8607],[-114.6915,35.8587],[-114.6944,35.8545],[-114.7019,35.8532],[-114.7059,35.8505],[-114.7063,35.8462],[-114.6953,35.8311],[-114.7037,35.8146],[-114.7093,35.81],[-114.712,35.8055],[-114.6993,35.7905],[-114.701,35.7697],[-114.6943,35.7566],[-114.6977,35.751],[-114.6964,35.7427],[-114.6979,35.7317],[-114.7056,35.7083],[-114.7014,35.7011],[-114.6827,35.6886],[-114.6806,35.684],[-114.6823,35.6778],[-114.6902,35.6652],[-114.6895,35.6514],[-114.6776,35.6418],[-114.6667,35.6231],[-114.6595,35.6196],[-114.6535,35.6097],[-114.6539,35.5985],[-114.6592,35.5875],[-114.6757,35.58],[-114.6684,35.5743],[-114.6644,35.5684],[-114.6628,35.5643],[-114.6615,35.5441],[-114.6568,35.535],[-114.6578,35.5307],[-114.6646,35.5215],[-114.6695,35.5208],[-114.6757,35.5156],[-114.6775,35.5109],[-114.6786,35.4976],[-114.6763,35.4931],[-114.6768,35.4898],[-114.6719,35.4821],[-114.6732,35.4748],[-114.6657,35.4669],[-114.6672,35.4604],[-114.6642,35.4558],[-114.6629,35.4464],[-114.6543,35.4369],[-114.6521,35.4301],[-114.6268,35.4096],[-114.6209,35.3969],[-114.6177,35.3801],[-114.6112,35.3701],[-114.6046,35.3552],[-114.5956,35.3265],[-114.5967,35.2946],[-114.5866,35.2624],[-114.5861,35.2489],[-114.5828,35.2387],[-114.5835,35.2303],[-114.5803,35.2201],[-114.5795,35.2089],[-114.575,35.2067],[-114.5721,35.2008],[-114.5693,35.1834],[-114.5695,35.1623],[-114.5739,35.1454],[-114.5726,35.1396],[-114.5783,35.1288],[-114.5849,35.1252],[-114.5978,35.1217],[-114.6186,35.1216],[-114.6284,35.1189],[-114.6374,35.1125],[-114.6468,35.1019],[-114.6428,35.0965],[-114.6225,35.0887],[-114.6131,35.0831],[-114.6047,35.0748],[-114.6029,35.0686],[-114.6067,35.0589],[-114.629,35.0425],[-114.6375,35.0271],[-114.6371,35.0104],[-114.6302,34.9946],[-114.6291,34.9861],[-114.6352,34.9651],[-114.635,34.9589],[-114.6298,34.9448],[-114.6298,34.9387],[-114.6333,34.9246],[-114.6309,34.9073],[-114.6367,34.8891],[-114.6352,34.875],[-114.631,34.8668],[-114.6239,34.8597],[-114.6007,34.8474],[-114.5868,34.8357],[-114.5765,34.8153],[-114.571,34.7943],[-114.5587,34.7739],[-114.5527,34.7669],[-114.5296,34.7508],[-114.5166,34.7367],[-114.492,34.7257],[-114.4875,34.7166],[-114.4828,34.7145],[-114.4737,34.714],[-114.4705,34.7114],[-114.4652,34.6912],[-114.4555,34.6773],[-114.4543,34.6712],[-114.4505,34.6668],[-114.4518,34.6639],[-114.4577,34.6593],[-114.458,34.6571],[-114.4495,34.6514],[-114.4415,34.6425],[-114.4403,34.6382],[-114.4414,34.6302],[-114.4387,34.6215],[-114.4242,34.6105],[-114.4253,34.6008],[-114.4368,34.5961],[-114.4224,34.5807],[-114.4052,34.5696],[-114.3808,34.5297],[-114.3782,34.5165],[-114.3781,34.5073],[-114.3824,34.4958],[-114.3817,34.476],[-114.3872,34.462],[-114.3867,34.4579],[-114.3737,34.4469],[-114.3426,34.4514],[-114.3354,34.45],[-114.3307,34.4453],[-114.3261,34.4373],[-114.3123,34.4327],[-114.301,34.4268],[-114.2948,34.4214],[-114.2922,34.4176],[-114.2918,34.4111],[-114.2887,34.4066],[-114.2801,34.4031],[-114.2643,34.4013],[-114.2527,34.3901],[-114.2343,34.3767],[-114.2297,34.3689],[-114.2261,34.3659],[-114.2138,34.3625],[-114.1995,34.3614],[-114.1769,34.3493],[-114.1688,34.3395],[-114.1572,34.3179],[-114.1383,34.3032],[-114.1395,34.2958],[-114.1361,34.2808],[-114.1367,34.2744],[-114.1312,34.2627],[-114.1315,34.2604],[-114.1355,34.2579],[-114.1448,34.2596],[-114.1533,34.2583],[-114.1646,34.2597],[-114.1639,34.2533],[-114.1661,34.25],[-114.1746,34.2473],[-114.1781,34.24],[-114.1909,34.2309],[-114.2118,34.2115],[-114.2252,34.2036],[-114.2249,34.1939],[-114.227,34.1889],[-114.2297,34.1869],[-114.2407,34.1832],[-114.2444,34.1794],[-114.257,34.1728],[-114.2685,34.1702],[-114.2753,34.1721],[-114.2873,34.1705],[-114.2928,34.1667],[-114.3122,34.1448],[-114.3208,34.1386],[-114.3361,34.134],[-114.3481,34.1345],[-114.353,34.1331],[-114.3604,34.1236],[-114.3665,34.1186],[-114.3792,34.116],[-114.3906,34.1101],[-114.4059,34.1115],[-114.4159,34.1076],[-114.4342,34.0874],[-114.4393,34.0579],[-114.4349,34.0378],[-114.4383,34.0226],[-114.4438,34.0162],[-114.4502,34.0126],[-114.4548,34.011],[-114.4633,34.0123],[-114.4659,34.011],[-114.4673,34.0052],[-114.4592,34.0],[-114.458,33.9972],[-114.4593,33.9947],[-114.4679,33.9929],[-114.4711,33.988],[-114.4815,33.9813],[-114.4848,33.9755],[-114.4999,33.9618],[-114.5096,33.9573],[-114.5159,33.9581],[-114.522,33.9556],[-114.5287,33.9478],[-114.5355,33.9347],[-114.535,33.9257],[-114.5254,33.9223],[-114.5184,33.9175],[-114.5115,33.9111],[-114.5079,33.9038],[-114.5087,33.9006],[-114.5137,33.898],[-114.5259,33.901],[-114.5228,33.8926],[-114.5043,33.8769],[-114.503,33.868],[-114.5056,33.8643],[-114.5147,33.8586],[-114.5243,33.8601],[-114.5299,33.8576],[-114.5296,33.8481],[-114.52,33.8254],[-114.5227,33.819],[-114.528,33.815],[-114.5189,33.7973],[-114.5167,33.7883],[-114.5049,33.7605],[-114.5045,33.751],[-114.5123,33.7342],[-114.5042,33.7281],[-114.5008,33.7222],[-114.4966,33.7192],[-114.4942,33.7079],[-114.4965,33.6969],[-114.524,33.6859],[-114.5303,33.6792],[-114.5315,33.6751],[-114.5321,33.6697],[-114.5303,33.6668],[-114.5264,33.6639],[-114.5171,33.6629],[-114.5141,33.6602],[-114.5146,33.658],[-114.5183,33.6559],[-114.5306,33.6545],[-114.5332,33.6517],[-114.5332,33.6484],[-114.5254,33.6407],[-114.5238,33.6347],[-114.5264,33.6303],[-114.531,33.6282],[-114.5312,33.6239],[-114.5218,33.6125],[-114.5292,33.6067],[-114.5406,33.5914],[-114.5403,33.5806],[-114.5368,33.571],[-114.5316,33.5617],[-114.5282,33.5593],[-114.5242,33.5531],[-114.5589,33.5318],[-114.561,33.5167],[-114.5695,33.5092],[-114.5805,33.5065],[-114.5924,33.4987],[-114.6017,33.4814],[-114.6125,33.4708],[-114.6229,33.4566],[-114.6223,33.4476],[-114.6296,33.4281],[-114.6433,33.4167],[-114.6495,33.4136],[-114.6567,33.4128],[-114.6737,33.4192],[-114.6879,33.4179],[-114.6957,33.4151],[-114.6977,33.4109],[-114.7018,33.4084],[-114.7201,33.4079],[-114.7253,33.405],[-114.7242,33.4004],[-114.7073,33.3825],[-114.7073,33.3766],[-114.6991,33.3611],[-114.698,33.3524],[-114.7009,33.337],[-114.7079,33.3233],[-114.7236,33.3121],[-114.7299,33.3057],[-114.7312,33.3024],[-114.7217,33.287],[-114.6944,33.2798],[-114.6805,33.2736],[-114.677,33.2702],[-114.6721,33.2585],[-114.6745,33.2556],[-114.6895,33.2464],[-114.6736,33.2231],[-114.6787,33.2034],[-114.6754,33.1855],[-114.6809,33.1691],[-114.6799,33.1591],[-114.6874,33.142],[-114.6969,33.1311],[-114.7037,33.1138],[-114.7079,33.0974],[-114.7065,33.0882],[-114.689,33.084],[-114.6891,33.0761],[-114.687,33.071],[-114.6743,33.0572],[-114.6751,33.0475],[-114.6737,33.0419],[-114.6708,33.038],[-114.6623,33.0327],[-114.6578,33.0338],[-114.649,33.0468],[-114.646,33.0489],[-114.6396,33.0453],[-114.6283,33.0311],[-114.6188,33.0272],[-114.601,33.0254],[-114.5898,33.0262],[-114.5848,33.0282],[-114.5783,33.0354],[-114.5717,33.0366],[-114.5236,33.031],[-114.5113,33.0235],[-114.5064,33.0174],[-114.4998,33.0039],[-114.4929,32.9718],[-114.4886,32.9699],[-114.4754,32.9752],[-114.4705,32.9739],[-114.4684,32.9707],[-114.4673,32.9602],[-114.4685,32.9539],[-114.4809,32.9363],[-114.4766,32.9236],[-114.4644,32.9131],[-114.4629,32.9079],[-114.469,32.8452],[-114.4941,32.8233],[-114.5103,32.8165],[-114.522,32.8017],[-114.5296,32.7955],[-114.5317,32.7912],[-114.5324,32.7769],[-114.5284,32.7673],[-114.5269,32.7571],[-114.5391,32.7569],[-114.5392,32.7498],[-114.5644,32.7496],[-114.5645,32.7423],[-114.5817,32.7423],[-114.5818,32.7349],[-114.6151,32.7345],[-114.6157,32.7285],[-114.6174,32.7283],[-114.6882,32.7375],[-114.6992,32.7451],[-114.7029,32.7448],[-114.7091,32.7355],[-114.7145,32.7304],[-114.7221,32.7137],[-114.7298,32.7047],[-114.7318,32.6954],[-114.7445,32.6785],[-114.7486,32.663],[-114.7645,32.6498],[-114.7638,32.6434],[-114.7806,32.6321],[-114.7827,32.6243],[-114.7917,32.622],[-114.7998,32.6253],[-114.8067,32.6221],[-114.8084,32.6194],[-114.8094,32.616],[-114.8078,32.6032],[-114.8064,32.6011],[-114.8018,32.5994],[-114.7994,32.5926],[-114.804,32.582],[-114.8014,32.5789],[-114.8016,32.5764],[-114.8036,32.5735],[-114.8129,32.5688],[-114.8139,32.5622],[-114.8115,32.5591],[-114.8065,32.5592],[-114.7973,32.5648],[-114.7928,32.5695],[-114.7914,32.5565],[-114.7939,32.552],[-114.8057,32.5463],[-114.8046,32.5417],[-114.8018,32.5397],[-114.802,32.5363],[-114.8132,32.5245],[-114.8105,32.5221],[-114.8102,32.5183],[-114.8032,32.5165],[-114.802,32.5136],[-114.8033,32.5109],[-114.8075,32.5089],[-114.8162,32.5083],[-114.8124,32.5003],[-114.8137,32.4941],[-114.0869,32.2735],[-113.6548,32.1396],[-113.1553,31.9825],[-112.7186,31.8498],[-112.238,31.7014],[-111.6571,31.5187],[-111.075,31.3323],[-110.1565,31.3341],[-109.2669,31.3339],[-109.05,31.3323],[-109.0454,34.7854],[-109.047,35.3934],[-109.0452,36.999],[-110.4697,36.9977],[-110.4903,37.0036],[-110.7507,37.003]]]},"properties":{"STUSAB":"AZ"}},{"type":"Feature","geometry":{"type":"Polygon","coordinates":[[[-116.3584,49.0005],[-117.0323,48.9992],[-117.0352,48.3709],[-117.0411,48.1249],[-117.0423,47.9623],[-117.0398,47.4543],[-117.0398,46.4259],[-117.0346,46.4178],[-117.0354,46.4103],[-117.0386,46.4055],[-117.0469,46.3796],[-117.0593,46.37],[-117.0628,46.3652],[-117.0628,46.3536],[-117.0603,46.3484],[-117.0566,46.3458],[-117.0495,46.343],[-117.0335,46.3412],[-117.0243,46.3363],[-117.0228,46.3336],[-117.0231,46.3199],[-117.0206,46.3148],[-117.0074,46.3052],[-116.9908,46.3002],[-116.9862,46.296],[-116.9848,46.2931],[-116.9853,46.2892],[-116.9909,46.2809],[-116.9912,46.277],[-116.9866,46.2724],[-116.9748,46.2655],[-116.9678,46.2585],[-116.9592,46.2432],[-116.9555,46.231],[-116.9574,46.2236],[-116.9663,46.2092],[-116.9654,46.2031],[-116.9623,46.1993],[-116.9496,46.1917],[-116.9414,46.1847],[-116.9398,46.1797],[-116.936,46.1752],[-116.9327,46.1732],[-116.9275,46.1733],[-116.9223,46.1688],[-116.9214,46.1645],[-116.9232,46.1604],[-116.935,46.1535],[-116.9347,46.1373],[-116.9499,46.1245],[-116.9513,46.1109],[-116.9554,46.1019],[-116.9597,46.099],[-116.974,46.0977],[-116.9788,46.0958],[-116.9825,46.0919],[-116.982,46.0848],[-116.9768,46.079],[-116.9579,46.0755],[-116.9428,46.0611],[-116.9433,46.0543],[-116.9403,46.0467],[-116.9325,46.0408],[-116.9298,46.0357],[-116.9299,46.0236],[-116.9217,46.0159],[-116.9189,45.9987],[-116.9115,45.989],[-116.8936,45.9776],[-116.8929,45.9744],[-116.8949,45.9689],[-116.8913,45.9603],[-116.8805,45.9585],[-116.876,45.9548],[-116.8757,45.945],[-116.8705,45.9324],[-116.8697,45.9238],[-116.8598,45.9073],[-116.8484,45.8982],[-116.8436,45.8923],[-116.8159,45.879],[-116.8049,45.8658],[-116.7965,45.8612],[-116.7878,45.8443],[-116.7891,45.8335],[-116.7821,45.8251],[-116.7742,45.8234],[-116.7634,45.8166],[-116.7598,45.8162],[-116.7493,45.8193],[-116.7358,45.8264],[-116.7097,45.8257],[-116.7034,45.8217],[-116.6972,45.8201],[-116.6934,45.8116],[-116.687,45.8063],[-116.6808,45.7944],[-116.6653,45.7821],[-116.6596,45.78],[-116.6463,45.7798],[-116.632,45.785],[-116.627,45.7841],[-116.6237,45.7818],[-116.6169,45.7825],[-116.5942,45.7791],[-116.5751,45.7659],[-116.5673,45.763],[-116.5594,45.7552],[-116.5481,45.7524],[-116.5357,45.7342],[-116.5382,45.7162],[-116.5354,45.6917],[-116.524,45.6776],[-116.5177,45.675],[-116.5054,45.6619],[-116.4888,45.6508],[-116.4873,45.6478],[-116.4877,45.644],[-116.4825,45.6399],[-116.4828,45.6336],[-116.4721,45.6292],[-116.4712,45.6277],[-116.4729,45.6249],[-116.4698,45.6206],[-116.4642,45.6171],[-116.4633,45.6109],[-116.4647,45.601],[-116.4717,45.5936],[-116.4827,45.586],[-116.4836,45.583],[-116.4812,45.5806],[-116.4824,45.5774],[-116.4903,45.5745],[-116.5028,45.5666],[-116.5034,45.5617],[-116.507,45.5584],[-116.5117,45.5564],[-116.5207,45.5562],[-116.5283,45.5515],[-116.5286,45.5501],[-116.5242,45.5486],[-116.5234,45.5466],[-116.5266,45.5445],[-116.5272,45.5407],[-116.5317,45.5367],[-116.5355,45.5251],[-116.5404,45.5209],[-116.5438,45.5142],[-116.5555,45.5075],[-116.5575,45.5042],[-116.5571,45.502],[-116.5535,45.4991],[-116.5531,45.4962],[-116.5588,45.4812],[-116.555,45.4728],[-116.5548,45.4629],[-116.564,45.4602],[-116.5683,45.4558],[-116.5768,45.452],[-116.5882,45.4429],[-116.5974,45.4128],[-116.6234,45.394],[-116.623,45.3919],[-116.6323,45.3774],[-116.6413,45.3678],[-116.6738,45.3215],[-116.6746,45.3143],[-116.6722,45.2889],[-116.6745,45.2763],[-116.6914,45.2637],[-116.6988,45.2452],[-116.7037,45.2401],[-116.7027,45.2379],[-116.7041,45.2282],[-116.7097,45.2172],[-116.7085,45.2074],[-116.7095,45.203],[-116.7242,45.1715],[-116.7242,45.1629],[-116.728,45.1542],[-116.7296,45.1421],[-116.7333,45.1385],[-116.7455,45.133],[-116.7469,45.1242],[-116.7528,45.1218],[-116.7546,45.114],[-116.7748,45.1055],[-116.7835,45.0936],[-116.7837,45.077],[-116.7909,45.0699],[-116.7973,45.0603],[-116.8086,45.0507],[-116.8143,45.0483],[-116.8209,45.0431],[-116.8251,45.0378],[-116.8413,45.0309],[-116.8479,45.0226],[-116.8448,45.0153],[-116.8472,45.0115],[-116.8451,45.008],[-116.8446,45.0014],[-116.8568,44.9843],[-116.858,44.9773],[-116.852,44.972],[-116.8486,44.9717],[-116.8436,44.9754],[-116.8397,44.9831],[-116.8321,44.9845],[-116.8269,44.9839],[-116.8263,44.9825],[-116.8364,44.9692],[-116.847,44.9654],[-116.851,44.9616],[-116.8507,44.9581],[-116.8465,44.9515],[-116.8357,44.9406],[-116.832,44.933],[-116.8385,44.9236],[-116.839,44.9178],[-116.8421,44.9149],[-116.8429,44.9089],[-116.8489,44.9007],[-116.8505,44.8935],[-116.8524,44.8919],[-116.8524,44.8876],[-116.8653,44.8706],[-116.8771,44.866],[-116.8794,44.8618],[-116.8877,44.8558],[-116.8964,44.8557],[-116.8986,44.8537],[-116.8962,44.8483],[-116.9002,44.8399],[-116.9001,44.8367],[-116.9058,44.8348],[-116.9221,44.8119],[-116.9311,44.8048],[-116.9338,44.7968],[-116.9307,44.7899],[-116.9347,44.7839],[-116.9433,44.7817],[-116.949,44.778],[-116.9709,44.7739],[-116.9867,44.7622],[-116.9989,44.7564],[-117.0138,44.7568],[-117.02,44.751],[-117.0294,44.7511],[-117.0383,44.7482],[-117.0478,44.7415],[-117.0482,44.7359],[-117.0502,44.7326],[-117.0583,44.7305],[-117.0623,44.7271],[-117.0605,44.7217],[-117.0627,44.7117],[-117.0618,44.7067],[-117.0638,44.7036],[-117.0722,44.7005],[-117.0741,44.6964],[-117.0791,44.6922],[-117.0808,44.6842],[-117.0786,44.6803],[-117.0808,44.6738],[-117.0912,44.6688],[-117.0959,44.6647],[-117.0968,44.6574],[-117.095,44.652],[-117.0982,44.6477],[-117.0982,44.6407],[-117.1082,44.6271],[-117.1148,44.6249],[-117.1205,44.6147],[-117.1253,44.5938],[-117.1248,44.5838],[-117.134,44.5752],[-117.146,44.5686],[-117.1483,44.5644],[-117.1479,44.5621],[-117.1429,44.5572],[-117.1442,44.5456],[-117.1492,44.5362],[-117.1524,44.5318],[-117.161,44.5252],[-117.1672,44.5234],[-117.1816,44.523],[-117.1898,44.5134],[-117.1925,44.5033],[-117.2002,44.492],[-117.2089,44.4857],[-117.2164,44.4862],[-117.2251,44.4823],[-117.2254,44.4755],[-117.2215,44.4701],[-117.2204,44.463],[-117.217,44.459],[-117.2153,44.4522],[-117.2146,44.448],[-117.2166,44.4423],[-117.2151,44.4272],[-117.2193,44.4192],[-117.223,44.4165],[-117.2273,44.4052],[-117.2429,44.3956],[-117.2428,44.3902],[-117.2378,44.3824],[-117.2351,44.3739],[-117.2169,44.3602],[-117.207,44.3552],[-117.2027,44.3498],[-117.1973,44.3474],[-117.1898,44.3366],[-117.1915,44.3296],[-117.1963,44.3266],[-117.2033,44.313],[-117.2168,44.3082],[-117.2227,44.2983],[-117.217,44.2884],[-117.2075,44.2827],[-117.1981,44.2738],[-117.1703,44.2589],[-117.1462,44.258],[-117.1368,44.2604],[-117.1309,44.2695],[-117.1199,44.2783],[-117.1116,44.2807],[-117.1042,44.2799],[-117.0946,44.271],[-117.0895,44.2582],[-117.0783,44.2499],[-117.0673,44.244],[-117.0594,44.2372],[-117.0565,44.2309],[-117.0514,44.2287],[-117.0461,44.2307],[-117.0423,44.2428],[-117.0319,44.2486],[-117.0253,44.2485],[-117.0169,44.2454],[-117.006,44.2465],[-116.9868,44.2455],[-116.976,44.2429],[-116.972,44.2357],[-116.9739,44.2259],[-116.9702,44.2208],[-116.9737,44.208],[-116.9717,44.1973],[-116.9655,44.1941],[-116.9476,44.1913],[-116.9354,44.194],[-116.9254,44.1915],[-116.923,44.1874],[-116.9157,44.1832],[-116.9028,44.1795],[-116.8958,44.1713],[-116.8942,44.1623],[-116.8959,44.1543],[-116.9015,44.1493],[-116.9024,44.1452],[-116.9112,44.14],[-116.9142,44.1273],[-116.9286,44.1152],[-116.9295,44.1131],[-116.9279,44.1103],[-116.9283,44.1073],[-116.9337,44.1],[-116.9431,44.0941],[-116.9672,44.0909],[-116.9743,44.0883],[-116.9774,44.0854],[-116.976,44.0829],[-116.9732,44.0494],[-116.9567,44.0441],[-116.9529,44.04],[-116.942,44.0346],[-116.9361,44.0271],[-116.9345,44.0212],[-116.9369,44.0105],[-116.9449,44.0028],[-116.9353,43.9886],[-116.94,43.9844],[-116.9608,43.9828],[-116.9664,43.9773],[-116.9729,43.9775],[-116.976,43.9751],[-116.9709,43.9683],[-116.9644,43.9688],[-116.9592,43.9664],[-116.9598,43.9638],[-116.9724,43.958],[-116.9605,43.9551],[-116.9625,43.947],[-116.9682,43.9419],[-116.9691,43.9389],[-116.9676,43.9348],[-116.961,43.9324],[-116.9593,43.9293],[-116.9615,43.9184],[-116.9796,43.9153],[-116.9811,43.9137],[-116.9774,43.9058],[-116.976,43.8955],[-116.9839,43.8808],[-116.9829,43.8677],[-116.9914,43.8639],[-116.9974,43.8649],[-117.0072,43.8636],[-117.02,43.859],[-117.0217,43.8562],[-117.0201,43.854],[-117.0107,43.8498],[-117.0116,43.841],[-117.0146,43.8396],[-117.0252,43.8413],[-117.0319,43.8342],[-117.0326,43.8302],[-117.0236,43.8238],[-117.0215,43.8194],[-117.0266,43.8081],[-117.0268,43.7337],[-117.0262,42.0002],[-117.0081,41.9987],[-116.3685,41.9963],[-116.1894,41.9977],[-116.0454,41.9963],[-115.0924,41.9961],[-115.0149,41.9966],[-114.8235,42.0018],[-114.5983,41.9946],[-114.0415,41.9939],[-113.8733,41.9882],[-113.2498,41.996],[-112.7057,42.0002],[-112.1731,42.0015],[-112.1538,41.9972],[-111.0467,42.0017],[-111.0472,42.4691],[-111.0435,42.7476],[-111.0466,43.9141],[-111.0473,43.9999],[-111.0491,44.0201],[-111.049,44.4741],[-111.0524,44.4784],[-111.0558,44.4768],[-111.06,44.4774],[-111.0748,44.4834],[-111.1009,44.4878],[-111.1072,44.4869],[-111.1128,44.4905],[-111.1151,44.4938],[-111.1274,44.4976],[-111.1284,44.4997],[-111.1307,44.5001],[-111.1386,44.5169],[-111.1314,44.5324],[-111.1408,44.5358],[-111.1506,44.535],[-111.1589,44.5463],[-111.1738,44.5493],[-111.1786,44.5525],[-111.1807,44.5549],[-111.18,44.5675],[-111.181,44.5692],[-111.2015,44.5759],[-111.2189,44.5753],[-111.2204,44.5769],[-111.2276,44.5767],[-111.2302,44.5812],[-111.2295,44.5824],[-111.2321,44.5852],[-111.2308,44.5877],[-111.2325,44.5895],[-111.2319,44.5971],[-111.2356,44.601],[-111.2351,44.6054],[-111.2409,44.6145],[-111.2266,44.6184],[-111.2193,44.6225],[-111.2244,44.6252],[-111.2426,44.6434],[-111.2492,44.6441],[-111.2531,44.6498],[-111.2526,44.6512],[-111.2701,44.6468],[-111.2785,44.6513],[-111.2806,44.6552],[-111.2756,44.6567],[-111.2719,44.6625],[-111.2671,44.6648],[-111.2668,44.6675],[-111.2757,44.6743],[-111.2769,44.676],[-111.2762,44.6783],[-111.2793,44.6822],[-111.291,44.6862],[-111.2969,44.6914],[-111.2973,44.694],[-111.2948,44.6983],[-111.2963,44.7023],[-111.3179,44.7145],[-111.3225,44.7188],[-111.3236,44.7291],[-111.3371,44.7332],[-111.3481,44.7253],[-111.353,44.7262],[-111.3665,44.7381],[-111.3663,44.7422],[-111.3749,44.7481],[-111.3745,44.7502],[-111.3848,44.755],[-111.393,44.7523],[-111.3978,44.7464],[-111.3944,44.7441],[-111.3953,44.7392],[-111.3994,44.7343],[-111.397,44.7279],[-111.398,44.7236],[-111.4044,44.7211],[-111.4143,44.7107],[-111.4242,44.714],[-111.4296,44.7201],[-111.4388,44.7205],[-111.4427,44.7202],[-111.4469,44.7174],[-111.4656,44.7137],[-111.4795,44.7068],[-111.4855,44.7078],[-111.4888,44.7056],[-111.4897,44.6997],[-111.4827,44.6926],[-111.4846,44.6876],[-111.4767,44.6814],[-111.4685,44.6792],[-111.4714,44.6751],[-111.4765,44.6737],[-111.4756,44.669],[-111.473,44.6681],[-111.4725,44.6662],[-111.4784,44.6621],[-111.4776,44.6603],[-111.479,44.6587],[-111.4874,44.6538],[-111.488,44.6511],[-111.4906,44.6497],[-111.4917,44.6447],[-111.4901,44.6425],[-111.4953,44.6443],[-111.501,44.6496],[-111.5049,44.6443],[-111.5079,44.6456],[-111.5163,44.644],[-111.5165,44.6409],[-111.5114,44.6386],[-111.5091,44.6331],[-111.5039,44.6299],[-111.5025,44.6265],[-111.5163,44.6203],[-111.5184,44.6165],[-111.5226,44.6141],[-111.5196,44.612],[-111.5256,44.6043],[-111.5193,44.6018],[-111.5245,44.5976],[-111.5236,44.5922],[-111.5194,44.5887],[-111.5178,44.5822],[-111.5065,44.5768],[-111.5013,44.5725],[-111.5026,44.5687],[-111.5063,44.5688],[-111.5096,44.5662],[-111.5078,44.5623],[-111.4921,44.5608],[-111.4807,44.5557],[-111.4787,44.5534],[-111.476,44.5544],[-111.4755,44.5564],[-111.4694,44.5577],[-111.468,44.555],[-111.4691,44.5528],[-111.4669,44.547],[-111.4676,44.5446],[-111.4635,44.5414],[-111.4679,44.5402],[-111.468,44.539],[-111.4797,44.5421],[-111.4916,44.5406],[-111.4994,44.542],[-111.5077,44.5363],[-111.5129,44.536],[-111.5164,44.5378],[-111.5183,44.5435],[-111.5236,44.5479],[-111.5392,44.5513],[-111.5471,44.5572],[-111.5566,44.5547],[-111.5628,44.5552],[-111.5644,44.5575],[-111.5777,44.5589],[-111.5857,44.5626],[-111.5923,44.5611],[-111.5922,44.5587],[-111.6139,44.5487],[-111.6176,44.5505],[-111.6332,44.5533],[-111.6406,44.5527],[-111.6468,44.5548],[-111.6513,44.5551],[-111.6593,44.5527],[-111.6636,44.5558],[-111.6766,44.5577],[-111.683,44.5617],[-111.69,44.5562],[-111.7032,44.5601],[-111.7073,44.5525],[-111.7127,44.5486],[-111.7156,44.5434],[-111.727,44.5441],[-111.7324,44.5421],[-111.7375,44.5431],[-111.7414,44.5409],[-111.7499,44.5396],[-111.7523,44.5365],[-111.7589,44.5332],[-111.7627,44.5258],[-111.7715,44.5309],[-111.7798,44.5238],[-111.7855,44.5236],[-111.7954,44.5266],[-111.8011,44.526],[-111.8082,44.5197],[-111.8061,44.5161],[-111.8094,44.5129],[-111.808,44.5102],[-111.8107,44.5115],[-111.8215,44.5089],[-111.8312,44.5173],[-111.8299,44.52],[-111.8423,44.5262],[-111.8492,44.54],[-111.8567,44.546],[-111.8569,44.5491],[-111.8639,44.5515],[-111.8649,44.5571],[-111.8675,44.5594],[-111.8664,44.5631],[-111.8693,44.5666],[-111.8707,44.5633],[-111.8795,44.5604],[-111.8894,44.5646],[-111.8923,44.564],[-111.8952,44.5594],[-111.9029,44.5567],[-111.9342,44.558],[-111.9411,44.5562],[-111.9478,44.557],[-111.9517,44.5495],[-111.9612,44.5492],[-111.9624,44.5445],[-111.9673,44.5449],[-111.9715,44.5376],[-111.9777,44.5357],[-111.992,44.5375],[-111.9955,44.535],[-111.9999,44.5379],[-112.0044,44.5377],[-112.0115,44.5435],[-112.0167,44.542],[-112.0234,44.5451],[-112.0327,44.5466],[-112.0351,44.542],[-112.0328,44.5351],[-112.0328,44.5284],[-112.0369,44.5303],[-112.0379,44.5327],[-112.0439,44.5323],[-112.0555,44.5367],[-112.0645,44.5359],[-112.0691,44.5372],[-112.0753,44.5334],[-112.0808,44.5338],[-112.0931,44.53],[-112.0965,44.523],[-112.1064,44.5206],[-112.1095,44.5242],[-112.127,44.5289],[-112.1292,44.5362],[-112.1313,44.5377],[-112.1354,44.5372],[-112.1367,44.5399],[-112.1458,44.5392],[-112.1489,44.5368],[-112.1646,44.5415],[-112.1801,44.5328],[-112.1837,44.533],[-112.1955,44.5374],[-112.2223,44.5439],[-112.2296,44.5495],[-112.2271,44.5547],[-112.2273,44.5575],[-112.2311,44.559],[-112.2292,44.5641],[-112.2437,44.5683],[-112.2511,44.5677],[-112.2567,44.5717],[-112.2592,44.5683],[-112.2678,44.5655],[-112.2866,44.5686],[-112.2909,44.5658],[-112.2927,44.5617],[-112.2963,44.5612],[-112.2982,44.5589],[-112.3046,44.5591],[-112.3137,44.553],[-112.3156,44.5464],[-112.315,44.5419],[-112.3195,44.5389],[-112.3414,44.5373],[-112.3476,44.5387],[-112.3525,44.538],[-112.3569,44.5303],[-112.3588,44.5294],[-112.3566,44.5249],[-112.3583,44.5199],[-112.3584,44.5092],[-112.3564,44.5052],[-112.3568,44.498],[-112.3584,44.4964],[-112.3567,44.4928],[-112.3584,44.4853],[-112.3617,44.4848],[-112.3645,44.4803],[-112.3661,44.467],[-112.3697,44.466],[-112.3865,44.4473],[-112.3902,44.4504],[-112.4072,44.4575],[-112.4161,44.453],[-112.423,44.4547],[-112.4295,44.4534],[-112.4341,44.4543],[-112.4335,44.4598],[-112.4424,44.4653],[-112.4415,44.4666],[-112.4478,44.468],[-112.4552,44.4663],[-112.4555,44.4711],[-112.4603,44.4751],[-112.4644,44.4749],[-112.4727,44.4793],[-112.4801,44.4746],[-112.4837,44.4744],[-112.485,44.4709],[-112.4971,44.4681],[-112.4972,44.4661],[-112.5006,44.4628],[-112.5113,44.4664],[-112.5107,44.4688],[-112.5139,44.4751],[-112.5358,44.4784],[-112.5417,44.4838],[-112.5479,44.4831],[-112.5501,44.4847],[-112.5597,44.4826],[-112.5697,44.4827],[-112.578,44.4801],[-112.5821,44.4821],[-112.5853,44.4812],[-112.602,44.4907],[-112.6179,44.4874],[-112.625,44.483],[-112.6291,44.4828],[-112.6299,44.4888],[-112.6333,44.4911],[-112.6617,44.486],[-112.672,44.4914],[-112.685,44.4928],[-112.6888,44.4984],[-112.6927,44.5],[-112.6984,44.4999],[-112.7085,44.5032],[-112.7179,44.5043],[-112.7345,44.4995],[-112.7375,44.4933],[-112.7431,44.4883],[-112.7498,44.4901],[-112.7624,44.4877],[-112.7722,44.4836],[-112.7808,44.4847],[-112.7802,44.4822],[-112.7856,44.479],[-112.7878,44.4737],[-112.798,44.4663],[-112.7969,44.4644],[-112.798,44.4609],[-112.8058,44.456],[-112.8077,44.4531],[-112.8113,44.4548],[-112.8139,44.454],[-112.8182,44.4471],[-112.827,44.4431],[-112.8284,44.4363],[-112.8269,44.4321],[-112.8399,44.4247],[-112.8218,44.4072],[-112.8199,44.4002],[-112.8101,44.3988],[-112.8151,44.3951],[-112.8126,44.3924],[-112.8119,44.3879],[-112.8142,44.3835],[-112.8122,44.3771],[-112.8235,44.3687],[-112.8371,44.3621],[-112.8406,44.3619],[-112.8446,44.358],[-112.8543,44.3596],[-112.8639,44.3698],[-112.8729,44.3721],[-112.8757,44.3772],[-112.8816,44.3793],[-112.8817,44.3857],[-112.8856,44.3963],[-112.8835,44.4006],[-112.8896,44.4059],[-112.8964,44.4008],[-112.9019,44.3989],[-112.9146,44.4027],[-112.9211,44.4109],[-112.9264,44.4106],[-112.9314,44.4135],[-112.9388,44.4123],[-112.9454,44.4146],[-112.951,44.4173],[-112.9533,44.4223],[-112.952,44.425],[-112.963,44.4233],[-112.9715,44.4276],[-112.9812,44.4343],[-112.989,44.4433],[-113.002,44.4499],[-113.0045,44.4528],[-113.0088,44.464],[-113.0061,44.471],[-113.02,44.4837],[-113.0268,44.4955],[-113.0159,44.5059],[-113.0159,44.516],[-113.0055,44.5198],[-113.0065,44.5258],[-113.0158,44.5294],[-113.0263,44.5386],[-113.029,44.5371],[-113.0333,44.5375],[-113.0454,44.5443],[-113.0477,44.5477],[-113.0468,44.5536],[-113.0448,44.5562],[-113.0368,44.5604],[-113.0373,44.5648],[-113.0395,44.5673],[-113.0447,44.5682],[-113.0672,44.5791],[-113.0623,44.5862],[-113.0725,44.5933],[-113.0883,44.5997],[-113.0719,44.6159],[-113.0635,44.6183],[-113.0581,44.618],[-113.0537,44.6217],[-113.0498,44.6288],[-113.0507,44.6345],[-113.0539,44.6393],[-113.0656,44.6493],[-113.064,44.6527],[-113.068,44.6577],[-113.0697,44.6687],[-113.0671,44.6742],[-113.0678,44.6788],[-113.0809,44.6831],[-113.0821,44.684],[-113.0796,44.6878],[-113.0821,44.6917],[-113.094,44.6953],[-113.0978,44.6989],[-113.097,44.7015],[-113.1018,44.7071],[-113.1017,44.7155],[-113.0994,44.7178],[-113.1019,44.7227],[-113.1016,44.7295],[-113.1124,44.7334],[-113.1168,44.7325],[-113.1165,44.7401],[-113.1203,44.746],[-113.1249,44.7494],[-113.1294,44.7496],[-113.1348,44.7528],[-113.1377,44.7601],[-113.1313,44.7649],[-113.1325,44.769],[-113.1315,44.7728],[-113.1384,44.7761],[-113.1461,44.7766],[-113.1501,44.7793],[-113.1579,44.781],[-113.1637,44.7788],[-113.1795,44.7872],[-113.1834,44.7935],[-113.1931,44.8017],[-113.2036,44.804],[-113.2094,44.8091],[-113.2226,44.8108],[-113.2319,44.8143],[-113.2387,44.8141],[-113.2402,44.8172],[-113.2469,44.823],[-113.2583,44.82],[-113.2638,44.8162],[-113.2793,44.8124],[-113.2853,44.8083],[-113.299,44.803],[-113.3015,44.799],[-113.3187,44.7949],[-113.3281,44.7891],[-113.3413,44.7847],[-113.3541,44.7918],[-113.3547,44.7954],[-113.3465,44.7989],[-113.3461,44.8006],[-113.3561,44.8198],[-113.3766,44.8305],[-113.3776,44.8352],[-113.3851,44.8376],[-113.3943,44.8369],[-113.4094,44.8408],[-113.422,44.8376],[-113.4224,44.8426],[-113.4291,44.8549],[-113.4396,44.8557],[-113.4437,44.8618],[-113.4551,44.8654],[-113.4573,44.8754],[-113.4626,44.8819],[-113.4612,44.8868],[-113.4662,44.8905],[-113.4786,44.8956],[-113.4759,44.898],[-113.4749,44.9052],[-113.4718,44.9098],[-113.478,44.9124],[-113.4837,44.9197],[-113.4879,44.9204],[-113.4907,44.9229],[-113.492,44.9304],[-113.4952,44.9317],[-113.4957,44.9369],[-113.4988,44.9422],[-113.4947,44.9485],[-113.4868,44.9468],[-113.4808,44.9503],[-113.4658,44.9476],[-113.4611,44.9521],[-113.4488,44.9537],[-113.4439,44.9594],[-113.4498,44.9706],[-113.4449,44.9733],[-113.4471,44.9851],[-113.445,44.9918],[-113.4469,44.9983],[-113.4379,45.0073],[-113.4421,45.0142],[-113.4487,45.02],[-113.4463,45.0339],[-113.4558,45.0397],[-113.4493,45.0462],[-113.451,45.0485],[-113.452,45.0592],[-113.4603,45.0649],[-113.4744,45.0618],[-113.4855,45.0636],[-113.4863,45.0691],[-113.4889,45.0713],[-113.4868,45.074],[-113.4894,45.0765],[-113.4959,45.0808],[-113.5015,45.081],[-113.5141,45.0848],[-113.5222,45.0914],[-113.5212,45.0939],[-113.512,45.0994],[-113.506,45.1078],[-113.5065,45.1108],[-113.5112,45.1161],[-113.5202,45.115],[-113.5296,45.1164],[-113.5371,45.1124],[-113.5497,45.1129],[-113.554,45.1186],[-113.5661,45.1241],[-113.5699,45.1239],[-113.5767,45.1312],[-113.567,45.1431],[-113.5657,45.1496],[-113.5708,45.148],[-113.58,45.1484],[-113.5824,45.1501],[-113.5832,45.1536],[-113.5907,45.1559],[-113.5906,45.1614],[-113.5942,45.1661],[-113.5942,45.1696],[-113.5894,45.1773],[-113.5922,45.1811],[-113.5921,45.1848],[-113.5972,45.1865],[-113.5997,45.1922],[-113.6043,45.1921],[-113.6096,45.1973],[-113.6145,45.1981],[-113.6179,45.2024],[-113.6239,45.2062],[-113.6364,45.2118],[-113.6369,45.2168],[-113.6473,45.2256],[-113.6491,45.234],[-113.6554,45.24],[-113.6669,45.247],[-113.6796,45.2497],[-113.685,45.2535],[-113.6866,45.2574],[-113.6919,45.2625],[-113.6929,45.2642],[-113.6908,45.269],[-113.6919,45.2724],[-113.6803,45.2744],[-113.679,45.2759],[-113.6803,45.2789],[-113.6873,45.286],[-113.7006,45.2925],[-113.7029,45.2949],[-113.7038,45.2992],[-113.71,45.301],[-113.7133,45.3045],[-113.7158,45.3114],[-113.7185,45.3134],[-113.7186,45.3168],[-113.7227,45.3175],[-113.7241,45.3197],[-113.7286,45.3199],[-113.7387,45.3294],[-113.7403,45.3454],[-113.7347,45.3483],[-113.7344,45.3531],[-113.729,45.3561],[-113.7313,45.3578],[-113.7335,45.3641],[-113.7389,45.3681],[-113.7329,45.3731],[-113.7344,45.3766],[-113.7325,45.3848],[-113.7335,45.3908],[-113.7439,45.3966],[-113.7492,45.4029],[-113.7527,45.4028],[-113.7618,45.4066],[-113.7738,45.4064],[-113.776,45.4085],[-113.7772,45.4166],[-113.7727,45.4198],[-113.7628,45.4231],[-113.7597,45.4271],[-113.765,45.4311],[-113.7735,45.4317],[-113.776,45.4337],[-113.7769,45.4363],[-113.7744,45.4465],[-113.7835,45.452],[-113.7843,45.4549],[-113.7746,45.463],[-113.7762,45.4709],[-113.7681,45.4739],[-113.7599,45.4804],[-113.7601,45.4862],[-113.7633,45.4908],[-113.7648,45.4992],[-113.7709,45.507],[-113.7701,45.512],[-113.7728,45.5133],[-113.766,45.5206],[-113.778,45.5233],[-113.7821,45.5219],[-113.7969,45.5234],[-113.8038,45.5228],[-113.8097,45.5198],[-113.8202,45.5231],[-113.8239,45.5214],[-113.8348,45.5207],[-113.83,45.5309],[-113.8274,45.5333],[-113.8291,45.5382],[-113.826,45.5437],[-113.8215,45.5474],[-113.8174,45.557],[-113.818,45.5626],[-113.8215,45.5659],[-113.815,45.5697],[-113.8069,45.5782],[-113.7967,45.5816],[-113.7988,45.587],[-113.8037,45.5926],[-113.8064,45.6016],[-113.811,45.6057],[-113.8182,45.6079],[-113.8241,45.6128],[-113.8279,45.6129],[-113.8343,45.6101],[-113.8389,45.6107],[-113.8435,45.6127],[-113.8486,45.6201],[-113.8546,45.6223],[-113.8589,45.6217],[-113.8616,45.6238],[-113.886,45.6174],[-113.898,45.6219],[-113.9047,45.622],[-113.9045,45.6247],[-113.8994,45.6285],[-113.9015,45.6302],[-113.9024,45.6375],[-113.8953,45.6438],[-113.9034,45.6511],[-113.9073,45.6532],[-113.9116,45.6533],[-113.9143,45.6564],[-113.9199,45.6581],[-113.9206,45.6641],[-113.9314,45.673],[-113.9308,45.6782],[-113.9343,45.682],[-113.9328,45.6872],[-113.9357,45.6891],[-113.934,45.6921],[-113.9353,45.6943],[-113.9391,45.6958],[-113.9549,45.6906],[-113.9648,45.69],[-113.9692,45.6927],[-113.9717,45.7008],[-113.9708,45.7029],[-113.98,45.7024],[-113.9885,45.706],[-113.9939,45.7034],[-113.9937,45.7007],[-113.9968,45.6969],[-114.0083,45.6938],[-114.0155,45.6959],[-114.0192,45.6926],[-114.0144,45.6838],[-114.0283,45.6752],[-114.0239,45.6706],[-114.0191,45.6697],[-114.0157,45.6642],[-114.0155,45.6606],[-114.0137,45.6583],[-114.0153,45.6528],[-114.0191,45.6484],[-114.0346,45.6476],[-114.0432,45.6404],[-114.0451,45.6368],[-114.0518,45.6327],[-114.0667,45.6282],[-114.0725,45.6213],[-114.0736,45.6151],[-114.0819,45.6106],[-114.0831,45.6031],[-114.0823,45.5967],[-114.0861,45.5915],[-114.09,45.5914],[-114.1005,45.5862],[-114.1213,45.5846],[-114.1307,45.5758],[-114.1321,45.5721],[-114.129,45.5697],[-114.129,45.5654],[-114.1332,45.5623],[-114.1358,45.5571],[-114.1502,45.5578],[-114.1542,45.5526],[-114.1646,45.5525],[-114.1742,45.5502],[-114.1803,45.5512],[-114.1936,45.5364],[-114.2053,45.5359],[-114.2279,45.5461],[-114.2484,45.5458],[-114.2516,45.5375],[-114.2487,45.5346],[-114.2495,45.5293],[-114.2472,45.5247],[-114.2535,45.5151],[-114.2585,45.5112],[-114.2615,45.4949],[-114.2645,45.4922],[-114.27,45.4909],[-114.2699,45.4846],[-114.28,45.4799],[-114.2951,45.4794],[-114.3038,45.4716],[-114.3092,45.4693],[-114.3144,45.4697],[-114.3187,45.4661],[-114.3244,45.4659],[-114.3297,45.462],[-114.33,45.4597],[-114.3457,45.4607],[-114.3507,45.4665],[-114.3516,45.471],[-114.3611,45.4744],[-114.3603,45.4782],[-114.3646,45.4836],[-114.3651,45.4893],[-114.3672,45.4919],[-114.3753,45.494],[-114.3889,45.503],[-114.3923,45.5025],[-114.4137,45.509],[-114.4234,45.5093],[-114.4257,45.5107],[-114.4295,45.5175],[-114.4288,45.5209],[-114.4309,45.5244],[-114.4306,45.5295],[-114.4371,45.5308],[-114.4399,45.537],[-114.4488,45.5389],[-114.4505,45.5423],[-114.4639,45.545],[-114.4616,45.5508],[-114.4628,45.554],[-114.4561,45.5622],[-114.4657,45.5605],[-114.4719,45.5652],[-114.478,45.562],[-114.4852,45.5618],[-114.4919,45.5571],[-114.4981,45.5555],[-114.5031,45.5591],[-114.5069,45.5593],[-114.5163,45.568],[-114.5273,45.5709],[-114.5319,45.5662],[-114.5486,45.5611],[-114.5526,45.557],[-114.5608,45.5593],[-114.5649,45.5577],[-114.5655,45.5626],[-114.5585,45.566],[-114.5568,45.5729],[-114.553,45.5766],[-114.5543,45.5815],[-114.5585,45.5845],[-114.5539,45.5884],[-114.554,45.5915],[-114.5493,45.5953],[-114.5476,45.5997],[-114.542,45.602],[-114.5379,45.6066],[-114.5447,45.617],[-114.5546,45.6199],[-114.5583,45.6274],[-114.5632,45.6317],[-114.564,45.6376],[-114.5607,45.6402],[-114.5517,45.6424],[-114.5454,45.643],[-114.5417,45.6414],[-114.5397,45.6461],[-114.5413,45.6486],[-114.5395,45.6506],[-114.5289,45.6524],[-114.5219,45.6495],[-114.5151,45.6531],[-114.5127,45.656],[-114.5076,45.6575],[-114.5064,45.6618],[-114.4995,45.6688],[-114.5023,45.6739],[-114.5015,45.6774],[-114.499,45.6789],[-114.5012,45.6824],[-114.5151,45.6849],[-114.5014,45.6937],[-114.5007,45.6966],[-114.4966,45.6994],[-114.4951,45.704],[-114.5042,45.7218],[-114.5154,45.7275],[-114.5205,45.7265],[-114.5267,45.7276],[-114.5356,45.7391],[-114.5479,45.7433],[-114.5457,45.7469],[-114.5473,45.7519],[-114.5445,45.7592],[-114.5512,45.7639],[-114.5583,45.7648],[-114.5665,45.7733],[-114.5625,45.7798],[-114.557,45.7835],[-114.5556,45.7865],[-114.5441,45.7904],[-114.545,45.7979],[-114.5414,45.7992],[-114.5376,45.8028],[-114.5371,45.8053],[-114.531,45.8099],[-114.5302,45.8134],[-114.5326,45.8156],[-114.531,45.8189],[-114.5115,45.8294],[-114.5164,45.8321],[-114.5174,45.8349],[-114.5151,45.8405],[-114.5096,45.8454],[-114.5036,45.846],[-114.499,45.8507],[-114.4922,45.8498],[-114.4871,45.8517],[-114.4749,45.8466],[-114.472,45.8478],[-114.4703,45.8515],[-114.465,45.8521],[-114.4616,45.8551],[-114.4537,45.8558],[-114.4464,45.8614],[-114.4377,45.8626],[-114.4241,45.8558],[-114.4097,45.8516],[-114.4048,45.8665],[-114.4059,45.8704],[-114.4039,45.8719],[-114.3961,45.8712],[-114.3929,45.8787],[-114.3898,45.8803],[-114.3879,45.8839],[-114.3876,45.8902],[-114.3889,45.8923],[-114.3937,45.893],[-114.3951,45.9014],[-114.4041,45.9035],[-114.4136,45.9116],[-114.4162,45.9184],[-114.4149,45.9221],[-114.4314,45.936],[-114.4315,45.9379],[-114.4261,45.9408],[-114.4249,45.944],[-114.415,45.9484],[-114.4112,45.9531],[-114.4069,45.9542],[-114.4025,45.9579],[-114.4014,45.9635],[-114.4061,45.97],[-114.4108,45.973],[-114.4118,45.9779],[-114.4213,45.9814],[-114.4288,45.9866],[-114.4485,45.9876],[-114.4536,45.991],[-114.4578,45.9975],[-114.4643,45.9975],[-114.4741,45.9922],[-114.48,45.9929],[-114.4848,45.9963],[-114.4878,46.0036],[-114.4849,46.0082],[-114.4762,46.0113],[-114.4731,46.0142],[-114.4803,46.0303],[-114.4858,46.03],[-114.4893,46.0279],[-114.4972,46.0279],[-114.5075,46.0315],[-114.5057,46.0343],[-114.5066,46.0385],[-114.5033,46.0418],[-114.4975,46.0424],[-114.4929,46.0502],[-114.4933,46.0526],[-114.4791,46.0557],[-114.4747,46.0584],[-114.4739,46.0605],[-114.4683,46.0628],[-114.467,46.0658],[-114.4721,46.0692],[-114.4708,46.0745],[-114.4724,46.0768],[-114.462,46.0786],[-114.4595,46.0939],[-114.4605,46.0978],[-114.467,46.1045],[-114.4709,46.1056],[-114.4745,46.1131],[-114.4885,46.113],[-114.4954,46.1177],[-114.505,46.1184],[-114.521,46.1251],[-114.5177,46.1356],[-114.5214,46.1365],[-114.5274,46.1454],[-114.5218,46.1508],[-114.5144,46.154],[-114.5149,46.1677],[-114.5075,46.1646],[-114.4956,46.168],[-114.4892,46.1677],[-114.4812,46.1621],[-114.476,46.1606],[-114.4577,46.1702],[-114.4466,46.1679],[-114.4441,46.1693],[-114.4459,46.1739],[-114.4433,46.203],[-114.4492,46.2092],[-114.4518,46.2148],[-114.4456,46.2197],[-114.448,46.2316],[-114.4521,46.2413],[-114.4683,46.2487],[-114.4648,46.2522],[-114.4678,46.2565],[-114.4707,46.266],[-114.4649,46.2732],[-114.4537,46.2709],[-114.4411,46.2739],[-114.4327,46.2786],[-114.4273,46.2838],[-114.4274,46.2862],[-114.4254,46.2879],[-114.4282,46.2911],[-114.4299,46.2996],[-114.4322,46.3014],[-114.4334,46.3055],[-114.4316,46.3072],[-114.4301,46.3134],[-114.4225,46.3241],[-114.4219,46.3301],[-114.414,46.3356],[-114.4122,46.3579],[-114.4102,46.3611],[-114.4102,46.3657],[-114.4145,46.3708],[-114.4224,46.387],[-114.4156,46.3935],[-114.41,46.3964],[-114.4086,46.4007],[-114.4013,46.4016],[-114.3997,46.4048],[-114.3935,46.4092],[-114.3848,46.4114],[-114.3837,46.4185],[-114.3849,46.4276],[-114.383,46.4322],[-114.3788,46.4351],[-114.3684,46.4371],[-114.3723,46.4428],[-114.3762,46.4428],[-114.3844,46.447],[-114.3794,46.4603],[-114.3831,46.4663],[-114.3947,46.4694],[-114.3955,46.4729],[-114.4007,46.4778],[-114.4009,46.4884],[-114.4031,46.4923],[-114.4032,46.4988],[-114.3999,46.5022],[-114.384,46.5051],[-114.3756,46.5018],[-114.368,46.5051],[-114.3583,46.5052],[-114.3483,46.5103],[-114.3471,46.5153],[-114.3426,46.5184],[-114.3429,46.5224],[-114.3477,46.5263],[-114.3492,46.5299],[-114.3488,46.5337],[-114.3439,46.5415],[-114.3452,46.5481],[-114.3479,46.5515],[-114.3426,46.5552],[-114.3393,46.5643],[-114.3317,46.5719],[-114.3296,46.5762],[-114.3341,46.5794],[-114.3396,46.5871],[-114.3442,46.59],[-114.3326,46.5967],[-114.3303,46.5995],[-114.3299,46.6042],[-114.3225,46.6109],[-114.3281,46.6198],[-114.3245,46.6219],[-114.3221,46.6258],[-114.3224,46.6339],[-114.3203,46.6383],[-114.3228,46.642],[-114.3207,46.647],[-114.3216,46.649],[-114.3331,46.6609],[-114.353,46.6636],[-114.3576,46.6681],[-114.3582,46.6711],[-114.3623,46.6685],[-114.3781,46.6671],[-114.3837,46.6625],[-114.3893,46.6648],[-114.3945,46.6649],[-114.4039,46.6595],[-114.4096,46.6622],[-114.4121,46.6568],[-114.4246,46.6607],[-114.449,46.6495],[-114.4535,46.6492],[-114.4545,46.6443],[-114.4526,46.6416],[-114.4668,46.6318],[-114.4875,46.6332],[-114.4976,46.6375],[-114.5011,46.6414],[-114.51,46.6392],[-114.5238,46.6406],[-114.5418,46.65],[-114.547,46.6447],[-114.5575,46.6441],[-114.5632,46.6408],[-114.5706,46.6433],[-114.5829,46.6334],[-114.589,46.6352],[-114.5938,46.6329],[-114.5997,46.6363],[-114.6057,46.6359],[-114.615,46.64],[-114.6163,46.6437],[-114.6117,46.6475],[-114.6121,46.6507],[-114.6153,46.6524],[-114.6146,46.6551],[-114.621,46.658],[-114.6358,46.6595],[-114.6399,46.6656],[-114.6334,46.6697],[-114.6331,46.6718],[-114.6426,46.6729],[-114.6402,46.6753],[-114.6414,46.6795],[-114.6318,46.6839],[-114.6235,46.6909],[-114.6229,46.6944],[-114.6247,46.6961],[-114.6208,46.7073],[-114.6237,46.7091],[-114.6249,46.7123],[-114.6338,46.7158],[-114.6393,46.7218],[-114.6446,46.7228],[-114.646,46.729],[-114.6484,46.7323],[-114.6596,46.7348],[-114.6654,46.7392],[-114.6719,46.7366],[-114.6817,46.7389],[-114.6886,46.7365],[-114.6986,46.7405],[-114.701,46.7366],[-114.7,46.7337],[-114.7089,46.7269],[-114.7078,46.7239],[-114.7104,46.7177],[-114.713,46.7154],[-114.7168,46.7141],[-114.7274,46.7146],[-114.7398,46.7119],[-114.7475,46.7029],[-114.7485,46.6986],[-114.7522,46.6971],[-114.7668,46.6969],[-114.7695,46.6999],[-114.7685,46.7048],[-114.7819,46.7068],[-114.7884,46.7128],[-114.7865,46.7163],[-114.7821,46.7195],[-114.7828,46.7263],[-114.7796,46.7286],[-114.7792,46.731],[-114.7737,46.7317],[-114.77,46.735],[-114.7652,46.7454],[-114.7683,46.7482],[-114.7658,46.7512],[-114.7673,46.7538],[-114.7651,46.7582],[-114.7735,46.7621],[-114.7743,46.7658],[-114.7789,46.7668],[-114.7797,46.7687],[-114.7836,46.7687],[-114.7864,46.7779],[-114.7848,46.78],[-114.7875,46.7828],[-114.7896,46.7791],[-114.7987,46.7758],[-114.8084,46.7824],[-114.8189,46.7812],[-114.8291,46.7826],[-114.8366,46.7925],[-114.8448,46.7943],[-114.8501,46.7991],[-114.8569,46.8016],[-114.8606,46.8057],[-114.8611,46.8116],[-114.8658,46.8145],[-114.8869,46.8095],[-114.8907,46.803],[-114.8952,46.8016],[-114.8965,46.8073],[-114.8986,46.809],[-114.8948,46.8173],[-114.8984,46.8224],[-114.9063,46.8224],[-114.9207,46.8271],[-114.9247,46.8335],[-114.9273,46.8334],[-114.9287,46.8352],[-114.9268,46.8388],[-114.9287,46.8436],[-114.924,46.8482],[-114.9287,46.8548],[-114.9421,46.8566],[-114.9483,46.86],[-114.9446,46.8679],[-114.9396,46.8689],[-114.9314,46.877],[-114.9323,46.8875],[-114.9357,46.8921],[-114.9351,46.8949],[-114.9367,46.8973],[-114.9335,46.9036],[-114.931,46.9041],[-114.9293,46.9099],[-114.9218,46.9127],[-114.9251,46.9187],[-114.9357,46.9198],[-114.9419,46.9241],[-114.9606,46.93],[-114.9588,46.9336],[-114.9645,46.9381],[-114.9711,46.939],[-114.9804,46.9474],[-114.9861,46.9497],[-114.9857,46.9539],[-114.99,46.9564],[-114.9934,46.9596],[-114.9939,46.9622],[-115.0009,46.9677],[-115.0013,46.9719],[-115.0286,46.9757],[-115.0314,46.9717],[-115.0488,46.97],[-115.052,46.9749],[-115.0507,46.9756],[-115.0499,46.9811],[-115.0567,46.9848],[-115.0611,46.9919],[-115.0678,46.9952],[-115.0651,47.0002],[-115.0728,47.0129],[-115.0694,47.015],[-115.0723,47.0235],[-115.0717,47.0264],[-115.0757,47.0259],[-115.0798,47.0282],[-115.0819,47.0382],[-115.0884,47.0411],[-115.0874,47.0457],[-115.098,47.0486],[-115.1019,47.0474],[-115.1058,47.0484],[-115.1079,47.0517],[-115.1209,47.0618],[-115.1225,47.0659],[-115.1267,47.0661],[-115.1311,47.069],[-115.1349,47.0757],[-115.1396,47.08],[-115.1427,47.0915],[-115.1402,47.0966],[-115.1441,47.1019],[-115.1473,47.1033],[-115.15,47.1017],[-115.1601,47.1021],[-115.1717,47.1068],[-115.1735,47.1097],[-115.1729,47.1122],[-115.1788,47.1174],[-115.1793,47.1204],[-115.1836,47.1217],[-115.1863,47.1244],[-115.186,47.1294],[-115.1982,47.1371],[-115.199,47.1399],[-115.2125,47.142],[-115.2219,47.149],[-115.2446,47.1513],[-115.2493,47.1597],[-115.2555,47.1637],[-115.2562,47.175],[-115.2618,47.1814],[-115.2868,47.1835],[-115.291,47.1868],[-115.3006,47.1883],[-115.3012,47.1935],[-115.2991,47.1988],[-115.296,47.2057],[-115.2915,47.2109],[-115.2941,47.2145],[-115.2949,47.2203],[-115.2988,47.2255],[-115.3158,47.2328],[-115.3205,47.2422],[-115.3244,47.2447],[-115.3184,47.2519],[-115.3198,47.2567],[-115.324,47.2565],[-115.3404,47.2629],[-115.348,47.2604],[-115.3538,47.2621],[-115.3592,47.2596],[-115.3653,47.2614],[-115.3709,47.2652],[-115.3777,47.2648],[-115.3847,47.2678],[-115.3921,47.2654],[-115.4116,47.2644],[-115.4151,47.2686],[-115.4214,47.272],[-115.4205,47.2775],[-115.426,47.2803],[-115.4365,47.2804],[-115.4447,47.277],[-115.4496,47.2784],[-115.4559,47.2776],[-115.4573,47.2783],[-115.4577,47.2824],[-115.4658,47.2875],[-115.4823,47.2814],[-115.4908,47.2895],[-115.5035,47.2907],[-115.5146,47.2966],[-115.5285,47.2992],[-115.5279,47.309],[-115.5371,47.3178],[-115.5409,47.3246],[-115.5388,47.3291],[-115.5505,47.3343],[-115.5488,47.347],[-115.5508,47.3497],[-115.5568,47.3539],[-115.5642,47.3522],[-115.5712,47.3557],[-115.5751,47.3559],[-115.5783,47.3607],[-115.576,47.3653],[-115.5776,47.3674],[-115.5958,47.3717],[-115.6019,47.3775],[-115.6172,47.3825],[-115.6309,47.3792],[-115.6366,47.3797],[-115.6434,47.3773],[-115.6484,47.3824],[-115.6463,47.3878],[-115.65,47.3923],[-115.6556,47.3942],[-115.6575,47.4005],[-115.6634,47.4029],[-115.6679,47.4011],[-115.6776,47.4018],[-115.6752,47.4094],[-115.6856,47.4112],[-115.692,47.4153],[-115.6974,47.4154],[-115.6996,47.4173],[-115.7032,47.4156],[-115.7123,47.4154],[-115.7169,47.4199],[-115.7208,47.4211],[-115.7211,47.4257],[-115.7332,47.4249],[-115.7387,47.4264],[-115.7427,47.4236],[-115.7508,47.4221],[-115.7589,47.4234],[-115.757,47.4288],[-115.7527,47.4317],[-115.7514,47.4368],[-115.7474,47.442],[-115.7311,47.4449],[-115.7161,47.4529],[-115.7021,47.4525],[-115.6937,47.4546],[-115.6912,47.4572],[-115.6825,47.4569],[-115.6756,47.4532],[-115.6465,47.4568],[-115.6402,47.4597],[-115.6376,47.4628],[-115.6295,47.4796],[-115.6346,47.4816],[-115.6482,47.4777],[-115.661,47.4778],[-115.662,47.4831],[-115.6679,47.4888],[-115.6805,47.4857],[-115.6826,47.484],[-115.6863,47.4849],[-115.69,47.5008],[-115.6986,47.5023],[-115.7084,47.5151],[-115.7114,47.5168],[-115.7111,47.5234],[-115.6954,47.5277],[-115.6983,47.5314],[-115.7021,47.5342],[-115.7064,47.535],[-115.7114,47.5324],[-115.7171,47.5342],[-115.7251,47.5341],[-115.7364,47.5398],[-115.7423,47.5383],[-115.7518,47.542],[-115.7556,47.5479],[-115.7545,47.5525],[-115.7447,47.5585],[-115.741,47.5634],[-115.7307,47.5696],[-115.7237,47.5706],[-115.7212,47.5763],[-115.706,47.5776],[-115.7048,47.585],[-115.6878,47.5953],[-115.6917,47.5972],[-115.6928,47.6018],[-115.697,47.6036],[-115.6984,47.6066],[-115.6987,47.612],[-115.6919,47.6172],[-115.6935,47.6182],[-115.6944,47.6238],[-115.7077,47.6347],[-115.7299,47.6419],[-115.7365,47.6538],[-115.7314,47.6617],[-115.7322,47.6682],[-115.7266,47.6729],[-115.7283,47.6817],[-115.7226,47.6951],[-115.7314,47.7049],[-115.753,47.717],[-115.7595,47.7192],[-115.7646,47.7174],[-115.7734,47.7176],[-115.7772,47.7204],[-115.7843,47.73],[-115.7825,47.7348],[-115.7837,47.7377],[-115.781,47.7432],[-115.7861,47.7484],[-115.7937,47.7519],[-115.7975,47.7573],[-115.8046,47.7581],[-115.825,47.7524],[-115.8309,47.755],[-115.8354,47.7615],[-115.8351,47.7701],[-115.8374,47.7748],[-115.8404,47.7779],[-115.8405,47.7804],[-115.8474,47.7851],[-115.8458,47.7941],[-115.8489,47.8002],[-115.8473,47.8034],[-115.8488,47.8101],[-115.8451,47.815],[-115.8501,47.8201],[-115.8523,47.8279],[-115.8707,47.835],[-115.8753,47.8433],[-115.8815,47.8496],[-115.9014,47.8431],[-115.9068,47.8464],[-115.9065,47.8503],[-115.9093,47.8526],[-115.9189,47.8536],[-115.9194,47.8574],[-115.9252,47.8669],[-115.9355,47.8742],[-115.938,47.8811],[-115.9497,47.889],[-115.9541,47.8945],[-115.9602,47.898],[-115.9684,47.8992],[-115.9654,47.9102],[-115.9669,47.9126],[-115.9696,47.9144],[-115.9824,47.9156],[-115.9847,47.9226],[-115.9934,47.926],[-115.9951,47.9338],[-115.9983,47.9366],[-115.9981,47.9385],[-116.0067,47.9433],[-116.0075,47.9508],[-116.0188,47.9629],[-116.024,47.9655],[-116.0304,47.9726],[-116.0385,47.9713],[-116.0491,47.9768],[-116.0491,49.0008],[-116.3584,49.0005]]]},"properties":{"STUSAB":"ID"}}],"geometry":{"max_allowable_offset_degrees":0.001,"source":"https://tigerweb.geo.census.gov/arcgis/rest/services/TIGERweb/State_County/MapServer/0","states":["AZ","CA","CO","ID","MT","NM","NV","OR","UT","WA","WY"]}}
